0.0,0.0,-0.05872315168380737,-0.04918724298477173,-0.09932079911231995,-0.1323394775390625,-0.12259843945503235,-0.2113094925880432,-0.15684622526168823,-0.2651628851890564,-0.06694722175598145,-0.15810394287109375,-0.058949053287506104,-0.24694639444351196,-0.043197453022003174,-0.2694341540336609,-0.026656746864318848,-0.2655319571495056,-0.0232200026512146,-0.13694095611572266,-0.005848228931427002,-0.2273429036140442,0.018182575702667236,-0.2454979419708252,0.04037070274353027,-0.23773843050003052,0.016910076141357422,-0.11208486557006836,0.039515674114227295,-0.19616466760635376,0.06261694431304932,-0.21808946132659912,0.08155059814453125,-0.2129497528076172,0.05167907476425171,-0.08434200286865234,0.07349807024002075,-0.1455061435699463,0.0929422378540039,-0.16540926694869995,0.10790282487869263,-0.1659643054008484
0.0,0.0,-0.05720481276512146,-0.022886455059051514,-0.10520404577255249,-0.09712421894073486,-0.13030874729156494,-0.16682249307632446,-0.165022075176239,-0.20105361938476562,-0.0758771300315857,-0.16227328777313232,-0.07967638969421387,-0.2109169363975525,-0.06774124503135681,-0.14998221397399902,-0.05881193280220032,-0.1030159592628479,-0.03350821137428284,-0.17086219787597656,-0.038938969373703,-0.2211456298828125,-0.03124520182609558,-0.14503639936447144,-0.027268826961517334,-0.09325718879699707,0.005655109882354736,-0.16826331615447998,-0.0007399320602416992,-0.20661282539367676,0.0003527402877807617,-0.140095055103302,-3.382563591003418e-05,-0.0954851508140564,0.04185187816619873,-0.16036057472229004,0.035733580589294434,-0.19668954610824585,0.03182286024093628,-0.14736050367355347,0.02952408790588379,-0.11495286226272583
0.0,0.0,-0.05937713384628296,-0.02904409170150757,-0.10384908318519592,-0.10721749067306519,-0.12489229440689087,-0.1746239960193634,-0.15521231293678284,-0.20018929243087769,-0.07412698864936829,-0.16739380359649658,-0.07696124911308289,-0.2124893069267273,-0.0628930926322937,-0.15528196096420288,-0.05144420266151428,-0.11000716686248779,-0.03436663746833801,-0.1724386215209961,-0.03633338212966919,-0.22074958682060242,-0.0311642587184906,-0.14773887395858765,-0.025936931371688843,-0.09787994623184204,0.002276808023452759,-0.16681581735610962,0.000640571117401123,-0.201926589012146,-0.0025250911712646484,-0.1333496868610382,-0.0022473037242889404,-0.08923321962356567,0.039039015769958496,-0.15541407465934753,0.03567957878112793,-0.19097211956977844,0.026625990867614746,-0.14533695578575134,0.022511720657348633,-0.11485612392425537
0.0,0.0,-0.05828842520713806,-0.03507941961288452,-0.10021322965621948,-0.10790222883224487,-0.11944815516471863,-0.17768552899360657,-0.1484030783176422,-0.20349222421646118,-0.06897929310798645,-0.16575241088867188,-0.06839951872825623,-0.21275880932807922,-0.061940670013427734,-0.1571539342403412,-0.05642491579055786,-0.11379557847976685,-0.03143462538719177,-0.1701056957244873,-0.03226745128631592,-0.2165059745311737,-0.031421512365341187,-0.14589589834213257,-0.029090791940689087,-0.09989666938781738,0.0029852092266082764,-0.16328126192092896,0.0022035539150238037,-0.1994088888168335,-0.003927022218704224,-0.1351197361946106,-0.004940390586853027,-0.09290897846221924,0.038583219051361084,-0.14992427825927734,0.035395264625549316,-0.18655860424041748,0.026861578226089478,-0.14253723621368408,0.023009002208709717,-0.11453181505203247
0.0,0.0,-0.060219794511795044,-0.03588777780532837,-0.10308584570884705,-0.10555452108383179,-0.12467232346534729,-0.1703433394432068,-0.15356770157814026,-0.19875407218933105,-0.07190021872520447,-0.16783806681632996,-0.07757359743118286,-0.21181386709213257,-0.0667668879032135,-0.1542539894580841,-0.057141661643981934,-0.11059021949768066,-0.03392121195793152,-0.17303481698036194,-0.03924250602722168,-0.22204193472862244,-0.03491804003715515,-0.14823955297470093,-0.028829336166381836,-0.09892266988754272,0.0013499557971954346,-0.1673048734664917,-0.0027952492237091064,-0.2044738531112671,-0.006145834922790527,-0.1355893909931183,-0.003979235887527466,-0.09028184413909912,0.03781592845916748,-0.15466511249542236,0.032405078411102295,-0.19388079643249512,0.02328231930732727,-0.149573415517807,0.020189732313156128,-0.11852377653121948
0.0,0.0,-0.06209498643875122,-0.03378951549530029,-0.1100558340549469,-0.1079949140548706,-0.13407111167907715,-0.17599397897720337,-0.16513031721115112,-0.2029985785484314,-0.076628178358078,-0.17104589939117432,-0.08508968353271484,-0.21990281343460083,-0.0740034282207489,-0.1615295112133026,-0.06232726573944092,-0.11597728729248047,-0.0381428599357605,-0.17733222246170044,-0.04507002234458923,-0.22734233736991882,-0.039695918560028076,-0.15256226062774658,-0.03169301152229309,-0.10200238227844238,-0.0014979541301727295,-0.1723364293575287,-0.0072251856327056885,-0.21253138780593872,-0.009699106216430664,-0.1427983045578003,-0.007128864526748657,-0.09611672163009644,0.03571084141731262,-0.15991592407226562,0.03042539954185486,-0.20255771279335022,0.0214901864528656,-0.15460023283958435,0.018641501665115356,-0.1203044056892395
0.0,0.0,-0.06441178917884827,-0.0373803973197937,-0.1122177243232727,-0.11106115579605103,-0.1376154124736786,-0.18231558799743652,-0.16995462775230408,-0.21153110265731812,-0.07913732528686523,-0.1783740520477295,-0.08513104915618896,-0.2265142798423767,-0.07370510697364807,-0.16285672783851624,-0.06293702125549316,-0.11636430025100708,-0.038903385400772095,-0.18479272723197937,-0.04471471905708313,-0.235305517911911,-0.03968769311904907,-0.1548539102077484,-0.03243032097816467,-0.10478073358535767,-0.0013167858123779297,-0.1786746084690094,-0.005681395530700684,-0.2186030149459839,-0.009450256824493408,-0.14484727382659912,-0.007522016763687134,-0.09859251976013184,0.0368196964263916,-0.16472691297531128,0.0329054594039917,-0.20644903182983398,0.022995173931121826,-0.1571689248085022,0.01893448829650879,-0.12464040517807007
0.0,0.0,-0.06331640481948853,-0.03549307584762573,-0.10987704992294312,-0.11338555812835693,-0.13332006335258484,-0.1867714524269104,-0.1657242476940155,-0.2169286608695984,-0.07693174481391907,-0.17686393857002258,-0.0819484293460846,-0.22607457637786865,-0.06836307048797607,-0.16338598728179932,-0.057112306356430054,-0.11509543657302856,-0.03584396839141846,-0.18270596861839294,-0.04078879952430725,-0.23530235886573792,-0.03472527861595154,-0.15634813904762268,-0.02787679433822632,-0.10254257917404175,0.00240933895111084,-0.1772553026676178,-0.000691533088684082,-0.21873781085014343,-0.004253000020980835,-0.14460933208465576,-0.0030858218669891357,-0.09322154521942139,0.040338099002838135,-0.1652071475982666,0.03640484809875488,-0.20541781187057495,0.025727272033691406,-0.15729406476020813,0.02125948667526245,-0.12128430604934692
0.0,0.0,-0.06162336468696594,-0.036400437355041504,-0.10799485445022583,-0.11502975225448608,-0.13111203908920288,-0.18579033017158508,-0.1625249981880188,-0.21731674671173096,-0.0728091299533844,-0.17913579940795898,-0.07992815971374512,-0.2258390188217163,-0.06840184330940247,-0.16364100575447083,-0.05735573172569275,-0.11568319797515869,-0.03183034062385559,-0.18272104859352112,-0.03870764374732971,-0.23397767543792725,-0.03445655107498169,-0.1559450328350067,-0.02711707353591919,-0.1017371416091919,0.0064171552658081055,-0.17568787932395935,-0.0005473494529724121,-0.21529489755630493,-0.003998875617980957,-0.14216607809066772,-0.0012769103050231934,-0.09211593866348267,0.044499099254608154,-0.16244524717330933,0.036560654640197754,-0.20342284440994263,0.027282416820526123,-0.15596818923950195,0.025970637798309326,-0.12138551473617554
0.0,0.0,-0.06398099660873413,-0.04246729612350464,-0.11000260710716248,-0.11302870512008667,-0.13517987728118896,-0.18368622660636902,-0.16540300846099854,-0.21437162160873413,-0.07727766036987305,-0.1744614839553833,-0.08012473583221436,-0.2242509126663208,-0.07074025273323059,-0.1630907654762268,-0.06241726875305176,-0.1197359561920166,-0.03754156827926636,-0.18074479699134827,-0.03936365246772766,-0.23254626989364624,-0.036692529916763306,-0.15244916081428528,-0.033750683069229126,-0.10637378692626953,-0.0009185075759887695,-0.17512324452400208,-0.000644981861114502,-0.2151011824607849,-0.006018221378326416,-0.1428583860397339,-0.0071370601654052734,-0.1003226637840271,0.03573048114776611,-0.160495787858963,0.03641241788864136,-0.203374445438385,0.027190446853637695,-0.15411773324012756,0.021059811115264893,-0.12403351068496704
0.0,0.0,-0.06062394380569458,-0.03450435400009155,-0.10625815391540527,-0.11420351266860962,-0.12981164455413818,-0.18420636653900146,-0.1616203784942627,-0.21583649516105652,-0.07230466604232788,-0.17807865142822266,-0.07430946826934814,-0.22356733679771423,-0.06306248903274536,-0.1622399091720581,-0.05384507775306702,-0.11417895555496216,-0.03131169080734253,-0.18163415789604187,-0.03303265571594238,-0.2311851978302002,-0.02965480089187622,-0.1536385416984558,-0.024681031703948975,-0.09950321912765503,0.006616652011871338,-0.17530784010887146,0.005824267864227295,-0.21290239691734314,0.000748753547668457,-0.14016777276992798,0.0002506375312805176,-0.090390145778656,0.04363071918487549,-0.16307392716407776,0.04286760091781616,-0.20353400707244873,0.03203713893890381,-0.15634387731552124,0.02630513906478882,-0.1211276650428772
0.0,0.0,-0.064403235912323,-0.03557097911834717,-0.11045137047767639,-0.11649274826049805,-0.13369205594062805,-0.1885797381401062,-0.16650190949440002,-0.22111853957176208,-0.07654491066932678,-0.18054693937301636,-0.08051836490631104,-0.22653287649154663,-0.06653574109077454,-0.16460031270980835,-0.05503150820732117,-0.1156233549118042,-0.03458040952682495,-0.18523812294006348,-0.03777769207954407,-0.23698508739471436,-0.03313785791397095,-0.1583424210548401,-0.02702200412750244,-0.10160946846008301,0.004177868366241455,-0.17881837487220764,0.0020691752433776855,-0.21785783767700195,-0.002516329288482666,-0.14380806684494019,-0.002036452293395996,-0.09131324291229248,0.04261380434036255,-0.1660897135734558,0.03912323713302612,-0.20541611313819885,0.028200805187225342,-0.15704435110092163,0.023585855960845947,-0.12026000022888184
0.0,0.0,-0.06285035610198975,-0.029785096645355225,-0.11084061861038208,-0.11257266998291016,-0.13398927450180054,-0.18651926517486572,-0.16743779182434082,-0.21781444549560547,-0.0764394998550415,-0.1778120994567871,-0.0784277617931366,-0.22436368465423584,-0.06767883896827698,-0.161176860332489,-0.05866515636444092,-0.11329054832458496,-0.0342881977558136,-0.1812686026096344,-0.03648748993873596,-0.2322075366973877,-0.03284639120101929,-0.15166866779327393,-0.027980446815490723,-0.09724950790405273,0.005011081695556641,-0.17540735006332397,0.0022966861724853516,-0.21424070000648499,-0.001931309700012207,-0.13816899061203003,-0.0016695261001586914,-0.08709716796875,0.04337853193283081,-0.1645774245262146,0.03816032409667969,-0.2044418454170227,0.02949380874633789,-0.1535964012145996,0.026773393154144287,-0.11746913194656372
0.0,0.0,-0.06428000330924988,-0.026635050773620605,-0.11477109789848328,-0.10946863889694214,-0.1387101411819458,-0.18489784002304077,-0.17221620678901672,-0.21557241678237915,-0.08170726895332336,-0.17483869194984436,-0.07997360825538635,-0.22375410795211792,-0.07011288404464722,-0.1584925651550293,-0.06281426548957825,-0.11268603801727295,-0.03922721743583679,-0.18115371465682983,-0.039634644985198975,-0.23281437158584595,-0.03547501564025879,-0.14925885200500488,-0.031219959259033203,-0.10070157051086426,0.0003838539123535156,-0.17739629745483398,0.0006564855575561523,-0.21375852823257446,-0.003182828426361084,-0.13695013523101807,-0.004963934421539307,-0.09439009428024292,0.038761019706726074,-0.16739076375961304,0.03892624378204346,-0.20514070987701416,0.030885756015777588,-0.15400397777557373,0.02514779567718506,-0.1258021593093872
0.0,0.0,-0.06256681680679321,-0.03182929754257202,-0.11023706197738647,-0.11392027139663696,-0.13410839438438416,-0.18840008974075317,-0.167496919631958,-0.22046297788619995,-0.07720997929573059,-0.18020620942115784,-0.0795285701751709,-0.22631514072418213,-0.06812158226966858,-0.16173022985458374,-0.05841919779777527,-0.11412322521209717,-0.03483530879020691,-0.18466255068778992,-0.03715813159942627,-0.2346818745136261,-0.03284701704978943,-0.1524522304534912,-0.027652382850646973,-0.09952408075332642,0.004628479480743408,-0.17945334315299988,0.003218233585357666,-0.21698856353759766,-0.0010556578636169434,-0.1399593949317932,-0.001416325569152832,-0.09103178977966309,0.043115437030792236,-0.16892415285110474,0.04073113203048706,-0.20773908495903015,0.030932128429412842,-0.15673911571502686,0.02610039710998535,-0.12283581495285034
0.0,0.0,-0.06124722957611084,-0.034277379512786865,-0.1053641140460968,-0.11629658937454224,-0.12318798899650574,-0.19141721725463867,-0.15162310004234314,-0.22904476523399353,-0.0715813934803009,-0.1812880039215088,-0.07271099090576172,-0.22673320770263672,-0.06282955408096313,-0.16365760564804077,-0.05348852276802063,-0.11491787433624268,-0.029241472482681274,-0.18400803208351135,-0.03112936019897461,-0.23401343822479248,-0.028548836708068848,-0.15454137325286865,-0.02362397313117981,-0.1000218391418457,0.009870290756225586,-0.1765305995941162,0.007804930210113525,-0.21435829997062683,0.0017545819282531738,-0.13916712999343872,0.00110626220703125,-0.08857959508895874,0.048696041107177734,-0.16323715448379517,0.04516392946243286,-0.20147031545639038,0.03372222185134888,-0.1513742208480835,0.02849864959716797,-0.11598694324493408
0.0,0.0,-0.062051922082901,-0.030102908611297607,-0.1051182746887207,-0.11516731977462769,-0.1200363039970398,-0.19182494282722473,-0.14715290069580078,-0.23100244998931885,-0.07190018892288208,-0.1784769892692566,-0.07033362984657288,-0.22772017121315002,-0.06264173984527588,-0.16402995586395264,-0.055568307638168335,-0.11414211988449097,-0.028665482997894287,-0.179418683052063,-0.029224753379821777,-0.23376846313476562,-0.02776920795440674,-0.15400242805480957,-0.023939549922943115,-0.09750723838806152,0.011154115200042725,-0.17213821411132812,0.009633779525756836,-0.2144940197467804,0.002651691436767578,-0.13778644800186157,0.00020754337310791016,-0.08532625436782837,0.05056607723236084,-0.1596086621284485,0.04778677225112915,-0.20081359148025513,0.03567862510681152,-0.15050804615020752,0.028256773948669434,-0.11314374208450317
0.0,0.0,-0.06273654103279114,-0.030840754508972168,-0.1063554584980011,-0.11669987440109253,-0.12067881226539612,-0.1960693895816803,-0.14498412609100342,-0.24061769247055054,-0.0766076147556305,-0.17964747548103333,-0.07341504096984863,-0.23247259855270386,-0.0648508071899414,-0.1670302152633667,-0.05791640281677246,-0.1175031065940857,-0.03316649794578552,-0.1820213794708252,-0.03196609020233154,-0.23822742700576782,-0.030300766229629517,-0.15621823072433472,-0.02685147523880005,-0.10331934690475464,0.006400406360626221,-0.17572399973869324,0.007594764232635498,-0.21827521920204163,0.0003769993782043457,-0.13991767168045044,-0.0023444294929504395,-0.09074932336807251,0.045635879039764404,-0.16387826204299927,0.04532885551452637,-0.20289546251296997,0.0338556170463562,-0.15101253986358643,0.026420235633850098,-0.11693024635314941
0.0,0.0,-0.06285077333450317,-0.03052699565887451,-0.10417181253433228,-0.11788606643676758,-0.11416250467300415,-0.1968134641647339,-0.13599371910095215,-0.24581676721572876,-0.07138276100158691,-0.18079900741577148,-0.06840494275093079,-0.23183491826057434,-0.06162327527999878,-0.16799992322921753,-0.054923176765441895,-0.11804693937301636,-0.028147339820861816,-0.18081459403038025,-0.027441173791885376,-0.23658692836761475,-0.027081161737442017,-0.15688198804855347,-0.023575276136398315,-0.10101199150085449,0.011625289916992188,-0.17324620485305786,0.011003375053405762,-0.2161719799041748,0.0031723380088806152,-0.13906151056289673,9.328126907348633e-05,-0.08751648664474487,0.05069577693939209,-0.16057652235031128,0.04894047975540161,-0.20222461223602295,0.036269307136535645,-0.15082824230194092,0.02846580743789673,-0.11296796798706055
0.0,0.0,-0.06287685036659241,-0.036652982234954834,-0.10547065734863281,-0.12273770570755005,-0.1156042218208313,-0.2041771113872528,-0.13148096203804016,-0.2613639831542969,-0.07352885603904724,-0.1871548593044281,-0.07202529907226562,-0.2390064001083374,-0.0637761652469635,-0.17452353239059448,-0.05597406625747681,-0.12349629402160645,-0.03048306703567505,-0.18746709823608398,-0.03053063154220581,-0.243459552526474,-0.028814852237701416,-0.16247135400772095,-0.02493336796760559,-0.10701930522918701,0.008843004703521729,-0.1802385449409485,0.008922338485717773,-0.22444185614585876,0.0016967058181762695,-0.14660322666168213,-0.001011192798614502,-0.09549891948699951,0.047872185707092285,-0.16688549518585205,0.04656326770782471,-0.2081916630268097,0.03465026617050171,-0.15711039304733276,0.02783334255218506,-0.12108844518661499
0.0,0.0,-0.06207770109176636,-0.027505338191986084,-0.10649192333221436,-0.11584031581878662,-0.11510282754898071,-0.19779503345489502,-0.12939509749412537,-0.2555880844593048,-0.0749247670173645,-0.1807643175125122,-0.07170262932777405,-0.23260366916656494,-0.06461736559867859,-0.1702711582183838,-0.05757182836532593,-0.11965912580490112,-0.031472355127334595,-0.18108206987380981,-0.0313037633895874,-0.2381744384765625,-0.029917806386947632,-0.15826094150543213,-0.026064276695251465,-0.102969229221344,0.008634090423583984,-0.17493820190429688,0.007727622985839844,-0.21877321600914001,0.0013486146926879883,-0.1410655379295349,-0.0013943910598754883,-0.09143984317779541,0.04857522249221802,-0.16377359628677368,0.04606837034225464,-0.20389580726623535,0.03537476062774658,-0.1526852250099182,0.029079139232635498,-0.11780470609664917
0.0,0.0,-0.06277060508728027,-0.03213608264923096,-0.10715344548225403,-0.11801213026046753,-0.11687064170837402,-0.19880586862564087,-0.12582182884216309,-0.25903424620628357,-0.0742034912109375,-0.1844252347946167,-0.07265296578407288,-0.2330949902534485,-0.06480860710144043,-0.1686793565750122,-0.057086288928985596,-0.11841785907745361,-0.03129875659942627,-0.18414491415023804,-0.031858354806900024,-0.23968356847763062,-0.030408799648284912,-0.15920960903167725,-0.026167839765548706,-0.10375016927719116,0.008512496948242188,-0.17718636989593506,0.007549941539764404,-0.21948695182800293,0.0005741715431213379,-0.14093732833862305,-0.0019870996475219727,-0.09037047624588013,0.048348188400268555,-0.16437780857086182,0.045614659786224365,-0.20379537343978882,0.033780813217163086,-0.15195560455322266,0.027040302753448486,-0.11546403169631958
0.0,0.0,-0.06272763013839722,-0.029638290405273438,-0.10800951719284058,-0.11667335033416748,-0.11832785606384277,-0.19703006744384766,-0.12799358367919922,-0.2564478814601898,-0.07536381483078003,-0.1820679008960724,-0.07497364282608032,-0.23220807313919067,-0.06695312261581421,-0.1674242615699768,-0.05890113115310669,-0.11773782968521118,-0.03264626860618591,-0.1825784146785736,-0.03412941098213196,-0.2383410930633545,-0.03185570240020752,-0.15769952535629272,-0.02678355574607849,-0.1027824878692627,0.00703054666519165,-0.1761600375175476,0.004710078239440918,-0.2181117832660675,-0.001011967658996582,-0.14023011922836304,-0.002701789140701294,-0.09073513746261597,0.046850383281707764,-0.1643810272216797,0.04401940107345581,-0.20470809936523438,0.032608985900878906,-0.1541905403137207,0.026174485683441162,-0.11903154850006104
0.0,0.0,-0.06302714347839355,-0.0322721004486084,-0.10781458020210266,-0.11611181497573853,-0.11891990900039673,-0.19637849926948547,-0.13045209646224976,-0.2560057044029236,-0.07537052035331726,-0.1805126667022705,-0.07615670561790466,-0.2314746379852295,-0.06722992658615112,-0.16825973987579346,-0.058832645416259766,-0.1178240180015564,-0.03289151191711426,-0.18173974752426147,-0.03539961576461792,-0.2379741668701172,-0.032322078943252563,-0.15892386436462402,-0.0271914005279541,-0.10277020931243896,0.0068471431732177734,-0.17609381675720215,0.004301130771636963,-0.2192019820213318,-0.0012017488479614258,-0.1411672830581665,-0.003360182046890259,-0.08906048536300659,0.04646193981170654,-0.16435611248016357,0.04336559772491455,-0.20503181219100952,0.03135871887207031,-0.15313082933425903,0.02365213632583618,-0.11472755670547485
0.0,0.0,-0.06252789497375488,-0.030817866325378418,-0.10594230890274048,-0.11716407537460327,-0.11657634377479553,-0.19816479086875916,-0.13520264625549316,-0.25218334794044495,-0.07464712858200073,-0.18121019005775452,-0.07552319765090942,-0.23152846097946167,-0.0662771463394165,-0.16746389865875244,-0.058088600635528564,-0.11763143539428711,-0.03202182054519653,-0.18271875381469727,-0.0346338152885437,-0.23852616548538208,-0.03199455142021179,-0.1581147313117981,-0.02730277180671692,-0.10346877574920654,0.008197486400604248,-0.17584344744682312,0.005118370056152344,-0.21995314955711365,-0.0010244250297546387,-0.14059484004974365,-0.0031813383102416992,-0.08931046724319458,0.0482865571975708,-0.16293561458587646,0.04537457227706909,-0.20572572946548462,0.032624661922454834,-0.15372967720031738,0.02496027946472168,-0.11672139167785645
0.0,0.0,-0.06230255961418152,-0.028426706790924072,-0.10566368699073792,-0.11536592245101929,-0.11732351779937744,-0.19503110647201538,-0.139642596244812,-0.24285602569580078,-0.07375338673591614,-0.17825135588645935,-0.07422614097595215,-0.22949475049972534,-0.06644997000694275,-0.16566705703735352,-0.058397144079208374,-0.11657196283340454,-0.03135529160499573,-0.17925897240638733,-0.03376176953315735,-0.23528394103050232,-0.032011598348617554,-0.15584850311279297,-0.026703625917434692,-0.1011725664138794,0.008515417575836182,-0.17188209295272827,0.004886031150817871,-0.21570855379104614,-0.0012163519859313965,-0.1378803253173828,-0.0019510984420776367,-0.08642828464508057,0.0480114221572876,-0.15952259302139282,0.043784260749816895,-0.20291709899902344,0.03197890520095825,-0.15188246965408325,0.026544034481048584,-0.1143541932106018
0.0,0.0,-0.06228521466255188,-0.03275871276855469,-0.10470491647720337,-0.11773723363876343,-0.11651462316513062,-0.1976718008518219,-0.13795065879821777,-0.2483007311820984,-0.07433831691741943,-0.1823895275592804,-0.0746411383152008,-0.2313077747821808,-0.0660010576248169,-0.16634804010391235,-0.05839347839355469,-0.11786258220672607,-0.03208678960800171,-0.18413782119750977,-0.03472164273262024,-0.23799243569374084,-0.03230962157249451,-0.15680712461471558,-0.02724894881248474,-0.10423225164413452,0.007679760456085205,-0.17666542530059814,0.004263639450073242,-0.21839630603790283,-0.00173264741897583,-0.13961273431777954,-0.0023818612098693848,-0.09037923812866211,0.04729866981506348,-0.16332948207855225,0.04276663064956665,-0.20339512825012207,0.031160712242126465,-0.15186023712158203,0.02604687213897705,-0.1171979308128357
0.0,0.0,-0.06343185901641846,-0.037815749645233154,-0.10511189699172974,-0.11993259191513062,-0.11662200093269348,-0.20053747296333313,-0.13718834519386292,-0.2509756088256836,-0.074575275182724,-0.18336433172225952,-0.07414335012435913,-0.23455345630645752,-0.06574228405952454,-0.1704043745994568,-0.05823525786399841,-0.12143814563751221,-0.032421886920928955,-0.18609318137168884,-0.03381955623626709,-0.24079039692878723,-0.032057225704193115,-0.15970861911773682,-0.027716755867004395,-0.1074063777923584,0.00690692663192749,-0.1788802146911621,0.005140542984008789,-0.22261840105056763,-0.0020030736923217773,-0.1443445086479187,-0.0032674670219421387,-0.09490770101547241,0.04677468538284302,-0.1643715500831604,0.04388004541397095,-0.20757520198822021,0.03136444091796875,-0.15648621320724487,0.024622976779937744,-0.12140417098999023
0.0,0.0,-0.06130403280258179,-0.0305783748626709,-0.10305851697921753,-0.11892139911651611,-0.11335945129394531,-0.19841492176055908,-0.1343996822834015,-0.24916017055511475,-0.07186603546142578,-0.1823214888572693,-0.07179638743400574,-0.230177104473114,-0.06295368075370789,-0.16643524169921875,-0.05561026930809021,-0.11659097671508789,-0.029270440340042114,-0.183155357837677,-0.0313543975353241,-0.23745808005332947,-0.02968454360961914,-0.1575866937637329,-0.025754839181900024,-0.1028715968132019,0.011191189289093018,-0.17555010318756104,0.008265078067779541,-0.21719366312026978,0.001553654670715332,-0.13831943273544312,-0.0007673501968383789,-0.08746367692947388,0.0512656569480896,-0.16246885061264038,0.04666417837142944,-0.20248940587043762,0.03422725200653076,-0.1504715085029602,0.02746480703353882,-0.11454951763153076
0.0,0.0,-0.06109306216239929,-0.028765380382537842,-0.102772057056427,-0.11668401956558228,-0.11287206411361694,-0.19757068157196045,-0.134027361869812,-0.24878576397895813,-0.07197865843772888,-0.18143093585968018,-0.07221442461013794,-0.23083937168121338,-0.06348836421966553,-0.16695916652679443,-0.055739402770996094,-0.11595463752746582,-0.02919420599937439,-0.1825910210609436,-0.03178507089614868,-0.23716872930526733,-0.029548674821853638,-0.15681010484695435,-0.02508792281150818,-0.10171061754226685,0.011218488216400146,-0.17480254173278809,0.007445335388183594,-0.2180037498474121,0.001307845115661621,-0.13890355825424194,-0.00037550926208496094,-0.0875430703163147,0.05155831575393677,-0.16206729412078857,0.04655736684799194,-0.20329192280769348,0.034778714179992676,-0.15125244855880737,0.028832614421844482,-0.11566883325576782
0.0,0.0,-0.06211799383163452,-0.029247641563415527,-0.1053793728351593,-0.1178387999534607,-0.11636006832122803,-0.19925513863563538,-0.13801392912864685,-0.2519485056400299,-0.07389295101165771,-0.18244308233261108,-0.07440030574798584,-0.23160144686698914,-0.06526091694831848,-0.16794323921203613,-0.05722901225090027,-0.11654895544052124,-0.030807524919509888,-0.18338656425476074,-0.03328922390937805,-0.2395186424255371,-0.03146946430206299,-0.15880054235458374,-0.027082979679107666,-0.10111689567565918,0.009983658790588379,-0.17589956521987915,0.006687462329864502,-0.2183305025100708,-0.0001004338264465332,-0.13869106769561768,-0.0025762319564819336,-0.08533835411071777,0.05013430118560791,-0.16337794065475464,0.04572933912277222,-0.20413219928741455,0.033082783222198486,-0.15165793895721436,0.025860309600830078,-0.11374568939208984
0.0,0.0,-0.06051915884017944,-0.02939140796661377,-0.1041005551815033,-0.11800402402877808,-0.11474251747131348,-0.19876229763031006,-0.1363096833229065,-0.2514687478542328,-0.07254478335380554,-0.1832791566848755,-0.0729755163192749,-0.23009029030799866,-0.06341284513473511,-0.1665218472480774,-0.055450618267059326,-0.11472243070602417,-0.029105305671691895,-0.18429666757583618,-0.031657248735427856,-0.23780331015586853,-0.029109209775924683,-0.15835517644882202,-0.024868905544281006,-0.10017293691635132,0.011749029159545898,-0.17686551809310913,0.007687389850616455,-0.2172572910785675,0.002416849136352539,-0.1380276083946228,0.0003542900085449219,-0.08479827642440796,0.05184084177017212,-0.16381961107254028,0.04612201452255249,-0.20158100128173828,0.03437769412994385,-0.14719367027282715,0.02772808074951172,-0.10890620946884155
0.0,0.0,-0.06152257323265076,-0.02742922306060791,-0.10603800415992737,-0.11662185192108154,-0.11724022030830383,-0.19741493463516235,-0.13807740807533264,-0.2511400580406189,-0.07523486018180847,-0.18356257677078247,-0.07653513550758362,-0.2310534417629242,-0.0657990574836731,-0.16711342334747314,-0.056603580713272095,-0.11526930332183838,-0.03147554397583008,-0.1849178671836853,-0.034808725118637085,-0.2394137680530548,-0.030957460403442383,-0.15850549936294556,-0.02626630663871765,-0.09996587038040161,0.010103881359100342,-0.17784655094146729,0.005793154239654541,-0.2182942032814026,0.0011547207832336426,-0.13698065280914307,-0.0015015006065368652,-0.08308929204940796,0.051057636737823486,-0.16539853811264038,0.0456470251083374,-0.20452356338500977,0.0340307354927063,-0.15021491050720215,0.026395559310913086,-0.11210298538208008
0.0,0.0,-0.06383657455444336,-0.035350799560546875,-0.10747751593589783,-0.12081688642501831,-0.11871212720870972,-0.20120739936828613,-0.13894593715667725,-0.25431203842163086,-0.07583355903625488,-0.18671709299087524,-0.07749930024147034,-0.2362406849861145,-0.06787654757499695,-0.17172598838806152,-0.05986487865447998,-0.1197972297668457,-0.032161056995391846,-0.18903720378875732,-0.03594449162483215,-0.2442896068096161,-0.033178091049194336,-0.16285806894302368,-0.029175251722335815,-0.10462146997451782,0.008805155754089355,-0.18174219131469727,0.004603862762451172,-0.22402697801589966,-0.0013428032398223877,-0.14307159185409546,-0.004098623991012573,-0.08840042352676392,0.049550771713256836,-0.16783112287521362,0.04443991184234619,-0.20786279439926147,0.03148090839385986,-0.15332043170928955,0.023380637168884277,-0.114266037940979
0.0,0.0,-0.06302791833877563,-0.03357762098312378,-0.10646530985832214,-0.11762744188308716,-0.11768987774848938,-0.19725430011749268,-0.13725346326828003,-0.2521747350692749,-0.07455679774284363,-0.1858007311820984,-0.07628664374351501,-0.23499628901481628,-0.0664912760257721,-0.1704508662223816,-0.058211445808410645,-0.11860370635986328,-0.0310552716255188,-0.18711113929748535,-0.03432878851890564,-0.24235737323760986,-0.03200224041938782,-0.16087877750396729,-0.027754485607147217,-0.1048574447631836,0.009838491678237915,-0.17920374870300293,0.0065826475620269775,-0.2216983437538147,0.00025090575218200684,-0.14054983854293823,-0.0021632909774780273,-0.08828616142272949,0.0506877601146698,-0.16450679302215576,0.04740682244300842,-0.20866185426712036,0.03435221314430237,-0.15607184171676636,0.026048630475997925,-0.11877065896987915
0.0,0.0,-0.06319728493690491,-0.02996593713760376,-0.10607218742370605,-0.11870300769805908,-0.11638158559799194,-0.19943851232528687,-0.13723483681678772,-0.25324273109436035,-0.0736934244632721,-0.185776948928833,-0.07462701201438904,-0.23428130149841309,-0.06704875826835632,-0.16846472024917603,-0.05986684560775757,-0.1164279580116272,-0.029832422733306885,-0.18507444858551025,-0.033258646726608276,-0.24048227071762085,-0.03247123956680298,-0.1584680676460266,-0.028371334075927734,-0.10162937641143799,0.011551707983016968,-0.17633289098739624,0.007211238145828247,-0.21999213099479675,-3.719329833984375e-05,-0.13872617483139038,-0.002380967140197754,-0.08545666933059692,0.05251404643058777,-0.1626136302947998,0.0467662513256073,-0.2048039436340332,0.03412523865699768,-0.15160363912582397,0.027517110109329224,-0.11380350589752197
0.0,0.0,-0.06387025117874146,-0.03171110153198242,-0.10770225524902344,-0.1196553111076355,-0.11927366256713867,-0.20148658752441406,-0.14008527994155884,-0.25418034195899963,-0.0761612057685852,-0.18575900793075562,-0.07714080810546875,-0.23506706953048706,-0.06973370909690857,-0.16934794187545776,-0.06311121582984924,-0.119010329246521,-0.03260806202888489,-0.18601465225219727,-0.03617715835571289,-0.24142199754714966,-0.03534623980522156,-0.15988093614578247,-0.03186425566673279,-0.1045231819152832,0.008350372314453125,-0.17809611558914185,0.0038674473762512207,-0.22151893377304077,-0.0029644370079040527,-0.14089393615722656,-0.004931241273880005,-0.0887632966041565,0.04904830455780029,-0.16465109586715698,0.042882561683654785,-0.20577746629714966,0.03077632188796997,-0.1518232226371765,0.024886608123779297,-0.11441457271575928
0.0,0.0,-0.06283259391784668,-0.02782881259918213,-0.10696673393249512,-0.11708557605743408,-0.11805921792984009,-0.19809603691101074,-0.13924288749694824,-0.24939805269241333,-0.07342877984046936,-0.18156194686889648,-0.07422181963920593,-0.2319493293762207,-0.06759664416313171,-0.16810178756713867,-0.060765236616134644,-0.11682212352752686,-0.030307114124298096,-0.1820237636566162,-0.03361031413078308,-0.2385990023612976,-0.03335180878639221,-0.15870440006256104,-0.02910885214805603,-0.10090160369873047,0.010136008262634277,-0.17492175102233887,0.0055075883865356445,-0.2169838547706604,-0.001143336296081543,-0.13760852813720703,-0.0026019811630249023,-0.08488953113555908,0.05036896467208862,-0.16294002532958984,0.044227659702301025,-0.20275789499282837,0.032710134983062744,-0.15015190839767456,0.027384579181671143,-0.11280792951583862
0.0,0.0,-0.06165951490402222,-0.03161543607711792,-0.10460102558135986,-0.120147705078125,-0.11595451831817627,-0.19976454973220825,-0.13650190830230713,-0.2526954412460327,-0.07000428438186646,-0.18618053197860718,-0.07028955221176147,-0.2346075177192688,-0.0632472038269043,-0.16868680715560913,-0.057079434394836426,-0.11681103706359863,-0.026471704244613647,-0.18537437915802002,-0.029298365116119385,-0.23981773853302002,-0.028491079807281494,-0.15939033031463623,-0.024327725172042847,-0.10204344987869263,0.014343321323394775,-0.1763973832130432,0.010150313377380371,-0.21956318616867065,0.003083348274230957,-0.14100855588912964,0.00100785493850708,-0.08819395303726196,0.054631710052490234,-0.16217565536499023,0.049150168895721436,-0.20471817255020142,0.03680652379989624,-0.15256625413894653,0.030632972717285156,-0.11438041925430298
0.0,0.0,-0.0618017315864563,-0.031029462814331055,-0.10522690415382385,-0.11837589740753174,-0.11637771129608154,-0.1976795792579651,-0.13706421852111816,-0.25080183148384094,-0.07252201437950134,-0.18519890308380127,-0.07374647259712219,-0.2349492311477661,-0.06515637040138245,-0.17138636112213135,-0.057718098163604736,-0.11851602792739868,-0.02956715226173401,-0.185288667678833,-0.03165748715400696,-0.23985326290130615,-0.030913472175598145,-0.16032356023788452,-0.02772584557533264,-0.10287326574325562,0.01117253303527832,-0.17728197574615479,0.008499503135681152,-0.2185497283935547,0.0013384222984313965,-0.1385023593902588,-0.002026289701461792,-0.08530020713806152,0.051592350006103516,-0.16352444887161255,0.04845970869064331,-0.20462846755981445,0.0350571870803833,-0.15111684799194336,0.026424646377563477,-0.1125262975692749
0.0,0.0,-0.06313222646713257,-0.02754056453704834,-0.10742869973182678,-0.11907929182052612,-0.11839213967323303,-0.2019948959350586,-0.14037951827049255,-0.2533743977546692,-0.0763712227344513,-0.18658137321472168,-0.07591646909713745,-0.23660731315612793,-0.06723761558532715,-0.17056173086166382,-0.05955788493156433,-0.11873608827590942,-0.0324457585811615,-0.18684709072113037,-0.033834487199783325,-0.24271556735038757,-0.032408952713012695,-0.15886664390563965,-0.028399527072906494,-0.10260337591171265,0.008586108684539795,-0.1793774962425232,0.006759822368621826,-0.22099578380584717,-1.3887882232666016e-05,-0.13808894157409668,-0.0026090145111083984,-0.08689337968826294,0.04959529638290405,-0.16660332679748535,0.046447157859802246,-0.20613354444503784,0.03415858745574951,-0.1518377661705017,0.026523232460021973,-0.1166144609451294
0.0,0.0,-0.062115103006362915,-0.033026695251464844,-0.10445860028266907,-0.12068533897399902,-0.11516836285591125,-0.20100867748260498,-0.13691091537475586,-0.25375494360923767,-0.07091730833053589,-0.18658387660980225,-0.07231301069259644,-0.23635786771774292,-0.06378176808357239,-0.17175358533859253,-0.05562910437583923,-0.11898910999298096,-0.027232110500335693,-0.18697673082351685,-0.029717475175857544,-0.24189916253089905,-0.02858063578605652,-0.16088539361953735,-0.024035245180130005,-0.10277014970779419,0.01348772644996643,-0.17870593070983887,0.010565310716629028,-0.22218191623687744,0.003289729356765747,-0.14246231317520142,0.0010838210582733154,-0.08889114856719971,0.05377492308616638,-0.16461032629013062,0.049786895513534546,-0.20607990026474,0.036723047494888306,-0.15336167812347412,0.029628485441207886,-0.11541801691055298
0.0,0.0,-0.06492972373962402,-0.03159964084625244,-0.1080198884010315,-0.12195628881454468,-0.11802223324775696,-0.2039964199066162,-0.13984951376914978,-0.2555185556411743,-0.07440304756164551,-0.18722105026245117,-0.07485693693161011,-0.23626470565795898,-0.06645336747169495,-0.17096328735351562,-0.05842188000679016,-0.1188930869102478,-0.03007003664970398,-0.1875535249710083,-0.03227496147155762,-0.24261611700057983,-0.030879080295562744,-0.16095250844955444,-0.025884628295898438,-0.10247337818145752,0.01095956563949585,-0.17961692810058594,0.008262395858764648,-0.2214488387107849,0.0012555122375488281,-0.14093172550201416,-0.0006566345691680908,-0.08715605735778809,0.05201071500778198,-0.16604101657867432,0.0473865270614624,-0.20582687854766846,0.03507000207901001,-0.15247958898544312,0.028706669807434082,-0.11501681804656982
0.0,0.0,-0.06344562768936157,-0.030184030532836914,-0.10730212926864624,-0.12039101123809814,-0.11823615431785583,-0.20302921533584595,-0.14017564058303833,-0.25565195083618164,-0.07239192724227905,-0.18715542554855347,-0.07359328866004944,-0.2370873987674713,-0.06636273860931396,-0.17098504304885864,-0.058879703283309937,-0.11891418695449829,-0.02823030948638916,-0.18667495250701904,-0.03191813826560974,-0.2434258759021759,-0.03121522068977356,-0.16062533855438232,-0.026536792516708374,-0.10236364603042603,0.012817561626434326,-0.17800474166870117,0.008202016353607178,-0.2212843894958496,0.0007784366607666016,-0.1402587890625,-0.0012517571449279785,-0.08656823635101318,0.05343925952911377,-0.1644236445426941,0.048397183418273926,-0.20586562156677246,0.03500491380691528,-0.15276187658309937,0.02771580219268799,-0.11467629671096802
0.0,0.0,-0.06332975625991821,-0.030598461627960205,-0.10545092821121216,-0.12003642320632935,-0.11568343639373779,-0.2011837363243103,-0.13780364394187927,-0.2555536925792694,-0.07261723279953003,-0.18997424840927124,-0.07251200079917908,-0.23799532651901245,-0.06342488527297974,-0.17204272747039795,-0.05594760179519653,-0.11883866786956787,-0.02810746431350708,-0.18993037939071655,-0.030298471450805664,-0.24394148588180542,-0.028998881578445435,-0.16086041927337646,-0.02511027455329895,-0.1019214391708374,0.013134896755218506,-0.18109339475631714,0.011020660400390625,-0.2219211459159851,0.0031676888465881348,-0.14079225063323975,-0.0002765059471130371,-0.08714967966079712,0.05389648675918579,-0.1669449806213379,0.05031830072402954,-0.2051965594291687,0.037246108055114746,-0.1524621844291687,0.02920287847518921,-0.11596745252609253
0.0,0.0,-0.06406432390213013,-0.030367255210876465,-0.10811129212379456,-0.11951041221618652,-0.1191454529762268,-0.20105838775634766,-0.14122962951660156,-0.25469693541526794,-0.0766192376613617,-0.18885821104049683,-0.07687482237815857,-0.2373713254928589,-0.06666174530982971,-0.1720808744430542,-0.058096736669540405,-0.11888712644577026,-0.03178417682647705,-0.18951141834259033,-0.03416705131530762,-0.24474668502807617,-0.03199949860572815,-0.1622883677482605,-0.027548611164093018,-0.10248076915740967,0.009958028793334961,-0.18137001991271973,0.008029580116271973,-0.2220107913017273,0.0011508464813232422,-0.1401655673980713,-0.0019674301147460938,-0.08521026372909546,0.05098533630371094,-0.16762840747833252,0.04751306772232056,-0.20752358436584473,0.03458601236343384,-0.1530057191848755,0.02603989839553833,-0.11372172832489014
0.0,0.0,-0.06446033716201782,-0.03191298246383667,-0.10919249057769775,-0.12133651971817017,-0.12141457200050354,-0.20396876335144043,-0.14399021863937378,-0.2575174570083618,-0.07588919997215271,-0.18736332654953003,-0.07651236653327942,-0.23855456709861755,-0.06745952367782593,-0.17435234785079956,-0.05962538719177246,-0.12203484773635864,-0.03174358606338501,-0.18875986337661743,-0.033803343772888184,-0.24562865495681763,-0.03258362412452698,-0.1646435260772705,-0.028610706329345703,-0.10514956712722778,0.009581208229064941,-0.1819738745689392,0.0072591304779052734,-0.2240433692932129,-7.557868957519531e-05,-0.14417392015457153,-0.002725064754486084,-0.08919376134872437,0.0504835844039917,-0.16991961002349854,0.045491576194763184,-0.21061867475509644,0.03294980525970459,-0.15650248527526855,0.025811374187469482,-0.11625707149505615
0.0,0.0,-0.0647737979888916,-0.030456125736236572,-0.11016815900802612,-0.1196485161781311,-0.12242129445075989,-0.202742338180542,-0.14455869793891907,-0.2572522461414337,-0.07913771271705627,-0.18833976984024048,-0.07766112685203552,-0.23838573694229126,-0.06855130195617676,-0.1718873381614685,-0.06122225522994995,-0.11959534883499146,-0.03408360481262207,-0.18967145681381226,-0.03491067886352539,-0.24455377459526062,-0.03314211964607239,-0.1613355278968811,-0.02901625633239746,-0.10296523571014404,0.008257031440734863,-0.1825089454650879,0.006716310977935791,-0.22444474697113037,-0.0002332925796508789,-0.1420459747314453,-0.0030684173107147217,-0.08785474300384521,0.04951447248458862,-0.16937947273254395,0.04701220989227295,-0.20936733484268188,0.03405863046646118,-0.15344053506851196,0.025914311408996582,-0.1137964129447937
0.0,0.0,-0.06527590751647949,-0.030398786067962646,-0.11072194576263428,-0.11866152286529541,-0.12242218852043152,-0.20111727714538574,-0.143850177526474,-0.25731098651885986,-0.07663959264755249,-0.1898343563079834,-0.0780564546585083,-0.24017584323883057,-0.0689052939414978,-0.1749468445777893,-0.060755401849746704,-0.12177133560180664,-0.03166726231575012,-0.19146513938903809,-0.03452169895172119,-0.24661844968795776,-0.03264814615249634,-0.16408950090408325,-0.028771549463272095,-0.1029929518699646,0.010103285312652588,-0.18455803394317627,0.006650149822235107,-0.22592979669570923,0.00016117095947265625,-0.14424818754196167,-0.0027192533016204834,-0.08815878629684448,0.05118340253829956,-0.17179137468338013,0.04545325040817261,-0.20943999290466309,0.03312796354293823,-0.15412205457687378,0.025740861892700195,-0.1139063835144043
0.0,0.0,-0.06442278623580933,-0.029142022132873535,-0.10961198806762695,-0.1180887222290039,-0.12175294756889343,-0.20009368658065796,-0.14357984066009521,-0.25353729724884033,-0.07526934146881104,-0.1865171194076538,-0.07511553168296814,-0.23614031076431274,-0.06693965196609497,-0.16921931505203247,-0.059683024883270264,-0.11677384376525879,-0.03080478310585022,-0.18660777807235718,-0.03251844644546509,-0.24237585067749023,-0.031509190797805786,-0.1574041247367859,-0.02736431360244751,-0.09898173809051514,0.01056450605392456,-0.1788949966430664,0.008573532104492188,-0.22149419784545898,0.0008938908576965332,-0.13865530490875244,-0.0019199550151824951,-0.08450305461883545,0.050916850566864014,-0.16593855619430542,0.048642873764038086,-0.20728826522827148,0.03521370887756348,-0.15244799852371216,0.026624619960784912,-0.11318182945251465
0.0,0.0,-0.06400430202484131,-0.03210633993148804,-0.10770335793495178,-0.12371504306793213,-0.1200815737247467,-0.20530080795288086,-0.1439896523952484,-0.2572154700756073,-0.07369831204414368,-0.18908464908599854,-0.07464265823364258,-0.23788124322891235,-0.06443530321121216,-0.17277520895004272,-0.05615729093551636,-0.11937588453292847,-0.029637932777404785,-0.1894395351409912,-0.031578898429870605,-0.24399924278259277,-0.029383569955825806,-0.16203361749649048,-0.025250792503356934,-0.10262024402618408,0.011660873889923096,-0.18114227056503296,0.009699463844299316,-0.22421926259994507,0.00254666805267334,-0.14385771751403809,-0.00034177303314208984,-0.08880561590194702,0.05240654945373535,-0.16764599084854126,0.04959726333618164,-0.20961034297943115,0.03638303279876709,-0.1561657190322876,0.028280258178710938,-0.11692357063293457
0.0,0.0,-0.06432723999023438,-0.02938365936279297,-0.10939419269561768,-0.11950719356536865,-0.12210464477539062,-0.2024707794189453,-0.1457982063293457,-0.25475189089775085,-0.07731133699417114,-0.1867651343345642,-0.07682478427886963,-0.23821038007736206,-0.06687107682228088,-0.17286914587020874,-0.05840608477592468,-0.11968737840652466,-0.03285577893257141,-0.18807536363601685,-0.0335487425327301,-0.2447214126586914,-0.031710028648376465,-0.16108644008636475,-0.02715030312538147,-0.1032630205154419,0.0087968111038208,-0.18033796548843384,0.008150637149810791,-0.22433191537857056,0.0007963180541992188,-0.14177578687667847,-0.001791924238204956,-0.08855444192886353,0.05025339126586914,-0.1671767234802246,0.04860180616378784,-0.20849770307540894,0.035301923751831055,-0.15346622467041016,0.026888608932495117,-0.11603331565856934
0.0,0.0,-0.06534463167190552,-0.032018303871154785,-0.10991919040679932,-0.12033599615097046,-0.12363356351852417,-0.20112860202789307,-0.14826470613479614,-0.25426822900772095,-0.07778602838516235,-0.1870110034942627,-0.0774645209312439,-0.2393518090248108,-0.06801006197929382,-0.17358815670013428,-0.05986526608467102,-0.11919862031936646,-0.032983362674713135,-0.1889004111289978,-0.03436926007270813,-0.2462189793586731,-0.031911224126815796,-0.16231131553649902,-0.02709108591079712,-0.10041952133178711,0.00835561752319336,-0.182176411151886,0.007696032524108887,-0.22546172142028809,0.0006784796714782715,-0.14341795444488525,-0.0027282238006591797,-0.08667862415313721,0.048495590686798096,-0.17031294107437134,0.046919405460357666,-0.2094351053237915,0.034346699714660645,-0.15439844131469727,0.025617480278015137,-0.11454606056213379
0.0,0.0,-0.06460383534431458,-0.02931147813796997,-0.10869428515434265,-0.11844569444656372,-0.12236425280570984,-0.19974464178085327,-0.14705681800842285,-0.24914664030075073,-0.07633954286575317,-0.18350154161453247,-0.07638078927993774,-0.23590809106826782,-0.06899628043174744,-0.17010903358459473,-0.061700671911239624,-0.11835438013076782,-0.03212735056877136,-0.18367719650268555,-0.03354153037071228,-0.2408006191253662,-0.03334489464759827,-0.15814632177352905,-0.029712289571762085,-0.1010618805885315,0.008710503578186035,-0.17632198333740234,0.006954073905944824,-0.2203471064567566,-0.0009316205978393555,-0.140438973903656,-0.0034407973289489746,-0.08829247951507568,0.04981958866119385,-0.16443663835525513,0.0477977991104126,-0.2070770263671875,0.03493809700012207,-0.15475350618362427,0.026744186878204346,-0.11779940128326416
0.0,0.0,-0.06420478224754333,-0.030880331993103027,-0.10856395959854126,-0.12027037143707275,-0.12231481075286865,-0.2007542848587036,-0.147207111120224,-0.24985462427139282,-0.07523342967033386,-0.18520933389663696,-0.0756801962852478,-0.2364611029624939,-0.06743010878562927,-0.17025470733642578,-0.0596185028553009,-0.11774557828903198,-0.030963003635406494,-0.18546408414840698,-0.0333743691444397,-0.2414187490940094,-0.03188997507095337,-0.15920144319534302,-0.027159810066223145,-0.10157126188278198,0.010006487369537354,-0.1774125099182129,0.007143557071685791,-0.22212082147598267,0.00013077259063720703,-0.14251214265823364,-0.0018726587295532227,-0.08891236782073975,0.050447821617126465,-0.1645655632019043,0.04636114835739136,-0.20600628852844238,0.034638404846191406,-0.15318810939788818,0.0283164381980896,-0.11580747365951538
0.0,0.0,-0.06284749507904053,-0.026745140552520752,-0.10905134677886963,-0.11358541250228882,-0.12333330512046814,-0.1944238543510437,-0.14716032147407532,-0.2432478666305542,-0.07598155736923218,-0.18115627765655518,-0.0748128890991211,-0.23315197229385376,-0.06718176603317261,-0.16804897785186768,-0.060296475887298584,-0.11585134267807007,-0.03181883692741394,-0.18110871315002441,-0.0326574444770813,-0.23720607161521912,-0.03136634826660156,-0.15562790632247925,-0.027849555015563965,-0.09769511222839355,0.009085774421691895,-0.1747581958770752,0.007619321346282959,-0.2186233401298523,0.0011688470840454102,-0.13831037282943726,-0.00136488676071167,-0.08399218320846558,0.04952758550643921,-0.16385382413864136,0.04670637845993042,-0.20632946491241455,0.035420119762420654,-0.15177834033966064,0.028109312057495117,-0.11138296127319336
0.0,0.0,-0.06512877345085144,-0.032361388206481934,-0.11202985048294067,-0.12294507026672363,-0.12677013874053955,-0.20494049787521362,-0.15270215272903442,-0.25440075993537903,-0.07864633202552795,-0.19315063953399658,-0.07745757699012756,-0.2440895140171051,-0.06772047281265259,-0.17761105298995972,-0.06033429503440857,-0.12235504388809204,-0.03254324197769165,-0.19387483596801758,-0.0329723060131073,-0.2485276758670807,-0.030513912439346313,-0.1646411418914795,-0.027581781148910522,-0.10281127691268921,0.010041117668151855,-0.1863136887550354,0.008521854877471924,-0.22658798098564148,0.0026043057441711426,-0.14381802082061768,-0.0011253952980041504,-0.0875316858291626,0.051870763301849365,-0.17285913228988647,0.04851841926574707,-0.21291488409042358,0.03736269474029541,-0.15730178356170654,0.029476404190063477,-0.11761438846588135
0.0,0.0,-0.067625492811203,-0.0326305627822876,-0.11401379108428955,-0.12533944845199585,-0.12862029671669006,-0.20783263444900513,-0.15544691681861877,-0.25661420822143555,-0.07792356610298157,-0.19347083568572998,-0.0767723023891449,-0.2465743124485016,-0.06917476654052734,-0.17950069904327393,-0.06296774744987488,-0.1249995231628418,-0.03153368830680847,-0.19335395097732544,-0.033407241106033325,-0.2521126866340637,-0.03227242827415466,-0.1680288314819336,-0.028927981853485107,-0.1061011552810669,0.011652946472167969,-0.1853284239768982,0.008783698081970215,-0.2309848964214325,0.0011497139930725098,-0.1495181918144226,-0.0023959875106811523,-0.09190165996551514,0.05392956733703613,-0.17235159873962402,0.048868656158447266,-0.21558308601379395,0.035854995250701904,-0.16053694486618042,0.027473092079162598,-0.11839014291763306
0.0,0.0,-0.06505188345909119,-0.03019392490386963,-0.11252522468566895,-0.12071597576141357,-0.1286821961402893,-0.20323598384857178,-0.15469902753829956,-0.2545222043991089,-0.07939395308494568,-0.1900268793106079,-0.07985225319862366,-0.24652895331382751,-0.0691756010055542,-0.17852234840393066,-0.060336023569107056,-0.12468588352203369,-0.03378012776374817,-0.19129443168640137,-0.03519025444984436,-0.25157955288887024,-0.0322108268737793,-0.16434764862060547,-0.027687132358551025,-0.10576367378234863,0.00817418098449707,-0.1849777102470398,0.0065757036209106445,-0.23270952701568604,0.0004000067710876465,-0.14801663160324097,-0.0014753341674804688,-0.09310024976730347,0.04945707321166992,-0.1739138960838318,0.04685276746749878,-0.21831324696540833,0.03503948450088501,-0.16214042901992798,0.027641355991363525,-0.12239474058151245
0.0,0.0,-0.06618520617485046,-0.030351221561431885,-0.11612880229949951,-0.1171913743019104,-0.1343666911125183,-0.19650733470916748,-0.16100755333900452,-0.24308496713638306,-0.08280611038208008,-0.18149912357330322,-0.08579665422439575,-0.23559504747390747,-0.07569059729576111,-0.17112094163894653,-0.06646257638931274,-0.11971867084503174,-0.037440091371536255,-0.18479537963867188,-0.041370391845703125,-0.24129009246826172,-0.036911994218826294,-0.1599634885787964,-0.030612289905548096,-0.10289692878723145,0.0047476887702941895,-0.1806093454360962,0.0010227560997009277,-0.22567245364189148,-0.002884805202484131,-0.14607751369476318,-0.003340423107147217,-0.09261208772659302,0.046253859996795654,-0.17093431949615479,0.041993677616119385,-0.21561861038208008,0.031960904598236084,-0.16252094507217407,0.0261690616607666,-0.12379604578018188
0.0,0.0,-0.06465461850166321,-0.021931171417236328,-0.11666229367256165,-0.10588645935058594,-0.13575869798660278,-0.18517732620239258,-0.1623336672782898,-0.2312239706516266,-0.08549642562866211,-0.17364543676376343,-0.09090468287467957,-0.22678348422050476,-0.08109846711158752,-0.16372805833816528,-0.07091060280799866,-0.11318641901016235,-0.041479527950286865,-0.17861342430114746,-0.04951062798500061,-0.23701706528663635,-0.04434555768966675,-0.15535461902618408,-0.03591179847717285,-0.09683370590209961,-0.00042939186096191406,-0.1766607165336609,-0.008115589618682861,-0.2206655740737915,-0.010639607906341553,-0.14062225818634033,-0.008589208126068115,-0.08642435073852539,0.040673017501831055,-0.17072999477386475,0.031716346740722656,-0.21143653988838196,0.023432791233062744,-0.15635818243026733,0.02057206630706787,-0.11648833751678467
0.0,0.0,-0.06587892770767212,-0.016861796379089355,-0.11958304047584534,-0.10088527202606201,-0.14073407649993896,-0.180303156375885,-0.16900283098220825,-0.22361057996749878,-0.09002518653869629,-0.1696913242340088,-0.09256568551063538,-0.22291886806488037,-0.08165717124938965,-0.15876621007919312,-0.0717775821685791,-0.10902345180511475,-0.045501530170440674,-0.1763397455215454,-0.05160146951675415,-0.2340049147605896,-0.04483962059020996,-0.15209996700286865,-0.0366176962852478,-0.09650576114654541,-0.003799140453338623,-0.17510074377059937,-0.009797811508178711,-0.21789288520812988,-0.010625064373016357,-0.1379718780517578,-0.008823931217193604,-0.08662748336791992,0.03723400831222534,-0.169469952583313,0.030536174774169922,-0.20941230654716492,0.023793578147888184,-0.15582597255706787,0.02074873447418213,-0.1200299859046936
0.0,0.0,-0.06675457954406738,-0.01960301399230957,-0.12042644619941711,-0.10102713108062744,-0.1435602903366089,-0.1816607117652893,-0.17323490977287292,-0.2247956395149231,-0.09294870495796204,-0.17169052362442017,-0.09725606441497803,-0.2247680425643921,-0.08472132682800293,-0.15935814380645752,-0.07421612739562988,-0.1104440689086914,-0.04946249723434448,-0.1793232560157776,-0.05637174844741821,-0.23432385921478271,-0.04820734262466431,-0.15235841274261475,-0.03998374938964844,-0.10018879175186157,-0.008585929870605469,-0.17976653575897217,-0.01491844654083252,-0.22263970971107483,-0.015227973461151123,-0.14308995008468628,-0.012391090393066406,-0.09228706359863281,0.032534778118133545,-0.1757267713546753,0.024301469326019287,-0.2168712317943573,0.0182797908782959,-0.16096293926239014,0.0164756178855896,-0.12194293737411499
0.0,0.0,-0.06640312075614929,-0.020976662635803223,-0.1188458800315857,-0.10410970449447632,-0.13897103071212769,-0.18382805585861206,-0.16959404945373535,-0.2280980944633484,-0.09089615941047668,-0.18084248900413513,-0.09468519687652588,-0.23233550786972046,-0.08241268992424011,-0.1635541319847107,-0.07055097818374634,-0.11333507299423218,-0.04442983865737915,-0.18913722038269043,-0.05111032724380493,-0.24375757575035095,-0.04510468244552612,-0.1575722098350525,-0.03608030080795288,-0.10318541526794434,-0.0008410215377807617,-0.18755263090133667,-0.008956491947174072,-0.229548841714859,-0.010335266590118408,-0.14368122816085815,-0.007663547992706299,-0.09264403581619263,0.04223179817199707,-0.179885596036911,0.0316508412361145,-0.21987056732177734,0.024470269680023193,-0.16037476062774658,0.022748231887817383,-0.1231885552406311
0.0,0.0,-0.0687451958656311,-0.022606372833251953,-0.12209993600845337,-0.10648071765899658,-0.14230391383171082,-0.18546947836875916,-0.17250275611877441,-0.23071768879890442,-0.09364968538284302,-0.18019667267799377,-0.09921997785568237,-0.23310205340385437,-0.08397972583770752,-0.17072159051895142,-0.07096189260482788,-0.1174212098121643,-0.04751306772232056,-0.18898215889930725,-0.05470550060272217,-0.2459392547607422,-0.04544961452484131,-0.16412413120269775,-0.036669790744781494,-0.1017804741859436,-0.0035333633422851562,-0.18825462460517883,-0.011597037315368652,-0.2312922179698944,-0.010785222053527832,-0.14973580837249756,-0.009128272533416748,-0.09167993068695068,0.0402073860168457,-0.1816120147705078,0.02985203266143799,-0.2228972315788269,0.02274465560913086,-0.1667705774307251,0.01889193058013916,-0.12488383054733276
0.0,0.0,-0.06655669212341309,-0.024128317832946777,-0.11995840072631836,-0.10748291015625,-0.14195498824119568,-0.18543240427970886,-0.17199712991714478,-0.23039820790290833,-0.090410977602005,-0.1789674162864685,-0.09526932239532471,-0.23217418789863586,-0.08307221531867981,-0.16728252172470093,-0.07200011610984802,-0.11515837907791138,-0.04469853639602661,-0.1859779953956604,-0.05212533473968506,-0.24225863814353943,-0.04431915283203125,-0.15944761037826538,-0.03535795211791992,-0.09974861145019531,-0.001848459243774414,-0.18487614393234253,-0.009656786918640137,-0.2285141944885254,-0.009734749794006348,-0.14724671840667725,-0.007177412509918213,-0.09107756614685059,0.04054290056228638,-0.17847687005996704,0.030771732330322266,-0.21791040897369385,0.023902058601379395,-0.16167062520980835,0.021428585052490234,-0.12128210067749023
0.0,0.0,-0.06707179546356201,-0.024265408515930176,-0.12019085884094238,-0.10762584209442139,-0.14117217063903809,-0.18664032220840454,-0.17038145661354065,-0.23317104578018188,-0.09155938029289246,-0.18061035871505737,-0.09662553668022156,-0.23172831535339355,-0.08279412984848022,-0.16756916046142578,-0.07081741094589233,-0.1152295470237732,-0.04601716995239258,-0.1874769926071167,-0.053255319595336914,-0.24454331398010254,-0.04505401849746704,-0.16157770156860352,-0.03626453876495361,-0.10061448812484741,-0.0031095147132873535,-0.18582385778427124,-0.010391831398010254,-0.22819596529006958,-0.010932326316833496,-0.14680534601211548,-0.009174704551696777,-0.09023046493530273,0.03974515199661255,-0.1785702407360077,0.029707252979278564,-0.2178461253643036,0.02161705493927002,-0.16180503368377686,0.017669737339019775,-0.12044519186019897
0.0,0.0,-0.06515628099441528,-0.025720596313476562,-0.11666715145111084,-0.10885071754455566,-0.13762319087982178,-0.1854608654975891,-0.16810500621795654,-0.23026883602142334,-0.08835414052009583,-0.18260863423347473,-0.09214496612548828,-0.2334725260734558,-0.07856106758117676,-0.16859006881713867,-0.06699931621551514,-0.11563163995742798,-0.0424579381942749,-0.18988308310508728,-0.04944044351577759,-0.2446897029876709,-0.04164564609527588,-0.16205966472625732,-0.03335380554199219,-0.1018531322479248,0.0005429983139038086,-0.18731984496116638,-0.0062773823738098145,-0.22788584232330322,-0.00675046443939209,-0.14626234769821167,-0.005638062953948975,-0.09071648120880127,0.043095409870147705,-0.17895853519439697,0.03455209732055664,-0.2164880931377411,0.026882827281951904,-0.1611672043800354,0.022419393062591553,-0.12248718738555908
0.0,0.0,-0.06657087802886963,-0.024940073490142822,-0.11852717399597168,-0.10985040664672852,-0.13906097412109375,-0.18842369318008423,-0.16852232813835144,-0.23248955607414246,-0.08834093809127808,-0.18153521418571472,-0.09369617700576782,-0.23266497254371643,-0.07998529076576233,-0.1677110195159912,-0.06834208965301514,-0.1158134937286377,-0.04332780838012695,-0.18798857927322388,-0.05067962408065796,-0.2434007227420807,-0.042713701725006104,-0.1603037714958191,-0.03410369157791138,-0.10209399461746216,-0.0005048513412475586,-0.1852971315383911,-0.008433043956756592,-0.22751423716545105,-0.008736371994018555,-0.14584267139434814,-0.006394147872924805,-0.09146010875701904,0.04247140884399414,-0.17717140913009644,0.03184521198272705,-0.21761921048164368,0.024106740951538086,-0.1619781255722046,0.021331965923309326,-0.12271773815155029
0.0,0.0,-0.06619787216186523,-0.023144066333770752,-0.11840000748634338,-0.10738521814346313,-0.13816705346107483,-0.1871471107006073,-0.16653740406036377,-0.23332446813583374,-0.08744204044342041,-0.17974090576171875,-0.09038379788398743,-0.23405709862709045,-0.07850673794746399,-0.1693432331085205,-0.0677914023399353,-0.11618071794509888,-0.041995465755462646,-0.18509873747825623,-0.047025084495544434,-0.2430405616760254,-0.04089832305908203,-0.16138941049575806,-0.03355008363723755,-0.10109370946884155,0.0003917813301086426,-0.18171381950378418,-0.004839837551116943,-0.2256457805633545,-0.006997227668762207,-0.14487618207931519,-0.006641983985900879,-0.08873200416564941,0.0427854061126709,-0.17300671339035034,0.03592866659164429,-0.21524107456207275,0.026660621166229248,-0.16112571954727173,0.021131038665771484,-0.12057113647460938
0.0,0.0,-0.06707292795181274,-0.027920186519622803,-0.11794668436050415,-0.11345815658569336,-0.13634896278381348,-0.19145998358726501,-0.16561156511306763,-0.23714259266853333,-0.08646726608276367,-0.18987524509429932,-0.08922749757766724,-0.23883652687072754,-0.0769367516040802,-0.17434722185134888,-0.06754481792449951,-0.11899203062057495,-0.04003798961639404,-0.19428479671478271,-0.04679912328720093,-0.24960193037986755,-0.040675222873687744,-0.16871333122253418,-0.03453332185745239,-0.10454696416854858,0.003555476665496826,-0.18937790393829346,-0.0038338303565979004,-0.23029446601867676,-0.005908548831939697,-0.15002989768981934,-0.006228387355804443,-0.0910215973854065,0.04660797119140625,-0.178533673286438,0.036415278911590576,-0.21946799755096436,0.027498304843902588,-0.16520172357559204,0.022752225399017334,-0.1226428747177124
0.0,0.0,-0.0671834945678711,-0.022727489471435547,-0.1180499792098999,-0.11049234867095947,-0.13476771116256714,-0.19184160232543945,-0.16193056106567383,-0.2415364682674408,-0.08774363994598389,-0.18496322631835938,-0.090542733669281,-0.23631981015205383,-0.07871508598327637,-0.17087435722351074,-0.06767147779464722,-0.11767452955245972,-0.04173111915588379,-0.18964725732803345,-0.046818554401397705,-0.24723565578460693,-0.04104131460189819,-0.16410619020462036,-0.03352242708206177,-0.1027945876121521,0.0015665888786315918,-0.18560415506362915,-0.004582822322845459,-0.2286616861820221,-0.006717562675476074,-0.1469772458076477,-0.006128191947937012,-0.09153276681900024,0.04497402906417847,-0.1759931445121765,0.03656184673309326,-0.21514376997947693,0.027952253818511963,-0.15903973579406738,0.023667216300964355,-0.11928558349609375
0.0,0.0,-0.06817376613616943,-0.025143742561340332,-0.11948275566101074,-0.11202365159988403,-0.13755202293395996,-0.1939137578010559,-0.16445958614349365,-0.24753600358963013,-0.08972755074501038,-0.18667417764663696,-0.0929608941078186,-0.24125149846076965,-0.08029681444168091,-0.176347017288208,-0.06954938173294067,-0.12238651514053345,-0.043893277645111084,-0.1925654411315918,-0.04957479238510132,-0.2530919909477234,-0.04367488622665405,-0.16899442672729492,-0.03692734241485596,-0.10669493675231934,-0.0010986328125,-0.1893824338912964,-0.0064171552658081055,-0.2336045503616333,-0.008794784545898438,-0.14989453554153442,-0.009227991104125977,-0.09295737743377686,0.04153788089752197,-0.1807013750076294,0.03441137075424194,-0.21976777911186218,0.025302648544311523,-0.16353654861450195,0.019303083419799805,-0.12342244386672974
0.0,0.0,-0.0674675703048706,-0.026763081550598145,-0.1188574731349945,-0.1134185791015625,-0.13560253381729126,-0.19513601064682007,-0.1615331768989563,-0.24868130683898926,-0.08912479877471924,-0.18842816352844238,-0.09086143970489502,-0.2406522035598755,-0.07810109853744507,-0.17626094818115234,-0.0680994987487793,-0.12159061431884766,-0.04320305585861206,-0.1935107707977295,-0.0480155348777771,-0.2520058751106262,-0.041624248027801514,-0.1686772108078003,-0.034916818141937256,-0.10574901103973389,0.00016379356384277344,-0.19013553857803345,-0.004700601100921631,-0.23333919048309326,-0.006739914417266846,-0.15003681182861328,-0.007338464260101318,-0.09268546104431152,0.0434342622756958,-0.18086892366409302,0.0358579158782959,-0.21997082233428955,0.02725672721862793,-0.16341239213943481,0.021839022636413574,-0.1228514313697815
0.0,0.0,-0.067019522190094,-0.026761889457702637,-0.11775654554367065,-0.1140526533126831,-0.13376998901367188,-0.19598567485809326,-0.15991193056106567,-0.24932563304901123,-0.08772826194763184,-0.18966829776763916,-0.09061282873153687,-0.23970800638198853,-0.076579749584198,-0.17509770393371582,-0.06551307439804077,-0.11983364820480347,-0.04136812686920166,-0.19459038972854614,-0.046942293643951416,-0.25131553411483765,-0.040187835693359375,-0.1679287552833557,-0.034115374088287354,-0.10368567705154419,0.002239406108856201,-0.19027477502822876,-0.0023483633995056152,-0.23204803466796875,-0.005014300346374512,-0.1491832733154297,-0.00711214542388916,-0.09050405025482178,0.04540365934371948,-0.18044298887252808,0.03823214769363403,-0.21700647473335266,0.02837502956390381,-0.1612967848777771,0.021190643310546875,-0.12050724029541016
0.0,0.0,-0.068184494972229,-0.023996591567993164,-0.11981874704360962,-0.11050194501876831,-0.13633322715759277,-0.192602276802063,-0.16258907318115234,-0.24487024545669556,-0.0898134708404541,-0.18608719110488892,-0.09186568856239319,-0.2386547327041626,-0.07965743541717529,-0.17335861921310425,-0.06978827714920044,-0.11937761306762695,-0.04377615451812744,-0.19123250246047974,-0.04862833023071289,-0.2487381100654602,-0.04223376512527466,-0.16469472646713257,-0.035842835903167725,-0.1031728982925415,-0.0003560781478881836,-0.18820059299468994,-0.004653513431549072,-0.23143836855888367,-0.006979227066040039,-0.14744198322296143,-0.008143842220306396,-0.09026068449020386,0.042951107025146484,-0.17952769994735718,0.03658968210220337,-0.21911722421646118,0.02736210823059082,-0.16191399097442627,0.02063053846359253,-0.12044668197631836
0.0,0.0,-0.06784433126449585,-0.02180236577987671,-0.11950409412384033,-0.10820907354354858,-0.13673332333564758,-0.19164979457855225,-0.16356363892555237,-0.24231016635894775,-0.09089022874832153,-0.18019366264343262,-0.09150433540344238,-0.23497018218040466,-0.07987046241760254,-0.16925740242004395,-0.06982749700546265,-0.11604845523834229,-0.045449137687683105,-0.18484681844711304,-0.048348426818847656,-0.24512583017349243,-0.04269051551818848,-0.1604894995689392,-0.036160051822662354,-0.10046780109405518,-0.002698957920074463,-0.18179243803024292,-0.005308628082275391,-0.22804564237594604,-0.008278489112854004,-0.14386272430419922,-0.00929117202758789,-0.08804106712341309,0.039567649364471436,-0.1735796332359314,0.036194801330566406,-0.21512159705162048,0.026617467403411865,-0.1581241488456726,0.019570231437683105,-0.1176217794418335
0.0,0.0,-0.06609636545181274,-0.025144457817077637,-0.11621206998825073,-0.10997462272644043,-0.1327202320098877,-0.19055935740470886,-0.15805688500404358,-0.24283000826835632,-0.08525523543357849,-0.18389064073562622,-0.0868501365184784,-0.2355620563030243,-0.07668191194534302,-0.1704390048980713,-0.06758278608322144,-0.11685752868652344,-0.04016077518463135,-0.1877148151397705,-0.04416781663894653,-0.2448132336139679,-0.04037046432495117,-0.16256999969482422,-0.03486204147338867,-0.10156375169754028,0.0022965669631958008,-0.18352103233337402,-0.0020353198051452637,-0.22698646783828735,-0.006058752536773682,-0.1455693244934082,-0.007215142250061035,-0.08913248777389526,0.04482942819595337,-0.17357385158538818,0.03854948282241821,-0.21330657601356506,0.028501391410827637,-0.15777474641799927,0.022033214569091797,-0.11640709638595581
0.0,0.0,-0.06493884325027466,-0.02882516384124756,-0.11298757791519165,-0.11403006315231323,-0.1297634243965149,-0.19324690103530884,-0.15548372268676758,-0.24351882934570312,-0.0839976966381073,-0.18246868252754211,-0.08593094348907471,-0.23737773299217224,-0.0753105878829956,-0.1716686487197876,-0.06571489572525024,-0.11891347169876099,-0.039497971534729004,-0.1866765022277832,-0.04367029666900635,-0.2451046109199524,-0.03991645574569702,-0.16161805391311646,-0.033738553524017334,-0.10430198907852173,0.0022718310356140137,-0.18285545706748962,-0.0018030405044555664,-0.2275867760181427,-0.005701422691345215,-0.14484262466430664,-0.005790054798126221,-0.09159183502197266,0.043623924255371094,-0.17335891723632812,0.03821593523025513,-0.2160819172859192,0.02891075611114502,-0.16005533933639526,0.023772120475769043,-0.12113213539123535
0.0,0.0,-0.06575769186019897,-0.02725273370742798,-0.11410626769065857,-0.11295938491821289,-0.13048365712165833,-0.19284290075302124,-0.15721043944358826,-0.24219176173210144,-0.08430531620979309,-0.18161731958389282,-0.08704748749732971,-0.23387962579727173,-0.07514667510986328,-0.16911780834197998,-0.06481236219406128,-0.11553317308425903,-0.039152324199676514,-0.1865065097808838,-0.044687092304229736,-0.2426237165927887,-0.03860318660736084,-0.1618085503578186,-0.03118300437927246,-0.10140728950500488,0.003629446029663086,-0.18281906843185425,-0.0027256011962890625,-0.22738084197044373,-0.004758715629577637,-0.14665591716766357,-0.004109978675842285,-0.08946734666824341,0.045584917068481445,-0.173850417137146,0.03665316104888916,-0.21498557925224304,0.027895867824554443,-0.1601722240447998,0.02395784854888916,-0.11906147003173828
0.0,0.0,-0.06528341770172119,-0.025995314121246338,-0.11494004726409912,-0.1113886833190918,-0.13227182626724243,-0.19060444831848145,-0.15923184156417847,-0.24130475521087646,-0.086453378200531,-0.183163583278656,-0.08796167373657227,-0.23513281345367432,-0.0763024091720581,-0.1700199842453003,-0.06674087047576904,-0.11529326438903809,-0.04060971736907959,-0.18784555792808533,-0.04580122232437134,-0.24411076307296753,-0.039776504039764404,-0.1624276041984558,-0.03285050392150879,-0.09943366050720215,0.002501070499420166,-0.18442517518997192,-0.003546774387359619,-0.22639933228492737,-0.005240023136138916,-0.14554619789123535,-0.004753470420837402,-0.08694905042648315,0.04460662603378296,-0.1759055256843567,0.03579235076904297,-0.21497085690498352,0.027583539485931396,-0.15942472219467163,0.023383736610412598,-0.11656743288040161
0.0,0.0,-0.06511324644088745,-0.02232414484024048,-0.11650502681732178,-0.10798299312591553,-0.13425692915916443,-0.1881197690963745,-0.1618776023387909,-0.23677951097488403,-0.0875878632068634,-0.1844281554222107,-0.08973044157028198,-0.23360124230384827,-0.07717549800872803,-0.16694104671478271,-0.06647121906280518,-0.11446899175643921,-0.04179036617279053,-0.19064092636108398,-0.04785037040710449,-0.24413353204727173,-0.040634334087371826,-0.16032546758651733,-0.032788872718811035,-0.10012149810791016,0.0013802647590637207,-0.18723267316818237,-0.005441248416900635,-0.22621524333953857,-0.006457865238189697,-0.14337563514709473,-0.005683183670043945,-0.088043212890625,0.04375290870666504,-0.17837446928024292,0.03463280200958252,-0.21420419216156006,0.02713322639465332,-0.15728706121444702,0.023711085319519043,-0.1180078387260437
0.0,0.0,-0.06570810079574585,-0.024414360523223877,-0.11637604236602783,-0.11007201671600342,-0.1347762942314148,-0.1913800835609436,-0.1623653769493103,-0.24085095524787903,-0.08794441819190979,-0.18341714143753052,-0.09043782949447632,-0.2353297472000122,-0.07852816581726074,-0.16842448711395264,-0.0690034031867981,-0.11734879016876221,-0.04312366247177124,-0.18840909004211426,-0.048076629638671875,-0.24580270051956177,-0.04259538650512695,-0.16101419925689697,-0.03594553470611572,-0.10377049446105957,-0.000770270824432373,-0.18464791774749756,-0.005182802677154541,-0.22899550199508667,-0.008028626441955566,-0.14503467082977295,-0.008008003234863281,-0.0911676287651062,0.04102689027786255,-0.1757614016532898,0.03494960069656372,-0.21735423803329468,0.02587026357650757,-0.16021519899368286,0.020312607288360596,-0.12062931060791016
0.0,0.0,-0.06540292501449585,-0.021579444408416748,-0.1169096827507019,-0.10774356126785278,-0.13512316346168518,-0.18905127048492432,-0.1622869074344635,-0.23766040802001953,-0.08537811040878296,-0.18105924129486084,-0.08810573816299438,-0.2331942617893219,-0.07702559232711792,-0.1660916805267334,-0.06743985414505005,-0.11457711458206177,-0.03957033157348633,-0.185890793800354,-0.04568451642990112,-0.24263125658035278,-0.04032009840011597,-0.15833652019500732,-0.033738791942596436,-0.10103613138198853,0.0035407543182373047,-0.18160021305084229,-0.003364384174346924,-0.22572433948516846,-0.006036937236785889,-0.14271456003189087,-0.005860090255737305,-0.08887934684753418,0.0458451509475708,-0.17245668172836304,0.03780406713485718,-0.21409499645233154,0.028742611408233643,-0.1586931347846985,0.024063587188720703,-0.1201130747795105
0.0,0.0,-0.0646589994430542,-0.022983193397521973,-0.11652788519859314,-0.10758745670318604,-0.13612359762191772,-0.18737810850143433,-0.16294795274734497,-0.23701733350753784,-0.08559185266494751,-0.17907530069351196,-0.08930593729019165,-0.2313709259033203,-0.0768885612487793,-0.16574090719223022,-0.06620174646377563,-0.11416548490524292,-0.041098713874816895,-0.18374788761138916,-0.04609900712966919,-0.24035963416099548,-0.040695369243621826,-0.15778881311416626,-0.03470873832702637,-0.10135906934738159,0.0007801651954650879,-0.18030822277069092,-0.004051566123962402,-0.22385022044181824,-0.006562232971191406,-0.14228659868240356,-0.00684589147567749,-0.09013009071350098,0.042495012283325195,-0.17203372716903687,0.036519765853881836,-0.21378397941589355,0.027927875518798828,-0.15929824113845825,0.022892653942108154,-0.12202709913253784
0.0,0.0,-0.06477165222167969,-0.025234222412109375,-0.11587157845497131,-0.11019700765609741,-0.13472437858581543,-0.1892491579055786,-0.16127127408981323,-0.2385091781616211,-0.08376288414001465,-0.18175911903381348,-0.08801025152206421,-0.23188719153404236,-0.07658475637435913,-0.16838288307189941,-0.06693369150161743,-0.11704063415527344,-0.03951209783554077,-0.18623006343841553,-0.04571908712387085,-0.2416110634803772,-0.040998756885528564,-0.16109830141067505,-0.03533095121383667,-0.10270178318023682,0.0021456480026245117,-0.18281161785125732,-0.003970086574554443,-0.22429174184799194,-0.006843507289886475,-0.14367926120758057,-0.007157504558563232,-0.08950865268707275,0.04419761896133423,-0.1745956540107727,0.03589576482772827,-0.213890939950943,0.027131497859954834,-0.16001778841018677,0.022252142429351807,-0.12165898084640503
0.0,0.0,-0.06564640998840332,-0.025040388107299805,-0.11696410179138184,-0.1086990237236023,-0.13503864407539368,-0.18765020370483398,-0.16167393326759338,-0.23687344789505005,-0.08560025691986084,-0.18492066860198975,-0.08758372068405151,-0.23261523246765137,-0.07512170076370239,-0.1680082082748413,-0.06576597690582275,-0.11480593681335449,-0.03995776176452637,-0.18895196914672852,-0.04529726505279541,-0.2446998953819275,-0.03974628448486328,-0.16273874044418335,-0.034253835678100586,-0.10154896974563599,0.002988457679748535,-0.1842445731163025,-0.0026360154151916504,-0.22515031695365906,-0.005603969097137451,-0.14407879114151,-0.006958365440368652,-0.08790427446365356,0.04541134834289551,-0.17394483089447021,0.036869049072265625,-0.21381902694702148,0.027640819549560547,-0.15867286920547485,0.022014379501342773,-0.1176367998123169
0.0,0.0,-0.06740903854370117,-0.02282571792602539,-0.1198301613330841,-0.10869550704956055,-0.13816431164741516,-0.19001823663711548,-0.16560599207878113,-0.23968124389648438,-0.09062725305557251,-0.1836739182472229,-0.09202617406845093,-0.2343408763408661,-0.07863789796829224,-0.1697678565979004,-0.0685320496559143,-0.11759662628173828,-0.04502213001251221,-0.18896925449371338,-0.0496218204498291,-0.2461273968219757,-0.042755842208862305,-0.16302502155303955,-0.036147892475128174,-0.10305154323577881,-0.0021886229515075684,-0.18586742877960205,-0.006013691425323486,-0.22898727655410767,-0.008107364177703857,-0.1458997130393982,-0.00904005765914917,-0.08979511260986328,0.04032695293426514,-0.17751318216323853,0.03382450342178345,-0.21618351340293884,0.024835050106048584,-0.16009342670440674,0.01854151487350464,-0.11978131532669067
0.0,0.0,-0.06649446487426758,-0.025905609130859375,-0.11744236946105957,-0.11109519004821777,-0.13621041178703308,-0.19102942943572998,-0.16437101364135742,-0.2402038872241974,-0.08855539560317993,-0.18579697608947754,-0.09015792608261108,-0.23580417037010193,-0.07755398750305176,-0.17047274112701416,-0.067840576171875,-0.11762797832489014,-0.04271942377090454,-0.19096016883850098,-0.0474705696105957,-0.24749362468719482,-0.042038559913635254,-0.16379255056381226,-0.03643983602523804,-0.10382086038589478,0.000631868839263916,-0.18676108121871948,-0.0031259655952453613,-0.2287616729736328,-0.006480157375335693,-0.14509570598602295,-0.008270859718322754,-0.08924061059951782,0.04327535629272461,-0.17690777778625488,0.037985026836395264,-0.2171832025051117,0.027588248252868652,-0.16139841079711914,0.019668519496917725,-0.12128657102584839
0.0,0.0,-0.06538510322570801,-0.023775339126586914,-0.11635494232177734,-0.1099730134010315,-0.1340320110321045,-0.19094717502593994,-0.16105693578720093,-0.24066728353500366,-0.08570307493209839,-0.1860247254371643,-0.0867689847946167,-0.23675227165222168,-0.07493329048156738,-0.1706012487411499,-0.066456139087677,-0.11728030443191528,-0.03941750526428223,-0.1897677183151245,-0.04401499032974243,-0.24649354815483093,-0.03874480724334717,-0.16280072927474976,-0.034317731857299805,-0.10298162698745728,0.004397749900817871,-0.18506062030792236,-0.0004203915596008301,-0.22814378142356873,-0.003760814666748047,-0.1444748044013977,-0.006236016750335693,-0.08843308687210083,0.047471046447753906,-0.17477333545684814,0.04060661792755127,-0.21726250648498535,0.030276000499725342,-0.1603013277053833,0.022562086582183838,-0.11829054355621338
0.0,0.0,-0.06769698858261108,-0.023830115795135498,-0.11852756142616272,-0.1109611988067627,-0.13574901223182678,-0.19240760803222656,-0.16318196058273315,-0.24293252825737,-0.09087932109832764,-0.18519890308380127,-0.09131672978401184,-0.23795464634895325,-0.07739394903182983,-0.17227715253829956,-0.06749725341796875,-0.11791801452636719,-0.04393351078033447,-0.1904740333557129,-0.046592116355895996,-0.24704313278198242,-0.03973895311355591,-0.1630914807319641,-0.034612417221069336,-0.10177820920944214,0.00016731023788452148,-0.1872236728668213,-0.0025894641876220703,-0.2289714813232422,-0.004696369171142578,-0.14513927698135376,-0.0069048404693603516,-0.08854657411575317,0.043170273303985596,-0.1786927580833435,0.03795146942138672,-0.2187454104423523,0.02922576665878296,-0.16292130947113037,0.02229553461074829,-0.12297475337982178
0.0,0.0,-0.06808578968048096,-0.02394568920135498,-0.11893758177757263,-0.11398136615753174,-0.13558083772659302,-0.1976560354232788,-0.16416186094284058,-0.2468169927597046,-0.08876907825469971,-0.19171959161758423,-0.08919531106948853,-0.24101576209068298,-0.07676738500595093,-0.17207974195480347,-0.06712442636489868,-0.11834317445755005,-0.04100382328033447,-0.19572573900222778,-0.04495590925216675,-0.24908921122550964,-0.03924822807312012,-0.1623789668083191,-0.033250629901885986,-0.1014290452003479,0.00333559513092041,-0.1904391646385193,-0.0011456608772277832,-0.22980669140815735,-0.004756450653076172,-0.1450393795967102,-0.006230473518371582,-0.08853334188461304,0.04658323526382446,-0.1797434687614441,0.03981822729110718,-0.21745097637176514,0.0292394757270813,-0.15942823886871338,0.02229863405227661,-0.11811703443527222
0.0,0.0,-0.06902563571929932,-0.025114059448242188,-0.11993345618247986,-0.11451321840286255,-0.1371367871761322,-0.1978740096092224,-0.1652054786682129,-0.2483157217502594,-0.089408278465271,-0.1900193691253662,-0.09071937203407288,-0.24036645889282227,-0.07757568359375,-0.17305535078048706,-0.06719380617141724,-0.11911946535110474,-0.042064785957336426,-0.19514399766921997,-0.04625576734542847,-0.24976816773414612,-0.03998363018035889,-0.1637507677078247,-0.033682286739349365,-0.10211390256881714,0.002110719680786133,-0.19058996438980103,-0.001218259334564209,-0.23061922192573547,-0.004771888256072998,-0.1455153226852417,-0.006857573986053467,-0.088687002658844,0.04535633325576782,-0.18026190996170044,0.04036790132522583,-0.21765804290771484,0.029507696628570557,-0.16053074598312378,0.02140510082244873,-0.12070369720458984
0.0,0.0,-0.06885051727294922,-0.022345304489135742,-0.12072169780731201,-0.11401408910751343,-0.13722220063209534,-0.19939053058624268,-0.16474801301956177,-0.2516278028488159,-0.09054282307624817,-0.19180822372436523,-0.09217986464500427,-0.2415345311164856,-0.07758349180221558,-0.17290723323822021,-0.06689339876174927,-0.11872220039367676,-0.04308652877807617,-0.19725078344345093,-0.04698300361633301,-0.2501424551010132,-0.04021722078323364,-0.16342848539352417,-0.034480929374694824,-0.103110671043396,0.0012003779411315918,-0.19288396835327148,-0.0021674036979675293,-0.2302655577659607,-0.005040287971496582,-0.14424991607666016,-0.007313072681427002,-0.08896899223327637,0.04474598169326782,-0.1827753186225891,0.03931349515914917,-0.21670079231262207,0.02923065423965454,-0.1570146679878235,0.02165532112121582,-0.1174364686012268
0.0,0.0,-0.06749856472015381,-0.026049375534057617,-0.11776679754257202,-0.11469805240631104,-0.1349429488182068,-0.19772636890411377,-0.16247189044952393,-0.2505343556404114,-0.08705705404281616,-0.19134658575057983,-0.08880674839019775,-0.24245786666870117,-0.07498687505722046,-0.1744922399520874,-0.06462961435317993,-0.11973649263381958,-0.03975015878677368,-0.19552934169769287,-0.043443918228149414,-0.2511681616306305,-0.03761088848114014,-0.16488075256347656,-0.03215581178665161,-0.1026993989944458,0.004246950149536133,-0.18991684913635254,0.0015653371810913086,-0.23245611786842346,-0.002726733684539795,-0.1473473310470581,-0.005608201026916504,-0.08923959732055664,0.047174155712127686,-0.17844486236572266,0.04403793811798096,-0.21982038021087646,0.03185725212097168,-0.1628543734550476,0.022064268589019775,-0.1202249526977539
0.0,0.0,-0.06823080778121948,-0.025361359119415283,-0.12029203772544861,-0.11443066596984863,-0.13806116580963135,-0.19785356521606445,-0.16553637385368347,-0.25108978152275085,-0.08956748247146606,-0.19244986772537231,-0.09174549579620361,-0.24129989743232727,-0.07764768600463867,-0.17455440759658813,-0.06753551959991455,-0.11990797519683838,-0.04170137643814087,-0.19739115238189697,-0.04620635509490967,-0.2500962018966675,-0.040298521518707275,-0.16493773460388184,-0.03539508581161499,-0.1020614504814148,0.0026870369911193848,-0.1922215223312378,-0.0007590055465698242,-0.23147380352020264,-0.004709005355834961,-0.14692819118499756,-0.00788801908493042,-0.08838945627212524,0.045964062213897705,-0.18108761310577393,0.040254950523376465,-0.2170361876487732,0.029323577880859375,-0.15989214181900024,0.020879149436950684,-0.11808854341506958
0.0,0.0,-0.07025790214538574,-0.023091137409210205,-0.12311553955078125,-0.11416471004486084,-0.14066702127456665,-0.19995760917663574,-0.16912221908569336,-0.25230032205581665,-0.09233707189559937,-0.19081437587738037,-0.09477406740188599,-0.24122291803359985,-0.07954961061477661,-0.17410296201705933,-0.06810539960861206,-0.11973798274993896,-0.04450631141662598,-0.19698631763458252,-0.049319684505462646,-0.25141382217407227,-0.041722893714904785,-0.1653285026550293,-0.03538578748703003,-0.10255515575408936,0.0001493692398071289,-0.1937040090560913,-0.0038057565689086914,-0.2328377664089203,-0.005905866622924805,-0.1462840437889099,-0.007809817790985107,-0.08791553974151611,0.043821752071380615,-0.1848747730255127,0.03714859485626221,-0.22003698348999023,0.028107643127441406,-0.16105866432189941,0.02143031358718872,-0.12026005983352661
0.0,0.0,-0.06754821538925171,-0.02490866184234619,-0.11809352040290833,-0.11618673801422119,-0.13596802949905396,-0.19965410232543945,-0.16524732112884521,-0.2513018846511841,-0.08846968412399292,-0.1931009292602539,-0.0907265841960907,-0.24160420894622803,-0.07533717155456543,-0.17312020063400269,-0.06361424922943115,-0.11811739206314087,-0.04057109355926514,-0.19805514812469482,-0.04516792297363281,-0.25041940808296204,-0.037549376487731934,-0.16349732875823975,-0.030764877796173096,-0.10122942924499512,0.004297912120819092,-0.19317448139190674,-0.0001583695411682129,-0.2324705719947815,-0.0025988221168518066,-0.1463412046432495,-0.0038953423500061035,-0.08831131458282471,0.04783427715301514,-0.18266171216964722,0.04117506742477417,-0.22051101922988892,0.03104954957962036,-0.16203993558883667,0.024155914783477783,-0.1203540563583374
0.0,0.0,-0.0677143931388855,-0.02477848529815674,-0.11923706531524658,-0.1148720383644104,-0.13681983947753906,-0.19846993684768677,-0.1647726595401764,-0.25125670433044434,-0.08780470490455627,-0.19222259521484375,-0.09075084328651428,-0.24201825261116028,-0.07586860656738281,-0.17447298765182495,-0.06481987237930298,-0.1198994517326355,-0.04007565975189209,-0.19713890552520752,-0.04526776075363159,-0.25075677037239075,-0.03834402561187744,-0.16400498151779175,-0.03239351511001587,-0.1014527678489685,0.004743337631225586,-0.19215178489685059,-6.473064422607422e-05,-0.2321833372116089,-0.0032425522804260254,-0.14592081308364868,-0.005238771438598633,-0.08746618032455444,0.04830414056777954,-0.18149763345718384,0.041942596435546875,-0.2188439965248108,0.030885040760040283,-0.16059094667434692,0.022968411445617676,-0.11862099170684814
0.0,0.0,-0.06827950477600098,-0.026751220226287842,-0.1197161078453064,-0.11795532703399658,-0.13834816217422485,-0.20177119970321655,-0.16696041822433472,-0.2526395320892334,-0.08664411306381226,-0.19355785846710205,-0.09002551436424255,-0.24272370338439941,-0.0765984058380127,-0.1733357310295105,-0.06586235761642456,-0.11944544315338135,-0.039408326148986816,-0.19799548387527466,-0.04484736919403076,-0.2513705790042877,-0.039525508880615234,-0.1642073392868042,-0.03399080038070679,-0.10359156131744385,0.005233705043792725,-0.1926400065422058,0.0002321004867553711,-0.2325933575630188,-0.003912210464477539,-0.14585363864898682,-0.005806684494018555,-0.08928972482681274,0.048866331577301025,-0.18198156356811523,0.0423656702041626,-0.21850073337554932,0.03135436773300171,-0.1602901816368103,0.02441507577896118,-0.12113183736801147
