0.0,0.0,-0.05262786149978638,-0.021553635597229004,-0.08977210521697998,-0.0809280276298523,-0.0722498893737793,-0.1410490870475769,-0.034852564334869385,-0.1668229103088379,-0.10844504833221436,-0.1998668909072876,-0.12464573979377747,-0.2834993600845337,-0.13022533059120178,-0.3352808952331543,-0.13410505652427673,-0.38096892833709717,-0.07215839624404907,-0.22022086381912231,-0.08935552835464478,-0.3128516674041748,-0.09957709908485413,-0.37142688035964966,-0.10897710919380188,-0.42193910479545593,-0.03223830461502075,-0.21977227926254272,-0.04297029972076416,-0.3096315860748291,-0.048666417598724365,-0.36193352937698364,-0.055725276470184326,-0.40815097093582153,0.010445058345794678,-0.20304131507873535,0.009495019912719727,-0.2752224802970886,0.006964266300201416,-0.320870041847229,0.0021744370460510254,-0.36253324151039124
0.0,0.0,-0.050022274255752563,-0.025689244270324707,-0.08108624815940857,-0.07805877923965454,-0.06339246034622192,-0.13286054134368896,-0.031768620014190674,-0.15755736827850342,-0.09425464272499084,-0.18996977806091309,-0.10947081446647644,-0.26536256074905396,-0.11418747901916504,-0.31003665924072266,-0.11779481172561646,-0.3497980833053589,-0.060826003551483154,-0.20800364017486572,-0.0773439109325409,-0.29080861806869507,-0.08570113778114319,-0.3374919593334198,-0.09443625807762146,-0.37854838371276855,-0.026417672634124756,-0.20692923665046692,-0.0363771915435791,-0.28334948420524597,-0.041683197021484375,-0.3254323899745941,-0.04844674468040466,-0.36281833052635193,0.01103222370147705,-0.19220423698425293,0.0050408244132995605,-0.2532680630683899,-0.00018787384033203125,-0.28912487626075745,-0.006901681423187256,-0.3229852616786957
0.0,0.0,-0.051655739545822144,-0.026562213897705078,-0.08450078964233398,-0.08632969856262207,-0.06374600529670715,-0.14364951848983765,-0.027987271547317505,-0.16629105806350708,-0.0898067057132721,-0.1948794424533844,-0.10180526971817017,-0.2682037651538849,-0.10513049364089966,-0.31161558628082275,-0.10656949877738953,-0.3515251874923706,-0.05714362859725952,-0.21001797914505005,-0.07119134068489075,-0.2888663411140442,-0.07847952842712402,-0.3350761830806732,-0.0851171612739563,-0.37662237882614136,-0.024068504571914673,-0.2082531452178955,-0.033922672271728516,-0.28008565306663513,-0.039805829524993896,-0.31989240646362305,-0.046518176794052124,-0.3551454246044159,0.010838210582733154,-0.19397619366645813,0.001965641975402832,-0.2518589496612549,-0.005560338497161865,-0.2854783535003662,-0.013755977153778076,-0.3167463541030884
0.0,0.0,-0.0504937469959259,-0.02906203269958496,-0.07978850603103638,-0.0910729169845581,-0.05797979235649109,-0.14714664220809937,-0.022744059562683105,-0.164425790309906,-0.08333739638328552,-0.1890200674533844,-0.09243404865264893,-0.26164108514785767,-0.09333321452140808,-0.3062942624092102,-0.0924561619758606,-0.34660741686820984,-0.050938427448272705,-0.20260092616081238,-0.061881810426712036,-0.28112125396728516,-0.06559598445892334,-0.32804447412490845,-0.06913378834724426,-0.3693123757839203,-0.018583029508590698,-0.19971001148223877,-0.026177555322647095,-0.2702522873878479,-0.029829591512680054,-0.31134599447250366,-0.034433454275131226,-0.34810662269592285,0.015514612197875977,-0.18509802222251892,0.00754857063293457,-0.24193409085273743,0.0017473101615905762,-0.2759668529033661,-0.004646897315979004,-0.3081972599029541
0.0,0.0,-0.050002992153167725,-0.03272700309753418,-0.07715186476707458,-0.09818863868713379,-0.05159425735473633,-0.15158140659332275,-0.0134238600730896,-0.1586633026599884,-0.07853949069976807,-0.18848612904548645,-0.08621051907539368,-0.2588145434856415,-0.08645319938659668,-0.30129483342170715,-0.08531609177589417,-0.3406132459640503,-0.047248393297195435,-0.20060575008392334,-0.05655750632286072,-0.27645522356033325,-0.06007888913154602,-0.32239508628845215,-0.06364449858665466,-0.363844096660614,-0.0155830979347229,-0.19655823707580566,-0.02202656865119934,-0.2654445171356201,-0.025264471769332886,-0.3059706389904022,-0.029397398233413696,-0.3417641520500183,0.017874300479888916,-0.18122988939285278,0.010573983192443848,-0.23746761679649353,0.004884302616119385,-0.27136725187301636,-0.0008245706558227539,-0.30329006910324097
0.0,0.0,-0.051183223724365234,-0.03025949001312256,-0.07964345812797546,-0.09508657455444336,-0.05544346570968628,-0.15077626705169678,-0.018943071365356445,-0.15894603729248047,-0.07776418328285217,-0.1947365701198578,-0.08326360583305359,-0.2638600170612335,-0.08172497153282166,-0.3080493211746216,-0.07916015386581421,-0.3491652309894562,-0.04605552554130554,-0.20625317096710205,-0.053279221057891846,-0.28338196873664856,-0.05534204840660095,-0.3305020034313202,-0.05790454149246216,-0.3732187747955322,-0.01458209753036499,-0.20098260045051575,-0.020954430103302002,-0.27192896604537964,-0.023739635944366455,-0.312832236289978,-0.027189195156097412,-0.3493459224700928,0.01916724443435669,-0.18348202109336853,0.01175069808959961,-0.24147996306419373,0.0066817402839660645,-0.2767379581928253,0.001684427261352539,-0.30989527702331543
0.0,0.0,-0.05063450336456299,-0.03336620330810547,-0.07912823557853699,-0.10355359315872192,-0.05243578553199768,-0.15905475616455078,-0.01285165548324585,-0.16636675596237183,-0.07737085223197937,-0.20423594117164612,-0.0827532410621643,-0.27527400851249695,-0.08097776770591736,-0.31937700510025024,-0.07779961824417114,-0.3611375689506531,-0.04462224245071411,-0.2144775390625,-0.05193054676055908,-0.2930396497249603,-0.05420726537704468,-0.34151512384414673,-0.05698731541633606,-0.3864760100841522,-0.011746823787689209,-0.2081211805343628,-0.01755070686340332,-0.2805521488189697,-0.020535647869110107,-0.3227021098136902,-0.02459019422531128,-0.3599050045013428,0.022924482822418213,-0.19045507907867432,0.015854835510253906,-0.24970513582229614,0.009909868240356445,-0.2865743935108185,0.003513336181640625,-0.3214792013168335
0.0,0.0,-0.052944689989089966,-0.033838510513305664,-0.08176267147064209,-0.10111373662948608,-0.05610045790672302,-0.1606946587562561,-0.01874387264251709,-0.1741003394126892,-0.07953590154647827,-0.20552992820739746,-0.08509019017219543,-0.28073355555534363,-0.08340954780578613,-0.32608136534690857,-0.08025851845741272,-0.3683463931083679,-0.04631233215332031,-0.21739956736564636,-0.053998202085494995,-0.30038154125213623,-0.05552062392234802,-0.35081416368484497,-0.05777615308761597,-0.3963523507118225,-0.0133475661277771,-0.21156775951385498,-0.019768595695495605,-0.287920743227005,-0.021273493766784668,-0.3315035104751587,-0.024015724658966064,-0.3704088032245636,0.02241981029510498,-0.19312554597854614,0.014719069004058838,-0.2549240291118622,0.008852541446685791,-0.292490154504776,0.0025243163108825684,-0.3285024166107178
0.0,0.0,-0.053475797176361084,-0.039983272552490234,-0.08065837621688843,-0.10250324010848999,-0.05585625767707825,-0.15884679555892944,-0.01839148998260498,-0.17296981811523438,-0.08187267184257507,-0.2117685079574585,-0.0876828134059906,-0.29209116101264954,-0.0861378014087677,-0.341286838054657,-0.08402663469314575,-0.3874892294406891,-0.04737287759780884,-0.22517603635787964,-0.055761754512786865,-0.3132350444793701,-0.056624412536621094,-0.3652077317237854,-0.06058642268180847,-0.4160693883895874,-0.014015614986419678,-0.21789109706878662,-0.019666612148284912,-0.2974860966205597,-0.021288394927978516,-0.3445204496383667,-0.02484297752380371,-0.3888843059539795,0.02364826202392578,-0.19499343633651733,0.01597040891647339,-0.25987738370895386,0.011210024356842041,-0.29931899905204773,0.004667997360229492,-0.33737969398498535
0.0,0.0,-0.05597507953643799,-0.05308002233505249,-0.08067992329597473,-0.11610746383666992,-0.05252465605735779,-0.1733030080795288,-0.014283835887908936,-0.17890596389770508,-0.07912290096282959,-0.2220478653907776,-0.08500495553016663,-0.3072372376918793,-0.08304882049560547,-0.35632556676864624,-0.08111387491226196,-0.4039600193500519,-0.04312130808830261,-0.2360936403274536,-0.051945000886917114,-0.3308182656764984,-0.051389098167419434,-0.3828427195549011,-0.05665016174316406,-0.4383337199687958,-0.011397004127502441,-0.2272740602493286,-0.014845073223114014,-0.3132506310939789,-0.01603180170059204,-0.36080119013786316,-0.019277632236480713,-0.4070069193840027,0.027987182140350342,-0.1987600326538086,0.02045416831970215,-0.2712700664997101,0.01570272445678711,-0.31336510181427,0.008353173732757568,-0.35234564542770386
0.0,0.0,-0.054190367460250854,-0.047136783599853516,-0.07923555374145508,-0.11449384689331055,-0.050591617822647095,-0.1729009747505188,-0.010967612266540527,-0.17920321226119995,-0.07856065034866333,-0.22446507215499878,-0.08458206057548523,-0.31003856658935547,-0.08299478888511658,-0.3601817190647125,-0.08101782202720642,-0.4083949327468872,-0.04277506470680237,-0.2395026683807373,-0.0518132746219635,-0.3338077664375305,-0.05190199613571167,-0.38747572898864746,-0.056533873081207275,-0.4428709149360657,-0.0102577805519104,-0.23090380430221558,-0.01511240005493164,-0.31776735186576843,-0.01639115810394287,-0.36737918853759766,-0.02004939317703247,-0.41508030891418457,0.02847468852996826,-0.20381349325180054,0.021234989166259766,-0.274971067905426,0.016263604164123535,-0.31754374504089355,0.00845426321029663,-0.35728684067726135
0.0,0.0,-0.05261752009391785,-0.049070775508880615,-0.07727193832397461,-0.11885297298431396,-0.04736897349357605,-0.17319327592849731,-0.006919443607330322,-0.17782258987426758,-0.07569605112075806,-0.22862625122070312,-0.08078575134277344,-0.3098934590816498,-0.07933622598648071,-0.3590545654296875,-0.07710561156272888,-0.40648844838142395,-0.04073500633239746,-0.24143379926681519,-0.048544734716415405,-0.3312242329120636,-0.048992276191711426,-0.38437628746032715,-0.052935391664505005,-0.439248263835907,-0.00826793909072876,-0.23199313879013062,-0.011333167552947998,-0.31507986783981323,-0.012286245822906494,-0.3630860447883606,-0.015822887420654297,-0.4088771641254425,0.028987765312194824,-0.20483636856079102,0.02367234230041504,-0.2727910280227661,0.01937931776046753,-0.31463149189949036,0.012226760387420654,-0.354079008102417
0.0,0.0,-0.05488988757133484,-0.044289350509643555,-0.07942655682563782,-0.11216980218887329,-0.05314761400222778,-0.1681731939315796,-0.016128331422805786,-0.1809525489807129,-0.07738193869590759,-0.21449589729309082,-0.0816003680229187,-0.29320231080055237,-0.07857057452201843,-0.3397047221660614,-0.0744236409664154,-0.38376474380493164,-0.04285317659378052,-0.22765082120895386,-0.049125105142593384,-0.31513136625289917,-0.04792124032974243,-0.3648219704627991,-0.05069407820701599,-0.4159303307533264,-0.011879026889801025,-0.21965807676315308,-0.013315320014953613,-0.29973000288009644,-0.012900590896606445,-0.3453655242919922,-0.014604270458221436,-0.38791537284851074,0.024583041667938232,-0.1964043378829956,0.019576430320739746,-0.26140180230140686,0.01557159423828125,-0.30075734853744507,0.00881272554397583,-0.3386459946632385
0.0,0.0,-0.051685988903045654,-0.04675590991973877,-0.0730060338973999,-0.11473751068115234,-0.04434776306152344,-0.16804146766662598,-0.00699421763420105,-0.16737288236618042,-0.06857544183731079,-0.20551800727844238,-0.07015123963356018,-0.27949637174606323,-0.06645715236663818,-0.32291436195373535,-0.06219369173049927,-0.3649146556854248,-0.03432825207710266,-0.2156185507774353,-0.03801491856575012,-0.2983129322528839,-0.036157816648483276,-0.34624356031417847,-0.038313329219818115,-0.39522433280944824,-0.00368577241897583,-0.2064407467842102,-0.0033773183822631836,-0.28074899315834045,-0.0025368928909301758,-0.32465654611587524,-0.003385186195373535,-0.3646218478679657,0.031152784824371338,-0.18355774879455566,0.027576923370361328,-0.24367153644561768,0.025191187858581543,-0.2806338667869568,0.021276414394378662,-0.3154207766056061
0.0,0.0,-0.051047325134277344,-0.041924238204956055,-0.07217347621917725,-0.1141318678855896,-0.04208362102508545,-0.16611182689666748,-0.004246354103088379,-0.16731637716293335,-0.06775560975074768,-0.2032526135444641,-0.06951579451560974,-0.27687782049179077,-0.06604078412055969,-0.32221511006355286,-0.06139835715293884,-0.364279568195343,-0.03399387001991272,-0.21313214302062988,-0.03740447759628296,-0.2952335476875305,-0.03581017255783081,-0.3454967737197876,-0.03651764988899231,-0.3940710127353668,-0.0026034414768218994,-0.20448929071426392,-0.0028825700283050537,-0.27779048681259155,-0.001981884241104126,-0.3234039545059204,-0.0022065341472625732,-0.3646424114704132,0.03152766823768616,-0.18317359685897827,0.028654783964157104,-0.2416934370994568,0.02634778618812561,-0.27882856130599976,0.023431092500686646,-0.314525842666626
0.0,0.0,-0.05116960406303406,-0.04834967851638794,-0.07434070110321045,-0.11724644899368286,-0.045706719160079956,-0.16874593496322632,-0.007117569446563721,-0.16790789365768433,-0.07104432582855225,-0.21610379219055176,-0.07282626628875732,-0.29132959246635437,-0.06937715411186218,-0.33768582344055176,-0.06542739272117615,-0.38228073716163635,-0.03732374310493469,-0.22547411918640137,-0.041318655014038086,-0.3089235723018646,-0.039686888456344604,-0.3593395948410034,-0.04147231578826904,-0.4114046096801758,-0.006930917501449585,-0.2144508957862854,-0.006835907697677612,-0.28975123167037964,-0.005955994129180908,-0.3357812464237213,-0.006058782339096069,-0.37765705585479736,0.027786165475845337,-0.18817245960235596,0.02520480751991272,-0.2501159906387329,0.023538798093795776,-0.2894458770751953,0.020953625440597534,-0.3264099061489105
0.0,0.0,-0.049195170402526855,-0.045430898666381836,-0.07065492868423462,-0.11654311418533325,-0.040156006813049316,-0.16697824001312256,-0.001976311206817627,-0.16684341430664062,-0.06959149241447449,-0.20984721183776855,-0.07214221358299255,-0.28438520431518555,-0.06952527165412903,-0.32994794845581055,-0.06588232517242432,-0.3732553720474243,-0.03570759296417236,-0.2195819616317749,-0.04032960534095764,-0.30149340629577637,-0.03958055377006531,-0.35201993584632874,-0.041828304529190063,-0.4022338092327118,-0.00406801700592041,-0.21006101369857788,-0.00501096248626709,-0.28403913974761963,-0.004857838153839111,-0.32977133989334106,-0.006771981716156006,-0.3719891309738159,0.0303458571434021,-0.18653452396392822,0.02665477991104126,-0.24629783630371094,0.023707687854766846,-0.2844659686088562,0.019358575344085693,-0.32088762521743774
0.0,0.0,-0.050073713064193726,-0.04756134748458862,-0.07129192352294922,-0.11419600248336792,-0.044472962617874146,-0.16720551252365112,-0.008298933506011963,-0.1721082329750061,-0.06969544291496277,-0.2064017653465271,-0.07290792465209961,-0.2832367718219757,-0.0700865089893341,-0.32908618450164795,-0.06616997718811035,-0.3723195791244507,-0.03626894950866699,-0.21759146451950073,-0.04172837734222412,-0.3031482994556427,-0.03994151949882507,-0.3519393801689148,-0.042453765869140625,-0.40235650539398193,-0.006498754024505615,-0.2084941864013672,-0.007966578006744385,-0.28604158759117126,-0.007993340492248535,-0.3316448926925659,-0.009708791971206665,-0.3743952512741089,0.02895110845565796,-0.18401122093200684,0.024393081665039062,-0.24727153778076172,0.021200597286224365,-0.2865127921104431,0.01602405309677124,-0.3237490653991699
0.0,0.0,-0.04808831214904785,-0.040222883224487305,-0.07157009840011597,-0.10787451267242432,-0.04389199614524841,-0.16057521104812622,-0.005189001560211182,-0.1649489402770996,-0.07149863243103027,-0.20670068264007568,-0.0741744339466095,-0.2802114486694336,-0.07189732789993286,-0.3237951397895813,-0.06855404376983643,-0.36575156450271606,-0.03822195529937744,-0.2164602279663086,-0.04289114475250244,-0.2971985340118408,-0.042566895484924316,-0.3460214138031006,-0.04516398906707764,-0.39475446939468384,-0.006425678730010986,-0.20733237266540527,-0.007498323917388916,-0.2808308005332947,-0.007627665996551514,-0.3248893916606903,-0.010490059852600098,-0.3660026490688324,0.027530312538146973,-0.18437409400939941,0.023459434509277344,-0.24307125806808472,0.019580960273742676,-0.28035637736320496,0.01418161392211914,-0.3162931799888611
0.0,0.0,-0.048179030418395996,-0.03918403387069702,-0.0706489086151123,-0.10933828353881836,-0.04196274280548096,-0.1621856689453125,-0.0048615336418151855,-0.16571521759033203,-0.0704522430896759,-0.20277106761932373,-0.07289108633995056,-0.2760094702243805,-0.07059082388877869,-0.3212096691131592,-0.0674268901348114,-0.3634898066520691,-0.03691929578781128,-0.21313390135765076,-0.04186272621154785,-0.2944236099720001,-0.04180589318275452,-0.3443301320075989,-0.044441670179367065,-0.3931831121444702,-0.005281627178192139,-0.204681396484375,-0.007059931755065918,-0.2785821259021759,-0.006962001323699951,-0.3237943947315216,-0.008693575859069824,-0.36533141136169434,0.02859252691268921,-0.18278366327285767,0.023953139781951904,-0.24196025729179382,0.02035623788833618,-0.2795886993408203,0.015651345252990723,-0.31565266847610474
0.0,0.0,-0.047361552715301514,-0.037654995918273926,-0.0708780288696289,-0.10899746417999268,-0.041866153478622437,-0.16061323881149292,-0.004611790180206299,-0.16450965404510498,-0.071927011013031,-0.2059175968170166,-0.07526525855064392,-0.28045326471328735,-0.07329663634300232,-0.32643717527389526,-0.07020202279090881,-0.3698934018611908,-0.038657814264297485,-0.21623623371124268,-0.0443061888217926,-0.2981322705745697,-0.04443317651748657,-0.3495556712150574,-0.04633224010467529,-0.39949488639831543,-0.006134450435638428,-0.20737183094024658,-0.008951723575592041,-0.28222063183784485,-0.009279191493988037,-0.3286008834838867,-0.011699438095092773,-0.3723057508468628,0.02764827013015747,-0.18499141931533813,0.023075461387634277,-0.243404358625412,0.01885080337524414,-0.28162330389022827,0.013698279857635498,-0.31895196437835693
0.0,0.0,-0.048397958278656006,-0.037362635135650635,-0.072548508644104,-0.10608094930648804,-0.04371050000190735,-0.15849488973617554,-0.005707085132598877,-0.16242432594299316,-0.07323706150054932,-0.2040499448776245,-0.07658225297927856,-0.27838802337646484,-0.07468512654304504,-0.32412800192832947,-0.07179960608482361,-0.3672618269920349,-0.03956863284111023,-0.2146104872226715,-0.045346617698669434,-0.2964639663696289,-0.04575029015541077,-0.34708356857299805,-0.048528850078582764,-0.396618127822876,-0.00746464729309082,-0.20606887340545654,-0.009451210498809814,-0.2803877592086792,-0.009716928005218506,-0.32594239711761475,-0.012031793594360352,-0.3682476282119751,0.026535987854003906,-0.18360376358032227,0.022059857845306396,-0.24206078052520752,0.017979741096496582,-0.27950337529182434,0.012648582458496094,-0.3156648278236389
0.0,0.0,-0.04863515496253967,-0.04045754671096802,-0.07089865207672119,-0.11056578159332275,-0.04144763946533203,-0.1643858551979065,-0.003766953945159912,-0.1695157289505005,-0.07195883989334106,-0.20728445053100586,-0.07617071270942688,-0.28264594078063965,-0.07378113269805908,-0.3280335068702698,-0.06996172666549683,-0.3705921769142151,-0.03817570209503174,-0.21822255849838257,-0.0443454384803772,-0.30095064640045166,-0.04367366433143616,-0.3510405123233795,-0.0460284948348999,-0.4013534486293793,-0.006509006023406982,-0.20924091339111328,-0.00913912057876587,-0.28444167971611023,-0.009155452251434326,-0.33028239011764526,-0.010864436626434326,-0.37317195534706116,0.028679370880126953,-0.1863170862197876,0.023425936698913574,-0.24675676226615906,0.01897144317626953,-0.2853817641735077,0.013280332088470459,-0.3231807053089142
0.0,0.0,-0.04949495196342468,-0.03793692588806152,-0.07431149482727051,-0.10676062107086182,-0.046303242444992065,-0.16041207313537598,-0.008478820323944092,-0.165008544921875,-0.07713225483894348,-0.20155775547027588,-0.08181703090667725,-0.2772979736328125,-0.08045101165771484,-0.3237866759300232,-0.07772409915924072,-0.3676508665084839,-0.04272770881652832,-0.21359455585479736,-0.04985034465789795,-0.2967790961265564,-0.05075138807296753,-0.34845924377441406,-0.05412012338638306,-0.3988575339317322,-0.009856939315795898,-0.20625752210617065,-0.012912869453430176,-0.2816320061683655,-0.014223456382751465,-0.32792994379997253,-0.017694860696792603,-0.3711646795272827,0.024712800979614258,-0.1851024627685547,0.01902371644973755,-0.24429869651794434,0.014051854610443115,-0.2828379273414612,0.007911622524261475,-0.3196595311164856
0.0,0.0,-0.049322307109832764,-0.035595059394836426,-0.07523661851882935,-0.1012985110282898,-0.04727354645729065,-0.15430259704589844,-0.008711695671081543,-0.16201943159103394,-0.07640701532363892,-0.20096486806869507,-0.08100557327270508,-0.27597448229789734,-0.07923665642738342,-0.32114118337631226,-0.07592225074768066,-0.3630276322364807,-0.0425201952457428,-0.21274816989898682,-0.04952806234359741,-0.2943897843360901,-0.05025169253349304,-0.3443495035171509,-0.05327203869819641,-0.39262276887893677,-0.010327041149139404,-0.20521515607833862,-0.013843238353729248,-0.2793521583080292,-0.015008389949798584,-0.3251670002937317,-0.01813003420829773,-0.3680011034011841,0.024452686309814453,-0.18344944715499878,0.01855546236038208,-0.24320703744888306,0.013526976108551025,-0.28094369173049927,0.007021188735961914,-0.31744182109832764
0.0,0.0,-0.04975351691246033,-0.03634810447692871,-0.07508894801139832,-0.10551857948303223,-0.04768127202987671,-0.157981276512146,-0.010572850704193115,-0.1626031994819641,-0.07816630601882935,-0.19892215728759766,-0.08352714776992798,-0.27270781993865967,-0.08307844400405884,-0.3183259963989258,-0.08142587542533875,-0.3613041639328003,-0.04455110430717468,-0.21158719062805176,-0.05200114846229553,-0.29309916496276855,-0.053819090127944946,-0.34439656138420105,-0.057854533195495605,-0.3940541744232178,-0.011462956666946411,-0.20499873161315918,-0.015689849853515625,-0.2788575291633606,-0.01760736107826233,-0.3244844973087311,-0.021699100732803345,-0.36738866567611694,0.023270130157470703,-0.18502140045166016,0.017194926738739014,-0.2426820695400238,0.011747896671295166,-0.28002360463142395,0.005295932292938232,-0.31659141182899475
0.0,0.0,-0.04986906051635742,-0.03708326816558838,-0.07590553164482117,-0.10427069664001465,-0.04965886473655701,-0.15722352266311646,-0.013576120138168335,-0.16892486810684204,-0.07723546028137207,-0.20116102695465088,-0.08331966400146484,-0.2771488428115845,-0.08257490396499634,-0.32420653104782104,-0.08049285411834717,-0.36797958612442017,-0.04353335499763489,-0.21454626321792603,-0.05107766389846802,-0.2981875538825989,-0.05250120162963867,-0.34990379214286804,-0.05619049072265625,-0.4004282057285309,-0.011049002408981323,-0.20816665887832642,-0.015358686447143555,-0.2846510410308838,-0.016803890466690063,-0.33126235008239746,-0.01995950937271118,-0.37499821186065674,0.02403116226196289,-0.18753176927566528,0.01780802011489868,-0.24816206097602844,0.012490630149841309,-0.28689122200012207,0.005764901638031006,-0.3244308531284332
0.0,0.0,-0.05246046185493469,-0.04199427366256714,-0.07605019211769104,-0.10854732990264893,-0.049282342195510864,-0.163321852684021,-0.01381826400756836,-0.1712060570716858,-0.07967498898506165,-0.2012401819229126,-0.08555048704147339,-0.27952584624290466,-0.08465459942817688,-0.3264389634132385,-0.08276626467704773,-0.37038129568099976,-0.04526522755622864,-0.215162456035614,-0.053586214780807495,-0.30194443464279175,-0.05426308512687683,-0.35264796018600464,-0.05922761559486389,-0.4041551947593689,-0.013821303844451904,-0.2080480456352234,-0.01793128252029419,-0.2868693470954895,-0.019504845142364502,-0.3327861428260803,-0.022842884063720703,-0.3761135935783386,0.022627949714660645,-0.1860034465789795,0.01579803228378296,-0.2482997477054596,0.010696649551391602,-0.28729021549224854,0.0036869049072265625,-0.32485830783843994
0.0,0.0,-0.0505431592464447,-0.040203750133514404,-0.07454830408096313,-0.1092371940612793,-0.04700741171836853,-0.162339448928833,-0.010633111000061035,-0.16761380434036255,-0.07785356044769287,-0.20347321033477783,-0.08307862281799316,-0.27988898754119873,-0.08232313394546509,-0.3265445828437805,-0.08062580227851868,-0.3703879117965698,-0.04389515519142151,-0.21604400873184204,-0.05163240432739258,-0.30026891827583313,-0.05275678634643555,-0.35140669345855713,-0.057205528020858765,-0.402452290058136,-0.01185142993927002,-0.2085466980934143,-0.01599380373954773,-0.285012811422348,-0.017494767904281616,-0.3312212824821472,-0.020723164081573486,-0.37464261054992676,0.02371060848236084,-0.18680179119110107,0.017305731773376465,-0.2475992739200592,0.01265561580657959,-0.28643736243247986,0.006587028503417969,-0.3239665627479553
0.0,0.0,-0.049008339643478394,-0.036510586738586426,-0.07570764422416687,-0.10602074861526489,-0.04765745997428894,-0.15809917449951172,-0.00876966118812561,-0.16232556104660034,-0.07717376947402954,-0.20181256532669067,-0.08332863450050354,-0.2783277630805969,-0.08319202065467834,-0.32520246505737305,-0.08150908350944519,-0.36935847997665405,-0.043550729751586914,-0.21400874853134155,-0.05110296607017517,-0.2965690493583679,-0.05233323574066162,-0.34909069538116455,-0.05503034591674805,-0.39940375089645386,-0.010715752840042114,-0.20678240060806274,-0.014932990074157715,-0.281852662563324,-0.016184568405151367,-0.3289288282394409,-0.01936480402946472,-0.3726663887500763,0.02346181869506836,-0.1856631636619568,0.01807856559753418,-0.244653582572937,0.013102114200592041,-0.2834490239620209,0.007252395153045654,-0.3205438256263733
0.0,0.0,-0.05031770467758179,-0.036967933177948,-0.07641807198524475,-0.1013098955154419,-0.04828360676765442,-0.15615886449813843,-0.009994089603424072,-0.16590183973312378,-0.07871642708778381,-0.20258677005767822,-0.08587414026260376,-0.28295761346817017,-0.08652421832084656,-0.3302822709083557,-0.08540377020835876,-0.3741344213485718,-0.04366499185562134,-0.21607083082199097,-0.05224621295928955,-0.30272912979125977,-0.054197460412979126,-0.35555583238601685,-0.057998985052108765,-0.405312716960907,-0.010604500770568848,-0.2091599702835083,-0.013144969940185547,-0.28623515367507935,-0.012992918491363525,-0.33308473229408264,-0.015207648277282715,-0.3768571615219116,0.024359583854675293,-0.18763530254364014,0.01957625150680542,-0.24929329752922058,0.016359269618988037,-0.2882201075553894,0.011807441711425781,-0.32500648498535156
0.0,0.0,-0.051675617694854736,-0.049063146114349365,-0.07502910494804382,-0.11317682266235352,-0.04776650667190552,-0.16582387685775757,-0.010516166687011719,-0.17306512594223022,-0.07515397667884827,-0.21308660507202148,-0.08081266283988953,-0.2931949496269226,-0.0791701078414917,-0.34041619300842285,-0.07669326663017273,-0.3852502703666687,-0.04054820537567139,-0.2240140438079834,-0.048603981733322144,-0.31169524788856506,-0.04794791340827942,-0.3610624372959137,-0.0518110990524292,-0.41252171993255615,-0.009823054075241089,-0.2138962745666504,-0.01426684856414795,-0.29324644804000854,-0.01562926173210144,-0.33937934041023254,-0.018654674291610718,-0.38426655530929565,0.027480721473693848,-0.18774759769439697,0.020386993885040283,-0.253635972738266,0.01602989435195923,-0.2936819791793823,0.009219348430633545,-0.3313225507736206
0.0,0.0,-0.0505489706993103,-0.046797990798950195,-0.07420322299003601,-0.11120814085006714,-0.046551287174224854,-0.16254305839538574,-0.009123235940933228,-0.16981887817382812,-0.07414388656616211,-0.2150377631187439,-0.07852724194526672,-0.29314643144607544,-0.07667678594589233,-0.3393510580062866,-0.07362836599349976,-0.38397490978240967,-0.04015955328941345,-0.22523903846740723,-0.04693165421485901,-0.3094733953475952,-0.046147942543029785,-0.35902297496795654,-0.048491060733795166,-0.41028326749801636,-0.008274465799331665,-0.21499115228652954,-0.01159849762916565,-0.2925510108470917,-0.012214094400405884,-0.3383297324180603,-0.015300214290618896,-0.382968008518219,0.02774864435195923,-0.18859726190567017,0.021250009536743164,-0.2522345185279846,0.01679939031600952,-0.29203689098358154,0.010093212127685547,-0.3305627107620239
0.0,0.0,-0.05206936597824097,-0.050096333026885986,-0.07652297616004944,-0.1114007830619812,-0.05034935474395752,-0.16528987884521484,-0.012813925743103027,-0.17006254196166992,-0.07538193464279175,-0.2141212821006775,-0.08018916845321655,-0.29545527696609497,-0.07799294590950012,-0.34282371401786804,-0.07535344362258911,-0.38869142532348633,-0.04109346866607666,-0.22492367029190063,-0.048792630434036255,-0.31352144479751587,-0.04731541872024536,-0.36271846294403076,-0.050863027572631836,-0.4156920909881592,-0.010843634605407715,-0.21421772241592407,-0.014580011367797852,-0.295180082321167,-0.015386462211608887,-0.34164100885391235,-0.017978578805923462,-0.38683539628982544,0.02696746587753296,-0.185815691947937,0.01991933584213257,-0.2537763714790344,0.015899837017059326,-0.2947636842727661,0.009588181972503662,-0.3330978751182556
0.0,0.0,-0.05171889066696167,-0.05000293254852295,-0.07636377215385437,-0.11635583639144897,-0.04971820116043091,-0.17134219408035278,-0.011486202478408813,-0.17570024728775024,-0.07409331202507019,-0.21917825937271118,-0.07829481363296509,-0.2995005249977112,-0.07532426714897156,-0.3466409146785736,-0.07165256142616272,-0.39255306124687195,-0.0395331084728241,-0.22956246137619019,-0.0464441180229187,-0.316501647233963,-0.044312506914138794,-0.3660947382450104,-0.04655870795249939,-0.4190126359462738,-0.008569896221160889,-0.21879446506500244,-0.01182699203491211,-0.29869452118873596,-0.012063413858413696,-0.34552305936813354,-0.01435244083404541,-0.3904731273651123,0.028440475463867188,-0.19138532876968384,0.02168118953704834,-0.2577717900276184,0.01747894287109375,-0.2984338402748108,0.01086801290512085,-0.33703041076660156
0.0,0.0,-0.052017778158187866,-0.05199539661407471,-0.07279571890830994,-0.12252569198608398,-0.045624881982803345,-0.17752361297607422,-0.011345356702804565,-0.18012303113937378,-0.07211616635322571,-0.22310954332351685,-0.07545807957649231,-0.30017057061195374,-0.07208642363548279,-0.34555137157440186,-0.06792712211608887,-0.3907308578491211,-0.0380668044090271,-0.23276615142822266,-0.04364234209060669,-0.31770604848861694,-0.040730416774749756,-0.3662782609462738,-0.042659908533096313,-0.41971904039382935,-0.007524996995925903,-0.2213311791419983,-0.009099423885345459,-0.2995036244392395,-0.009093642234802246,-0.34549492597579956,-0.010729998350143433,-0.38913199305534363,0.028955012559890747,-0.19480103254318237,0.023923546075820923,-0.2588300406932831,0.02024504542350769,-0.29868918657302856,0.014757782220840454,-0.3383643925189972
0.0,0.0,-0.05295133590698242,-0.056085288524627686,-0.07531458139419556,-0.12156158685684204,-0.04526957869529724,-0.1774846911430359,-0.005317389965057373,-0.17927706241607666,-0.0691775381565094,-0.22306209802627563,-0.07160469889640808,-0.30488765239715576,-0.06728652119636536,-0.3522849977016449,-0.0633503794670105,-0.3990404009819031,-0.03494730591773987,-0.23304182291030884,-0.03979775309562683,-0.32310399413108826,-0.03585737943649292,-0.37270036339759827,-0.03811022639274597,-0.428026020526886,-0.005414396524429321,-0.22034883499145508,-0.006587773561477661,-0.3022036552429199,-0.0056581199169158936,-0.34939026832580566,-0.006305187940597534,-0.39518386125564575,0.03153076767921448,-0.18920773267745972,0.027058273553848267,-0.259164959192276,0.02422472834587097,-0.30050432682037354,0.01918277144432068,-0.3392080068588257
0.0,0.0,-0.05267596244812012,-0.05750316381454468,-0.07550948858261108,-0.11872714757919312,-0.044978320598602295,-0.17407214641571045,-0.005643904209136963,-0.17696070671081543,-0.06933453679084778,-0.22262126207351685,-0.07252413034439087,-0.3052547574043274,-0.06889998912811279,-0.3527495265007019,-0.06539642810821533,-0.39913028478622437,-0.035114824771881104,-0.23172879219055176,-0.04095330834388733,-0.3222326636314392,-0.03757387399673462,-0.37105172872543335,-0.040630072355270386,-0.426020085811615,-0.005689442157745361,-0.21849077939987183,-0.006895005702972412,-0.29928770661354065,-0.006488591432571411,-0.3464973568916321,-0.007728159427642822,-0.3932371735572815,0.03139549493789673,-0.18615823984146118,0.026793599128723145,-0.25659069418907166,0.02377772331237793,-0.2982109785079956,0.019014626741409302,-0.3375290036201477
0.0,0.0,-0.05159527063369751,-0.05728709697723389,-0.07446032762527466,-0.1235080361366272,-0.04406431317329407,-0.1795240044593811,-0.0038649141788482666,-0.1815265417098999,-0.06756648421287537,-0.23232758045196533,-0.06983432173728943,-0.3136533498764038,-0.06548526883125305,-0.3608931601047516,-0.061678916215896606,-0.40763404965400696,-0.03243541717529297,-0.24145865440368652,-0.0378953218460083,-0.33159884810447693,-0.034219324588775635,-0.3797551095485687,-0.036942243576049805,-0.4355480670928955,-0.002800494432449341,-0.2277628779411316,-0.003370314836502075,-0.3099142014980316,-0.0030422210693359375,-0.356680303812027,-0.0045226216316223145,-0.40256524085998535,0.03440335392951965,-0.19503378868103027,0.030748873949050903,-0.26532697677612305,0.027577310800552368,-0.30661505460739136,0.022244125604629517,-0.3455730378627777
0.0,0.0,-0.051173120737075806,-0.05604439973831177,-0.0733993649482727,-0.12086755037307739,-0.043658554553985596,-0.1775226593017578,-0.0043936967849731445,-0.1781313419342041,-0.06553906202316284,-0.22911548614501953,-0.06776663661003113,-0.3129138648509979,-0.06379044055938721,-0.3604040741920471,-0.06080120801925659,-0.40733733773231506,-0.030820012092590332,-0.23846662044525146,-0.035700589418411255,-0.33147284388542175,-0.031697988510131836,-0.3804696202278137,-0.03488516807556152,-0.4357774555683136,-0.0015066862106323242,-0.224553644657135,-0.0018993616104125977,-0.3088511526584625,-0.001177668571472168,-0.3565322756767273,-0.00260201096534729,-0.4036021828651428,0.03501373529434204,-0.19074779748916626,0.03157168626785278,-0.2628783583641052,0.028938114643096924,-0.30469876527786255,0.02400869131088257,-0.3436976671218872
0.0,0.0,-0.0526198148727417,-0.06102895736694336,-0.07344582676887512,-0.12802422046661377,-0.04288536310195923,-0.1852995753288269,-0.004449635744094849,-0.18859094381332397,-0.06548571586608887,-0.23198789358139038,-0.06810879707336426,-0.31353896856307983,-0.06327745318412781,-0.35966426134109497,-0.059021204710006714,-0.40586569905281067,-0.03140324354171753,-0.2408144474029541,-0.03601372241973877,-0.33132559061050415,-0.03149875998497009,-0.37854593992233276,-0.03374531865119934,-0.4330110251903534,-0.002519160509109497,-0.2271440029144287,-0.002455800771713257,-0.30920666456222534,-0.001323312520980835,-0.35593485832214355,-0.0025611817836761475,-0.4015413522720337,0.03376331925392151,-0.19477856159210205,0.031926125288009644,-0.264745831489563,0.029239803552627563,-0.3057633638381958,0.02408263087272644,-0.34451261162757874
0.0,0.0,-0.05307960510253906,-0.06031978130340576,-0.07492655515670776,-0.12551194429397583,-0.04424971342086792,-0.18288582563400269,-0.004953742027282715,-0.1817784309387207,-0.06713530421257019,-0.23112744092941284,-0.06998831033706665,-0.3126606345176697,-0.06583797931671143,-0.35942190885543823,-0.06297722458839417,-0.4059317708015442,-0.03414604067802429,-0.24026548862457275,-0.0387665331363678,-0.3308251202106476,-0.03479266166687012,-0.3788834810256958,-0.03807094693183899,-0.4337685704231262,-0.005333542823791504,-0.2266342043876648,-0.0061363279819488525,-0.30843353271484375,-0.005442976951599121,-0.35583484172821045,-0.007081270217895508,-0.4019748866558075,0.030991673469543457,-0.19397282600402832,0.028171837329864502,-0.2651696801185608,0.025294005870819092,-0.306899756193161,0.0208437442779541,-0.34567922353744507
0.0,0.0,-0.05535668134689331,-0.059964120388031006,-0.07815709710121155,-0.12628501653671265,-0.047157078981399536,-0.18685084581375122,-0.007850706577301025,-0.19190049171447754,-0.0677843987941742,-0.23556232452392578,-0.070587158203125,-0.31663018465042114,-0.06558921933174133,-0.3631640076637268,-0.0616145133972168,-0.409523606300354,-0.03423324227333069,-0.244021475315094,-0.03878793120384216,-0.3355270028114319,-0.03430408239364624,-0.38270246982574463,-0.0367809534072876,-0.4372686445713043,-0.005292773246765137,-0.2300260066986084,-0.006043076515197754,-0.3128419816493988,-0.0053424835205078125,-0.35962942242622375,-0.006853044033050537,-0.4050849676132202,0.03204840421676636,-0.19719254970550537,0.02957320213317871,-0.2681315541267395,0.026587486267089844,-0.30907338857650757,0.021424174308776855,-0.34781894087791443
0.0,0.0,-0.05589500069618225,-0.06244570016860962,-0.07670131325721741,-0.12586885690689087,-0.04715663194656372,-0.1838734745979309,-0.010703802108764648,-0.1902434229850769,-0.06966596841812134,-0.22914612293243408,-0.07372134923934937,-0.3116692006587982,-0.06985846161842346,-0.35801661014556885,-0.06650787591934204,-0.40452444553375244,-0.03651285171508789,-0.23793739080429077,-0.042031168937683105,-0.3300357460975647,-0.03783091902732849,-0.3779290020465851,-0.04094448685646057,-0.43312638998031616,-0.006754577159881592,-0.22488170862197876,-0.008799731731414795,-0.30765584111213684,-0.008177518844604492,-0.35502055287361145,-0.009635388851165771,-0.4018125534057617,0.030815958976745605,-0.19304686784744263,0.027255892753601074,-0.264309823513031,0.023623526096343994,-0.30532306432724,0.018485426902770996,-0.3443003296852112
0.0,0.0,-0.05519622564315796,-0.062279582023620605,-0.07572591304779053,-0.12600266933441162,-0.045840829610824585,-0.18383127450942993,-0.010514885187149048,-0.18863874673843384,-0.07022219896316528,-0.23061639070510864,-0.07361280918121338,-0.3123632073402405,-0.06915277242660522,-0.35830801725387573,-0.06566986441612244,-0.40483468770980835,-0.036075085401535034,-0.2389807105064392,-0.04185456037521362,-0.32979559898376465,-0.037415504455566406,-0.3770676851272583,-0.040628582239151,-0.4325755834579468,-0.00616145133972168,-0.22517186403274536,-0.008514821529388428,-0.3079676628112793,-0.00798255205154419,-0.35467296838760376,-0.009521782398223877,-0.4004822075366974,0.031089603900909424,-0.19333434104919434,0.026687443256378174,-0.2635761499404907,0.022766292095184326,-0.30459943413734436,0.017184674739837646,-0.344231516122818
0.0,0.0,-0.054980963468551636,-0.05964863300323486,-0.07589524984359741,-0.1216924786567688,-0.04853811860084534,-0.18096941709518433,-0.012623995542526245,-0.1880127191543579,-0.07067328691482544,-0.2243991494178772,-0.07520389556884766,-0.30653077363967896,-0.0718507468700409,-0.35260945558547974,-0.06906911730766296,-0.3988380432128906,-0.03744581341743469,-0.23493456840515137,-0.043792128562927246,-0.3260692358016968,-0.03997272253036499,-0.3727840781211853,-0.04435601830482483,-0.4278540015220642,-0.008098691701889038,-0.22308683395385742,-0.010258466005325317,-0.3047611713409424,-0.009724289178848267,-0.3511890172958374,-0.011464446783065796,-0.3967978358268738,0.02874135971069336,-0.19248324632644653,0.02446746826171875,-0.26282304525375366,0.020980358123779297,-0.30365341901779175,0.015908658504486084,-0.3428776264190674
0.0,0.0,-0.055092692375183105,-0.059168457984924316,-0.07564875483512878,-0.12133139371871948,-0.04771226644515991,-0.17865264415740967,-0.012171804904937744,-0.18619126081466675,-0.07004302740097046,-0.2223019003868103,-0.07427892088890076,-0.30428314208984375,-0.07104805111885071,-0.35029906034469604,-0.06850245594978333,-0.3971330523490906,-0.03665274381637573,-0.23193871974945068,-0.042949676513671875,-0.3225800395011902,-0.03916078805923462,-0.36984193325042725,-0.04309487342834473,-0.4254823625087738,-0.007230520248413086,-0.2196938395500183,-0.009452342987060547,-0.30132973194122314,-0.009310543537139893,-0.34849977493286133,-0.011622905731201172,-0.394691526889801,0.029545605182647705,-0.1893007755279541,0.02500903606414795,-0.2593989372253418,0.021308600902557373,-0.30072635412216187,0.015602946281433105,-0.34054267406463623
0.0,0.0,-0.05414766073226929,-0.05707746744155884,-0.07718822360038757,-0.1203203797340393,-0.04839116334915161,-0.18004721403121948,-0.009873420000076294,-0.18182361125946045,-0.07244476675987244,-0.22469186782836914,-0.07679101824760437,-0.30821722745895386,-0.0732460618019104,-0.35559871792793274,-0.07053562998771667,-0.40310055017471313,-0.038489580154418945,-0.23479002714157104,-0.045660048723220825,-0.3268938660621643,-0.041725486516952515,-0.3757854700088501,-0.045349061489105225,-0.4316976070404053,-0.008627384901046753,-0.2219991683959961,-0.011340051889419556,-0.3048962652683258,-0.010941565036773682,-0.35320550203323364,-0.012839555740356445,-0.4002847671508789,0.02874600887298584,-0.19038838148117065,0.023959457874298096,-0.2617095708847046,0.020055115222930908,-0.30370795726776123,0.014500916004180908,-0.3428494334220886
0.0,0.0,-0.05437704920768738,-0.059339821338653564,-0.07755789160728455,-0.12062889337539673,-0.04959622025489807,-0.17872083187103271,-0.011076420545578003,-0.18008899688720703,-0.0700826644897461,-0.22870522737503052,-0.07480007410049438,-0.3118545413017273,-0.07162916660308838,-0.35896921157836914,-0.06926706433296204,-0.40592271089553833,-0.03697192668914795,-0.23798030614852905,-0.043946802616119385,-0.3302344083786011,-0.04017871618270874,-0.37804627418518066,-0.044306665658950806,-0.43348246812820435,-0.00807681679725647,-0.22439271211624146,-0.010261774063110352,-0.3073854446411133,-0.009560853242874146,-0.3547063171863556,-0.011324942111968994,-0.4019891023635864,0.02905374765396118,-0.19065368175506592,0.02487713098526001,-0.26335394382476807,0.021288156509399414,-0.3049658536911011,0.01631826162338257,-0.3435836732387543
0.0,0.0,-0.05435118079185486,-0.05887502431869507,-0.07820463180541992,-0.1199766993522644,-0.04940876364707947,-0.17997342348098755,-0.009579777717590332,-0.18534541130065918,-0.06929153203964233,-0.23030972480773926,-0.07363218069076538,-0.3126174211502075,-0.07001897692680359,-0.35972970724105835,-0.06744116544723511,-0.4077257215976715,-0.03596299886703491,-0.2396533489227295,-0.04276898503303528,-0.331742525100708,-0.03895065188407898,-0.37953418493270874,-0.04312637448310852,-0.4364747703075409,-0.0065798163414001465,-0.2259998321533203,-0.009118586778640747,-0.3093092143535614,-0.008768796920776367,-0.3568258285522461,-0.010778248310089111,-0.4038597047328949,0.031154215335845947,-0.19289839267730713,0.026587069034576416,-0.26525139808654785,0.022674500942230225,-0.3067101538181305,0.016970515251159668,-0.3462909162044525
0.0,0.0,-0.0549311637878418,-0.05871206521987915,-0.07781669497489929,-0.12067306041717529,-0.04832574725151062,-0.1787651777267456,-0.009683370590209961,-0.18277102708816528,-0.07073700428009033,-0.22804313898086548,-0.07428038120269775,-0.3105938732624054,-0.0705794095993042,-0.35730671882629395,-0.06794589757919312,-0.4045959711074829,-0.036845773458480835,-0.23733091354370117,-0.04302498698234558,-0.32923585176467896,-0.039101243019104004,-0.3773829936981201,-0.04281005263328552,-0.4337175488471985,-0.007530003786087036,-0.22363430261611938,-0.009110897779464722,-0.3068898022174835,-0.008283823728561401,-0.354422926902771,-0.009747296571731567,-0.40162646770477295,0.029549121856689453,-0.190657377243042,0.02539759874343872,-0.26277679204940796,0.02205836772918701,-0.3047286868095398,0.01683950424194336,-0.34440717101097107
0.0,0.0,-0.054253578186035156,-0.05702519416809082,-0.07778611779212952,-0.1180693507194519,-0.04906293749809265,-0.17778265476226807,-0.00995028018951416,-0.18466711044311523,-0.07081082463264465,-0.22776281833648682,-0.07484397292137146,-0.31251585483551025,-0.07087212800979614,-0.3604573905467987,-0.06736427545547485,-0.40849626064300537,-0.03701883554458618,-0.23797285556793213,-0.04370853304862976,-0.3314371407032013,-0.03945624828338623,-0.38031256198883057,-0.04276871681213379,-0.43643099069595337,-0.007800281047821045,-0.22466272115707397,-0.009669244289398193,-0.3088231086730957,-0.008719772100448608,-0.3563295006752014,-0.009967893362045288,-0.40427514910697937,0.02989906072616577,-0.19063687324523926,0.025394439697265625,-0.2636529803276062,0.021959900856018066,-0.30494576692581177,0.016532063484191895,-0.3445977568626404
0.0,0.0,-0.05400386452674866,-0.056893110275268555,-0.07750722765922546,-0.11777925491333008,-0.04811689257621765,-0.177656352519989,-0.008561521768569946,-0.1819685697555542,-0.069650799036026,-0.227713942527771,-0.07360216975212097,-0.3123377859592438,-0.06997513771057129,-0.3602138161659241,-0.06708931922912598,-0.40807071328163147,-0.035479962825775146,-0.238552987575531,-0.04222702980041504,-0.3323000967502594,-0.03812497854232788,-0.38087910413742065,-0.04186239838600159,-0.4367883801460266,-0.006541997194290161,-0.2254098653793335,-0.008156567811965942,-0.31012511253356934,-0.007493376731872559,-0.3576081693172455,-0.009305506944656372,-0.4051171839237213,0.030883848667144775,-0.1911032795906067,0.026813387870788574,-0.26412123441696167,0.023383021354675293,-0.30542224645614624,0.017928898334503174,-0.34435275197029114
0.0,0.0,-0.05528843402862549,-0.05813765525817871,-0.07851457595825195,-0.1216423511505127,-0.04862883687019348,-0.1814807653427124,-0.009063631296157837,-0.18679410219192505,-0.06995922327041626,-0.22724872827529907,-0.07391661405563354,-0.3112305700778961,-0.07082337141036987,-0.3588654398918152,-0.06846192479133606,-0.40615805983543396,-0.036375343799591064,-0.23806548118591309,-0.04246726632118225,-0.3314584493637085,-0.03909057378768921,-0.38012081384658813,-0.04307079315185547,-0.43570655584335327,-0.007329016923904419,-0.225600004196167,-0.008956372737884521,-0.310107558965683,-0.008459776639938354,-0.3577897846698761,-0.01046869158744812,-0.40516048669815063,0.02987295389175415,-0.19303858280181885,0.02534472942352295,-0.2662732005119324,0.021894395351409912,-0.3078629970550537,0.01609259843826294,-0.3467879295349121
0.0,0.0,-0.05471011996269226,-0.06046319007873535,-0.07724803686141968,-0.12143552303314209,-0.04843476414680481,-0.18090468645095825,-0.009651720523834229,-0.18639832735061646,-0.06918337941169739,-0.22804802656173706,-0.07325011491775513,-0.3116198182106018,-0.06941020488739014,-0.35870957374572754,-0.06644263863563538,-0.406496524810791,-0.03605610132217407,-0.23744124174118042,-0.04215225577354431,-0.3306047320365906,-0.03779244422912598,-0.37866950035095215,-0.04150071740150452,-0.43491169810295105,-0.007089525461196899,-0.22375726699829102,-0.008893221616744995,-0.30785244703292847,-0.007940113544464111,-0.35607320070266724,-0.009480863809585571,-0.4041312038898468,0.0306088924407959,-0.19009548425674438,0.026225388050079346,-0.26347994804382324,0.022918760776519775,-0.30576634407043457,0.01761871576309204,-0.3458253741264343
0.0,0.0,-0.05556747317314148,-0.059545695781707764,-0.0779377818107605,-0.1213483214378357,-0.049354374408721924,-0.18070882558822632,-0.01319742202758789,-0.1879209280014038,-0.0697060227394104,-0.2260759472846985,-0.07401841878890991,-0.30879610776901245,-0.07021030783653259,-0.35575807094573975,-0.06691575050354004,-0.40329673886299133,-0.03670942783355713,-0.23559194803237915,-0.04287797212600708,-0.32819241285324097,-0.03870671987533569,-0.3763619661331177,-0.042055726051330566,-0.43254855275154114,-0.007664293050765991,-0.2227068543434143,-0.009959697723388672,-0.3058009743690491,-0.009230703115463257,-0.35383340716362,-0.010663390159606934,-0.4014444351196289,0.029963314533233643,-0.19059544801712036,0.025402426719665527,-0.2625282406806946,0.02197408676147461,-0.3040107488632202,0.016430974006652832,-0.34351417422294617
0.0,0.0,-0.05530819296836853,-0.059291839599609375,-0.0774429440498352,-0.12142926454544067,-0.04902967810630798,-0.18065518140792847,-0.013051152229309082,-0.18773001432418823,-0.06901928782463074,-0.22539293766021729,-0.07281699776649475,-0.3084448277950287,-0.06917041540145874,-0.3552015423774719,-0.06632083654403687,-0.4025455713272095,-0.03575998544692993,-0.23527085781097412,-0.04202336072921753,-0.3277629613876343,-0.03809365630149841,-0.37590259313583374,-0.041900634765625,-0.43198585510253906,-0.006847858428955078,-0.22227340936660767,-0.008766800165176392,-0.30528539419174194,-0.007975399494171143,-0.35305678844451904,-0.009543687105178833,-0.4007784128189087,0.030104875564575195,-0.1889721155166626,0.02591884136199951,-0.2610083222389221,0.02224898338317871,-0.3024708926677704,0.01664954423904419,-0.3419026732444763
0.0,0.0,-0.05470472574234009,-0.057064950466156006,-0.07757937908172607,-0.1178540587425232,-0.04954653978347778,-0.1765880584716797,-0.012044131755828857,-0.18345797061920166,-0.06970924139022827,-0.22338491678237915,-0.07388141751289368,-0.3068496584892273,-0.07014548778533936,-0.35373830795288086,-0.06721195578575134,-0.4012395143508911,-0.036253541707992554,-0.2335863709449768,-0.04236331582069397,-0.3265877962112427,-0.03802907466888428,-0.37457066774368286,-0.041697412729263306,-0.4296300709247589,-0.007442742586135864,-0.22085994482040405,-0.009109675884246826,-0.30439165234565735,-0.008039355278015137,-0.35153961181640625,-0.009260743856430054,-0.3988974392414093,0.0293615460395813,-0.18779754638671875,0.025139272212982178,-0.25991129875183105,0.02185237407684326,-0.301358699798584,0.016599178314208984,-0.3406878709793091
0.0,0.0,-0.054543256759643555,-0.05846881866455078,-0.0758759081363678,-0.12157022953033447,-0.0466882586479187,-0.17692983150482178,-0.008762866258621216,-0.1777089238166809,-0.06982982158660889,-0.22236508131027222,-0.07368019223213196,-0.30328547954559326,-0.07048887014389038,-0.34931454062461853,-0.06771758198738098,-0.39549320936203003,-0.03614526987075806,-0.2321242094039917,-0.04260668158531189,-0.32233262062072754,-0.03931209444999695,-0.36945033073425293,-0.04317328333854675,-0.42482614517211914,-0.007239401340484619,-0.2192096710205078,-0.008830726146697998,-0.30109649896621704,-0.009059160947799683,-0.34766149520874023,-0.010629653930664062,-0.393818736076355,0.029423534870147705,-0.1866268515586853,0.025072872638702393,-0.25733423233032227,0.020976126194000244,-0.2989782989025116,0.015255212783813477,-0.33758509159088135
0.0,0.0,-0.05296000838279724,-0.054001569747924805,-0.07631239295005798,-0.11701226234436035,-0.04722929000854492,-0.17389118671417236,-0.007845044136047363,-0.1746659278869629,-0.0703168511390686,-0.22268038988113403,-0.0743483304977417,-0.3055540919303894,-0.07099947333335876,-0.35312169790267944,-0.06843125820159912,-0.4000087380409241,-0.036393702030181885,-0.23283624649047852,-0.04338023066520691,-0.32363009452819824,-0.039729028940200806,-0.3722369074821472,-0.04301533102989197,-0.42706555128097534,-0.007178813219070435,-0.21962159872055054,-0.009813576936721802,-0.3015492558479309,-0.009149938821792603,-0.34944605827331543,-0.010151863098144531,-0.3967575132846832,0.02919226884841919,-0.18662357330322266,0.02395230531692505,-0.25694745779037476,0.020510375499725342,-0.2988043427467346,0.015623211860656738,-0.3379009962081909
0.0,0.0,-0.053875118494033813,-0.05819123983383179,-0.07561707496643066,-0.12087386846542358,-0.04640886187553406,-0.178514301776886,-0.007931411266326904,-0.18202650547027588,-0.07005113363265991,-0.22507214546203613,-0.07365459203720093,-0.30645090341567993,-0.06991422176361084,-0.3527257740497589,-0.06684637069702148,-0.3992120027542114,-0.03627011179924011,-0.23542863130569458,-0.04261869192123413,-0.32683050632476807,-0.03884926438331604,-0.37346869707107544,-0.04279845952987671,-0.42859238386154175,-0.0073303282260894775,-0.22268712520599365,-0.008716553449630737,-0.30566027760505676,-0.008331865072250366,-0.35161006450653076,-0.009800463914871216,-0.39700081944465637,0.029648780822753906,-0.19005125761032104,0.02594059705734253,-0.26139217615127563,0.02275264263153076,-0.302801251411438,0.01758098602294922,-0.341625452041626
0.0,0.0,-0.05463135242462158,-0.05792778730392456,-0.07685908675193787,-0.12045925855636597,-0.04748415946960449,-0.17859715223312378,-0.009422361850738525,-0.18304550647735596,-0.06963321566581726,-0.22552061080932617,-0.0736963152885437,-0.3083057701587677,-0.07026302814483643,-0.3553091883659363,-0.067699134349823,-0.4021055996417999,-0.03567203879356384,-0.23638570308685303,-0.04215604066848755,-0.32848596572875977,-0.03851613402366638,-0.3762902021408081,-0.04260605573654175,-0.4314723610877991,-0.0069062113761901855,-0.2239038348197937,-0.008867502212524414,-0.3071569800376892,-0.008174240589141846,-0.3541327714920044,-0.009654134511947632,-0.40145987272262573,0.02992713451385498,-0.19127535820007324,0.02584308385848999,-0.2627435326576233,0.02271270751953125,-0.30421367287635803,0.017595231533050537,-0.34347137808799744
0.0,0.0,-0.05438399314880371,-0.059709787368774414,-0.07620644569396973,-0.12051141262054443,-0.04727160930633545,-0.17838114500045776,-0.009908974170684814,-0.1845809817314148,-0.06855729222297668,-0.22551047801971436,-0.07311227917671204,-0.30939754843711853,-0.06948241591453552,-0.356832891702652,-0.06634104251861572,-0.4043758511543274,-0.0352553129196167,-0.2355121374130249,-0.04199719429016113,-0.32865673303604126,-0.03745943307876587,-0.37691497802734375,-0.04057702422142029,-0.43272343277931213,-0.006355643272399902,-0.22247081995010376,-0.008510351181030273,-0.3063730001449585,-0.007080495357513428,-0.3544551134109497,-0.007706403732299805,-0.40291470289230347,0.030881404876708984,-0.18868958950042725,0.02685558795928955,-0.2613030672073364,0.023273110389709473,-0.30326810479164124,0.01798313856124878,-0.3431989848613739
0.0,0.0,-0.0551433265209198,-0.056322336196899414,-0.0778108537197113,-0.11673533916473389,-0.04945439100265503,-0.1754102110862732,-0.011887192726135254,-0.18146681785583496,-0.07075232267379761,-0.2223774790763855,-0.07440909743309021,-0.3067428469657898,-0.07070541381835938,-0.35450059175491333,-0.06730198860168457,-0.4019492566585541,-0.03695082664489746,-0.2330804467201233,-0.04303279519081116,-0.3269757628440857,-0.039107561111450195,-0.37589043378829956,-0.042559415102005005,-0.4311768412590027,-0.007911115884780884,-0.22075879573822021,-0.00936591625213623,-0.3053041994571686,-0.00866401195526123,-0.3532509505748749,-0.010035991668701172,-0.40086984634399414,0.029625356197357178,-0.18808263540267944,0.02551943063735962,-0.26095050573349,0.022470295429229736,-0.30270349979400635,0.01711970567703247,-0.3419966697692871
0.0,0.0,-0.05594456195831299,-0.06009876728057861,-0.07830867171287537,-0.12061887979507446,-0.05039837956428528,-0.1794886589050293,-0.014396727085113525,-0.18661051988601685,-0.07103872299194336,-0.22608226537704468,-0.07499900460243225,-0.30911386013031006,-0.071430504322052,-0.3564433753490448,-0.0683927834033966,-0.4043782353401184,-0.037801533937454224,-0.23572474718093872,-0.04403787851333618,-0.3293330669403076,-0.039979487657547,-0.3773638606071472,-0.04398787021636963,-0.43403613567352295,-0.008754700422286987,-0.22265487909317017,-0.01073560118675232,-0.30672648549079895,-0.009872913360595703,-0.3547818958759308,-0.011210441589355469,-0.4028211236000061,0.029114365577697754,-0.18915224075317383,0.02486109733581543,-0.2618113160133362,0.021506905555725098,-0.3038845658302307,0.016002416610717773,-0.3437396287918091
0.0,0.0,-0.05419051647186279,-0.05676358938217163,-0.07718095183372498,-0.11919403076171875,-0.04835230112075806,-0.17862963676452637,-0.01024523377418518,-0.18252527713775635,-0.06900942325592041,-0.2263144850730896,-0.07215619087219238,-0.30957719683647156,-0.06809031963348389,-0.35674023628234863,-0.06513062119483948,-0.40398114919662476,-0.03559941053390503,-0.23651111125946045,-0.04123646020889282,-0.32958340644836426,-0.03713938593864441,-0.37831586599349976,-0.04066634178161621,-0.433724045753479,-0.006694763898849487,-0.22357243299484253,-0.008054971694946289,-0.30833709239959717,-0.007160544395446777,-0.3561130166053772,-0.008786827325820923,-0.40376415848731995,0.029968738555908203,-0.19022685289382935,0.026084959506988525,-0.2627366781234741,0.022648513317108154,-0.3044102191925049,0.016995787620544434,-0.3438290059566498
0.0,0.0,-0.055833786725997925,-0.06093472242355347,-0.07785746455192566,-0.12310391664505005,-0.049960166215896606,-0.18232828378677368,-0.013907462358474731,-0.19015425443649292,-0.06906095147132874,-0.22630470991134644,-0.07323533296585083,-0.30942410230636597,-0.06929364800453186,-0.35588976740837097,-0.06606578826904297,-0.40340566635131836,-0.036256223917007446,-0.2361552119255066,-0.04204562306404114,-0.3289347290992737,-0.03727316856384277,-0.3767152726650238,-0.040256500244140625,-0.4323979914188385,-0.007356226444244385,-0.22331970930099487,-0.009002685546875,-0.30747848749160767,-0.007619708776473999,-0.3556220531463623,-0.008959084749221802,-0.4034779965877533,0.029582679271697998,-0.19053614139556885,0.02581965923309326,-0.26242363452911377,0.0223580002784729,-0.30455929040908813,0.016644954681396484,-0.3447742462158203
0.0,0.0,-0.05406615138053894,-0.05996602773666382,-0.07625582814216614,-0.12539887428283691,-0.04769086837768555,-0.18602508306503296,-0.010093063116073608,-0.18916696310043335,-0.06925976276397705,-0.22807461023330688,-0.07246062159538269,-0.3115445375442505,-0.0683598518371582,-0.3588479459285736,-0.06534501910209656,-0.4063069820404053,-0.035824209451675415,-0.23827677965164185,-0.04142913222312927,-0.33064186573028564,-0.036494046449661255,-0.3792753219604492,-0.039645224809646606,-0.4354003071784973,-0.006521135568618774,-0.2245672345161438,-0.008131831884384155,-0.30786973237991333,-0.00625765323638916,-0.35611283779144287,-0.006744891405105591,-0.40354788303375244,0.030027151107788086,-0.19085586071014404,0.025736212730407715,-0.2626383304595947,0.02246803045272827,-0.30459731817245483,0.0178491473197937,-0.3446478247642517
0.0,0.0,-0.05231320858001709,-0.059378623962402344,-0.07574054598808289,-0.12333518266677856,-0.04640224575996399,-0.18335992097854614,-0.006840497255325317,-0.18646103143692017,-0.06842896342277527,-0.22987037897109985,-0.07130566239356995,-0.3121936321258545,-0.06775268912315369,-0.35838472843170166,-0.06575283408164978,-0.40566396713256836,-0.0344700813293457,-0.23967820405960083,-0.04052719473838806,-0.3325342535972595,-0.036544471979141235,-0.3803059458732605,-0.04049775004386902,-0.4369632601737976,-0.00571829080581665,-0.22524124383926392,-0.0060797929763793945,-0.3091767728328705,-0.0047945380210876465,-0.35662388801574707,-0.005767464637756348,-0.40314751863479614,0.030362427234649658,-0.19048625230789185,0.02684497833251953,-0.26276886463165283,0.024172961711883545,-0.30441462993621826,0.019481241703033447,-0.34323176741600037
0.0,0.0,-0.05465215444564819,-0.0616723895072937,-0.07649704813957214,-0.12624233961105347,-0.04767274856567383,-0.18545591831207275,-0.009533464908599854,-0.18792611360549927,-0.06783479452133179,-0.23092693090438843,-0.07093256711959839,-0.3137199282646179,-0.06725949048995972,-0.36025166511535645,-0.0647779107093811,-0.40725499391555786,-0.03506845235824585,-0.2399563193321228,-0.04053640365600586,-0.3317751884460449,-0.03589966893196106,-0.37980735301971436,-0.03924420475959778,-0.4358873963356018,-0.006086409091949463,-0.225206196308136,-0.0070413947105407715,-0.3092350363731384,-0.0051641762256622314,-0.3573321998119354,-0.00576898455619812,-0.404866099357605,0.02985978126525879,-0.19014954566955566,0.026050567626953125,-0.262350857257843,0.02248305082321167,-0.3046049475669861,0.017840862274169922,-0.34491485357284546
0.0,0.0,-0.05447062849998474,-0.058904290199279785,-0.07855084538459778,-0.12098479270935059,-0.050915807485580444,-0.17996817827224731,-0.01126784086227417,-0.1827256679534912,-0.07064980268478394,-0.22973519563674927,-0.07429790496826172,-0.3129810094833374,-0.06988415122032166,-0.35993677377700806,-0.06640461087226868,-0.4073244035243988,-0.03776231408119202,-0.23962754011154175,-0.043244868516922,-0.33309534192085266,-0.0382266640663147,-0.3814617395401001,-0.04125106334686279,-0.43779146671295166,-0.008942842483520508,-0.2255285382270813,-0.009976983070373535,-0.309880793094635,-0.007769346237182617,-0.35793498158454895,-0.007554113864898682,-0.4051891267299652,0.02777808904647827,-0.1908242106437683,0.02396470308303833,-0.26453179121017456,0.02167344093322754,-0.30648279190063477,0.018281519412994385,-0.3454136848449707
0.0,0.0,-0.05333647131919861,-0.05898815393447876,-0.07712134718894958,-0.11960333585739136,-0.050353556871414185,-0.17956191301345825,-0.010462909936904907,-0.1813870072364807,-0.06989869475364685,-0.22921162843704224,-0.07308736443519592,-0.3132573068141937,-0.06902629137039185,-0.36063867807388306,-0.06610292196273804,-0.40876054763793945,-0.037137746810913086,-0.2386062741279602,-0.04249802231788635,-0.33235010504722595,-0.03752228617668152,-0.3811216950416565,-0.04114881157875061,-0.43809929490089417,-0.00827115774154663,-0.223846435546875,-0.008994907140731812,-0.3081640601158142,-0.006890535354614258,-0.35672634840011597,-0.007168382406234741,-0.4043256640434265,0.028413891792297363,-0.1883593201637268,0.024424374103546143,-0.2620219588279724,0.021705985069274902,-0.3042014241218567,0.01799219846725464,-0.3432524800300598
0.0,0.0,-0.053489506244659424,-0.05746573209762573,-0.07806134223937988,-0.11910456418991089,-0.052593380212783813,-0.18176722526550293,-0.012444257736206055,-0.18803197145462036,-0.06938597559928894,-0.22912877798080444,-0.07269659638404846,-0.31268244981765747,-0.06861460208892822,-0.3593214750289917,-0.0656597912311554,-0.40714719891548157,-0.036404967308044434,-0.239088237285614,-0.04133129119873047,-0.33275747299194336,-0.03631719946861267,-0.3811895549297333,-0.03978985548019409,-0.4380786418914795,-0.007203280925750732,-0.22438842058181763,-0.007864028215408325,-0.3085997700691223,-0.005787581205368042,-0.35725054144859314,-0.0063163042068481445,-0.4045979380607605,0.029657304286956787,-0.189314067363739,0.025225520133972168,-0.26233500242233276,0.022501111030578613,-0.3038960099220276,0.018513917922973633,-0.3428610563278198
0.0,0.0,-0.05383959412574768,-0.05880331993103027,-0.07767996191978455,-0.11968094110488892,-0.051828593015670776,-0.18033558130264282,-0.01204565167427063,-0.18434041738510132,-0.06940793991088867,-0.22948038578033447,-0.07266858220100403,-0.3128405213356018,-0.06845641136169434,-0.35901254415512085,-0.06527584791183472,-0.4065820574760437,-0.036357998847961426,-0.23856717348098755,-0.0416259765625,-0.3319584131240845,-0.03651672601699829,-0.3800966739654541,-0.039951056241989136,-0.43661656975746155,-0.00756525993347168,-0.2234141230583191,-0.008314788341522217,-0.3079231381416321,-0.006502062082290649,-0.3565290570259094,-0.006919175386428833,-0.4040512442588806,0.02942192554473877,-0.18830418586730957,0.02515047788619995,-0.26157116889953613,0.022814571857452393,-0.3032054901123047,0.01935887336730957,-0.3428887128829956
0.0,0.0,-0.05287081003189087,-0.06027567386627197,-0.07647138833999634,-0.11975240707397461,-0.049628257751464844,-0.17939114570617676,-0.009499579668045044,-0.18329185247421265,-0.06733962893486023,-0.2290298342704773,-0.07026690244674683,-0.3143407702445984,-0.06571716070175171,-0.36170780658721924,-0.06215333938598633,-0.41024312376976013,-0.03384557366371155,-0.23843371868133545,-0.03876006603240967,-0.33336612582206726,-0.03345131874084473,-0.38284140825271606,-0.036530137062072754,-0.4395864009857178,-0.004795730113983154,-0.22338122129440308,-0.0050109922885894775,-0.30914902687072754,-0.003012537956237793,-0.3580571711063385,-0.00310593843460083,-0.40603286027908325,0.03206712007522583,-0.1872825026512146,0.028377890586853027,-0.2619253396987915,0.025544703006744385,-0.30447918176651,0.021496355533599854,-0.3442714810371399
0.0,0.0,-0.053447425365448,-0.05825042724609375,-0.07788458466529846,-0.11911606788635254,-0.0509815514087677,-0.1807345151901245,-0.011471718549728394,-0.18324464559555054,-0.0696142315864563,-0.23035860061645508,-0.07298517227172852,-0.31633511185646057,-0.06869101524353027,-0.36447736620903015,-0.06531667709350586,-0.41333454847335815,-0.03579959273338318,-0.23983705043792725,-0.04162156581878662,-0.33528074622154236,-0.03643122315406799,-0.3852786421775818,-0.03981700539588928,-0.44302016496658325,-0.00657343864440918,-0.22518473863601685,-0.007444649934768677,-0.3112184405326843,-0.0053465962409973145,-0.3602369427680969,-0.005174815654754639,-0.4086155295372009,0.030283987522125244,-0.18982785940170288,0.025937974452972412,-0.2636184096336365,0.023679018020629883,-0.3058885931968689,0.020544469356536865,-0.3462058901786804
0.0,0.0,-0.05406579375267029,-0.058825552463531494,-0.07871893048286438,-0.12153667211532593,-0.051182061433792114,-0.182597815990448,-0.011444807052612305,-0.18678933382034302,-0.0708361268043518,-0.23157161474227905,-0.073941171169281,-0.31732073426246643,-0.06959259510040283,-0.36639800667762756,-0.06586512923240662,-0.4149172306060791,-0.03652101755142212,-0.2411121129989624,-0.04179069399833679,-0.33602017164230347,-0.0367092490196228,-0.3865150809288025,-0.03917211294174194,-0.44358235597610474,-0.0070081353187561035,-0.22659045457839966,-0.007867276668548584,-0.3120408356189728,-0.0060086846351623535,-0.36141425371170044,-0.005654007196426392,-0.41054338216781616,0.030427634716033936,-0.1910569667816162,0.026157796382904053,-0.26498979330062866,0.023465991020202637,-0.3073837161064148,0.019747555255889893,-0.3480690121650696
0.0,0.0,-0.0542125403881073,-0.05986720323562622,-0.07871735095977783,-0.11973744630813599,-0.050618529319763184,-0.1802157163619995,-0.010690093040466309,-0.18582576513290405,-0.07052096724510193,-0.23095941543579102,-0.07316097617149353,-0.31578904390335083,-0.06878256797790527,-0.36323282122612,-0.0652691125869751,-0.4115830659866333,-0.03645998239517212,-0.240034282207489,-0.041602134704589844,-0.334788978099823,-0.03631913661956787,-0.3837641775608063,-0.038943201303482056,-0.4411488175392151,-0.007267951965332031,-0.22500520944595337,-0.007367193698883057,-0.3096885681152344,-0.0053504109382629395,-0.35854876041412354,-0.005274772644042969,-0.40698719024658203,0.03008502721786499,-0.18869858980178833,0.0259474515914917,-0.26319217681884766,0.023556947708129883,-0.3051922917366028,0.01985114812850952,-0.34429991245269775
0.0,0.0,-0.054588139057159424,-0.05906498432159424,-0.07849642634391785,-0.12037122249603271,-0.05185359716415405,-0.1803452968597412,-0.013487458229064941,-0.18472427129745483,-0.07162511348724365,-0.23065447807312012,-0.07570871710777283,-0.31693077087402344,-0.07193523645401001,-0.3659937381744385,-0.06839162111282349,-0.41437721252441406,-0.0377216637134552,-0.24080127477645874,-0.043819546699523926,-0.3369232416152954,-0.039292335510253906,-0.3881606459617615,-0.042300671339035034,-0.44570499658584595,-0.008081823587417603,-0.22695618867874146,-0.00972166657447815,-0.31308412551879883,-0.007682979106903076,-0.3622424900531769,-0.007163733243942261,-0.41178053617477417,0.029868900775909424,-0.19172948598861694,0.024939894676208496,-0.26586097478866577,0.02239406108856201,-0.30757883191108704,0.018942952156066895,-0.34732455015182495
0.0,0.0,-0.054258763790130615,-0.0562170147895813,-0.0797310471534729,-0.11460065841674805,-0.05328267812728882,-0.17443329095840454,-0.01425248384475708,-0.18308401107788086,-0.07216289639472961,-0.2283821702003479,-0.07653665542602539,-0.31393665075302124,-0.07236820459365845,-0.36241593956947327,-0.06867960095405579,-0.4113253653049469,-0.03821694850921631,-0.23885446786880493,-0.04472285509109497,-0.3334586024284363,-0.03997457027435303,-0.384263813495636,-0.04248049855232239,-0.442329466342926,-0.008557349443435669,-0.22508001327514648,-0.010437101125717163,-0.3104190528392792,-0.009138256311416626,-0.3598296344280243,-0.009609848260879517,-0.40991923213005066,0.02898275852203369,-0.19047468900680542,0.02386629581451416,-0.2640760540962219,0.02041536569595337,-0.30607926845550537,0.01592576503753662,-0.3468066453933716
0.0,0.0,-0.055865585803985596,-0.05701166391372681,-0.08048555254936218,-0.11537766456604004,-0.05421611666679382,-0.17730993032455444,-0.016726404428482056,-0.18695348501205444,-0.07340782880783081,-0.2306099534034729,-0.07698571681976318,-0.31679636240005493,-0.07237309217453003,-0.3650105893611908,-0.06867682933807373,-0.4143902361392975,-0.03993713855743408,-0.24034243822097778,-0.045018941164016724,-0.3367082178592682,-0.03896087408065796,-0.3870874345302582,-0.04147031903266907,-0.4455428719520569,-0.010387897491455078,-0.22594916820526123,-0.010665804147720337,-0.3130198121070862,-0.008110016584396362,-0.36258238554000854,-0.0077967047691345215,-0.411781370639801,0.027550935745239258,-0.191605806350708,0.023289263248443604,-0.266126811504364,0.02044045925140381,-0.3084510564804077,0.01630789041519165,-0.3499078154563904
0.0,0.0,-0.05504089593887329,-0.0556911826133728,-0.08070015907287598,-0.11670643091201782,-0.05470174551010132,-0.1791324019432068,-0.015229582786560059,-0.18574154376983643,-0.07157507538795471,-0.23080158233642578,-0.07512179017066956,-0.3168964087963104,-0.07141995429992676,-0.36543893814086914,-0.06835299730300903,-0.41395053267478943,-0.0377885103225708,-0.24072527885437012,-0.043234437704086304,-0.3365069627761841,-0.03893178701400757,-0.387344092130661,-0.04212301969528198,-0.44453370571136475,-0.008560329675674438,-0.22572195529937744,-0.008525460958480835,-0.31100618839263916,-0.006939232349395752,-0.360257089138031,-0.007179915904998779,-0.40877774357795715,0.02876824140548706,-0.18981242179870605,0.024065852165222168,-0.26422715187072754,0.0207517147064209,-0.306196391582489,0.016266226768493652,-0.3453192710876465
0.0,0.0,-0.05366960167884827,-0.05309009552001953,-0.07999783754348755,-0.1160936951637268,-0.053737491369247437,-0.17609071731567383,-0.01447075605392456,-0.18059402704238892,-0.07089143991470337,-0.22870796918869019,-0.07467275857925415,-0.31404703855514526,-0.07041001319885254,-0.36404600739479065,-0.06640636920928955,-0.41317152976989746,-0.03676769137382507,-0.23831045627593994,-0.04251056909561157,-0.3333771228790283,-0.03762882947921753,-0.38447028398513794,-0.03935045003890991,-0.4433188736438751,-0.006881624460220337,-0.224362313747406,-0.00813707709312439,-0.3095853924751282,-0.006510555744171143,-0.35930952429771423,-0.006073713302612305,-0.40884286165237427,0.03026890754699707,-0.18986749649047852,0.025177478790283203,-0.2627466320991516,0.022220492362976074,-0.3051709532737732,0.01820206642150879,-0.3460911512374878
0.0,0.0,-0.05400693416595459,-0.054175615310668945,-0.08118981122970581,-0.11437630653381348,-0.054864466190338135,-0.17648786306381226,-0.01289832592010498,-0.18138307332992554,-0.07146638631820679,-0.23177391290664673,-0.07497763633728027,-0.31703466176986694,-0.07070425152778625,-0.36542028188705444,-0.0669013261795044,-0.41459107398986816,-0.03717973828315735,-0.24144762754440308,-0.043249815702438354,-0.33661919832229614,-0.0387645959854126,-0.38708001375198364,-0.0413362979888916,-0.44582152366638184,-0.007194966077804565,-0.22645854949951172,-0.00809517502784729,-0.3127174973487854,-0.007369726896286011,-0.36197465658187866,-0.008433222770690918,-0.4106771945953369,0.030559241771697998,-0.19069570302963257,0.025067389011383057,-0.2652057409286499,0.021661043167114258,-0.3073487877845764,0.016862154006958008,-0.3473898768424988
0.0,0.0,-0.053840845823287964,-0.053288400173187256,-0.08108994364738464,-0.11411911249160767,-0.055771857500076294,-0.17643189430236816,-0.014658361673355103,-0.1831604242324829,-0.07065251469612122,-0.2307891845703125,-0.07359999418258667,-0.31617283821105957,-0.06944462656974792,-0.3657529950141907,-0.06574711203575134,-0.4150889813899994,-0.03620791435241699,-0.2405301332473755,-0.041396886110305786,-0.33555519580841064,-0.036594271659851074,-0.3871462643146515,-0.03863522410392761,-0.4461630582809448,-0.005659967660903931,-0.22592031955718994,-0.005944013595581055,-0.3111705780029297,-0.004129737615585327,-0.3603092432022095,-0.0040138959884643555,-0.40984365344047546,0.03195050358772278,-0.1911994218826294,0.026577740907669067,-0.26416176557540894,0.02424141764640808,-0.30552440881729126,0.020874232053756714,-0.34661591053009033
0.0,0.0,-0.05108150839805603,-0.04795747995376587,-0.07919970154762268,-0.11329096555709839,-0.055701494216918945,-0.17049485445022583,-0.016026705503463745,-0.1797548532485962,-0.07158255577087402,-0.23250365257263184,-0.07460123300552368,-0.3138344883918762,-0.07055386900901794,-0.36277347803115845,-0.06611362099647522,-0.41113489866256714,-0.03657260537147522,-0.24105948209762573,-0.04204490780830383,-0.3311746120452881,-0.039281249046325684,-0.3832833468914032,-0.04106131196022034,-0.4417378306388855,-0.0052165687084198,-0.22679519653320312,-0.00563734769821167,-0.3095128536224365,-0.00425565242767334,-0.35868191719055176,-0.004700779914855957,-0.40714412927627563,0.03159850835800171,-0.19501078128814697,0.02732551097869873,-0.2624426484107971,0.024835824966430664,-0.3042641878128052,0.020209133625030518,-0.34641212224960327
0.0,0.0,-0.054527223110198975,-0.05401962995529175,-0.08091485500335693,-0.1166391372680664,-0.05483376979827881,-0.1780911087989807,-0.015042901039123535,-0.18457937240600586,-0.07104772329330444,-0.23311710357666016,-0.07490184903144836,-0.31802797317504883,-0.07060310244560242,-0.3669789135456085,-0.06686863303184509,-0.4159415364265442,-0.036779940128326416,-0.242262065410614,-0.04292413592338562,-0.3369230031967163,-0.03851988911628723,-0.38764870166778564,-0.04110947251319885,-0.4463156461715698,-0.0068776607513427734,-0.22745585441589355,-0.007711738348007202,-0.31315869092941284,-0.006625741720199585,-0.3624707758426666,-0.007298976182937622,-0.4115413427352905,0.030834674835205078,-0.1924804449081421,0.025629699230194092,-0.2656441926956177,0.02280205488204956,-0.30775952339172363,0.0185244083404541,-0.3487611413002014
0.0,0.0,-0.05421587824821472,-0.050132811069488525,-0.0819540023803711,-0.11203604936599731,-0.058201491832733154,-0.1730676293373108,-0.018329530954360962,-0.18200159072875977,-0.07418295741081238,-0.22969013452529907,-0.07868510484695435,-0.31355804204940796,-0.0751170814037323,-0.3623465299606323,-0.07223454117774963,-0.4108983874320984,-0.040052175521850586,-0.23951077461242676,-0.04675537347793579,-0.3332686126232147,-0.04334014654159546,-0.3841961622238159,-0.04677271842956543,-0.44280093908309937,-0.009995520114898682,-0.22516751289367676,-0.012077748775482178,-0.310669481754303,-0.011872082948684692,-0.35944664478302,-0.013490289449691772,-0.4081690013408661,0.02793705463409424,-0.1916748285293579,0.021780550479888916,-0.2636314034461975,0.018460988998413086,-0.3052371144294739,0.01343393325805664,-0.34621113538742065
0.0,0.0,-0.05357009172439575,-0.05438542366027832,-0.0802479088306427,-0.11514025926589966,-0.055900394916534424,-0.17727291584014893,-0.015705257654190063,-0.18245846033096313,-0.07340845465660095,-0.22942692041397095,-0.0776456892490387,-0.3136732578277588,-0.07479056715965271,-0.36255964636802673,-0.07247090339660645,-0.4119061529636383,-0.03917554020881653,-0.2395952343940735,-0.04624244570732117,-0.3333852291107178,-0.04285496473312378,-0.38474154472351074,-0.046634793281555176,-0.4444808065891266,-0.008306443691253662,-0.2255556583404541,-0.010063111782073975,-0.31090426445007324,-0.00957450270652771,-0.36045342683792114,-0.010987251996994019,-0.40942490100860596,0.029876530170440674,-0.19143086671829224,0.023296892642974854,-0.263948917388916,0.019583284854888916,-0.3058358430862427,0.014574289321899414,-0.34693750739097595
0.0,0.0,-0.053916603326797485,-0.04870021343231201,-0.08293190598487854,-0.11018234491348267,-0.0579107403755188,-0.17257159948349,-0.016198337078094482,-0.1800593137741089,-0.07538926601409912,-0.22493833303451538,-0.08095282316207886,-0.30928218364715576,-0.07837051153182983,-0.35853272676467896,-0.07615393400192261,-0.4082726240158081,-0.040892958641052246,-0.23678159713745117,-0.04945945739746094,-0.3307093381881714,-0.04683062434196472,-0.3823687434196472,-0.050912708044052124,-0.44227492809295654,-0.010162979364395142,-0.22373920679092407,-0.01274806261062622,-0.30913805961608887,-0.012787699699401855,-0.35828375816345215,-0.014937549829483032,-0.4069843292236328,0.027783691883087158,-0.19105684757232666,0.021189212799072266,-0.2623196244239807,0.01704108715057373,-0.3039401173591614,0.01092749834060669,-0.3446200489997864
0.0,0.0,-0.0536046028137207,-0.04463547468185425,-0.08362734317779541,-0.1073153018951416,-0.05863431096076965,-0.16784816980361938,-0.016622394323349,-0.1766452193260193,-0.0759725272655487,-0.22435325384140015,-0.08156907558441162,-0.30958932638168335,-0.07829359173774719,-0.3603785037994385,-0.07498189806938171,-0.4109099507331848,-0.04037654399871826,-0.2368849515914917,-0.04857337474822998,-0.33225107192993164,-0.04606989026069641,-0.3853936791419983,-0.049256712198257446,-0.44601571559906006,-0.009078025817871094,-0.22489231824874878,-0.01177331805229187,-0.31183040142059326,-0.011625677347183228,-0.36194783449172974,-0.012957155704498291,-0.4112565517425537,0.028714299201965332,-0.19377374649047852,0.022581934928894043,-0.26461052894592285,0.01919269561767578,-0.3068787455558777,0.014016032218933105,-0.3485185503959656
0.0,0.0,-0.05317425727844238,-0.04482841491699219,-0.08376190066337585,-0.10884600877761841,-0.059068650007247925,-0.16947448253631592,-0.016697853803634644,-0.1791967749595642,-0.07597517967224121,-0.22618436813354492,-0.08028864860534668,-0.310306191444397,-0.07729631662368774,-0.36048007011413574,-0.07441979646682739,-0.41031283140182495,-0.04000169038772583,-0.2380765676498413,-0.04700958728790283,-0.33215463161468506,-0.04476785659790039,-0.3856774568557739,-0.04760110378265381,-0.44574904441833496,-0.007773488759994507,-0.2255767583847046,-0.010214656591415405,-0.3115617036819458,-0.009910523891448975,-0.36202332377433777,-0.011148333549499512,-0.41187188029289246,0.029965877532958984,-0.19446444511413574,0.02378898859024048,-0.26448291540145874,0.02099698781967163,-0.30677109956741333,0.016629278659820557,-0.3486049175262451
0.0,0.0,-0.05368596315383911,-0.04532724618911743,-0.08385497331619263,-0.10997122526168823,-0.05760106444358826,-0.16964423656463623,-0.015836447477340698,-0.1787840723991394,-0.07525447010993958,-0.2252938151359558,-0.08054456114768982,-0.3108481764793396,-0.07758712768554688,-0.36126387119293213,-0.07429066300392151,-0.4110383689403534,-0.038809388875961304,-0.23708868026733398,-0.04647350311279297,-0.33269202709198,-0.04450356960296631,-0.3870198726654053,-0.04710802435874939,-0.44714611768722534,-0.0064588189125061035,-0.22440218925476074,-0.009202778339385986,-0.3114113211631775,-0.009356290102005005,-0.3620745539665222,-0.010988175868988037,-0.4119028151035309,0.03084278106689453,-0.19269609451293945,0.02479487657546997,-0.2636866569519043,0.02119624614715576,-0.3066820502281189,0.015895545482635498,-0.34828120470046997
0.0,0.0,-0.05623331665992737,-0.05130523443222046,-0.08513477444648743,-0.11014819145202637,-0.06115296483039856,-0.17205524444580078,-0.020000576972961426,-0.18417054414749146,-0.07587537169456482,-0.22784459590911865,-0.0816030204296112,-0.3150513768196106,-0.07867836952209473,-0.3640650510787964,-0.07637238502502441,-0.4141673445701599,-0.04100659489631653,-0.240595281124115,-0.04912570118904114,-0.3381383419036865,-0.04612669348716736,-0.38923001289367676,-0.050527870655059814,-0.4494062662124634,-0.010103106498718262,-0.2272772192955017,-0.012569546699523926,-0.3158491849899292,-0.012725234031677246,-0.3653315603733063,-0.014750242233276367,-0.41522252559661865,0.028728097677230835,-0.1923859715461731,0.021930307149887085,-0.2669890522956848,0.018732339143753052,-0.3090255856513977,0.014141470193862915,-0.3506595492362976
0.0,0.0,-0.05408152937889099,-0.04943811893463135,-0.08222976326942444,-0.11152666807174683,-0.05602183938026428,-0.17055898904800415,-0.01491597294807434,-0.1824558973312378,-0.07392740249633789,-0.22722917795181274,-0.07867300510406494,-0.3128785490989685,-0.07527238130569458,-0.3631494641304016,-0.07189005613327026,-0.4126887619495392,-0.03807264566421509,-0.23857837915420532,-0.045245587825775146,-0.33384382724761963,-0.04271337389945984,-0.3865335285663605,-0.04564833641052246,-0.44629693031311035,-0.006548166275024414,-0.22551202774047852,-0.008535444736480713,-0.31148815155029297,-0.0085374116897583,-0.36128300428390503,-0.009976506233215332,-0.41117173433303833,0.03162357211112976,-0.19304460287094116,0.025098294019699097,-0.264862596988678,0.021578282117843628,-0.3062319755554199,0.016134172677993774,-0.347223162651062
0.0,0.0,-0.05473002791404724,-0.0469399094581604,-0.08533427119255066,-0.10939359664916992,-0.06035444140434265,-0.17114663124084473,-0.017529428005218506,-0.1778145432472229,-0.07706740498542786,-0.22684961557388306,-0.0829390287399292,-0.3109707832336426,-0.08059912919998169,-0.36039263010025024,-0.07826432585716248,-0.41010087728500366,-0.041816651821136475,-0.2386031150817871,-0.05076330900192261,-0.3330346345901489,-0.04897350072860718,-0.385357141494751,-0.05323368310928345,-0.446092426776886,-0.010549753904342651,-0.22539418935775757,-0.013455182313919067,-0.3109440207481384,-0.01418370008468628,-0.36115267872810364,-0.01631137728691101,-0.4110238552093506,0.027575910091400146,-0.1928424835205078,0.020344793796539307,-0.264478862285614,0.0169985294342041,-0.306562602519989,0.01221686601638794,-0.3479191064834595
0.0,0.0,-0.05487927794456482,-0.04752302169799805,-0.08565783500671387,-0.10645478963851929,-0.06084418296813965,-0.16828489303588867,-0.018428027629852295,-0.17778950929641724,-0.07744213938713074,-0.22648996114730835,-0.08289918303489685,-0.31097114086151123,-0.07967367768287659,-0.36011433601379395,-0.07693976163864136,-0.4100518822669983,-0.04204005002975464,-0.23873788118362427,-0.05063900351524353,-0.33409592509269714,-0.04797545075416565,-0.3856476843357086,-0.052254319190979004,-0.44723695516586304,-0.010624617338180542,-0.22524696588516235,-0.013292819261550903,-0.3109637498855591,-0.013640344142913818,-0.3601526618003845,-0.01521313190460205,-0.40972793102264404,0.028124690055847168,-0.19164401292800903,0.021160423755645752,-0.2639591097831726,0.017671823501586914,-0.3049999475479126,0.012951195240020752,-0.3458760380744934
0.0,0.0,-0.05236825346946716,-0.04280376434326172,-0.08404770493507385,-0.10667330026626587,-0.05944499373435974,-0.1666884422302246,-0.016375094652175903,-0.18005794286727905,-0.07573270797729492,-0.22683244943618774,-0.08072447776794434,-0.3110467791557312,-0.07824113965034485,-0.36133724451065063,-0.07496622204780579,-0.41125792264938354,-0.03895092010498047,-0.23858565092086792,-0.04668235778808594,-0.3330039978027344,-0.04529672861099243,-0.3874387741088867,-0.04761466383934021,-0.4475821852684021,-0.0052818357944488525,-0.22600769996643066,-0.008548498153686523,-0.3118487000465393,-0.009427398443222046,-0.362784206867218,-0.011645466089248657,-0.4139662981033325,0.032388001680374146,-0.19539284706115723,0.025018006563186646,-0.26495063304901123,0.021222025156021118,-0.30682164430618286,0.016273826360702515,-0.3485491871833801
0.0,0.0,-0.054458290338516235,-0.04434138536453247,-0.08533206582069397,-0.10767436027526855,-0.060395002365112305,-0.16947758197784424,-0.01768079400062561,-0.1800348162651062,-0.07904079556465149,-0.22598373889923096,-0.08512815833091736,-0.31059616804122925,-0.08262822031974792,-0.36122363805770874,-0.07999271154403687,-0.4119608402252197,-0.043111652135849,-0.23919087648391724,-0.05188781023025513,-0.3341298997402191,-0.05057370662689209,-0.3880825638771057,-0.054505378007888794,-0.44957566261291504,-0.010719329118728638,-0.22746866941452026,-0.014337867498397827,-0.31411510705947876,-0.015330731868743896,-0.36463358998298645,-0.017777293920516968,-0.41493186354637146,0.027739614248275757,-0.19668668508529663,0.020563870668411255,-0.26710450649261475,0.016777485609054565,-0.30942630767822266,0.011187881231307983,-0.3512503504753113
0.0,0.0,-0.05293869972229004,-0.04296302795410156,-0.08408525586128235,-0.10712552070617676,-0.05877241492271423,-0.16606706380844116,-0.016171127557754517,-0.18133902549743652,-0.07823115587234497,-0.22617608308792114,-0.08321341872215271,-0.3103586435317993,-0.08050519227981567,-0.3617349863052368,-0.07719734311103821,-0.41235440969467163,-0.04161876440048218,-0.23856961727142334,-0.04984253644943237,-0.3321244716644287,-0.04854723811149597,-0.3868710398674011,-0.051234692335128784,-0.4475213885307312,-0.008108973503112793,-0.22700762748718262,-0.012078553438186646,-0.312475323677063,-0.012526094913482666,-0.363831102848053,-0.014274001121520996,-0.4154195785522461,0.02997136116027832,-0.19728392362594604,0.02237921953201294,-0.266831636428833,0.018957972526550293,-0.309694766998291,0.01414477825164795,-0.3531246483325958
