0.0,0.0,-0.05177164077758789,-0.0020292997360229492,-0.09976547956466675,-0.02643793821334839,-0.1367201805114746,-0.04151177406311035,-0.17091649770736694,-0.04924553632736206,-0.09153768420219421,-0.14380067586898804,-0.10913616418838501,-0.20387482643127441,-0.12665748596191406,-0.22904357314109802,-0.14677423238754272,-0.2400658130645752,-0.07062625885009766,-0.15514296293258667,-0.088498055934906,-0.22752726078033447,-0.11111819744110107,-0.2496265172958374,-0.13444402813911438,-0.24964523315429688,-0.04897946119308472,-0.156014084815979,-0.06367206573486328,-0.2248137891292572,-0.08573171496391296,-0.24298930168151855,-0.10816031694412231,-0.24032434821128845,-0.02596127986907959,-0.14834976196289062,-0.04325991868972778,-0.20020818710327148,-0.06328988075256348,-0.219659686088562,-0.08464130759239197,-0.22511443495750427
0.0,0.0,-0.04880726337432861,0.001710057258605957,-0.0967322587966919,-0.023339688777923584,-0.13385406136512756,-0.03543531894683838,-0.16687500476837158,-0.04622840881347656,-0.08726021647453308,-0.13570517301559448,-0.10746446251869202,-0.19392630457878113,-0.12472647428512573,-0.2197229564189911,-0.14423123002052307,-0.2342814803123474,-0.06971007585525513,-0.14507624506950378,-0.09211516380310059,-0.2067713439464569,-0.1143718957901001,-0.23205941915512085,-0.13793179392814636,-0.2406744360923767,-0.05045878887176514,-0.1481064260005951,-0.07390034198760986,-0.20966190099716187,-0.09606662392616272,-0.2343580722808838,-0.11953961849212646,-0.24384617805480957,-0.02921539545059204,-0.1455322504043579,-0.05035358667373657,-0.19578200578689575,-0.0705786943435669,-0.22031885385513306,-0.09221905469894409,-0.2347051203250885
0.0,0.0,-0.05043923854827881,0.0018742084503173828,-0.09918278455734253,-0.024159491062164307,-0.1362575888633728,-0.038329243659973145,-0.16987240314483643,-0.04864358901977539,-0.09111228585243225,-0.13639569282531738,-0.11181211471557617,-0.19368842244148254,-0.13014942407608032,-0.219390869140625,-0.1506142020225525,-0.234839528799057,-0.07413685321807861,-0.1470690369606018,-0.09745895862579346,-0.20755696296691895,-0.12087813019752502,-0.23332160711288452,-0.14550596475601196,-0.24390873312950134,-0.05498158931732178,-0.15093082189559937,-0.07954785227775574,-0.21255362033843994,-0.10243913531303406,-0.237798273563385,-0.1266981065273285,-0.2485584020614624,-0.033207714557647705,-0.14916089177131653,-0.05504179000854492,-0.19989708065986633,-0.075539231300354,-0.22464290261268616,-0.09750118851661682,-0.23942023515701294
0.0,0.0,-0.050995588302612305,0.003073394298553467,-0.10049054026603699,-0.023075520992279053,-0.13756418228149414,-0.037297725677490234,-0.17121541500091553,-0.046095311641693115,-0.09346568584442139,-0.13483887910842896,-0.11425316333770752,-0.19337481260299683,-0.13249719142913818,-0.21850106120109558,-0.15344542264938354,-0.23222550749778748,-0.07588601112365723,-0.14622414112091064,-0.09884589910507202,-0.20749962329864502,-0.12230563163757324,-0.2312241494655609,-0.14699918031692505,-0.2376321256160736,-0.05666375160217285,-0.150185227394104,-0.08086323738098145,-0.21168509125709534,-0.10432973504066467,-0.23506653308868408,-0.1286536455154419,-0.24237531423568726,-0.034905195236206055,-0.14846384525299072,-0.055961787700653076,-0.19834986329078674,-0.07573997974395752,-0.22101768851280212,-0.09643745422363281,-0.23260515928268433
0.0,0.0,-0.0499652624130249,0.002137303352355957,-0.09895029664039612,-0.024870753288269043,-0.13550466299057007,-0.03979438543319702,-0.16946083307266235,-0.04968535900115967,-0.09223964810371399,-0.1376212239265442,-0.1134333610534668,-0.19632411003112793,-0.13183069229125977,-0.22086820006370544,-0.15244877338409424,-0.2337416708469391,-0.07412350177764893,-0.14793825149536133,-0.0974338948726654,-0.20890888571739197,-0.12058565020561218,-0.2325928807258606,-0.144739031791687,-0.23940309882164001,-0.054019808769226074,-0.15116184949874878,-0.07837057113647461,-0.2130095362663269,-0.10109391808509827,-0.2371293306350708,-0.12487387657165527,-0.24589920043945312,-0.031079471111297607,-0.14826169610023499,-0.05249214172363281,-0.1989280879497528,-0.07249510288238525,-0.2233598232269287,-0.09383255243301392,-0.23710519075393677
0.0,0.0,-0.05085432529449463,0.0005752444267272949,-0.09947720170021057,-0.027166545391082764,-0.13525080680847168,-0.04138517379760742,-0.16808927059173584,-0.05215895175933838,-0.09167295694351196,-0.13941657543182373,-0.11363610625267029,-0.19838404655456543,-0.13173025846481323,-0.22308260202407837,-0.15231728553771973,-0.23626023530960083,-0.07296198606491089,-0.149358332157135,-0.09651726484298706,-0.2105855643749237,-0.11982935667037964,-0.2344786524772644,-0.1445084512233734,-0.24171346426010132,-0.05240893363952637,-0.15210974216461182,-0.07698720693588257,-0.21426290273666382,-0.1001371443271637,-0.23813089728355408,-0.12440598011016846,-0.2468215525150299,-0.02909177541732788,-0.14873266220092773,-0.05130577087402344,-0.199200838804245,-0.07222074270248413,-0.22298485040664673,-0.09445193409919739,-0.23622220754623413
0.0,0.0,-0.05115234851837158,0.0017722845077514648,-0.10054457187652588,-0.02713531255722046,-0.13698279857635498,-0.0436212420463562,-0.16963455080986023,-0.05399268865585327,-0.08937713503837585,-0.1377066969871521,-0.11050844192504883,-0.19482216238975525,-0.12851977348327637,-0.22011741995811462,-0.14854851365089417,-0.23493897914886475,-0.07176440954208374,-0.14838111400604248,-0.09482917189598083,-0.2088683545589447,-0.11759400367736816,-0.23449888825416565,-0.14151683449745178,-0.2447228729724884,-0.051819562911987305,-0.1511540412902832,-0.07611650228500366,-0.21319690346717834,-0.09883251786231995,-0.23819753527641296,-0.12317830324172974,-0.24943888187408447,-0.028712093830108643,-0.1480843424797058,-0.05015242099761963,-0.19900080561637878,-0.07092547416687012,-0.22358015179634094,-0.09347140789031982,-0.2389754056930542
0.0,0.0,-0.050621092319488525,0.0014442205429077148,-0.09888744354248047,-0.02851283550262451,-0.13501426577568054,-0.04662024974822998,-0.16974830627441406,-0.057311832904815674,-0.09009835124015808,-0.13958442211151123,-0.11213293671607971,-0.19781190156936646,-0.13079309463500977,-0.22237282991409302,-0.15142306685447693,-0.2357393503189087,-0.0712692141532898,-0.15006208419799805,-0.09537991881370544,-0.21163079142570496,-0.1186995804309845,-0.23625192046165466,-0.1436157524585724,-0.2454463541507721,-0.05051702260971069,-0.15272170305252075,-0.07649374008178711,-0.21602797508239746,-0.10100653767585754,-0.24095243215560913,-0.1266484260559082,-0.2512759566307068,-0.026704609394073486,-0.1493821144104004,-0.05051255226135254,-0.2018754482269287,-0.07263195514678955,-0.22697168588638306,-0.09619256854057312,-0.24178680777549744
0.0,0.0,-0.05083686113357544,-0.00030106306076049805,-0.09800863265991211,-0.02825772762298584,-0.13423877954483032,-0.044699788093566895,-0.16831272840499878,-0.057484447956085205,-0.08910605311393738,-0.13880163431167603,-0.11108848452568054,-0.195273756980896,-0.1295677125453949,-0.2198365032672882,-0.14985960721969604,-0.23410582542419434,-0.07040399312973022,-0.14918118715286255,-0.09358075261116028,-0.20911633968353271,-0.11682280898094177,-0.23414713144302368,-0.1416398286819458,-0.24452179670333862,-0.049741923809051514,-0.15176135301589966,-0.07403630018234253,-0.21319276094436646,-0.09701058268547058,-0.23814713954925537,-0.12148863077163696,-0.24887636303901672,-0.026147842407226562,-0.1481689214706421,-0.04821455478668213,-0.19871479272842407,-0.06894642114639282,-0.22335776686668396,-0.09121635556221008,-0.23843461275100708
0.0,0.0,-0.05001872777938843,0.001797318458557129,-0.09736740589141846,-0.026401877403259277,-0.13288867473602295,-0.04429048299789429,-0.16587737202644348,-0.05877065658569336,-0.08777797222137451,-0.13932085037231445,-0.10909074544906616,-0.19521430134773254,-0.1274794042110443,-0.21953555941581726,-0.14751318097114563,-0.2332722246646881,-0.0697394609451294,-0.14985936880111694,-0.09290269017219543,-0.2104364037513733,-0.1160624623298645,-0.2348867654800415,-0.14051714539527893,-0.2439264953136444,-0.04979908466339111,-0.15281641483306885,-0.07409006357192993,-0.21600410342216492,-0.09778881072998047,-0.24080640077590942,-0.12298071384429932,-0.2506657838821411,-0.026948392391204834,-0.1493762731552124,-0.04916650056838989,-0.20136165618896484,-0.07042449712753296,-0.2261762022972107,-0.09336647391319275,-0.24058356881141663
0.0,0.0,-0.04950106143951416,0.00030475854873657227,-0.09598660469055176,-0.025848805904388428,-0.13224244117736816,-0.041144609451293945,-0.1657666265964508,-0.056053340435028076,-0.08691737055778503,-0.13852417469024658,-0.10943678021430969,-0.19696253538131714,-0.1286238133907318,-0.22034865617752075,-0.14930623769760132,-0.23177999258041382,-0.06845265626907349,-0.14807790517807007,-0.09273079037666321,-0.20919477939605713,-0.11632552742958069,-0.23346197605133057,-0.1407918632030487,-0.24156710505485535,-0.047866880893707275,-0.15051054954528809,-0.07365921139717102,-0.21202564239501953,-0.09723711013793945,-0.23722907900810242,-0.12180593609809875,-0.24782603979110718,-0.02426546812057495,-0.1467369794845581,-0.047034382820129395,-0.19742116332054138,-0.06874668598175049,-0.22247177362442017,-0.09179908037185669,-0.23753610253334045
0.0,0.0,-0.05047893524169922,-0.0009690523147583008,-0.0967874526977539,-0.030990660190582275,-0.13193845748901367,-0.049670517444610596,-0.1653522253036499,-0.062210023403167725,-0.08666285872459412,-0.1418241262435913,-0.10858145356178284,-0.2005208432674408,-0.1270674467086792,-0.22505471110343933,-0.14776840806007385,-0.23856323957443237,-0.06693583726882935,-0.15146470069885254,-0.0899249017238617,-0.2130931317806244,-0.11300897598266602,-0.23804759979248047,-0.1382179856300354,-0.24803414940834045,-0.04504263401031494,-0.15252894163131714,-0.06912696361541748,-0.21461188793182373,-0.09216395020484924,-0.24011367559432983,-0.11724501848220825,-0.252160906791687,-0.01969778537750244,-0.14710533618927002,-0.0419500470161438,-0.19871842861175537,-0.06310409307479858,-0.22360387444496155,-0.08628144860267639,-0.23958030343055725
0.0,0.0,-0.05049830675125122,2.6345252990722656e-05,-0.09860008955001831,-0.03023242950439453,-0.13365444540977478,-0.04955136775970459,-0.16663700342178345,-0.06394773721694946,-0.08765155076980591,-0.1411171555519104,-0.10930407047271729,-0.20054051280021667,-0.12799754738807678,-0.2251386046409607,-0.14865747094154358,-0.23806500434875488,-0.0691145658493042,-0.15097683668136597,-0.09296289086341858,-0.21277478337287903,-0.11621201038360596,-0.23810189962387085,-0.1409076452255249,-0.24752336740493774,-0.048261284828186035,-0.15343445539474487,-0.07386565208435059,-0.21616986393928528,-0.09779483079910278,-0.24172177910804749,-0.12332415580749512,-0.253170907497406,-0.023851215839385986,-0.15000373125076294,-0.047200024127960205,-0.20201265811920166,-0.06917983293533325,-0.22718316316604614,-0.09299013018608093,-0.2430015206336975
0.0,0.0,-0.05134540796279907,0.0009489059448242188,-0.10012468695640564,-0.028135359287261963,-0.13600876927375793,-0.045491576194763184,-0.1691049039363861,-0.060622334480285645,-0.08745115995407104,-0.1415742039680481,-0.10969138145446777,-0.20013442635536194,-0.1288255751132965,-0.22400996088981628,-0.14994940161705017,-0.2360903024673462,-0.06902384757995605,-0.15071815252304077,-0.09306645393371582,-0.21261045336723328,-0.11689984798431396,-0.23753798007965088,-0.14192962646484375,-0.24592578411102295,-0.048698246479034424,-0.15275591611862183,-0.07444307208061218,-0.21602299809455872,-0.09867149591445923,-0.24147093296051025,-0.12458351254463196,-0.2524445354938507,-0.025274157524108887,-0.14898091554641724,-0.048568665981292725,-0.2013975977897644,-0.0704541802406311,-0.22672060132026672,-0.09425285458564758,-0.24234378337860107
0.0,0.0,-0.050685763359069824,-0.00039714574813842773,-0.09829515218734741,-0.0296170711517334,-0.13298436999320984,-0.046784281730651855,-0.1646277904510498,-0.06486403942108154,-0.08596250414848328,-0.14230996370315552,-0.10805776715278625,-0.20186245441436768,-0.12742146849632263,-0.2246415615081787,-0.148903489112854,-0.2342909574508667,-0.06727743148803711,-0.15191733837127686,-0.09079599380493164,-0.21570062637329102,-0.11515894532203674,-0.2384372353553772,-0.1407257318496704,-0.24253711104393005,-0.046911656856536865,-0.15425997972488403,-0.07252997159957886,-0.21929001808166504,-0.09804210066795349,-0.24333280324935913,-0.1244870126247406,-0.2506229281425476,-0.023312747478485107,-0.149865984916687,-0.04742729663848877,-0.20242169499397278,-0.0702277421951294,-0.22744089365005493,-0.09426969289779663,-0.2412906289100647
0.0,0.0,-0.051843881607055664,-0.0005252957344055176,-0.09827545285224915,-0.030201613903045654,-0.1315324902534485,-0.049012184143066406,-0.16194993257522583,-0.06944864988327026,-0.0863906741142273,-0.140869140625,-0.10766831040382385,-0.2002001404762268,-0.12767857313156128,-0.2217431366443634,-0.14986753463745117,-0.2296922504901886,-0.06848841905593872,-0.15077418088912964,-0.09186819195747375,-0.21344363689422607,-0.1169934868812561,-0.23504045605659485,-0.14335110783576965,-0.23813089728355408,-0.04869920015335083,-0.1536371111869812,-0.07380500435829163,-0.21811261773109436,-0.09982427954673767,-0.24043643474578857,-0.12672582268714905,-0.24558478593826294,-0.025705337524414062,-0.150456964969635,-0.04976236820220947,-0.20314717292785645,-0.07317209243774414,-0.22728541493415833,-0.09763661026954651,-0.23979750275611877
0.0,0.0,-0.05097430944442749,0.00016796588897705078,-0.09682971239089966,-0.028600454330444336,-0.12956878542900085,-0.048541903495788574,-0.15920543670654297,-0.07231336832046509,-0.08527711033821106,-0.14016783237457275,-0.10617625713348389,-0.20135784149169922,-0.1264447569847107,-0.22236311435699463,-0.14903104305267334,-0.22827377915382385,-0.06704819202423096,-0.14940041303634644,-0.08985471725463867,-0.21413862705230713,-0.11513352394104004,-0.2348102331161499,-0.14152157306671143,-0.2357454001903534,-0.04719752073287964,-0.15173065662384033,-0.07192158699035645,-0.21755948662757874,-0.09814110398292542,-0.23966968059539795,-0.12491029500961304,-0.24425095319747925,-0.024357616901397705,-0.14755243062973022,-0.048275768756866455,-0.20082101225852966,-0.07178953289985657,-0.22519534826278687,-0.09625193476676941,-0.23803049325942993
0.0,0.0,-0.05026102066040039,-0.001742720603942871,-0.09550315141677856,-0.031197071075439453,-0.1280888020992279,-0.050652384757995605,-0.15599370002746582,-0.07670527696609497,-0.08428660035133362,-0.14184081554412842,-0.10407498478889465,-0.20169556140899658,-0.12436604499816895,-0.22332844138145447,-0.14641571044921875,-0.23055565357208252,-0.06672602891921997,-0.1506214737892151,-0.08892560005187988,-0.21283572912216187,-0.11447560787200928,-0.23474431037902832,-0.14116781949996948,-0.23807775974273682,-0.047160208225250244,-0.153059184551239,-0.07136622071266174,-0.21629062294960022,-0.09779128432273865,-0.23903486132621765,-0.12531137466430664,-0.2450113296508789,-0.024635255336761475,-0.1489419937133789,-0.04813569784164429,-0.20123159885406494,-0.07180529832839966,-0.22572004795074463,-0.0967610776424408,-0.23838412761688232
0.0,0.0,-0.051597774028778076,-0.002019166946411133,-0.09771713614463806,-0.03217315673828125,-0.13093727827072144,-0.0511854887008667,-0.1585988700389862,-0.07514941692352295,-0.08570399880409241,-0.1430625319480896,-0.10656768083572388,-0.20359903573989868,-0.1271883249282837,-0.22488480806350708,-0.1496984362602234,-0.2311859130859375,-0.06809872388839722,-0.152260422706604,-0.09152448177337646,-0.2164548933506012,-0.11735302209854126,-0.23723644018173218,-0.14395856857299805,-0.23753255605697632,-0.04890209436416626,-0.15566515922546387,-0.0737963318824768,-0.22065728902816772,-0.1011090874671936,-0.24279654026031494,-0.12868675589561462,-0.2459983229637146,-0.026703357696533203,-0.152854323387146,-0.050602614879608154,-0.20517867803573608,-0.07518884539604187,-0.22984299063682556,-0.10036912560462952,-0.24159008264541626
0.0,0.0,-0.051580190658569336,-0.0009119510650634766,-0.09844991564750671,-0.031142473220825195,-0.1323080062866211,-0.05115342140197754,-0.16178539395332336,-0.07699406147003174,-0.08529499173164368,-0.1483299732208252,-0.10582759976387024,-0.2082977294921875,-0.12678629159927368,-0.22975817322731018,-0.14994415640830994,-0.23666414618492126,-0.06711304187774658,-0.15701645612716675,-0.09049168229103088,-0.22208315134048462,-0.11715245246887207,-0.24227601289749146,-0.14477920532226562,-0.242037832736969,-0.047203779220581055,-0.1590072512626648,-0.07227221131324768,-0.22500652074813843,-0.09986701607704163,-0.24673300981521606,-0.1282334327697754,-0.2503301501274109,-0.02424609661102295,-0.15377628803253174,-0.04921066761016846,-0.20649009943008423,-0.07395133376121521,-0.23170053958892822,-0.09948110580444336,-0.24505406618118286
0.0,0.0,-0.05059528350830078,-0.0036020874977111816,-0.097592294216156,-0.036589205265045166,-0.13131007552146912,-0.05652981996536255,-0.16138648986816406,-0.07877165079116821,-0.08417397737503052,-0.15311026573181152,-0.10475572943687439,-0.21639090776443481,-0.1267235279083252,-0.2367880642414093,-0.15023964643478394,-0.24116581678390503,-0.06575846672058105,-0.16109496355056763,-0.08873775601387024,-0.2300420105457306,-0.11612072587013245,-0.24979567527770996,-0.14347895979881287,-0.2476019263267517,-0.045543551445007324,-0.16214817762374878,-0.07043707370758057,-0.23057812452316284,-0.0989181399345398,-0.25264838337898254,-0.1273694634437561,-0.2555575966835022,-0.022408723831176758,-0.1559150218963623,-0.04774540662765503,-0.2096945345401764,-0.07385891675949097,-0.23583102226257324,-0.10048985481262207,-0.24962061643600464
0.0,0.0,-0.05112934112548828,-0.0026813149452209473,-0.0980316698551178,-0.03415954113006592,-0.13184842467308044,-0.05301535129547119,-0.1618756353855133,-0.07491463422775269,-0.08514347672462463,-0.15176397562026978,-0.10563886165618896,-0.21476978063583374,-0.1276821494102478,-0.23482635617256165,-0.15165090560913086,-0.23955151438713074,-0.06682950258255005,-0.15973252058029175,-0.09061604738235474,-0.22964254021644592,-0.11913308501243591,-0.24731791019439697,-0.14688020944595337,-0.2420152723789215,-0.0471729040145874,-0.1609594225883484,-0.07265183329582214,-0.2309960126876831,-0.10283130407333374,-0.25006335973739624,-0.13197875022888184,-0.24918806552886963,-0.024675309658050537,-0.1554020643234253,-0.0509830117225647,-0.2099962830543518,-0.07890903949737549,-0.23399865627288818,-0.10666939616203308,-0.24417191743850708
0.0,0.0,-0.05089205503463745,-0.003117084503173828,-0.09834745526313782,-0.0341760516166687,-0.13315561413764954,-0.05392736196517944,-0.165446937084198,-0.07440388202667236,-0.08514630794525146,-0.15142685174942017,-0.105837881565094,-0.21498292684555054,-0.12783855199813843,-0.23480314016342163,-0.15140044689178467,-0.2382320761680603,-0.0669131875038147,-0.15944665670394897,-0.09062555432319641,-0.228721022605896,-0.11852476000785828,-0.2468177080154419,-0.1460074782371521,-0.24186092615127563,-0.04693162441253662,-0.1606709361076355,-0.072226881980896,-0.22931146621704102,-0.1012353003025055,-0.24962902069091797,-0.1296849250793457,-0.25019004940986633,-0.023728549480438232,-0.15515512228012085,-0.049281418323516846,-0.2082090973854065,-0.07601043581962585,-0.2336186170578003,-0.1030346155166626,-0.24621564149856567
0.0,0.0,-0.051079630851745605,-0.002010524272918701,-0.09922873973846436,-0.03458327054977417,-0.1329548954963684,-0.05613893270492554,-0.16380161046981812,-0.07685714960098267,-0.08474791049957275,-0.15189629793167114,-0.10500913858413696,-0.21503588557243347,-0.12718820571899414,-0.23599332571029663,-0.15129756927490234,-0.24107837677001953,-0.06577059626579285,-0.15994083881378174,-0.08895179629325867,-0.2288423478603363,-0.11721822619438171,-0.24752065539360046,-0.14533329010009766,-0.2438451647758484,-0.045509397983551025,-0.1612149477005005,-0.07114198803901672,-0.22973674535751343,-0.10116320848464966,-0.2499908208847046,-0.13023754954338074,-0.25083282589912415,-0.022371292114257812,-0.15579259395599365,-0.04900014400482178,-0.20931264758110046,-0.07636392116546631,-0.23401778936386108,-0.1032964289188385,-0.24535566568374634
0.0,0.0,-0.050909340381622314,-0.0018808245658874512,-0.09910500049591064,-0.033918142318725586,-0.13344523310661316,-0.054962217807769775,-0.16513007879257202,-0.07557523250579834,-0.08503955602645874,-0.15138781070709229,-0.10525143146514893,-0.2138826549053192,-0.12687763571739197,-0.23457959294319153,-0.15087786316871643,-0.2398252785205841,-0.06639516353607178,-0.1594705581665039,-0.09018409252166748,-0.22818303108215332,-0.11811652779579163,-0.24752986431121826,-0.14601778984069824,-0.24412184953689575,-0.04668790102005005,-0.16132140159606934,-0.07244104146957397,-0.23044633865356445,-0.10183477401733398,-0.2512064576148987,-0.13094502687454224,-0.2520190477371216,-0.02430272102355957,-0.15689432621002197,-0.05068099498748779,-0.21062815189361572,-0.07784968614578247,-0.23530039191246033,-0.10533887147903442,-0.24625131487846375
0.0,0.0,-0.0503237247467041,-0.002375304698944092,-0.0982024073600769,-0.03464651107788086,-0.1328793168067932,-0.05465400218963623,-0.16474056243896484,-0.07582581043243408,-0.08612027764320374,-0.15168029069900513,-0.10652366280555725,-0.21496132016181946,-0.12826105952262878,-0.2351158857345581,-0.1525125801563263,-0.23925191164016724,-0.06725484132766724,-0.160020649433136,-0.09105369448661804,-0.2290424406528473,-0.11905261874198914,-0.24704205989837646,-0.14739638566970825,-0.24190890789031982,-0.04711800813674927,-0.16187065839767456,-0.07326698303222656,-0.23092865943908691,-0.10308241844177246,-0.250332772731781,-0.1324363350868225,-0.24984854459762573,-0.024352848529815674,-0.156968891620636,-0.05194282531738281,-0.21047958731651306,-0.07950305938720703,-0.23417013883590698,-0.10690280795097351,-0.2441815733909607
0.0,0.0,-0.05074352025985718,-0.0034214258193969727,-0.0986061692237854,-0.03642052412033081,-0.13296911120414734,-0.05666428804397583,-0.1636953353881836,-0.07792526483535767,-0.08342573046684265,-0.15502911806106567,-0.10272228717803955,-0.21807831525802612,-0.12487947940826416,-0.23906069993972778,-0.14915454387664795,-0.2430298924446106,-0.06529158353805542,-0.16223984956741333,-0.08794859051704407,-0.23211511969566345,-0.11618807911872864,-0.2506526708602905,-0.1444028913974762,-0.24538838863372803,-0.045798659324645996,-0.1628219485282898,-0.07046812772750854,-0.23211419582366943,-0.1004004180431366,-0.251084566116333,-0.12967988848686218,-0.24985021352767944,-0.023830056190490723,-0.15674585103988647,-0.04984849691390991,-0.21100148558616638,-0.07681632041931152,-0.23472118377685547,-0.10374173521995544,-0.24454665184020996
0.0,0.0,-0.050463080406188965,-0.0027323365211486816,-0.09848317503929138,-0.03533363342285156,-0.13340213894844055,-0.055890023708343506,-0.16514357924461365,-0.07450193166732788,-0.08374053239822388,-0.15283381938934326,-0.10404157638549805,-0.2147718369960785,-0.12592312693595886,-0.23476284742355347,-0.14939147233963013,-0.2388591170310974,-0.06535068154335022,-0.16116547584533691,-0.08794084191322327,-0.23186847567558289,-0.11611342430114746,-0.24901795387268066,-0.14357659220695496,-0.24253499507904053,-0.04541885852813721,-0.1621573567390442,-0.06995415687561035,-0.23171588778495789,-0.09954264760017395,-0.24993771314620972,-0.12790712714195251,-0.2480846643447876,-0.022390365600585938,-0.15588915348052979,-0.0481223464012146,-0.2099478840827942,-0.07524365186691284,-0.23352012038230896,-0.10204687714576721,-0.24344977736473083
0.0,0.0,-0.050729334354400635,-0.005112648010253906,-0.09823018312454224,-0.04039502143859863,-0.13370761275291443,-0.060780882835388184,-0.16718155145645142,-0.07682347297668457,-0.08392202854156494,-0.1561529040336609,-0.10449299216270447,-0.21813100576400757,-0.127221018075943,-0.23832589387893677,-0.15131846070289612,-0.2425234615802765,-0.06547948718070984,-0.16389209032058716,-0.088803231716156,-0.23463109135627747,-0.11792659759521484,-0.25088196992874146,-0.14624637365341187,-0.24343007802963257,-0.04571610689163208,-0.1652296781539917,-0.07095292210578918,-0.2356080710887909,-0.10173285007476807,-0.25302794575691223,-0.13104605674743652,-0.25006556510925293,-0.023388922214508057,-0.1598670482635498,-0.04985707998275757,-0.2139686942100525,-0.07819700241088867,-0.23749250173568726,-0.10612300038337708,-0.24711966514587402
0.0,0.0,-0.05062967538833618,-0.00580674409866333,-0.09665688872337341,-0.03934961557388306,-0.13217517733573914,-0.05778086185455322,-0.1651402711868286,-0.07767736911773682,-0.08189991116523743,-0.157331645488739,-0.10335743427276611,-0.21883127093315125,-0.12628039717674255,-0.23871436715126038,-0.1503640115261078,-0.24265801906585693,-0.06391975283622742,-0.16546469926834106,-0.08792328834533691,-0.23589736223220825,-0.11707937717437744,-0.25312042236328125,-0.14569821953773499,-0.24716484546661377,-0.04411131143569946,-0.16612201929092407,-0.06900098919868469,-0.23707419633865356,-0.09960156679153442,-0.2554873526096344,-0.12911006808280945,-0.2535654306411743,-0.021316885948181152,-0.1590331792831421,-0.046160995960235596,-0.21356776356697083,-0.07390019297599792,-0.23832732439041138,-0.10176753997802734,-0.24907538294792175
0.0,0.0,-0.050901949405670166,-0.004924297332763672,-0.09729447960853577,-0.038927555084228516,-0.13167133927345276,-0.057421088218688965,-0.16177141666412354,-0.08039265871047974,-0.08345600962638855,-0.1559528112411499,-0.10336744785308838,-0.21873629093170166,-0.12550604343414307,-0.23955988883972168,-0.14913979172706604,-0.24425843358039856,-0.0652347207069397,-0.16422855854034424,-0.0881589949131012,-0.23461216688156128,-0.1163645088672638,-0.2526968717575073,-0.14446353912353516,-0.24800938367843628,-0.04523301124572754,-0.1651509404182434,-0.06958535313606262,-0.23520243167877197,-0.09940806031227112,-0.2543105483055115,-0.12829923629760742,-0.25387057662010193,-0.022514402866363525,-0.15828388929367065,-0.04752659797668457,-0.2123641073703766,-0.07493352890014648,-0.23679432272911072,-0.10194805264472961,-0.24829617142677307
0.0,0.0,-0.05078017711639404,-0.004353344440460205,-0.0972723662853241,-0.03740614652633667,-0.13266518712043762,-0.055511415004730225,-0.1636766791343689,-0.07922905683517456,-0.08434146642684937,-0.15427309274673462,-0.10558447241783142,-0.2181926667690277,-0.12794581055641174,-0.23857522010803223,-0.151603102684021,-0.24249643087387085,-0.06661567091941833,-0.16250991821289062,-0.09066849946975708,-0.23355665802955627,-0.11891666054725647,-0.25089654326438904,-0.14673620462417603,-0.24516671895980835,-0.0469207763671875,-0.1637740135192871,-0.07215219736099243,-0.235036700963974,-0.102012038230896,-0.2539573609828949,-0.1309710443019867,-0.25294575095176697,-0.024438023567199707,-0.15756464004516602,-0.0499301552772522,-0.2119969129562378,-0.07745230197906494,-0.23628810048103333,-0.10476914048194885,-0.2475757896900177
0.0,0.0,-0.05193960666656494,-0.005754232406616211,-0.09731629490852356,-0.038200318813323975,-0.13257452845573425,-0.05529969930648804,-0.16355758905410767,-0.07867932319641113,-0.08402988314628601,-0.1558038592338562,-0.10430634021759033,-0.21820276975631714,-0.12757515907287598,-0.23742783069610596,-0.15187817811965942,-0.2401459813117981,-0.06632053852081299,-0.16468137502670288,-0.0897504985332489,-0.2360817790031433,-0.11945387721061707,-0.2523916959762573,-0.14836204051971436,-0.24497944116592407,-0.04698604345321655,-0.16631335020065308,-0.07062354683876038,-0.23765328526496887,-0.10173732042312622,-0.2547277808189392,-0.13175547122955322,-0.25072482228279114,-0.025057077407836914,-0.16010373830795288,-0.04886889457702637,-0.21436724066734314,-0.07663920521736145,-0.23790499567985535,-0.1044846773147583,-0.2471570372581482
0.0,0.0,-0.051208555698394775,-0.005354464054107666,-0.09777039289474487,-0.03890162706375122,-0.13301438093185425,-0.056432366371154785,-0.16300788521766663,-0.078299880027771,-0.0822041928768158,-0.1579601764678955,-0.10236495733261108,-0.22003230452537537,-0.12555813789367676,-0.23883962631225586,-0.14954528212547302,-0.24105805158615112,-0.06474784016609192,-0.16700124740600586,-0.08796951174736023,-0.23935818672180176,-0.11746791005134583,-0.2547903060913086,-0.14537721872329712,-0.24630677700042725,-0.04560357332229614,-0.1681070327758789,-0.06927052140235901,-0.239728182554245,-0.10070544481277466,-0.255168616771698,-0.13008862733840942,-0.25014883279800415,-0.024206936359405518,-0.16102486848831177,-0.04809457063674927,-0.2153044044971466,-0.0759950578212738,-0.23762965202331543,-0.10344141721725464,-0.2460165023803711
0.0,0.0,-0.051284730434417725,-0.005720973014831543,-0.09768947958946228,-0.0376361608505249,-0.13296061754226685,-0.054325997829437256,-0.16306722164154053,-0.07710951566696167,-0.08297759294509888,-0.1568717360496521,-0.10323825478553772,-0.21839404106140137,-0.12620550394058228,-0.23747092485427856,-0.15032726526260376,-0.24112021923065186,-0.06575882434844971,-0.16534966230392456,-0.08962127566337585,-0.235603928565979,-0.11892497539520264,-0.2516062259674072,-0.14695137739181519,-0.24418103694915771,-0.04703080654144287,-0.1668519377708435,-0.07192495465278625,-0.2366355061531067,-0.10336542129516602,-0.25311416387557983,-0.13308098912239075,-0.24923449754714966,-0.025822937488555908,-0.1609627604484558,-0.051193296909332275,-0.2151140570640564,-0.07962232828140259,-0.23777547478675842,-0.10770171880722046,-0.24634796380996704
0.0,0.0,-0.05077332258224487,-0.004861235618591309,-0.09739553928375244,-0.037312328815460205,-0.1319485902786255,-0.05532270669937134,-0.16378533840179443,-0.07499700784683228,-0.0825619101524353,-0.15413016080856323,-0.10316681861877441,-0.214824378490448,-0.12593266367912292,-0.23403507471084595,-0.14988967776298523,-0.23698648810386658,-0.06496775150299072,-0.16241943836212158,-0.08838990330696106,-0.2323426902294159,-0.11722147464752197,-0.24759674072265625,-0.14491719007492065,-0.23886078596115112,-0.04577261209487915,-0.1637963056564331,-0.07033804059028625,-0.23324739933013916,-0.1009487509727478,-0.24918478727340698,-0.1298617720603943,-0.24496522545814514,-0.024020254611968994,-0.15772998332977295,-0.049332499504089355,-0.21086785197257996,-0.07678461074829102,-0.23327907919883728,-0.10373106598854065,-0.2418254017829895
0.0,0.0,-0.051463782787323,-0.0038549304008483887,-0.09882354736328125,-0.037701427936553955,-0.13363027572631836,-0.05884969234466553,-0.16614538431167603,-0.07549315690994263,-0.08378452062606812,-0.15203237533569336,-0.10478883981704712,-0.21312114596366882,-0.12688392400741577,-0.23295533657073975,-0.15049844980239868,-0.23636990785598755,-0.06606417894363403,-0.1610860824584961,-0.09004360437393188,-0.23081880807876587,-0.11845272779464722,-0.24738338589668274,-0.14601826667785645,-0.23974952101707458,-0.046724796295166016,-0.1629718542098999,-0.07151943445205688,-0.23286664485931396,-0.10183414816856384,-0.25034308433532715,-0.1306568682193756,-0.24702394008636475,-0.024951040744781494,-0.15769082307815552,-0.05035442113876343,-0.21073195338249207,-0.07799339294433594,-0.23384153842926025,-0.10536396503448486,-0.24294930696487427
0.0,0.0,-0.05112558603286743,-0.005496799945831299,-0.09843888878822327,-0.039543330669403076,-0.13428571820259094,-0.057722508907318115,-0.16690662503242493,-0.07663559913635254,-0.08492743968963623,-0.15713608264923096,-0.10608741641044617,-0.21717298030853271,-0.1284400224685669,-0.23577439785003662,-0.15214598178863525,-0.23840370774269104,-0.06651991605758667,-0.1661282777786255,-0.0905722975730896,-0.23622137308120728,-0.11908841133117676,-0.25139182806015015,-0.1468239724636078,-0.24233350157737732,-0.04668867588043213,-0.16728681325912476,-0.07100313901901245,-0.23758220672607422,-0.10191765427589417,-0.2539295256137848,-0.13144731521606445,-0.24965599179267883,-0.024791836738586426,-0.16054022312164307,-0.05089282989501953,-0.2135789692401886,-0.0790422260761261,-0.2367413341999054,-0.10687121748924255,-0.24645888805389404
0.0,0.0,-0.05155128240585327,-0.0056113600730896,-0.09820488095283508,-0.03935551643371582,-0.13451310992240906,-0.05741244554519653,-0.1671547293663025,-0.07676339149475098,-0.0828859806060791,-0.154737651348114,-0.10408741235733032,-0.21506237983703613,-0.1267097294330597,-0.23476478457450867,-0.15058529376983643,-0.23868268728256226,-0.06432539224624634,-0.1636372208595276,-0.0879659652709961,-0.23380130529403687,-0.11652112007141113,-0.24989697337150574,-0.144540935754776,-0.2425352931022644,-0.04418915510177612,-0.1645553708076477,-0.06822860240936279,-0.23516416549682617,-0.09870147705078125,-0.2520192265510559,-0.12793326377868652,-0.24822598695755005,-0.02174556255340576,-0.15721279382705688,-0.04601907730102539,-0.2107786238193512,-0.07349681854248047,-0.23430126905441284,-0.10091567039489746,-0.24401023983955383
0.0,0.0,-0.051106929779052734,-0.0071985721588134766,-0.09816130995750427,-0.03962069749832153,-0.13472512364387512,-0.05594074726104736,-0.1673235297203064,-0.07735669612884521,-0.08213889598846436,-0.1562817096710205,-0.10330334305763245,-0.21786534786224365,-0.1268128752708435,-0.23698490858078003,-0.15188995003700256,-0.24009272456169128,-0.06397318840026855,-0.16435682773590088,-0.08811911940574646,-0.23451703786849976,-0.11804896593093872,-0.25067126750946045,-0.14726543426513672,-0.2431718409061432,-0.044700801372528076,-0.165549635887146,-0.06978973746299744,-0.2354092001914978,-0.10149255394935608,-0.2526111602783203,-0.13183829188346863,-0.24938148260116577,-0.02328789234161377,-0.15944921970367432,-0.04923504590988159,-0.21310850977897644,-0.07728719711303711,-0.2364138960838318,-0.10515230894088745,-0.2455645203590393
0.0,0.0,-0.04960983991622925,-0.008499562740325928,-0.09454157948493958,-0.040839195251464844,-0.13083550333976746,-0.055357933044433594,-0.16258245706558228,-0.07679218053817749,-0.08153945207595825,-0.15623968839645386,-0.10228899121284485,-0.21920281648635864,-0.126042902469635,-0.23808491230010986,-0.15099969506263733,-0.24058836698532104,-0.06378912925720215,-0.16476976871490479,-0.08699661493301392,-0.2365880012512207,-0.117148756980896,-0.2520902752876282,-0.14657798409461975,-0.24372738599777222,-0.04450047016143799,-0.16625577211380005,-0.06845059990882874,-0.23841652274131775,-0.09999653697013855,-0.25515493750572205,-0.13021862506866455,-0.250696063041687,-0.022813022136688232,-0.16008025407791138,-0.048011064529418945,-0.2145179808139801,-0.07627066969871521,-0.23743519186973572,-0.10430625081062317,-0.24573686718940735
0.0,0.0,-0.05049258470535278,-0.008502960205078125,-0.09605008363723755,-0.04013007879257202,-0.13346678018569946,-0.05647599697113037,-0.16688024997711182,-0.07657915353775024,-0.08303216099739075,-0.1550324559211731,-0.10433736443519592,-0.21651464700698853,-0.12745288014411926,-0.23622781038284302,-0.15229561924934387,-0.23986485600471497,-0.06538715958595276,-0.16380178928375244,-0.08871075510978699,-0.2346455454826355,-0.11781933903694153,-0.25101932883262634,-0.14666077494621277,-0.24353423714637756,-0.04600965976715088,-0.16497695446014404,-0.06961175799369812,-0.23579037189483643,-0.10028651356697083,-0.25305384397506714,-0.1299472451210022,-0.24935293197631836,-0.024194419384002686,-0.15825986862182617,-0.04846298694610596,-0.21278950572013855,-0.0765070915222168,-0.23701494932174683,-0.10486149787902832,-0.24685677886009216
0.0,0.0,-0.05078631639480591,-0.008323311805725098,-0.095680832862854,-0.040030717849731445,-0.13178017735481262,-0.05564594268798828,-0.16380226612091064,-0.07707476615905762,-0.08135974407196045,-0.15635055303573608,-0.10279092192649841,-0.21961084008216858,-0.1268215775489807,-0.23864531517028809,-0.15179628133773804,-0.24097874760627747,-0.06351295113563538,-0.16468799114227295,-0.08708614110946655,-0.2374778687953949,-0.11716663837432861,-0.2527318596839905,-0.14642754197120667,-0.24406057596206665,-0.04384291172027588,-0.16551744937896729,-0.0681736171245575,-0.2382415533065796,-0.09966257214546204,-0.2552182674407959,-0.12955230474472046,-0.2511324882507324,-0.021839678287506104,-0.1582466959953308,-0.04669290781021118,-0.21269431710243225,-0.07479614019393921,-0.23645135760307312,-0.1024182140827179,-0.2461663782596588
0.0,0.0,-0.05017608404159546,-0.0070664286613464355,-0.09534254670143127,-0.03884965181350708,-0.1302676796913147,-0.05482470989227295,-0.16136741638183594,-0.07687395811080933,-0.08096751570701599,-0.15704447031021118,-0.10156586766242981,-0.21754688024520874,-0.12528488039970398,-0.2362174093723297,-0.150098979473114,-0.23942211270332336,-0.06327620148658752,-0.16516315937042236,-0.086464524269104,-0.23482462763786316,-0.11617425084114075,-0.24996227025985718,-0.14492100477218628,-0.24251586198806763,-0.04414725303649902,-0.16573113203048706,-0.06789812445640564,-0.2352636158466339,-0.09909957647323608,-0.25146716833114624,-0.1289176642894745,-0.24826794862747192,-0.022975623607635498,-0.1582329273223877,-0.04770553112030029,-0.21172025799751282,-0.07527926564216614,-0.23416000604629517,-0.10266071557998657,-0.2432386875152588
0.0,0.0,-0.0501476526260376,-0.005807161331176758,-0.09720772504806519,-0.03817582130432129,-0.13267874717712402,-0.053759217262268066,-0.16174542903900146,-0.07799911499023438,-0.0812433660030365,-0.15564441680908203,-0.10173273086547852,-0.21692225337028503,-0.12558645009994507,-0.23417267203330994,-0.15001052618026733,-0.23521164059638977,-0.06384703516960144,-0.16353577375411987,-0.08781471848487854,-0.2335847020149231,-0.11773279309272766,-0.2467384934425354,-0.14557933807373047,-0.23651248216629028,-0.045199453830718994,-0.1646999716758728,-0.07019543647766113,-0.23407700657844543,-0.10195213556289673,-0.2485361099243164,-0.13144662976264954,-0.24355274438858032,-0.024784624576568604,-0.15822315216064453,-0.05076879262924194,-0.21184983849525452,-0.07918834686279297,-0.23293691873550415,-0.10675415396690369,-0.24037319421768188
0.0,0.0,-0.05012005567550659,-0.006103157997131348,-0.09704264998435974,-0.03892022371292114,-0.13210797309875488,-0.05578058958053589,-0.16057035326957703,-0.07962316274642944,-0.08232927322387695,-0.15473371744155884,-0.10306698083877563,-0.21598145365715027,-0.12584403157234192,-0.2333781123161316,-0.1496882140636444,-0.23428338766098022,-0.06458735466003418,-0.16247087717056274,-0.08866748213768005,-0.23132500052452087,-0.11709702014923096,-0.2456335425376892,-0.1447066068649292,-0.2372555136680603,-0.04474520683288574,-0.16328907012939453,-0.06923496723175049,-0.2320704162120819,-0.09933540225028992,-0.24775582551956177,-0.12849345803260803,-0.24423903226852417,-0.022112905979156494,-0.15639150142669678,-0.04731917381286621,-0.20875132083892822,-0.07465970516204834,-0.23160815238952637,-0.10188764333724976,-0.24190235137939453
0.0,0.0,-0.04963475465774536,-0.007311344146728516,-0.09549972414970398,-0.04072815179824829,-0.1308685541152954,-0.057980895042419434,-0.16021963953971863,-0.08235222101211548,-0.08145922422409058,-0.15563368797302246,-0.1028367280960083,-0.21599245071411133,-0.1257646381855011,-0.2342626452445984,-0.14965155720710754,-0.23684436082839966,-0.06323102116584778,-0.16415750980377197,-0.08712887763977051,-0.23306134343147278,-0.11545643210411072,-0.24865034222602844,-0.14297854900360107,-0.24070337414741516,-0.04326218366622925,-0.1653011441230774,-0.06737124919891357,-0.23450353741645813,-0.09733954071998596,-0.2514784336090088,-0.12605684995651245,-0.24836015701293945,-0.020954251289367676,-0.15853112936019897,-0.046255528926849365,-0.21046555042266846,-0.07359367609024048,-0.23363888263702393,-0.10023164749145508,-0.24373695254325867
0.0,0.0,-0.051774561405181885,-0.007467389106750488,-0.09660130739212036,-0.03884321451187134,-0.13249531388282776,-0.055008649826049805,-0.16144442558288574,-0.07954972982406616,-0.08100685477256775,-0.1533835530281067,-0.1023678183555603,-0.21578681468963623,-0.12638583779335022,-0.23371142148971558,-0.15067172050476074,-0.23411938548088074,-0.0632466971874237,-0.1617165207862854,-0.08769923448562622,-0.2320374846458435,-0.1174149215221405,-0.24670493602752686,-0.1461493968963623,-0.2375527322292328,-0.043487370014190674,-0.16326385736465454,-0.06857508420944214,-0.23318850994110107,-0.09986189007759094,-0.24962902069091797,-0.12934792041778564,-0.2451026439666748,-0.021262288093566895,-0.15668368339538574,-0.04614144563674927,-0.20970332622528076,-0.07417404651641846,-0.2328869104385376,-0.10163518786430359,-0.2421495020389557
0.0,0.0,-0.051958680152893066,-0.009012401103973389,-0.09659838676452637,-0.04149484634399414,-0.13173896074295044,-0.057136356830596924,-0.16184541583061218,-0.07966405153274536,-0.0821118950843811,-0.155739426612854,-0.10292941331863403,-0.21594089269638062,-0.12673667073249817,-0.23407286405563354,-0.1515127420425415,-0.2354280948638916,-0.06515362858772278,-0.16415518522262573,-0.08926627039909363,-0.23212480545043945,-0.11863988637924194,-0.24702385067939758,-0.14707493782043457,-0.237945556640625,-0.046280622482299805,-0.16597247123718262,-0.07044351100921631,-0.23440513014793396,-0.10171574354171753,-0.25054094195365906,-0.1314319670200348,-0.24565550684928894,-0.024875640869140625,-0.16041642427444458,-0.04951822757720947,-0.21431675553321838,-0.07805252075195312,-0.23742175102233887,-0.10623764991760254,-0.2458251714706421
0.0,0.0,-0.05058819055557251,-0.00890350341796875,-0.09616729617118835,-0.0415569543838501,-0.13168734312057495,-0.05809807777404785,-0.16180312633514404,-0.08002424240112305,-0.08091193437576294,-0.15515410900115967,-0.1015176773071289,-0.21623915433883667,-0.12512239813804626,-0.23466873168945312,-0.14943984150886536,-0.23664367198944092,-0.06320074200630188,-0.1634013056755066,-0.08713692426681519,-0.23173931241035461,-0.11642321944236755,-0.24773219227790833,-0.14489144086837769,-0.24085816740989685,-0.04359591007232666,-0.1648680567741394,-0.06825646758079529,-0.23289042711257935,-0.09966358542442322,-0.24992024898529053,-0.12957420945167542,-0.24680599570274353,-0.02153193950653076,-0.15923529863357544,-0.04784190654754639,-0.2116994559764862,-0.076028972864151,-0.23453965783119202,-0.10352778434753418,-0.24369603395462036
0.0,0.0,-0.050235748291015625,-0.008013308048248291,-0.09486553072929382,-0.040471792221069336,-0.13082578778266907,-0.0564919114112854,-0.16133597493171692,-0.07888984680175781,-0.07977074384689331,-0.15397095680236816,-0.10074871778488159,-0.2157813310623169,-0.12510335445404053,-0.23439502716064453,-0.14959657192230225,-0.23591560125350952,-0.06226268410682678,-0.16203588247299194,-0.08642494678497314,-0.2318878471851349,-0.11648660898208618,-0.24712049961090088,-0.14526015520095825,-0.23899328708648682,-0.042780935764312744,-0.1634712815284729,-0.06769457459449768,-0.23248645663261414,-0.099588543176651,-0.24890738725662231,-0.12946638464927673,-0.24507832527160645,-0.02086108922958374,-0.15730422735214233,-0.04630625247955322,-0.21030592918395996,-0.0745299756526947,-0.2339579463005066,-0.10200142860412598,-0.24371421337127686
0.0,0.0,-0.050598084926605225,-0.007240951061248779,-0.09578606486320496,-0.03928852081298828,-0.13227364420890808,-0.05419081449508667,-0.16185873746871948,-0.07721006870269775,-0.0804743766784668,-0.15403908491134644,-0.10206156969070435,-0.21569058299064636,-0.1261386275291443,-0.23409444093704224,-0.1505923867225647,-0.23519748449325562,-0.06317177414894104,-0.16229647397994995,-0.08784741163253784,-0.2312486469745636,-0.1171562671661377,-0.24627506732940674,-0.14556539058685303,-0.23775076866149902,-0.043673038482666016,-0.16418302059173584,-0.06894055008888245,-0.23347604274749756,-0.10038146376609802,-0.24933016300201416,-0.13018018007278442,-0.24486976861953735,-0.021919608116149902,-0.1583026647567749,-0.048338115215301514,-0.2118089199066162,-0.07712823152542114,-0.23468968272209167,-0.10509023070335388,-0.2435477375984192
0.0,0.0,-0.049598753452301025,-0.0064778923988342285,-0.09620165824890137,-0.03981983661651611,-0.13146549463272095,-0.056791841983795166,-0.16079211235046387,-0.07950538396835327,-0.08026516437530518,-0.15515553951263428,-0.10112684965133667,-0.21607065200805664,-0.124787837266922,-0.23408254981040955,-0.14899355173110962,-0.23603492975234985,-0.0625808835029602,-0.16369134187698364,-0.0865572988986969,-0.2341752052307129,-0.1161385178565979,-0.2480098009109497,-0.14402425289154053,-0.23834699392318726,-0.04301810264587402,-0.1653192639350891,-0.06754744052886963,-0.2359355390071869,-0.09880927205085754,-0.2507498860359192,-0.12822353839874268,-0.24579310417175293,-0.020951509475708008,-0.1588391661643982,-0.04619789123535156,-0.2118663489818573,-0.07461714744567871,-0.234397292137146,-0.10248184204101562,-0.24338674545288086
0.0,0.0,-0.05052220821380615,-0.0067588090896606445,-0.09823936223983765,-0.039586782455444336,-0.1346135139465332,-0.056548476219177246,-0.16624104976654053,-0.07674890756607056,-0.08314380049705505,-0.15514874458312988,-0.10449731349945068,-0.21411916613578796,-0.1278994083404541,-0.23212593793869019,-0.15194100141525269,-0.23425719141960144,-0.065451979637146,-0.16407275199890137,-0.08938676118850708,-0.2335488200187683,-0.11897709965705872,-0.2477649748325348,-0.14701518416404724,-0.2386351227760315,-0.04597288370132446,-0.16509753465652466,-0.0703352689743042,-0.23402667045593262,-0.10197806358337402,-0.24895167350769043,-0.13147592544555664,-0.24409863352775574,-0.024490654468536377,-0.15809917449951172,-0.050500452518463135,-0.20952773094177246,-0.07843011617660522,-0.23139142990112305,-0.10551714897155762,-0.24018508195877075
0.0,0.0,-0.04981184005737305,-0.007958650588989258,-0.09669268131256104,-0.04278087615966797,-0.1317281723022461,-0.060083091259002686,-0.16342580318450928,-0.08073502779006958,-0.08229631185531616,-0.15782272815704346,-0.10407081246376038,-0.21782684326171875,-0.12766021490097046,-0.2358001172542572,-0.15202933549880981,-0.2377285361289978,-0.06409180164337158,-0.16533130407333374,-0.08865982294082642,-0.23380938172340393,-0.11789453029632568,-0.2487470507621765,-0.14632180333137512,-0.24130183458328247,-0.0439072847366333,-0.165277361869812,-0.07038158178329468,-0.2327660620212555,-0.10180339217185974,-0.24869990348815918,-0.1316232681274414,-0.24622833728790283,-0.021505773067474365,-0.15744805335998535,-0.04977172613143921,-0.20924845337867737,-0.07809951901435852,-0.23161500692367554,-0.10535192489624023,-0.2417430877685547
0.0,0.0,-0.05100792646408081,-0.007754504680633545,-0.09899818897247314,-0.043268024921417236,-0.13331687450408936,-0.061848342418670654,-0.1631142497062683,-0.08264660835266113,-0.08249181509017944,-0.1560460329055786,-0.10513418912887573,-0.21457016468048096,-0.12890830636024475,-0.23224109411239624,-0.15373343229293823,-0.2335197925567627,-0.06444382667541504,-0.16482418775558472,-0.09022384881973267,-0.23131701350212097,-0.1194905936717987,-0.24650365114212036,-0.14787498116493225,-0.23904913663864136,-0.04469841718673706,-0.16644644737243652,-0.07132905721664429,-0.2321840226650238,-0.1028171181678772,-0.24754592776298523,-0.13237977027893066,-0.2437434196472168,-0.022655010223388672,-0.16080111265182495,-0.0505368709564209,-0.2106173038482666,-0.07909092307090759,-0.23158279061317444,-0.10627129673957825,-0.23996928334236145
0.0,0.0,-0.05173814296722412,-0.009419679641723633,-0.09792822599411011,-0.041548967361450195,-0.1328277289867401,-0.05792194604873657,-0.16000229120254517,-0.0844188928604126,-0.08350938558578491,-0.15463823080062866,-0.10747092962265015,-0.21317428350448608,-0.13193392753601074,-0.22851094603538513,-0.1567491590976715,-0.22793996334075928,-0.06561735272407532,-0.16402459144592285,-0.09161293506622314,-0.23227348923683167,-0.12160998582839966,-0.2455851137638092,-0.14948585629463196,-0.23441806435585022,-0.0461735725402832,-0.16617614030838013,-0.07251712679862976,-0.23271721601486206,-0.1044551432132721,-0.2461668848991394,-0.1332663893699646,-0.23915040493011475,-0.024853944778442383,-0.16043305397033691,-0.05258136987686157,-0.21038269996643066,-0.08190226554870605,-0.23004841804504395,-0.10924136638641357,-0.23620527982711792
0.0,0.0,-0.052277207374572754,-0.00849992036819458,-0.09791260957717896,-0.041400253772735596,-0.13345614075660706,-0.05819094181060791,-0.16232028603553772,-0.08262038230895996,-0.08373579382896423,-0.15257108211517334,-0.10615310072898865,-0.21379601955413818,-0.1312752366065979,-0.2289595603942871,-0.1564921736717224,-0.22786539793014526,-0.06575444340705872,-0.1631629467010498,-0.09091529250144958,-0.23667624592781067,-0.122275710105896,-0.24805131554603577,-0.15057837963104248,-0.23320984840393066,-0.046071648597717285,-0.1656396985054016,-0.07273456454277039,-0.2356010377407074,-0.10673198103904724,-0.2470608949661255,-0.13610628247261047,-0.23659402132034302,-0.02468198537826538,-0.15920788049697876,-0.05395925045013428,-0.20955532789230347,-0.08454665541648865,-0.2287369966506958,-0.1120452880859375,-0.233953058719635
0.0,0.0,-0.051345646381378174,-0.00830233097076416,-0.09764453768730164,-0.04142099618911743,-0.1330033540725708,-0.06021350622177124,-0.16080209612846375,-0.0878494381904602,-0.08458104729652405,-0.1533777117729187,-0.10826396942138672,-0.21369335055351257,-0.1338404417037964,-0.22876465320587158,-0.15885910391807556,-0.22780239582061768,-0.06704497337341309,-0.16480576992034912,-0.09268847107887268,-0.23849353194236755,-0.12390255928039551,-0.24981194734573364,-0.15217337012290955,-0.23529693484306335,-0.04789859056472778,-0.1682497262954712,-0.07401865720748901,-0.2393229603767395,-0.10771504044532776,-0.2512786388397217,-0.13727447390556335,-0.2409515380859375,-0.027107834815979004,-0.1627594232559204,-0.05597555637359619,-0.21245884895324707,-0.08611491322517395,-0.23188409209251404,-0.11382430791854858,-0.23753634095191956
0.0,0.0,-0.05127990245819092,-0.011256694793701172,-0.09755757451057434,-0.046405792236328125,-0.13231542706489563,-0.06442040205001831,-0.16031447052955627,-0.09152191877365112,-0.08164483308792114,-0.16108614206314087,-0.10500779747962952,-0.22146525979042053,-0.1299624741077423,-0.2358357310295105,-0.1550990343093872,-0.23284128308296204,-0.06418222188949585,-0.16990184783935547,-0.08998894691467285,-0.2406124472618103,-0.12014594674110413,-0.2529337406158447,-0.14871275424957275,-0.24012631177902222,-0.044580042362213135,-0.17102473974227905,-0.07088184356689453,-0.23986244201660156,-0.10394829511642456,-0.25241202116012573,-0.13405299186706543,-0.243388831615448,-0.023160099983215332,-0.1634168028831482,-0.051369667053222656,-0.21466103196144104,-0.08087477087974548,-0.23439377546310425,-0.10866457223892212,-0.24019697308540344
0.0,0.0,-0.05023849010467529,-0.01031726598739624,-0.09634044766426086,-0.044627845287323,-0.1324099898338318,-0.06211286783218384,-0.16225484013557434,-0.08770781755447388,-0.08258092403411865,-0.1583014726638794,-0.1055033802986145,-0.21985980868339539,-0.1312059760093689,-0.23363173007965088,-0.15643206238746643,-0.23030513525009155,-0.06515622138977051,-0.1676509976387024,-0.0898108184337616,-0.2417612075805664,-0.1209525465965271,-0.2523055374622345,-0.14911800622940063,-0.23686540126800537,-0.045463621616363525,-0.1693015694618225,-0.07098641991615295,-0.23984616994857788,-0.10458099842071533,-0.2511540949344635,-0.1340559422969818,-0.2408791184425354,-0.023585021495819092,-0.16210705041885376,-0.05102813243865967,-0.21426767110824585,-0.08067145943641663,-0.23447149991989136,-0.10803022980690002,-0.24036192893981934
0.0,0.0,-0.052843451499938965,-0.009968578815460205,-0.09978646039962769,-0.04645061492919922,-0.13464877009391785,-0.06675374507904053,-0.16577544808387756,-0.08840250968933105,-0.08451595902442932,-0.15661412477493286,-0.10784319043159485,-0.21786051988601685,-0.1335129737854004,-0.23390838503837585,-0.15844601392745972,-0.2341049313545227,-0.0668715238571167,-0.1677485704421997,-0.09256455302238464,-0.24305632710456848,-0.1246786117553711,-0.25416815280914307,-0.15300050377845764,-0.23889920115470886,-0.04768174886703491,-0.1706114411354065,-0.07434520125389099,-0.2424570918083191,-0.10940885543823242,-0.2540734112262726,-0.1390204131603241,-0.24302411079406738,-0.02724933624267578,-0.16492336988449097,-0.056756436824798584,-0.21628382802009583,-0.08795344829559326,-0.23595866560935974,-0.1159951388835907,-0.2415180206298828
0.0,0.0,-0.05252939462661743,-0.010693848133087158,-0.0979490578174591,-0.04697316884994507,-0.1324549913406372,-0.06685489416122437,-0.16313040256500244,-0.09055691957473755,-0.08369970321655273,-0.15872418880462646,-0.1058921217918396,-0.220272958278656,-0.1309831440448761,-0.235844224691391,-0.1562761664390564,-0.23379921913146973,-0.06551069021224976,-0.16861426830291748,-0.08974677324295044,-0.2421967089176178,-0.12064871191978455,-0.2539899945259094,-0.1493459939956665,-0.23953914642333984,-0.04564934968948364,-0.1705787181854248,-0.0705001950263977,-0.24108237028121948,-0.10391813516616821,-0.25367993116378784,-0.13370931148529053,-0.24430668354034424,-0.023938417434692383,-0.16373634338378906,-0.05130434036254883,-0.21541401743888855,-0.08101719617843628,-0.23620352149009705,-0.1087297797203064,-0.24265190958976746
0.0,0.0,-0.052786409854888916,-0.009101629257202148,-0.09850910305976868,-0.045349061489105225,-0.13361147046089172,-0.06518727540969849,-0.16579267382621765,-0.08769190311431885,-0.08479064702987671,-0.15624672174453735,-0.10866722464561462,-0.21458742022514343,-0.13396582007408142,-0.23068788647651672,-0.1594533920288086,-0.2322169840335846,-0.06708288192749023,-0.16738992929458618,-0.09343507885932922,-0.2374618947505951,-0.12496110796928406,-0.24994492530822754,-0.15370213985443115,-0.237942636013031,-0.047714829444885254,-0.16996288299560547,-0.07509669661521912,-0.2375219166278839,-0.10950839519500732,-0.24880975484848022,-0.13959091901779175,-0.23950636386871338,-0.02661609649658203,-0.16377109289169312,-0.055932044982910156,-0.21418467164039612,-0.08667236566543579,-0.23305457830429077,-0.11485874652862549,-0.23798248171806335
0.0,0.0,-0.052046239376068115,-0.009432792663574219,-0.09738335013389587,-0.04411822557449341,-0.1333414912223816,-0.061541855335235596,-0.1640574336051941,-0.08746927976608276,-0.08389097452163696,-0.15716707706451416,-0.1067003607749939,-0.21772795915603638,-0.13232681155204773,-0.23240122199058533,-0.15793374180793762,-0.2297835648059845,-0.06672653555870056,-0.16702330112457275,-0.09202167391777039,-0.23928707838058472,-0.12344062328338623,-0.2500331997871399,-0.1523209512233734,-0.23467984795570374,-0.047257959842681885,-0.16913414001464844,-0.07316648960113525,-0.23861172795295715,-0.10702371597290039,-0.24934262037277222,-0.13705098628997803,-0.23836639523506165,-0.025503933429718018,-0.16190892457962036,-0.053163111209869385,-0.2126328945159912,-0.08321630954742432,-0.23180070519447327,-0.11102557182312012,-0.23664364218711853
0.0,0.0,-0.05095785856246948,-0.010847508907318115,-0.0966901183128357,-0.04661136865615845,-0.13170915842056274,-0.06568175554275513,-0.16302961111068726,-0.08972907066345215,-0.08304476737976074,-0.15779322385787964,-0.10649886727333069,-0.22060930728912354,-0.13277438282966614,-0.23499324917793274,-0.15827718377113342,-0.232928067445755,-0.06524670124053955,-0.16865074634552002,-0.09070360660552979,-0.24481481313705444,-0.12297582626342773,-0.25485295057296753,-0.15164417028427124,-0.23815351724624634,-0.045688748359680176,-0.1711956262588501,-0.07284122705459595,-0.24223536252975464,-0.10768330097198486,-0.25387299060821533,-0.13759678602218628,-0.24316325783729553,-0.024423539638519287,-0.16469401121139526,-0.05401206016540527,-0.2154417335987091,-0.08463716506958008,-0.23597484827041626,-0.11255180835723877,-0.24274271726608276
0.0,0.0,-0.051104068756103516,-0.009833693504333496,-0.09751841425895691,-0.04861283302307129,-0.1312352418899536,-0.06973904371261597,-0.1627875566482544,-0.09295308589935303,-0.08452075719833374,-0.16004210710525513,-0.10689514875411987,-0.22297430038452148,-0.1330571174621582,-0.23710331320762634,-0.15821120142936707,-0.2345622479915619,-0.0658552348613739,-0.17039549350738525,-0.08935019373893738,-0.24859508872032166,-0.12136632204055786,-0.2583940029144287,-0.14969003200531006,-0.24230661988258362,-0.04550468921661377,-0.171378493309021,-0.07075715065002441,-0.24401313066482544,-0.1060059666633606,-0.25549352169036865,-0.13635128736495972,-0.24556466937065125,-0.023726940155029297,-0.16241830587387085,-0.05300414562225342,-0.2144852876663208,-0.08440619707107544,-0.23464486002922058,-0.11321648955345154,-0.24147957563400269
0.0,0.0,-0.05218774080276489,-0.010721921920776367,-0.09837609529495239,-0.05003833770751953,-0.13192498683929443,-0.07301110029220581,-0.16317293047904968,-0.09791433811187744,-0.08401575684547424,-0.1603466272354126,-0.10676318407058716,-0.22562646865844727,-0.13266879320144653,-0.24005597829818726,-0.1578913927078247,-0.23718175292015076,-0.06498965620994568,-0.17075896263122559,-0.08850094676017761,-0.2505606710910797,-0.12031561136245728,-0.2620064616203308,-0.14897936582565308,-0.24662718176841736,-0.04439091682434082,-0.1722012758255005,-0.06991419196128845,-0.24508851766586304,-0.10560721158981323,-0.25730347633361816,-0.13632610440254211,-0.24700847268104553,-0.022414863109588623,-0.16398149728775024,-0.05207502841949463,-0.2167537808418274,-0.08331775665283203,-0.23717805743217468,-0.11187863349914551,-0.24350246787071228
0.0,0.0,-0.05205148458480835,-0.009886622428894043,-0.09939906001091003,-0.050469279289245605,-0.13273775577545166,-0.07441592216491699,-0.1636432707309723,-0.10021138191223145,-0.08577370643615723,-0.1604902148246765,-0.10920417308807373,-0.2237529158592224,-0.13499465584754944,-0.23896393179893494,-0.16017428040504456,-0.23741158843040466,-0.06696814298629761,-0.17151737213134766,-0.09105187654495239,-0.2508697509765625,-0.12271293997764587,-0.2618902921676636,-0.15139174461364746,-0.2459336519241333,-0.04678177833557129,-0.1732349395751953,-0.07143288850784302,-0.24741968512535095,-0.10631439089775085,-0.25998395681381226,-0.1369921863079071,-0.25014767050743103,-0.024977564811706543,-0.16467273235321045,-0.053532302379608154,-0.216746985912323,-0.08456185460090637,-0.2372802495956421,-0.11356157064437866,-0.2441900670528412
0.0,0.0,-0.051371216773986816,-0.01072913408279419,-0.09792253375053406,-0.05185580253601074,-0.13037383556365967,-0.07717818021774292,-0.1614500880241394,-0.10160821676254272,-0.08588320016860962,-0.16228002309799194,-0.109173983335495,-0.22587811946868896,-0.1352119743824005,-0.241069495677948,-0.1599034070968628,-0.2394898533821106,-0.0667058527469635,-0.17345720529556274,-0.08960244059562683,-0.25433072447776794,-0.12126964330673218,-0.263843834400177,-0.14914941787719727,-0.24671268463134766,-0.046161115169525146,-0.17517757415771484,-0.06958478689193726,-0.24993711709976196,-0.10493472218513489,-0.2614298462867737,-0.13534370064735413,-0.25041258335113525,-0.023787736892700195,-0.16621530055999756,-0.050917863845825195,-0.21884459257125854,-0.08210912346839905,-0.23898130655288696,-0.11109256744384766,-0.24497368931770325
0.0,0.0,-0.052850961685180664,-0.012167572975158691,-0.0989592969417572,-0.05227428674697876,-0.1311054527759552,-0.07670992612838745,-0.16175946593284607,-0.10195308923721313,-0.08564767241477966,-0.161260724067688,-0.10846564173698425,-0.22534257173538208,-0.13408204913139343,-0.24000117182731628,-0.15921401977539062,-0.2375989556312561,-0.06611967086791992,-0.1721055507659912,-0.08903738856315613,-0.25150948762893677,-0.11990904808044434,-0.2621537446975708,-0.14803045988082886,-0.24642333388328552,-0.045471370220184326,-0.17362892627716064,-0.06849288940429688,-0.24778330326080322,-0.10309013724327087,-0.2605569064617157,-0.13349950313568115,-0.2505035400390625,-0.02319169044494629,-0.16462016105651855,-0.050260305404663086,-0.2171115279197693,-0.08091175556182861,-0.2377888262271881,-0.10974210500717163,-0.24408456683158875
0.0,0.0,-0.05251884460449219,-0.011354804039001465,-0.09916850924491882,-0.052050113677978516,-0.13218727707862854,-0.07681280374526978,-0.16222193837165833,-0.10239613056182861,-0.08386194705963135,-0.16066372394561768,-0.10639744997024536,-0.22683727741241455,-0.13267633318901062,-0.24062860012054443,-0.15743803977966309,-0.2363840937614441,-0.06528729200363159,-0.17116427421569824,-0.08796331286430359,-0.2523137032985687,-0.11998215317726135,-0.26245570182800293,-0.14799094200134277,-0.24540138244628906,-0.044987380504608154,-0.1729833483695984,-0.06972208619117737,-0.24615418910980225,-0.10556775331497192,-0.25775134563446045,-0.13583225011825562,-0.2467156946659088,-0.022926747798919678,-0.16512805223464966,-0.051547884941101074,-0.21730846166610718,-0.08269098401069641,-0.2373127043247223,-0.11090004444122314,-0.24335038661956787
0.0,0.0,-0.05237782001495361,-0.01220393180847168,-0.09713906049728394,-0.05185437202453613,-0.13036730885505676,-0.0754399299621582,-0.1587691605091095,-0.10589474439620972,-0.0821155309677124,-0.16332131624221802,-0.10501861572265625,-0.2266991138458252,-0.13197061419487,-0.23919150233268738,-0.15729239583015442,-0.23481091856956482,-0.06346455216407776,-0.17344236373901367,-0.08632901310920715,-0.252030611038208,-0.1191909909248352,-0.26175540685653687,-0.14742261171340942,-0.24422204494476318,-0.04341548681259155,-0.17500269412994385,-0.06807953119277954,-0.24735671281814575,-0.10444119572639465,-0.25714120268821716,-0.13463455438613892,-0.24458357691764832,-0.02201181650161743,-0.16645026206970215,-0.05042463541030884,-0.21923869848251343,-0.0822378396987915,-0.23794397711753845,-0.11063265800476074,-0.24188083410263062
0.0,0.0,-0.05185377597808838,-0.013195693492889404,-0.09681683778762817,-0.05126529932022095,-0.12944909930229187,-0.0745742917060852,-0.15774887800216675,-0.10446423292160034,-0.084016352891922,-0.16186034679412842,-0.10749956965446472,-0.22484013438224792,-0.13351866602897644,-0.23622724413871765,-0.15754052996635437,-0.23090991377830505,-0.0648806095123291,-0.17311310768127441,-0.08910343050956726,-0.2517385184764862,-0.120298832654953,-0.25923311710357666,-0.14677616953849792,-0.23935052752494812,-0.0445026159286499,-0.17525631189346313,-0.06859633326530457,-0.2486991584300995,-0.10371798276901245,-0.25885939598083496,-0.13314759731292725,-0.2457573413848877,-0.02248173952102661,-0.16674768924713135,-0.05048733949661255,-0.2191333770751953,-0.08175519108772278,-0.23826932907104492,-0.11010134220123291,-0.24210840463638306
0.0,0.0,-0.051700055599212646,-0.011146843433380127,-0.0965488851070404,-0.049851417541503906,-0.12943482398986816,-0.07415926456451416,-0.1579839289188385,-0.1049385666847229,-0.08321991562843323,-0.1596863865852356,-0.10600221157073975,-0.2215498387813568,-0.13183358311653137,-0.23445233702659607,-0.15647396445274353,-0.2318742573261261,-0.06397736072540283,-0.1705305576324463,-0.08694291114807129,-0.24787545204162598,-0.11874675750732422,-0.2578602433204651,-0.14661070704460144,-0.24167034029960632,-0.043624043464660645,-0.17256224155426025,-0.0679636299610138,-0.24311691522598267,-0.10303020477294922,-0.2534898519515991,-0.1327478289604187,-0.24209222197532654,-0.02164304256439209,-0.16433942317962646,-0.04898476600646973,-0.21580421924591064,-0.07955163717269897,-0.2352137565612793,-0.10747838020324707,-0.24028515815734863
0.0,0.0,-0.05225950479507446,-0.011928141117095947,-0.09777137637138367,-0.051903367042541504,-0.13046032190322876,-0.0763237476348877,-0.15931805968284607,-0.10565805435180664,-0.08440205454826355,-0.16138958930969238,-0.10720440745353699,-0.22658702731132507,-0.13358134031295776,-0.23800182342529297,-0.15797418355941772,-0.23132258653640747,-0.0650462806224823,-0.17181622982025146,-0.08867698907852173,-0.25143885612487793,-0.12050697207450867,-0.25910836458206177,-0.14730307459831238,-0.23935270309448242,-0.044148266315460205,-0.17303115129470825,-0.06833577156066895,-0.24597012996673584,-0.10415557026863098,-0.25657954812049866,-0.13370275497436523,-0.24403494596481323,-0.0214310884475708,-0.16344869136810303,-0.04929482936859131,-0.21621370315551758,-0.08061811327934265,-0.23590561747550964,-0.1086321473121643,-0.2402399480342865
0.0,0.0,-0.0517619252204895,-0.011895835399627686,-0.09750008583068848,-0.05256307125091553,-0.12924307584762573,-0.07753604650497437,-0.1588682234287262,-0.10420012474060059,-0.08525627851486206,-0.1616361141204834,-0.10857692360877991,-0.2273406982421875,-0.13518038392066956,-0.2384154200553894,-0.15867316722869873,-0.2306031584739685,-0.06590032577514648,-0.17273730039596558,-0.08995506167411804,-0.25393760204315186,-0.12173712253570557,-0.26008689403533936,-0.14784979820251465,-0.2381128966808319,-0.04522073268890381,-0.17469966411590576,-0.06964394450187683,-0.2494145929813385,-0.10532835125923157,-0.25866833329200745,-0.1346486210823059,-0.24465468525886536,-0.02271944284439087,-0.1658095121383667,-0.05114102363586426,-0.21767324209213257,-0.08258295059204102,-0.23697638511657715,-0.11085674166679382,-0.24165040254592896
0.0,0.0,-0.0523870587348938,-0.010070860385894775,-0.09898653626441956,-0.04997074604034424,-0.132171630859375,-0.0752021074295044,-0.16257405281066895,-0.1028590202331543,-0.08665132522583008,-0.1601584553718567,-0.11077609658241272,-0.22492197155952454,-0.1372215747833252,-0.236581951379776,-0.1610633134841919,-0.2305358648300171,-0.06768536567687988,-0.17111653089523315,-0.0924210250377655,-0.25160324573516846,-0.12409183382987976,-0.25796693563461304,-0.15029895305633545,-0.2367035150527954,-0.047172605991363525,-0.17292511463165283,-0.07155600190162659,-0.2475041151046753,-0.10730662941932678,-0.25687503814697266,-0.13680332899093628,-0.24276626110076904,-0.024496734142303467,-0.16375261545181274,-0.05190002918243408,-0.21677523851394653,-0.08288565278053284,-0.23650690913200378,-0.11099213361740112,-0.24084317684173584
0.0,0.0,-0.05260062217712402,-0.012324810028076172,-0.09854662418365479,-0.05219125747680664,-0.13107192516326904,-0.07578307390213013,-0.15953737497329712,-0.10367846488952637,-0.0839223861694336,-0.16305643320083618,-0.10786029696464539,-0.2266678512096405,-0.13467392325401306,-0.23710906505584717,-0.15866154432296753,-0.23040035367012024,-0.06546077132225037,-0.1733565330505371,-0.09111291170120239,-0.2520277500152588,-0.12295439839363098,-0.25833413004875183,-0.1490122377872467,-0.23770159482955933,-0.045542895793914795,-0.17497968673706055,-0.07110565900802612,-0.248457670211792,-0.1070592999458313,-0.25676339864730835,-0.1363055408000946,-0.24244248867034912,-0.024083256721496582,-0.1658448576927185,-0.05276614427566528,-0.21774429082870483,-0.08441507816314697,-0.23594921827316284,-0.11257490515708923,-0.23951679468154907
0.0,0.0,-0.05219918489456177,-0.011572957038879395,-0.09843447804450989,-0.052263736724853516,-0.13132911920547485,-0.07654541730880737,-0.16041839122772217,-0.10495948791503906,-0.08358496427536011,-0.16078060865402222,-0.10734087228775024,-0.2248430848121643,-0.13413113355636597,-0.2369881272315979,-0.15882977843284607,-0.23113155364990234,-0.06462645530700684,-0.17157703638076782,-0.08853098750114441,-0.2514307200908661,-0.1209089457988739,-0.2593737840652466,-0.14819499850273132,-0.23945453763008118,-0.04404705762863159,-0.17319762706756592,-0.06846073269844055,-0.24632364511489868,-0.10455796122550964,-0.2569679021835327,-0.1344585120677948,-0.24421563744544983,-0.02166283130645752,-0.16409307718276978,-0.049285888671875,-0.21639341115951538,-0.08053463697433472,-0.23725688457489014,-0.1087360680103302,-0.24313735961914062
0.0,0.0,-0.05136173963546753,-0.011903584003448486,-0.09655436873435974,-0.05250471830368042,-0.12929874658584595,-0.07623344659805298,-0.15781933069229126,-0.10499727725982666,-0.08234652876853943,-0.16086602210998535,-0.1042432188987732,-0.2256331443786621,-0.1302068829536438,-0.23804903030395508,-0.15429401397705078,-0.2320924997329712,-0.06299790740013123,-0.17070120573043823,-0.08532041311264038,-0.2500312626361847,-0.11661490797996521,-0.2590055465698242,-0.1437024474143982,-0.2406320571899414,-0.04177999496459961,-0.17211562395095825,-0.0658104419708252,-0.2443729043006897,-0.10131555795669556,-0.25499945878982544,-0.131221204996109,-0.24254024028778076,-0.018361568450927734,-0.16313093900680542,-0.046454787254333496,-0.2152620553970337,-0.07766136527061462,-0.23528295755386353,-0.10597410798072815,-0.2405318021774292
0.0,0.0,-0.05135625600814819,-0.011952221393585205,-0.0970088541507721,-0.05176335573196411,-0.12975376844406128,-0.07593899965286255,-0.1573614478111267,-0.1065526008605957,-0.08407965302467346,-0.1620631217956543,-0.10723361372947693,-0.22704482078552246,-0.1333022117614746,-0.23835840821266174,-0.15776026248931885,-0.23168683052062988,-0.06457537412643433,-0.17234092950820923,-0.08807960152626038,-0.25272253155708313,-0.11947762966156006,-0.26045215129852295,-0.14655432105064392,-0.24030449986457825,-0.0433695912361145,-0.17406487464904785,-0.06684145331382751,-0.24773430824279785,-0.1016174852848053,-0.25861164927482605,-0.1313054859638214,-0.2459036409854889,-0.019997239112854004,-0.16556835174560547,-0.04783928394317627,-0.21755599975585938,-0.07881176471710205,-0.2378474771976471,-0.10716795921325684,-0.24346494674682617
0.0,0.0,-0.05288398265838623,-0.01230233907699585,-0.09865006804466248,-0.05063605308532715,-0.13143980503082275,-0.07450336217880249,-0.15890124440193176,-0.10561734437942505,-0.08589410781860352,-0.16121262311935425,-0.10984757542610168,-0.22528284788131714,-0.13579976558685303,-0.23610800504684448,-0.15922051668167114,-0.22827383875846863,-0.06616947054862976,-0.17164361476898193,-0.09077310562133789,-0.25103193521499634,-0.1216210424900055,-0.2578224539756775,-0.1474321186542511,-0.23563605546951294,-0.04498291015625,-0.17351287603378296,-0.06969764828681946,-0.247569739818573,-0.10464820265769958,-0.25703346729278564,-0.13341382145881653,-0.24195143580436707,-0.021828949451446533,-0.16502583026885986,-0.050675272941589355,-0.2169392704963684,-0.08174976706504822,-0.23587751388549805,-0.10936179757118225,-0.23916977643966675
0.0,0.0,-0.05134010314941406,-0.01245194673538208,-0.0973803699016571,-0.051424264907836914,-0.1304432451725006,-0.07500779628753662,-0.15938574075698853,-0.10347104072570801,-0.08489996194839478,-0.15896904468536377,-0.10883000493049622,-0.2242775559425354,-0.13511887192726135,-0.2342149019241333,-0.15842986106872559,-0.2257068157196045,-0.065392404794693,-0.170110285282135,-0.08972164988517761,-0.25095564126968384,-0.12101572751998901,-0.257087767124176,-0.14672991633415222,-0.23468288779258728,-0.044460833072662354,-0.17255908250808716,-0.06974703073501587,-0.24634981155395508,-0.10502603650093079,-0.2553138732910156,-0.13386347889900208,-0.24072253704071045,-0.02131021022796631,-0.1650339961051941,-0.05025142431259155,-0.2167540192604065,-0.08132350444793701,-0.23636093735694885,-0.10910165309906006,-0.24139073491096497
0.0,0.0,-0.05040276050567627,-0.013155221939086914,-0.0967828631401062,-0.05603212118148804,-0.12916219234466553,-0.081473708152771,-0.158907949924469,-0.1074988842010498,-0.0842081606388092,-0.16623276472091675,-0.10830014944076538,-0.23289728164672852,-0.13555613160133362,-0.24178490042686462,-0.15883490443229675,-0.23213964700698853,-0.06502845883369446,-0.1766287088394165,-0.08883622288703918,-0.25971555709838867,-0.12136483192443848,-0.2639261484146118,-0.14648744463920593,-0.23978331685066223,-0.044361770153045654,-0.17755454778671265,-0.06803563237190247,-0.25398266315460205,-0.10460230708122253,-0.2622375786304474,-0.13359233736991882,-0.24719509482383728,-0.021646499633789062,-0.16776078939437866,-0.04897946119308472,-0.22166228294372559,-0.08085811138153076,-0.24023869633674622,-0.10897138714790344,-0.24332961440086365
0.0,0.0,-0.051119446754455566,-0.012854397296905518,-0.09701120853424072,-0.0553746223449707,-0.12809807062149048,-0.08181297779083252,-0.1584397554397583,-0.10660791397094727,-0.08568742871284485,-0.1655724048614502,-0.11033684015274048,-0.23320108652114868,-0.13746219873428345,-0.24199244379997253,-0.15966936945915222,-0.23104679584503174,-0.06595319509506226,-0.1760372519493103,-0.08951425552368164,-0.2609107792377472,-0.12175586819648743,-0.2645999789237976,-0.1465199589729309,-0.23968589305877686,-0.04480510950088501,-0.17692607641220093,-0.06778779625892639,-0.2555187940597534,-0.10417044162750244,-0.26395541429519653,-0.13322752714157104,-0.2486608326435089,-0.021444320678710938,-0.16669994592666626,-0.04825294017791748,-0.22107326984405518,-0.0799555778503418,-0.2399260401725769,-0.10833942890167236,-0.24338269233703613
0.0,0.0,-0.05172246694564819,-0.01189279556274414,-0.09789177775382996,-0.05430912971496582,-0.13029247522354126,-0.08004069328308105,-0.1602644920349121,-0.10650354623794556,-0.08360683917999268,-0.1657644510269165,-0.10782560706138611,-0.2323203682899475,-0.13589072227478027,-0.24110332131385803,-0.15897729992866516,-0.2306079864501953,-0.06411319971084595,-0.17603087425231934,-0.0883307158946991,-0.2593708336353302,-0.12148529291152954,-0.26396745443344116,-0.14665630459785461,-0.23999488353729248,-0.04325509071350098,-0.1766129732131958,-0.06718435883522034,-0.25423911213874817,-0.10441768169403076,-0.26332226395606995,-0.13362112641334534,-0.24886947870254517,-0.020755469799041748,-0.1658616065979004,-0.04882627725601196,-0.21991878747940063,-0.08147788047790527,-0.23946061730384827,-0.11037939786911011,-0.24396318197250366
0.0,0.0,-0.05166780948638916,-0.013424217700958252,-0.09832194447517395,-0.05482947826385498,-0.1313009262084961,-0.08070433139801025,-0.16202610731124878,-0.10671794414520264,-0.08548498153686523,-0.1641872525215149,-0.10902944207191467,-0.23002856969833374,-0.13596758246421814,-0.24043121933937073,-0.15922188758850098,-0.23164039850234985,-0.06654727458953857,-0.17506974935531616,-0.09033504128456116,-0.2570228576660156,-0.1225370466709137,-0.26340436935424805,-0.14849328994750977,-0.24123811721801758,-0.04608726501464844,-0.17649084329605103,-0.06943538784980774,-0.2529994249343872,-0.10533472895622253,-0.26308828592300415,-0.13480404019355774,-0.2491755485534668,-0.02357172966003418,-0.16714704036712646,-0.05063289403915405,-0.22089964151382446,-0.08164593577384949,-0.24112805724143982,-0.11013984680175781,-0.24592381715774536
0.0,0.0,-0.051777422428131104,-0.014297425746917725,-0.09818249940872192,-0.0570598840713501,-0.13082656264305115,-0.08451902866363525,-0.16144531965255737,-0.11105835437774658,-0.08430132269859314,-0.1667797565460205,-0.10803553462028503,-0.23254531621932983,-0.13532468676567078,-0.24365022778511047,-0.1589544117450714,-0.2358044981956482,-0.06509608030319214,-0.17735320329666138,-0.08880689740180969,-0.2602328956127167,-0.12157809734344482,-0.26622331142425537,-0.1479170322418213,-0.24360251426696777,-0.04456818103790283,-0.17844969034194946,-0.06781092286109924,-0.2560007572174072,-0.10425984859466553,-0.26610511541366577,-0.13392630219459534,-0.2521703839302063,-0.022074997425079346,-0.16853827238082886,-0.04913651943206787,-0.22294294834136963,-0.08048427104949951,-0.24325326085090637,-0.10890859365463257,-0.2477404773235321
0.0,0.0,-0.05158132314682007,-0.01404505968093872,-0.09782809019088745,-0.05569493770599365,-0.13064786791801453,-0.08169490098953247,-0.16026991605758667,-0.10894578695297241,-0.08444136381149292,-0.16731113195419312,-0.10716983675956726,-0.23486852645874023,-0.1348346769809723,-0.2441926896572113,-0.15814721584320068,-0.2338675856590271,-0.06452006101608276,-0.17746591567993164,-0.08748999238014221,-0.2630125880241394,-0.12059366703033447,-0.2672099471092224,-0.14582782983779907,-0.242326021194458,-0.043214499950408936,-0.177787184715271,-0.06657648086547852,-0.25679823756217957,-0.1037060022354126,-0.2656182646751404,-0.13260895013809204,-0.2501872181892395,-0.020165085792541504,-0.16722089052200317,-0.04813027381896973,-0.22304213047027588,-0.08070147037506104,-0.24258288741111755,-0.1095113754272461,-0.24630337953567505
0.0,0.0,-0.05087018013000488,-0.014125168323516846,-0.09686219692230225,-0.055082738399505615,-0.12994620203971863,-0.07975268363952637,-0.1598486602306366,-0.10759663581848145,-0.08316972851753235,-0.16616356372833252,-0.10808396339416504,-0.23364657163619995,-0.1364465355873108,-0.2432383894920349,-0.15984469652175903,-0.23226481676101685,-0.0636669397354126,-0.17576515674591064,-0.08795255422592163,-0.2596737742424011,-0.12116974592208862,-0.26467782258987427,-0.14644908905029297,-0.24017101526260376,-0.04250216484069824,-0.1758999228477478,-0.06630438566207886,-0.2538325786590576,-0.10321056842803955,-0.2633558511734009,-0.13202038407325745,-0.24824240803718567,-0.019136369228363037,-0.16499680280685425,-0.04590952396392822,-0.22057539224624634,-0.07791495323181152,-0.24101123213768005,-0.10633817315101624,-0.24503684043884277
0.0,0.0,-0.05136263370513916,-0.013954401016235352,-0.0972505509853363,-0.05546301603317261,-0.1296711564064026,-0.08011829853057861,-0.15945014357566833,-0.10742545127868652,-0.08416569232940674,-0.16667187213897705,-0.10766184329986572,-0.2355818748474121,-0.1354469656944275,-0.24480098485946655,-0.15890589356422424,-0.23351287841796875,-0.0646379292011261,-0.17606717348098755,-0.08765304088592529,-0.2610451281070709,-0.12073099613189697,-0.2657485604286194,-0.14610180258750916,-0.24113646149635315,-0.043374478816986084,-0.17592769861221313,-0.06661006808280945,-0.2539086937904358,-0.10366979241371155,-0.26314499974250793,-0.1328468918800354,-0.2482072114944458,-0.01998424530029297,-0.16498786211013794,-0.04750335216522217,-0.22004514932632446,-0.07969647645950317,-0.23954623937606812,-0.10828575491905212,-0.24321255087852478
0.0,0.0,-0.0524105429649353,-0.012796163558959961,-0.09775081276893616,-0.05475836992263794,-0.12848222255706787,-0.08052855730056763,-0.15826505422592163,-0.1071431040763855,-0.08491668105125427,-0.16579502820968628,-0.10919734835624695,-0.23283123970031738,-0.13601085543632507,-0.241033136844635,-0.15875905752182007,-0.23007482290267944,-0.06506013870239258,-0.17583733797073364,-0.08879747986793518,-0.259021520614624,-0.1209987998008728,-0.26425862312316895,-0.1463601291179657,-0.24197345972061157,-0.043788909912109375,-0.17610377073287964,-0.06782063841819763,-0.2527846693992615,-0.10411524772644043,-0.26116713881492615,-0.13297048211097717,-0.2466466724872589,-0.020786166191101074,-0.1655222773551941,-0.04934746026992798,-0.21879398822784424,-0.08147647976875305,-0.23597043752670288,-0.10980209708213806,-0.23884335160255432
0.0,0.0,-0.051244258880615234,-0.013742685317993164,-0.09761270880699158,-0.056205928325653076,-0.12999045848846436,-0.08080381155014038,-0.1600572168827057,-0.10712283849716187,-0.08474576473236084,-0.16826367378234863,-0.10907724499702454,-0.23553550243377686,-0.1364259421825409,-0.24282783269882202,-0.15946701169013977,-0.23087888956069946,-0.06460988521575928,-0.17844384908676147,-0.08920612931251526,-0.2624991536140442,-0.12185418605804443,-0.2653943598270416,-0.14695951342582703,-0.24045267701148987,-0.04296469688415527,-0.17834651470184326,-0.06767100095748901,-0.25622326135635376,-0.10431000590324402,-0.26412075757980347,-0.1332068145275116,-0.24921411275863647,-0.01949477195739746,-0.16658425331115723,-0.047996342182159424,-0.22065818309783936,-0.08056449890136719,-0.23908722400665283,-0.10928040742874146,-0.24294599890708923
0.0,0.0,-0.05135750770568848,-0.015751421451568604,-0.09863778948783875,-0.057502150535583496,-0.13225090503692627,-0.08278882503509521,-0.16326260566711426,-0.10964667797088623,-0.08559486269950867,-0.17083466053009033,-0.10946899652481079,-0.2391897439956665,-0.13834205269813538,-0.24523895978927612,-0.1614254117012024,-0.23131459951400757,-0.06656432151794434,-0.18140095472335815,-0.09132224321365356,-0.2678360641002655,-0.12655776739120483,-0.2698822617530823,-0.1519789695739746,-0.24340951442718506,-0.04577094316482544,-0.181210458278656,-0.06996899843215942,-0.26150667667388916,-0.10816007852554321,-0.2662719488143921,-0.1364203691482544,-0.24802649021148682,-0.02328091859817505,-0.17002469301223755,-0.05193597078323364,-0.22611784934997559,-0.08545711636543274,-0.24121356010437012,-0.11394181847572327,-0.24075669050216675
0.0,0.0,-0.05221855640411377,-0.014393031597137451,-0.0991218090057373,-0.056918203830718994,-0.1315155327320099,-0.08263814449310303,-0.16105526685714722,-0.11004805564880371,-0.08507490158081055,-0.17119795083999634,-0.10969242453575134,-0.24125349521636963,-0.13913097977638245,-0.24640247225761414,-0.1622961461544037,-0.23100125789642334,-0.06538540124893188,-0.1805294156074524,-0.09023827314376831,-0.26790428161621094,-0.12554675340652466,-0.2689545154571533,-0.15092074871063232,-0.24217534065246582,-0.04400277137756348,-0.17952489852905273,-0.0686090886592865,-0.25929224491119385,-0.1072341799736023,-0.26398760080337524,-0.13588395714759827,-0.24597710371017456,-0.020776689052581787,-0.16756117343902588,-0.04948770999908447,-0.22334551811218262,-0.08307856321334839,-0.2390415072441101,-0.11151793599128723,-0.2396770715713501
0.0,0.0,-0.05125570297241211,-0.015345275402069092,-0.09853219985961914,-0.05909186601638794,-0.13155752420425415,-0.08528441190719604,-0.16045010089874268,-0.112659752368927,-0.08538922667503357,-0.17270028591156006,-0.10983037948608398,-0.2448987364768982,-0.13793334364891052,-0.2504212260246277,-0.15989941358566284,-0.23389816284179688,-0.06546154618263245,-0.18224096298217773,-0.08893454074859619,-0.2712540030479431,-0.1230364739894867,-0.27301695942878723,-0.14776316285133362,-0.2451411485671997,-0.04356181621551514,-0.1815912127494812,-0.06586664915084839,-0.26315274834632874,-0.10299798846244812,-0.26974380016326904,-0.13115620613098145,-0.251822292804718,-0.01954561471939087,-0.16958314180374146,-0.045995116233825684,-0.22639238834381104,-0.07876458764076233,-0.24465954303741455,-0.10751420259475708,-0.24643093347549438
0.0,0.0,-0.05098766088485718,-0.014324486255645752,-0.09734863042831421,-0.056922197341918945,-0.13015449047088623,-0.08287125825881958,-0.1600891351699829,-0.11006391048431396,-0.08378484845161438,-0.17091727256774902,-0.10816296935081482,-0.24091333150863647,-0.13696879148483276,-0.2474876046180725,-0.1601133644580841,-0.23359078168869019,-0.0643090307712555,-0.18051129579544067,-0.08945253491401672,-0.26710575819015503,-0.12399965524673462,-0.2689640522003174,-0.14900991320610046,-0.24220037460327148,-0.04335099458694458,-0.1800243854522705,-0.06791967153549194,-0.25978654623031616,-0.10543355345726013,-0.26538896560668945,-0.13372445106506348,-0.24749994277954102,-0.02053511142730713,-0.16840994358062744,-0.048507094383239746,-0.22422808408737183,-0.08143255114555359,-0.24235939979553223,-0.11013472080230713,-0.2446923851966858
0.0,0.0,-0.05311858654022217,-0.013857603073120117,-0.09978216886520386,-0.05635702610015869,-0.13289374113082886,-0.08321136236190796,-0.16360539197921753,-0.11029744148254395,-0.08586731553077698,-0.1687740683555603,-0.11100289225578308,-0.2383137345314026,-0.13980478048324585,-0.24589091539382935,-0.1632653772830963,-0.23354262113571167,-0.06644406914710999,-0.1789831519126892,-0.09245139360427856,-0.26583486795425415,-0.12722867727279663,-0.267863392829895,-0.1523185670375824,-0.2411021590232849,-0.045603156089782715,-0.17916256189346313,-0.07144272327423096,-0.25823596119880676,-0.10951733589172363,-0.2634504735469818,-0.13780665397644043,-0.24510341882705688,-0.022704124450683594,-0.1686672568321228,-0.050549089908599854,-0.22456270456314087,-0.08323109149932861,-0.24253690242767334,-0.11130011081695557,-0.2444896697998047
0.0,0.0,-0.05185258388519287,-0.01587468385696411,-0.09852659702301025,-0.05711489915847778,-0.1319112479686737,-0.08271032571792603,-0.16261178255081177,-0.1101754903793335,-0.0845886766910553,-0.1696481704711914,-0.10902568697929382,-0.23947477340698242,-0.1381329894065857,-0.24841463565826416,-0.162310391664505,-0.23739999532699585,-0.0652695894241333,-0.17892229557037354,-0.090187668800354,-0.266308069229126,-0.12472853064537048,-0.26938024163246155,-0.14978721737861633,-0.24335044622421265,-0.044428229331970215,-0.17822301387786865,-0.0686306357383728,-0.2588379979133606,-0.10696867108345032,-0.2657212018966675,-0.1357388198375702,-0.24832415580749512,-0.021476030349731445,-0.16638928651809692,-0.04764902591705322,-0.22382783889770508,-0.08027291297912598,-0.24361753463745117,-0.1086285412311554,-0.2465730905532837
