0.0,0.0,-0.03358033299446106,-0.008501231670379639,-0.06066575646400452,-0.010151028633117676,-0.07272034883499146,0.00792628526687622,-0.07703304290771484,0.03070777654647827,-0.05073791742324829,-0.0880206823348999,-0.05923628807067871,-0.042396605014801025,-0.05371510982513428,0.017989933490753174,-0.05162161588668823,0.06313729286193848,-0.009265720844268799,-0.07821148633956909,-0.016476839780807495,0.0007408857345581055,-0.019929081201553345,0.0655171275138855,-0.02473774552345276,0.10763341188430786,0.026510775089263916,-0.055631816387176514,0.015307128429412842,0.025617778301239014,0.01052391529083252,0.08250600099563599,0.0050241947174072266,0.1222105622291565,0.05485111474990845,-0.027317166328430176,0.048348963260650635,0.03177863359451294,0.04069417715072632,0.07658261060714722,0.03437685966491699,0.10920447111129761
0.0,0.0,-0.048815131187438965,-0.023388266563415527,-0.08445301651954651,-0.08130955696105957,-0.09220245480537415,-0.13397657871246338,-0.07597902417182922,-0.1773661971092224,-0.08181378245353699,-0.195171058177948,-0.09421020746231079,-0.27611351013183594,-0.1010778546333313,-0.3259294629096985,-0.10188844799995422,-0.37226611375808716,-0.049533307552337646,-0.1998666524887085,-0.0570087730884552,-0.2725098729133606,-0.06865715980529785,-0.2299795150756836,-0.07039293646812439,-0.18741446733474731,-0.017207682132720947,-0.19471383094787598,-0.023088186979293823,-0.2598567605018616,-0.038535624742507935,-0.22051572799682617,-0.0407867431640625,-0.17989623546600342,0.016727596521377563,-0.18059629201889038,0.006573408842086792,-0.23784399032592773,-0.00974184274673462,-0.21808266639709473,-0.014063447713851929,-0.18553107976913452
0.0,0.0,-0.04909467697143555,-0.029410839080810547,-0.08365535736083984,-0.09229415655136108,-0.08747386932373047,-0.15057837963104248,-0.06251919269561768,-0.1904689073562622,-0.07502982020378113,-0.19257134199142456,-0.08632811903953552,-0.27165865898132324,-0.09323322772979736,-0.31793057918548584,-0.09479278326034546,-0.35934269428253174,-0.043246060609817505,-0.19826245307922363,-0.04839557409286499,-0.2725273370742798,-0.058372437953948975,-0.23565560579299927,-0.05922865867614746,-0.19193941354751587,-0.012096971273422241,-0.19414758682250977,-0.016014009714126587,-0.2636086344718933,-0.02955871820449829,-0.23602080345153809,-0.030717164278030396,-0.1951116919517517,0.02047264575958252,-0.18089252710342407,0.014847815036773682,-0.2414528727531433,-0.0014467239379882812,-0.23610329627990723,-0.008641660213470459,-0.20825660228729248
0.0,0.0,-0.048187315464019775,-0.030386924743652344,-0.08009877800941467,-0.08982360363006592,-0.08319425582885742,-0.145574688911438,-0.06108105182647705,-0.18570852279663086,-0.07838684320449829,-0.18964767456054688,-0.09165358543395996,-0.26849979162216187,-0.09722638130187988,-0.31437844038009644,-0.09917247295379639,-0.3546411097049713,-0.04506048560142517,-0.1957111358642578,-0.04934850335121155,-0.26792746782302856,-0.05208227038383484,-0.2389538288116455,-0.05076304078102112,-0.19886136054992676,-0.0121307373046875,-0.19244009256362915,-0.015998899936676025,-0.26058435440063477,-0.023179054260253906,-0.2407802939414978,-0.02292764186859131,-0.20223653316497803,0.021512985229492188,-0.1801682710647583,0.015441477298736572,-0.23967844247817993,0.003450930118560791,-0.23841482400894165,-0.0027360916137695312,-0.2126445174217224
0.0,0.0,-0.048998504877090454,-0.03818666934967041,-0.07829073071479797,-0.09723913669586182,-0.08261141180992126,-0.15184682607650757,-0.060413628816604614,-0.19348013401031494,-0.07450985908508301,-0.1959388256072998,-0.08864977955818176,-0.27902185916900635,-0.09480229020118713,-0.32598310708999634,-0.09603768587112427,-0.36838477849960327,-0.041926443576812744,-0.20097362995147705,-0.044888705015182495,-0.27921831607818604,-0.052828431129455566,-0.24599599838256836,-0.05601838231086731,-0.20515024662017822,-0.009298503398895264,-0.19501876831054688,-0.010196149349212646,-0.2664472460746765,-0.022393226623535156,-0.24308669567108154,-0.0252072811126709,-0.20273911952972412,0.023829519748687744,-0.17890584468841553,0.020725548267364502,-0.24150866270065308,0.005086660385131836,-0.23800837993621826,-0.003777146339416504,-0.2094159722328186
0.0,0.0,-0.04951414465904236,-0.034844398498535156,-0.08029040694236755,-0.09405410289764404,-0.08368322253227234,-0.14938414096832275,-0.060858070850372314,-0.18968337774276733,-0.07605701684951782,-0.19501763582229614,-0.08967867493629456,-0.27597349882125854,-0.09494045376777649,-0.32112765312194824,-0.09592920541763306,-0.36153358221054077,-0.04324448108673096,-0.20055633783340454,-0.04864847660064697,-0.2735968232154846,-0.054330915212631226,-0.23857444524765015,-0.05553510785102844,-0.19887393712997437,-0.011282861232757568,-0.19585293531417847,-0.015424847602844238,-0.26375269889831543,-0.02599501609802246,-0.23921167850494385,-0.027154862880706787,-0.2004064917564392,0.022141873836517334,-0.1815958023071289,0.016424179077148438,-0.2423872947692871,-0.00020200014114379883,-0.239812970161438,-0.009843289852142334,-0.21419668197631836
0.0,0.0,-0.0492309033870697,-0.032730817794799805,-0.0804796814918518,-0.0889430046081543,-0.08363837003707886,-0.1442183256149292,-0.06344571709632874,-0.1875186562538147,-0.07659569382667542,-0.18878048658370972,-0.09077045321464539,-0.2692705988883972,-0.0971885621547699,-0.3149120807647705,-0.09918534755706787,-0.35593998432159424,-0.04387378692626953,-0.19479340314865112,-0.04843252897262573,-0.26980531215667725,-0.05582296848297119,-0.23976963758468628,-0.05782085657119751,-0.2005724310874939,-0.012116432189941406,-0.19078701734542847,-0.014846503734588623,-0.2587321996688843,-0.026422083377838135,-0.23820823431015015,-0.028374552726745605,-0.2003718614578247,0.02151644229888916,-0.17783546447753906,0.016928791999816895,-0.23710334300994873,9.042024612426758e-05,-0.23627376556396484,-0.010929465293884277,-0.21103918552398682
0.0,0.0,-0.049053192138671875,-0.02936941385269165,-0.0811094343662262,-0.08772546052932739,-0.08538329601287842,-0.144476056098938,-0.06566789746284485,-0.19016987085342407,-0.07769834995269775,-0.1888330578804016,-0.09190505743026733,-0.2690652012825012,-0.09909048676490784,-0.3154359459877014,-0.1016329824924469,-0.3565404415130615,-0.04443737864494324,-0.19507461786270142,-0.0494864284992218,-0.26999014616012573,-0.05795031785964966,-0.24062097072601318,-0.06028982996940613,-0.1987084150314331,-0.012310981750488281,-0.19182109832763672,-0.016276299953460693,-0.2590310573577881,-0.02736067771911621,-0.23933982849121094,-0.028935253620147705,-0.20083671808242798,0.021518170833587646,-0.18024903535842896,0.015332937240600586,-0.23936593532562256,-0.00035315752029418945,-0.238366961479187,-0.01003718376159668,-0.212352454662323
0.0,0.0,-0.05001375079154968,-0.029596984386444092,-0.08268749713897705,-0.09082484245300293,-0.08595889806747437,-0.14889556169509888,-0.06528875231742859,-0.19550871849060059,-0.0753975510597229,-0.1919371485710144,-0.08979454636573792,-0.2712935209274292,-0.09779313206672668,-0.3178825378417969,-0.10079246759414673,-0.3588544726371765,-0.04330137372016907,-0.1980399489402771,-0.04946058988571167,-0.2732522487640381,-0.059122711420059204,-0.24332767724990845,-0.061272650957107544,-0.20015424489974976,-0.012248098850250244,-0.19456380605697632,-0.017024695873260498,-0.2631617784500122,-0.029421627521514893,-0.24251419305801392,-0.030898690223693848,-0.202691912651062,0.02078402042388916,-0.18290913105010986,0.014062106609344482,-0.24207961559295654,-0.0024625062942504883,-0.2417047619819641,-0.012136697769165039,-0.21580719947814941
0.0,0.0,-0.048597484827041626,-0.030269324779510498,-0.08206897974014282,-0.09155541658401489,-0.08747711777687073,-0.15016525983810425,-0.06561675667762756,-0.19901621341705322,-0.07410788536071777,-0.196003258228302,-0.08722835779190063,-0.2760264277458191,-0.09292247891426086,-0.32321128249168396,-0.09394878149032593,-0.3651689887046814,-0.041511714458465576,-0.2021617293357849,-0.047611385583877563,-0.2769815921783447,-0.05799630284309387,-0.24540406465530396,-0.06136384606361389,-0.2020324468612671,-0.010295987129211426,-0.19798725843429565,-0.01419132947921753,-0.26781392097473145,-0.027634263038635254,-0.24657011032104492,-0.030688047409057617,-0.20566070079803467,0.022556841373443604,-0.18446403741836548,0.01578378677368164,-0.24474585056304932,-0.0017696022987365723,-0.24364840984344482,-0.012889385223388672,-0.21625232696533203
0.0,0.0,-0.04885143041610718,-0.028987646102905273,-0.08249777555465698,-0.09155857563018799,-0.08964893221855164,-0.14956295490264893,-0.06715822219848633,-0.19493401050567627,-0.0727943480014801,-0.19652795791625977,-0.08603516221046448,-0.27784663438796997,-0.09255188703536987,-0.32539182901382446,-0.09348377585411072,-0.3674689829349518,-0.04062741994857788,-0.20243704319000244,-0.0465826690196991,-0.2790061831474304,-0.05861106514930725,-0.24652493000030518,-0.061939120292663574,-0.2022988200187683,-0.009709775447845459,-0.1984846591949463,-0.013894081115722656,-0.26871776580810547,-0.02873098850250244,-0.24635440111160278,-0.03148818016052246,-0.2051190733909607,0.02315664291381836,-0.18531864881515503,0.01680201292037964,-0.24530953168869019,-0.0019050836563110352,-0.24447929859161377,-0.013055980205535889,-0.21772772073745728
0.0,0.0,-0.04999077320098877,-0.029350697994232178,-0.08400490880012512,-0.09147447347640991,-0.08857583999633789,-0.14998507499694824,-0.06402900815010071,-0.19422507286071777,-0.0717795193195343,-0.19433754682540894,-0.08358067274093628,-0.27500951290130615,-0.0898694396018982,-0.3220211863517761,-0.09095698595046997,-0.363716185092926,-0.03966093063354492,-0.1993998885154724,-0.04363033175468445,-0.275587797164917,-0.05690431594848633,-0.24440866708755493,-0.06156659126281738,-0.20075345039367676,-0.008968114852905273,-0.19515883922576904,-0.011657893657684326,-0.26473599672317505,-0.027510076761245728,-0.24258536100387573,-0.03145831823348999,-0.20232850313186646,0.023626089096069336,-0.18227088451385498,0.01787745952606201,-0.24190300703048706,-0.0010689496994018555,-0.2412516474723816,-0.012740671634674072,-0.2156466245651245
0.0,0.0,-0.05147367715835571,-0.029869437217712402,-0.08512920141220093,-0.09699755907058716,-0.0893891453742981,-0.15724915266036987,-0.06528043746948242,-0.20387619733810425,-0.07102903723716736,-0.19963014125823975,-0.08194988965988159,-0.2813849449157715,-0.08757457137107849,-0.3298802971839905,-0.08845117688179016,-0.3710923194885254,-0.03889968991279602,-0.2039397954940796,-0.04358205199241638,-0.2847312092781067,-0.056841373443603516,-0.2567412257194519,-0.06221696734428406,-0.2124384641647339,-0.008370816707611084,-0.1988641619682312,-0.010985314846038818,-0.27234095335006714,-0.02665773034095764,-0.2540857195854187,-0.031175702810287476,-0.21321487426757812,0.02437305450439453,-0.18406862020492554,0.017735421657562256,-0.24533361196517944,-0.0015308260917663574,-0.24810200929641724,-0.014282584190368652,-0.223518967628479
0.0,0.0,-0.04978209733963013,-0.030883193016052246,-0.08318948745727539,-0.09696328639984131,-0.08782735466957092,-0.1573529839515686,-0.06247788667678833,-0.2038569450378418,-0.06925785541534424,-0.19864165782928467,-0.08010607957839966,-0.2801039218902588,-0.08588886260986328,-0.328517884016037,-0.08648550510406494,-0.3703344762325287,-0.03703686594963074,-0.20313388109207153,-0.04152378439903259,-0.28239333629608154,-0.05411389470100403,-0.25330060720443726,-0.05824849009513855,-0.2095775008201599,-0.006490886211395264,-0.19802755117416382,-0.008532881736755371,-0.27148061990737915,-0.024314582347869873,-0.2515227198600769,-0.02850612998008728,-0.21023714542388916,0.025966107845306396,-0.18331217765808105,0.01984506845474243,-0.24397939443588257,0.0008804798126220703,-0.24457234144210815,-0.01113957166671753,-0.21830672025680542
0.0,0.0,-0.04898396134376526,-0.029367446899414062,-0.08236658573150635,-0.09628564119338989,-0.08888131380081177,-0.15558844804763794,-0.06528767943382263,-0.19955867528915405,-0.0683373510837555,-0.19988548755645752,-0.07848784327507019,-0.28172963857650757,-0.08478108048439026,-0.3300415575504303,-0.08565762639045715,-0.37195372581481934,-0.036149680614471436,-0.20408952236175537,-0.04143372178077698,-0.28207844495773315,-0.05626997351646423,-0.2502467632293701,-0.061012208461761475,-0.20493090152740479,-0.0056188106536865234,-0.19860237836837769,-0.008811712265014648,-0.27192384004592896,-0.025509655475616455,-0.2513919472694397,-0.029395610094070435,-0.21024274826049805,0.026778042316436768,-0.18340420722961426,0.01950019598007202,-0.24438047409057617,-0.00016987323760986328,-0.24545878171920776,-0.011554956436157227,-0.2204234004020691
0.0,0.0,-0.04897105693817139,-0.03200662136077881,-0.08189207315444946,-0.09954726696014404,-0.08824694156646729,-0.1595432162284851,-0.06514814496040344,-0.20521944761276245,-0.06746849417686462,-0.20170694589614868,-0.07777786254882812,-0.2822473645210266,-0.08381146192550659,-0.32964837551116943,-0.08476552367210388,-0.37053853273391724,-0.03554925322532654,-0.2054547667503357,-0.03986471891403198,-0.28325480222702026,-0.05364257097244263,-0.2538803219795227,-0.0589066743850708,-0.20944678783416748,-0.005135297775268555,-0.19969052076339722,-0.007098853588104248,-0.27201342582702637,-0.0236549973487854,-0.2521951198577881,-0.02907925844192505,-0.21141934394836426,0.02724093198776245,-0.18434393405914307,0.02211320400238037,-0.24510139226913452,0.002331078052520752,-0.24648356437683105,-0.011070072650909424,-0.22192978858947754
0.0,0.0,-0.04826757311820984,-0.03445810079574585,-0.07994028925895691,-0.10149604082107544,-0.08298501372337341,-0.16236984729766846,-0.05723601579666138,-0.20493006706237793,-0.06542351841926575,-0.19548934698104858,-0.07456347346305847,-0.2750878930091858,-0.07904347777366638,-0.32182300090789795,-0.07848501205444336,-0.361957848072052,-0.033806294202804565,-0.19944578409194946,-0.0360812246799469,-0.27710145711898804,-0.04830622673034668,-0.24701780080795288,-0.05252239108085632,-0.202437162399292,-0.003733396530151367,-0.1944575309753418,-0.0046956539154052734,-0.26520323753356934,-0.020376920700073242,-0.2439923882484436,-0.02510744333267212,-0.20321029424667358,0.027511656284332275,-0.18062949180603027,0.024833321571350098,-0.24033939838409424,0.0063707828521728516,-0.24221372604370117,-0.006359457969665527,-0.217953622341156
0.0,0.0,-0.04740437865257263,-0.03532814979553223,-0.07856139540672302,-0.10175859928131104,-0.08191227912902832,-0.1620844602584839,-0.05801582336425781,-0.20551586151123047,-0.06459280848503113,-0.19539403915405273,-0.07295328378677368,-0.27430593967437744,-0.0766633152961731,-0.3206908106803894,-0.07585090398788452,-0.36015546321868896,-0.03278377652168274,-0.19899779558181763,-0.0341833233833313,-0.2761819362640381,-0.047541022300720215,-0.25050151348114014,-0.05342519283294678,-0.20717275142669678,-0.002295970916748047,-0.1932399868965149,-0.0027047395706176758,-0.26424020528793335,-0.018837332725524902,-0.2467765212059021,-0.02475959062576294,-0.2075405716896057,0.029492080211639404,-0.1785656213760376,0.02726048231124878,-0.2381812334060669,0.00876164436340332,-0.24214881658554077,-0.004815578460693359,-0.2195642590522766
0.0,0.0,-0.04711651802062988,-0.03166002035140991,-0.07790383696556091,-0.09546166658401489,-0.08110815286636353,-0.1541767120361328,-0.05846291780471802,-0.19770437479019165,-0.06198197603225708,-0.1928386092185974,-0.06958946585655212,-0.27070480585098267,-0.07320329546928406,-0.3170161843299866,-0.07208657264709473,-0.3557637333869934,-0.029801785945892334,-0.19552165269851685,-0.030588746070861816,-0.2713087797164917,-0.04485201835632324,-0.24794715642929077,-0.05136200785636902,-0.20653420686721802,0.00022917985916137695,-0.1893688440322876,0.001105189323425293,-0.258661687374115,-0.015282273292541504,-0.24428695440292358,-0.02111881971359253,-0.20623016357421875,0.032075583934783936,-0.17421472072601318,0.029784023761749268,-0.23307251930236816,0.01220470666885376,-0.23762434720993042,-0.0004812479019165039,-0.214624285697937
0.0,0.0,-0.04937085509300232,-0.03210026025772095,-0.07972082495689392,-0.0981454849243164,-0.08149018883705139,-0.15884196758270264,-0.058136701583862305,-0.20148766040802002,-0.06082227826118469,-0.18953758478164673,-0.06585085391998291,-0.26826903223991394,-0.06853628158569336,-0.31457045674324036,-0.06645971536636353,-0.35384440422058105,-0.02903193235397339,-0.192929208278656,-0.02938789129257202,-0.27249452471733093,-0.04482901096343994,-0.252990186214447,-0.05226030945777893,-0.21427768468856812,0.00011849403381347656,-0.18730449676513672,0.0007539987564086914,-0.25904208421707153,-0.016289353370666504,-0.24686980247497559,-0.0223657488822937,-0.21012204885482788,0.031803131103515625,-0.17314845323562622,0.030492782592773438,-0.2339261770248413,0.013113915920257568,-0.23956149816513062,0.0005311369895935059,-0.2163546085357666
0.0,0.0,-0.04846411943435669,-0.032595932483673096,-0.07882443070411682,-0.10069936513900757,-0.08199021220207214,-0.16267907619476318,-0.056949496269226074,-0.20467406511306763,-0.058257341384887695,-0.19268560409545898,-0.06318917870521545,-0.272276908159256,-0.06538379192352295,-0.31967398524284363,-0.06257978081703186,-0.35925692319869995,-0.027011752128601074,-0.19545704126358032,-0.02748239040374756,-0.27439987659454346,-0.04329729080200195,-0.25629639625549316,-0.0509873628616333,-0.21719157695770264,0.0019086003303527832,-0.18923872709274292,0.0034328699111938477,-0.2611815929412842,-0.013884127140045166,-0.2508257031440735,-0.020838797092437744,-0.21423053741455078,0.03344380855560303,-0.17444878816604614,0.03331947326660156,-0.2355184555053711,0.01589059829711914,-0.24366098642349243,0.0021956562995910645,-0.22221839427947998
0.0,0.0,-0.04850754141807556,-0.03281432390213013,-0.07970798015594482,-0.10155683755874634,-0.08154052495956421,-0.16526633501052856,-0.0550001859664917,-0.20708322525024414,-0.05820193886756897,-0.19406557083129883,-0.06270790100097656,-0.27367842197418213,-0.06448271870613098,-0.32004421949386597,-0.06143975257873535,-0.3588827848434448,-0.027002573013305664,-0.1964758038520813,-0.028241753578186035,-0.27543699741363525,-0.04299098253250122,-0.2554299235343933,-0.04952031373977661,-0.21544599533081055,0.001928567886352539,-0.19013625383377075,0.0026110410690307617,-0.26276659965515137,-0.013427495956420898,-0.25108015537261963,-0.019394516944885254,-0.21429061889648438,0.03331953287124634,-0.17542743682861328,0.03232073783874512,-0.2368374466896057,0.014882981777191162,-0.24358415603637695,0.0015478730201721191,-0.22136622667312622
0.0,0.0,-0.047399431467056274,-0.03090888261795044,-0.07799163460731506,-0.09857755899429321,-0.08047577738761902,-0.15992045402526855,-0.05614882707595825,-0.20294201374053955,-0.05826118588447571,-0.1943812370300293,-0.06257373094558716,-0.27292582392692566,-0.06369143724441528,-0.3197489380836487,-0.06067049503326416,-0.3582303822040558,-0.02654564380645752,-0.19628214836120605,-0.02737283706665039,-0.27384114265441895,-0.04145684838294983,-0.25445759296417236,-0.048892855644226074,-0.2144099473953247,0.0028551816940307617,-0.18954521417617798,0.003855407238006592,-0.2596522569656372,-0.01194840669631958,-0.24796032905578613,-0.01889979839324951,-0.21094578504562378,0.03462404012680054,-0.17369109392166138,0.03262370824813843,-0.23363476991653442,0.015211105346679688,-0.23952555656433105,0.0012552142143249512,-0.21725422143936157
0.0,0.0,-0.04685601592063904,-0.03130388259887695,-0.07669302821159363,-0.0993381142616272,-0.07839915156364441,-0.16110438108444214,-0.0529140830039978,-0.204761803150177,-0.056902289390563965,-0.19616281986236572,-0.06115451455116272,-0.2746821939945221,-0.06251087784767151,-0.32077521085739136,-0.05964216589927673,-0.35897397994995117,-0.02474045753479004,-0.19766807556152344,-0.025778353214263916,-0.27294766902923584,-0.03863525390625,-0.2518881559371948,-0.04496663808822632,-0.2110300064086914,0.005096077919006348,-0.19049113988876343,0.005528926849365234,-0.2598704695701599,-0.009240388870239258,-0.2477521300315857,-0.015610456466674805,-0.21039235591888428,0.03669005632400513,-0.174482524394989,0.03433722257614136,-0.23470741510391235,0.01781231164932251,-0.2397206425666809,0.004467010498046875,-0.21602928638458252
0.0,0.0,-0.04724821448326111,-0.030299782752990723,-0.07883471250534058,-0.09847980737686157,-0.08262908458709717,-0.1608123779296875,-0.05641067028045654,-0.20186352729797363,-0.05837357044219971,-0.1905086636543274,-0.06503024697303772,-0.26977968215942383,-0.06868863105773926,-0.31617602705955505,-0.06715136766433716,-0.3555659055709839,-0.026934921741485596,-0.19369173049926758,-0.02631288766860962,-0.2748367190361023,-0.041777729988098145,-0.2529904842376709,-0.049728989601135254,-0.21100986003875732,0.0025194883346557617,-0.18762969970703125,0.0036415457725524902,-0.2595252990722656,-0.013243317604064941,-0.24575453996658325,-0.020244061946868896,-0.20845651626586914,0.0337146520614624,-0.17264819145202637,0.031990766525268555,-0.2335013747215271,0.014016389846801758,-0.23881924152374268,0.00028079748153686523,-0.21627789735794067
0.0,0.0,-0.04596412181854248,-0.03167933225631714,-0.07530137896537781,-0.10037773847579956,-0.07786035537719727,-0.16183209419250488,-0.05132332444190979,-0.20099931955337524,-0.055477023124694824,-0.19224387407302856,-0.059877365827560425,-0.2695883810520172,-0.06241542100906372,-0.3150188624858856,-0.059998929500579834,-0.3531603515148163,-0.02415257692337036,-0.19393479824066162,-0.022448420524597168,-0.273590624332428,-0.036725640296936035,-0.2530125379562378,-0.044247597455978394,-0.21257895231246948,0.0052062273025512695,-0.1868698000907898,0.007014036178588867,-0.2578151226043701,-0.008920490741729736,-0.24435865879058838,-0.015683650970458984,-0.20764237642288208,0.0361706018447876,-0.17103850841522217,0.036298274993896484,-0.2317919135093689,0.019573986530303955,-0.23737162351608276,0.006451547145843506,-0.215224027633667
0.0,0.0,-0.04722696542739868,-0.03594052791595459,-0.07628035545349121,-0.10732990503311157,-0.07604658603668213,-0.1720888614654541,-0.04896533489227295,-0.21146392822265625,-0.055121928453445435,-0.19188141822814941,-0.05943608283996582,-0.2692101001739502,-0.06251156330108643,-0.31422337889671326,-0.060902297496795654,-0.35249972343444824,-0.02358144521713257,-0.19439953565597534,-0.02180194854736328,-0.27501338720321655,-0.03528347611427307,-0.2571036219596863,-0.041790515184402466,-0.21786010265350342,0.005326747894287109,-0.18756389617919922,0.008058369159698486,-0.25946396589279175,-0.0073552727699279785,-0.2500755786895752,-0.01381760835647583,-0.21446126699447632,0.03592103719711304,-0.17180538177490234,0.03661137819290161,-0.2310173511505127,0.019988715648651123,-0.2402123212814331,0.006492674350738525,-0.2202773094177246
0.0,0.0,-0.0463843047618866,-0.033999502658843994,-0.07693323493003845,-0.10376358032226562,-0.07649493217468262,-0.16835856437683105,-0.04750022292137146,-0.20871227979660034,-0.054141104221343994,-0.19038575887680054,-0.05699455738067627,-0.267158180475235,-0.05891743302345276,-0.3130521774291992,-0.05655860900878906,-0.35135167837142944,-0.022660017013549805,-0.19288957118988037,-0.020465075969696045,-0.2728589177131653,-0.03533285856246948,-0.25393474102020264,-0.04282906651496887,-0.21437793970108032,0.0060242414474487305,-0.18586981296539307,0.009743452072143555,-0.2583277225494385,-0.006950795650482178,-0.2472878098487854,-0.014080226421356201,-0.21120411157608032,0.03640633821487427,-0.1696428656578064,0.0371088981628418,-0.22935640811920166,0.02002805471420288,-0.2370365858078003,0.006482839584350586,-0.21571975946426392
0.0,0.0,-0.04784467816352844,-0.0335811972618103,-0.07739931344985962,-0.10213863849639893,-0.07857528328895569,-0.16505324840545654,-0.05164754390716553,-0.20609313249588013,-0.05400887131690979,-0.18849021196365356,-0.056464314460754395,-0.2652474641799927,-0.057711899280548096,-0.311516672372818,-0.05409592390060425,-0.35006463527679443,-0.022353827953338623,-0.19097155332565308,-0.019379615783691406,-0.27197712659835815,-0.03660380840301514,-0.25596362352371216,-0.046134740114212036,-0.21801543235778809,0.005967497825622559,-0.18471407890319824,0.010785937309265137,-0.25746625661849976,-0.008059203624725342,-0.24883747100830078,-0.01696038246154785,-0.213905930519104,0.03680354356765747,-0.16878849267959595,0.03791201114654541,-0.22783714532852173,0.019950509071350098,-0.2370414137840271,0.004963576793670654,-0.21762752532958984
0.0,0.0,-0.046244531869888306,-0.033530473709106445,-0.07606041431427002,-0.10477238893508911,-0.07606005668640137,-0.1688212752342224,-0.04948499798774719,-0.20905935764312744,-0.05111187696456909,-0.19242757558822632,-0.053987473249435425,-0.2701151371002197,-0.05523866415023804,-0.31726592779159546,-0.05222654342651367,-0.3553221821784973,-0.019946575164794922,-0.19374358654022217,-0.017813682556152344,-0.275120347738266,-0.032624751329422,-0.26117074489593506,-0.040985435247421265,-0.22328037023544312,0.008417129516601562,-0.1863512396812439,0.012528717517852783,-0.25930672883987427,-0.004329025745391846,-0.25195878744125366,-0.013187825679779053,-0.2167665958404541,0.03915870189666748,-0.16919195652008057,0.040609657764434814,-0.22837364673614502,0.023408234119415283,-0.2394932508468628,0.007682204246520996,-0.2215282917022705
0.0,0.0,-0.04670789837837219,-0.034220874309539795,-0.07652729749679565,-0.10298633575439453,-0.07776516675949097,-0.16462796926498413,-0.05190721154212952,-0.2068607211112976,-0.05103328824043274,-0.19453436136245728,-0.05380484461784363,-0.27429407835006714,-0.054442644119262695,-0.3222113847732544,-0.051307857036590576,-0.3612666726112366,-0.020080864429473877,-0.1950979232788086,-0.018317222595214844,-0.2743598222732544,-0.0328790545463562,-0.2569660544395447,-0.04132065176963806,-0.21851372718811035,0.008074164390563965,-0.18741881847381592,0.012671113014221191,-0.2604607343673706,-0.004086136817932129,-0.25022953748703003,-0.012851834297180176,-0.21359747648239136,0.03845089673995972,-0.16976815462112427,0.03866857290267944,-0.22987675666809082,0.021202266216278076,-0.237524151802063,0.0061005353927612305,-0.21671485900878906
0.0,0.0,-0.04770028591156006,-0.034289658069610596,-0.07819390296936035,-0.10149043798446655,-0.0809413492679596,-0.1626427173614502,-0.05665552616119385,-0.20852333307266235,-0.05323755741119385,-0.19667398929595947,-0.056369274854660034,-0.2777688503265381,-0.05745762586593628,-0.32589882612228394,-0.054700762033462524,-0.36504802107810974,-0.02221214771270752,-0.19753950834274292,-0.021509110927581787,-0.278641939163208,-0.03643721342086792,-0.2615776062011719,-0.045172303915023804,-0.22310250997543335,0.005904734134674072,-0.18994265794754028,0.00955110788345337,-0.2643197774887085,-0.007412970066070557,-0.25399553775787354,-0.016226232051849365,-0.2171381115913391,0.03641510009765625,-0.172113299369812,0.036472439765930176,-0.23309999704360962,0.01876431703567505,-0.24081093072891235,0.003314495086669922,-0.22012054920196533
0.0,0.0,-0.04840421676635742,-0.03583449125289917,-0.07847753167152405,-0.10369980335235596,-0.081586092710495,-0.16492921113967896,-0.05705109238624573,-0.21041244268417358,-0.05233088135719299,-0.19749367237091064,-0.056105732917785645,-0.2786968946456909,-0.05756032466888428,-0.3264386057853699,-0.05525138974189758,-0.36528480052948,-0.0218847393989563,-0.1977871060371399,-0.021073460578918457,-0.27746301889419556,-0.03504294157028198,-0.26129984855651855,-0.04364442825317383,-0.22380387783050537,0.005995273590087891,-0.19037699699401855,0.009450256824493408,-0.2640252113342285,-0.006723999977111816,-0.2547912001609802,-0.015751242637634277,-0.2180730700492859,0.03657376766204834,-0.17313998937606812,0.03699934482574463,-0.23337489366531372,0.0196840763092041,-0.24301177263259888,0.0037755370140075684,-0.2239832878112793
0.0,0.0,-0.049166738986968994,-0.03533756732940674,-0.08031079173088074,-0.10647708177566528,-0.08149832487106323,-0.17121410369873047,-0.054954707622528076,-0.21477490663528442,-0.054976582527160645,-0.20029008388519287,-0.058725714683532715,-0.28176045417785645,-0.059786319732666016,-0.3296948969364166,-0.05755186080932617,-0.36881718039512634,-0.023930400609970093,-0.20153939723968506,-0.02446913719177246,-0.2812967300415039,-0.038597285747528076,-0.264614462852478,-0.04718324542045593,-0.22613531351089478,0.004432201385498047,-0.19395065307617188,0.0063394904136657715,-0.2676522135734558,-0.0098915696144104,-0.2568231225013733,-0.018862932920455933,-0.22017115354537964,0.034980177879333496,-0.1763303279876709,0.03442108631134033,-0.23688679933547974,0.015918314456939697,-0.24553143978118896,-0.0006514191627502441,-0.22655248641967773
0.0,0.0,-0.04888424277305603,-0.036508798599243164,-0.0784754753112793,-0.10662597417831421,-0.08024311065673828,-0.16832482814788818,-0.054924339056015015,-0.21345359086990356,-0.05342602729797363,-0.19855833053588867,-0.05756723880767822,-0.28018778562545776,-0.05850642919540405,-0.32872769236564636,-0.05544310808181763,-0.3680421710014343,-0.02282443642616272,-0.1992502212524414,-0.022252649068832397,-0.2807544469833374,-0.03664076328277588,-0.2635328769683838,-0.04496431350708008,-0.22397291660308838,0.0055024027824401855,-0.1914423704147339,0.009315431118011475,-0.265693724155426,-0.0075525641441345215,-0.2552657723426819,-0.016606628894805908,-0.21789413690567017,0.03618919849395752,-0.1736162304878235,0.03737443685531616,-0.23403871059417725,0.018848896026611328,-0.2439231276512146,0.0018721818923950195,-0.2250654697418213
0.0,0.0,-0.04928457736968994,-0.03563326597213745,-0.07968214154243469,-0.10576951503753662,-0.08295252919197083,-0.16748416423797607,-0.05896517634391785,-0.21253281831741333,-0.05496302247047424,-0.2012748122215271,-0.05924680829048157,-0.282434344291687,-0.060738563537597656,-0.3304799497127533,-0.0583900511264801,-0.3697531223297119,-0.024354636669158936,-0.20215141773223877,-0.024850010871887207,-0.28256455063819885,-0.03929826617240906,-0.2654726505279541,-0.047783881425857544,-0.22696805000305176,0.0038010478019714355,-0.19460707902908325,0.006569802761077881,-0.26865363121032715,-0.01007169485092163,-0.2587668299674988,-0.01932874321937561,-0.22246235609054565,0.03458964824676514,-0.17664098739624023,0.03451693058013916,-0.2365756630897522,0.015987932682037354,-0.24607551097869873,-0.0008258223533630371,-0.228104829788208
0.0,0.0,-0.04904106259346008,-0.03647202253341675,-0.07972162961959839,-0.10727322101593018,-0.08231404423713684,-0.1711341142654419,-0.05707216262817383,-0.21641498804092407,-0.055018872022628784,-0.200952410697937,-0.05955994129180908,-0.2832801342010498,-0.06114986538887024,-0.331952303647995,-0.0594637393951416,-0.3715476393699646,-0.024671196937561035,-0.2021917700767517,-0.025415092706680298,-0.2820216417312622,-0.039311349391937256,-0.2646082639694214,-0.0476929247379303,-0.22528117895126343,0.0035968422889709473,-0.19480061531066895,0.0052242279052734375,-0.2690291404724121,-0.011360526084899902,-0.25738346576690674,-0.020780354738235474,-0.22029811143875122,0.03395801782608032,-0.17741042375564575,0.032941997051239014,-0.2376190423965454,0.01406705379486084,-0.24664384126663208,-0.0028831958770751953,-0.22812438011169434
0.0,0.0,-0.04710003733634949,-0.03489112854003906,-0.07846710085868835,-0.10098439455032349,-0.08103060722351074,-0.16263914108276367,-0.05508503317832947,-0.20882993936538696,-0.05333110690116882,-0.1981518268585205,-0.05659407377243042,-0.27888965606689453,-0.05745577812194824,-0.32676661014556885,-0.05536985397338867,-0.36587756872177124,-0.022487103939056396,-0.19867640733718872,-0.023252904415130615,-0.2760680317878723,-0.036151617765426636,-0.25724881887435913,-0.0438103973865509,-0.21822142601013184,0.006332576274871826,-0.19036102294921875,0.008382856845855713,-0.26314830780029297,-0.007371664047241211,-0.25007307529449463,-0.016440153121948242,-0.21317529678344727,0.03717601299285889,-0.17176330089569092,0.03551626205444336,-0.23081040382385254,0.01685577630996704,-0.23725885152816772,0.00013947486877441406,-0.21749114990234375
0.0,0.0,-0.04949727654457092,-0.035737812519073486,-0.07960858941078186,-0.10820430517196655,-0.08258640766143799,-0.17204052209854126,-0.056122422218322754,-0.21694445610046387,-0.05357074737548828,-0.2056291103363037,-0.05711251497268677,-0.288618266582489,-0.05855965614318848,-0.3380594849586487,-0.05647662281990051,-0.37927955389022827,-0.022773176431655884,-0.20620185136795044,-0.02282056212425232,-0.2856387495994568,-0.03775784373283386,-0.26307952404022217,-0.046725302934646606,-0.22195762395858765,0.005784392356872559,-0.19754773378372192,0.007487297058105469,-0.2716413140296936,-0.010188043117523193,-0.25555914640426636,-0.019519656896591187,-0.21641772985458374,0.03621256351470947,-0.17866593599319458,0.033618390560150146,-0.24040108919143677,0.01397562026977539,-0.24599111080169678,-0.002002716064453125,-0.224229633808136
0.0,0.0,-0.04866510629653931,-0.03506302833557129,-0.08015084266662598,-0.10677534341812134,-0.08342713117599487,-0.17178380489349365,-0.05629235506057739,-0.21465426683425903,-0.055799901485443115,-0.20421481132507324,-0.05930474400520325,-0.28581494092941284,-0.0609779953956604,-0.3347287178039551,-0.05984213948249817,-0.3756375014781952,-0.024547934532165527,-0.20508527755737305,-0.025959551334381104,-0.2834278345108032,-0.03777161240577698,-0.26145535707473755,-0.04465135931968689,-0.22067368030548096,0.004931151866912842,-0.19641530513763428,0.005376577377319336,-0.2699587345123291,-0.010302841663360596,-0.253084659576416,-0.01912626624107361,-0.21410828828811646,0.036050498485565186,-0.1774153709411621,0.03259974718093872,-0.2378530502319336,0.013069987297058105,-0.2430046796798706,-0.0035114288330078125,-0.22241371870040894
0.0,0.0,-0.0486888587474823,-0.03587228059768677,-0.07951650023460388,-0.1100417971611023,-0.07881566882133484,-0.17664951086044312,-0.050519585609436035,-0.219294011592865,-0.05294439196586609,-0.20429593324661255,-0.05590111017227173,-0.2876778244972229,-0.057674527168273926,-0.33819305896759033,-0.0560421347618103,-0.38017699122428894,-0.02166798710823059,-0.2053682804107666,-0.021902412176132202,-0.28581488132476807,-0.03528985381126404,-0.2629469037055969,-0.04206490516662598,-0.22048085927963257,0.007701575756072998,-0.19638121128082275,0.008901774883270264,-0.27183711528778076,-0.007797956466674805,-0.2548890709877014,-0.0158139169216156,-0.21550774574279785,0.0386275053024292,-0.17740225791931152,0.03567308187484741,-0.23973315954208374,0.01625359058380127,-0.24553900957107544,0.0009917616844177246,-0.22455650568008423
0.0,0.0,-0.04770144820213318,-0.0320701003074646,-0.0790758728981018,-0.10120141506195068,-0.08237320184707642,-0.16455602645874023,-0.05695080757141113,-0.21004623174667358,-0.05279141664505005,-0.19750237464904785,-0.0549980103969574,-0.28063535690307617,-0.055785179138183594,-0.33107590675354004,-0.05251812934875488,-0.37388885021209717,-0.021788358688354492,-0.1989811658859253,-0.022248059511184692,-0.2792356610298157,-0.03831097483634949,-0.2549622654914856,-0.04671889543533325,-0.21228784322738647,0.006860911846160889,-0.19093626737594604,0.00833672285079956,-0.2658821940422058,-0.01042264699935913,-0.2484613060951233,-0.019615471363067627,-0.209994375705719,0.03712928295135498,-0.1726752519607544,0.034085214138031006,-0.23416543006896973,0.013832688331604004,-0.23914653062820435,-0.0019034147262573242,-0.2182852029800415
0.0,0.0,-0.04888647794723511,-0.030294597148895264,-0.08046740293502808,-0.09940105676651001,-0.08275413513183594,-0.16302937269210815,-0.058282434940338135,-0.20874977111816406,-0.05411842465400696,-0.19604361057281494,-0.05687156319618225,-0.28018617630004883,-0.05726051330566406,-0.33109050989151,-0.053831011056900024,-0.37363773584365845,-0.023316800594329834,-0.19754862785339355,-0.02367118000984192,-0.27814537286758423,-0.039338260889053345,-0.256827712059021,-0.048039793968200684,-0.21611088514328003,0.005208253860473633,-0.19029605388641357,0.00712960958480835,-0.2656940817832947,-0.011232554912567139,-0.2498956322669983,-0.02043512463569641,-0.2115458846092224,0.03582638502120972,-0.1734229326248169,0.03370678424835205,-0.2355208396911621,0.014178633689880371,-0.24020206928253174,-0.0013630986213684082,-0.21815049648284912
0.0,0.0,-0.04845711588859558,-0.031036555767059326,-0.08023181557655334,-0.10132181644439697,-0.08386737108230591,-0.16417992115020752,-0.059213995933532715,-0.20843183994293213,-0.053979724645614624,-0.20095199346542358,-0.05545106530189514,-0.2845594882965088,-0.055469393730163574,-0.3346981406211853,-0.05157628655433655,-0.37674617767333984,-0.023039817810058594,-0.20164930820465088,-0.023617327213287354,-0.28237855434417725,-0.0398373007774353,-0.258462131023407,-0.04809972643852234,-0.2157433032989502,0.005479693412780762,-0.1933046579360962,0.007178366184234619,-0.26894611120224,-0.01164349913597107,-0.25228971242904663,-0.02103567123413086,-0.21398460865020752,0.03581881523132324,-0.1747308373451233,0.03351759910583496,-0.23663878440856934,0.013492465019226074,-0.24282044172286987,-0.002428889274597168,-0.22332525253295898
0.0,0.0,-0.04906138777732849,-0.03255283832550049,-0.08120882511138916,-0.1021040678024292,-0.08365821838378906,-0.16589641571044922,-0.05824214220046997,-0.2118823528289795,-0.05497792363166809,-0.19949698448181152,-0.056873619556427,-0.2818089723587036,-0.05611652135848999,-0.3319395184516907,-0.05218943953514099,-0.3738712668418884,-0.024085938930511475,-0.2004256248474121,-0.024256259202957153,-0.2793102264404297,-0.03761962056159973,-0.2583118677139282,-0.04518461227416992,-0.21796327829360962,0.004617750644683838,-0.19261717796325684,0.007177591323852539,-0.2673454284667969,-0.010084092617034912,-0.2526695132255554,-0.019723057746887207,-0.2144017219543457,0.035318076610565186,-0.17489945888519287,0.03339022397994995,-0.23590338230133057,0.014409542083740234,-0.24192625284194946,-0.001714944839477539,-0.22114711999893188
0.0,0.0,-0.04836428165435791,-0.030741333961486816,-0.08155962824821472,-0.10035467147827148,-0.0850471556186676,-0.1647077202796936,-0.05888688564300537,-0.20853781700134277,-0.0546993613243103,-0.195978045463562,-0.05633437633514404,-0.27963387966156006,-0.05615359544754028,-0.3303614854812622,-0.0520651638507843,-0.37293320894241333,-0.023830145597457886,-0.19738852977752686,-0.024364620447158813,-0.2775292992591858,-0.039959847927093506,-0.2535061240196228,-0.0476534366607666,-0.21017193794250488,0.004671871662139893,-0.1900109052658081,0.006320178508758545,-0.2651297450065613,-0.01227673888206482,-0.24787288904190063,-0.02132466435432434,-0.20870810747146606,0.03485429286956787,-0.17312026023864746,0.03271162509918213,-0.23462563753128052,0.012847185134887695,-0.23939430713653564,-0.0027027130126953125,-0.2177058458328247
0.0,0.0,-0.048465847969055176,-0.03052973747253418,-0.08209723234176636,-0.09937781095504761,-0.08704507350921631,-0.1620577573776245,-0.06117609143257141,-0.20686697959899902,-0.055932313203811646,-0.19738692045211792,-0.05838418006896973,-0.28055518865585327,-0.058863043785095215,-0.33111172914505005,-0.055355221033096313,-0.3737052381038666,-0.0250568687915802,-0.19899368286132812,-0.025566577911376953,-0.27861279249191284,-0.0420413613319397,-0.25486689805984497,-0.05080223083496094,-0.21182769536972046,0.0035846829414367676,-0.1915065050125122,0.005110502243041992,-0.2662748098373413,-0.013962000608444214,-0.2490708827972412,-0.023251712322235107,-0.20935392379760742,0.03383976221084595,-0.17421609163284302,0.03078138828277588,-0.23601019382476807,0.010649919509887695,-0.2399579882621765,-0.004559755325317383,-0.2168474793434143
0.0,0.0,-0.04844978451728821,-0.032234251499176025,-0.08264300227165222,-0.10314023494720459,-0.08523601293563843,-0.16876637935638428,-0.056131333112716675,-0.21398109197616577,-0.055703431367874146,-0.19900786876678467,-0.05790266394615173,-0.2823418378829956,-0.058315426111221313,-0.3333947956562042,-0.05488944053649902,-0.3766558766365051,-0.024357259273529053,-0.20091402530670166,-0.024616986513137817,-0.2802427411079407,-0.0411323606967926,-0.2556552290916443,-0.049938976764678955,-0.21160626411437988,0.004650235176086426,-0.19325560331344604,0.006109476089477539,-0.267766535282135,-0.013195157051086426,-0.24967050552368164,-0.022490262985229492,-0.20943742990493774,0.03522688150405884,-0.17593616247177124,0.031404197216033936,-0.23751723766326904,0.010565876960754395,-0.2408260703086853,-0.0049419403076171875,-0.216996431350708
0.0,0.0,-0.049612581729888916,-0.032879650592803955,-0.08348366618156433,-0.1069079041481018,-0.0854710042476654,-0.17343634366989136,-0.057450950145721436,-0.21938300132751465,-0.05632403492927551,-0.20329618453979492,-0.05841299891471863,-0.2880450487136841,-0.05907401442527771,-0.3403802812099457,-0.05558609962463379,-0.38417646288871765,-0.024728626012802124,-0.20509958267211914,-0.02481594681739807,-0.2880808115005493,-0.0431094765663147,-0.26477205753326416,-0.053419291973114014,-0.22042495012283325,0.004435896873474121,-0.19682049751281738,0.006081640720367432,-0.2738468647003174,-0.014438837766647339,-0.25633227825164795,-0.02479615807533264,-0.21542197465896606,0.03490477800369263,-0.17853498458862305,0.030887842178344727,-0.24052321910858154,0.010015428066253662,-0.24540752172470093,-0.005682647228240967,-0.2228679656982422
0.0,0.0,-0.04867669939994812,-0.033129751682281494,-0.08218830823898315,-0.10741090774536133,-0.08479946851730347,-0.17377716302871704,-0.05753296613693237,-0.21777641773223877,-0.05477812886238098,-0.20342355966567993,-0.05710187554359436,-0.2877386212348938,-0.05859819054603577,-0.33857008814811707,-0.055094510316848755,-0.38157594203948975,-0.023255348205566406,-0.2043805718421936,-0.022625654935836792,-0.2860945463180542,-0.04119536280632019,-0.25908273458480835,-0.04963564872741699,-0.21392768621444702,0.005332648754119873,-0.19610750675201416,0.006763577461242676,-0.2717403769493103,-0.014555931091308594,-0.25039422512054443,-0.02348342537879944,-0.2091372013092041,0.034875333309173584,-0.17789137363433838,0.031433820724487305,-0.23952198028564453,0.009734392166137695,-0.24192816019058228,-0.00508156418800354,-0.21861600875854492
0.0,0.0,-0.046647459268569946,-0.030838310718536377,-0.07974430918693542,-0.09838986396789551,-0.08775344491004944,-0.16060888767242432,-0.05987933278083801,-0.20495057106018066,-0.05287393927574158,-0.19430208206176758,-0.05554202198982239,-0.2796529531478882,-0.057051122188568115,-0.33165645599365234,-0.0536041259765625,-0.37578827142715454,-0.022350549697875977,-0.1959429383277893,-0.021791458129882812,-0.2776637077331543,-0.039844125509262085,-0.25335657596588135,-0.048724979162216187,-0.2097557783126831,0.005775272846221924,-0.18885529041290283,0.00800931453704834,-0.2653086185455322,-0.012592911720275879,-0.24757146835327148,-0.021956980228424072,-0.20736223459243774,0.03558558225631714,-0.17199528217315674,0.03260153532028198,-0.23427683115005493,0.011869192123413086,-0.2376810908317566,-0.003504723310470581,-0.2136521339416504
0.0,0.0,-0.045225173234939575,-0.02952408790588379,-0.07840293645858765,-0.09778308868408203,-0.0875697135925293,-0.16052383184432983,-0.06033894419670105,-0.2046707272529602,-0.05289015173912048,-0.19473016262054443,-0.05527034401893616,-0.28078287839889526,-0.056594133377075195,-0.33299189805984497,-0.05200818181037903,-0.3775221109390259,-0.022280573844909668,-0.19605201482772827,-0.021435320377349854,-0.2783837914466858,-0.0402446985244751,-0.25005418062210083,-0.04884171485900879,-0.2059115767478943,0.006279349327087402,-0.18852287530899048,0.008563458919525146,-0.26578783988952637,-0.01316860318183899,-0.24394738674163818,-0.02235981822013855,-0.20365113019943237,0.036143362522125244,-0.1715514063835144,0.03233134746551514,-0.2338320016860962,0.010427117347717285,-0.23413437604904175,-0.004553288221359253,-0.20957881212234497
0.0,0.0,-0.04624733328819275,-0.031222403049468994,-0.07874685525894165,-0.10099083185195923,-0.08760949969291687,-0.1638466715812683,-0.060639411211013794,-0.207980215549469,-0.05382704734802246,-0.19865047931671143,-0.05647805333137512,-0.2836248278617859,-0.05748322606086731,-0.3352106213569641,-0.05357810854911804,-0.3788869380950928,-0.023137062788009644,-0.19977456331253052,-0.022675544023513794,-0.28040432929992676,-0.03912091255187988,-0.2553349733352661,-0.04739794135093689,-0.21209895610809326,0.005852878093719482,-0.19161134958267212,0.00750654935836792,-0.26724064350128174,-0.012063980102539062,-0.2478926181793213,-0.02130711078643799,-0.20786315202713013,0.03628426790237427,-0.17384856939315796,0.03252875804901123,-0.23552078008651733,0.011965572834014893,-0.23742854595184326,-0.0030463337898254395,-0.21358776092529297
0.0,0.0,-0.04783189296722412,-0.03125762939453125,-0.080084890127182,-0.10054367780685425,-0.08885002136230469,-0.16224944591522217,-0.06278449296951294,-0.20712924003601074,-0.054816097021102905,-0.1993807554244995,-0.057506710290908813,-0.2847486138343811,-0.05862775444984436,-0.33648231625556946,-0.05449637770652771,-0.38067543506622314,-0.023706763982772827,-0.20064568519592285,-0.023071378469467163,-0.28346365690231323,-0.04102092981338501,-0.2590184211730957,-0.0503658652305603,-0.21617662906646729,0.005112946033477783,-0.19249075651168823,0.007322430610656738,-0.26964271068573,-0.013397067785263062,-0.251814067363739,-0.023262858390808105,-0.21180635690689087,0.035487353801727295,-0.17428511381149292,0.03186863660812378,-0.2371584177017212,0.010843753814697266,-0.24041861295700073,-0.00466543436050415,-0.21689051389694214
0.0,0.0,-0.046439021825790405,-0.03147095441818237,-0.07974115014076233,-0.09786766767501831,-0.08835482597351074,-0.15777117013931274,-0.06165364384651184,-0.2016071081161499,-0.053705185651779175,-0.19629573822021484,-0.055549055337905884,-0.28140246868133545,-0.05673399567604065,-0.3328666090965271,-0.05294692516326904,-0.37674564123153687,-0.022823065519332886,-0.19701629877090454,-0.022829532623291016,-0.2778407335281372,-0.04017338156700134,-0.25068795680999756,-0.048341721296310425,-0.20691192150115967,0.006017625331878662,-0.18915146589279175,0.007755756378173828,-0.2648823857307434,-0.01216578483581543,-0.2449057698249817,-0.020859122276306152,-0.204271137714386,0.03669178485870361,-0.17204809188842773,0.03290557861328125,-0.23420381546020508,0.012604892253875732,-0.23536378145217896,-0.0016664862632751465,-0.21043914556503296
0.0,0.0,-0.0467812716960907,-0.03159409761428833,-0.07990604639053345,-0.09996050596237183,-0.08530929684638977,-0.16159141063690186,-0.059798091650009155,-0.2066541314125061,-0.0521852970123291,-0.19906318187713623,-0.05426862835884094,-0.28348308801651,-0.05553716421127319,-0.33519166707992554,-0.051823556423187256,-0.3789915442466736,-0.021135181188583374,-0.19994360208511353,-0.02113264799118042,-0.2812296748161316,-0.04046672582626343,-0.25453299283981323,-0.04999244213104248,-0.20988422632217407,0.007573485374450684,-0.19161975383758545,0.009776055812835693,-0.2667829394340515,-0.011399120092391968,-0.24726533889770508,-0.020860284566879272,-0.2071860432624817,0.03764599561691284,-0.17340558767318726,0.03434354066848755,-0.2348923683166504,0.013163566589355469,-0.23722803592681885,-0.001673281192779541,-0.21375340223312378
0.0,0.0,-0.04949024319648743,-0.03122776746749878,-0.08354318141937256,-0.10093295574188232,-0.08487528562545776,-0.16659945249557495,-0.05684623122215271,-0.21271765232086182,-0.05503872036933899,-0.20334023237228394,-0.0553668737411499,-0.2869488596916199,-0.05567282438278198,-0.3383273184299469,-0.052367329597473145,-0.3819669485092163,-0.023262768983840942,-0.20393484830856323,-0.02217113971710205,-0.2832644581794739,-0.03817552328109741,-0.2576823830604553,-0.046531736850738525,-0.21455460786819458,0.005982100963592529,-0.19522905349731445,0.008409082889556885,-0.2704976201057434,-0.010549575090408325,-0.2502289414405823,-0.019300878047943115,-0.20978236198425293,0.0364651083946228,-0.17708706855773926,0.032167911529541016,-0.23930221796035767,0.012200713157653809,-0.2396540641784668,-0.0017102360725402832,-0.21394890546798706
0.0,0.0,-0.0496421754360199,-0.031336188316345215,-0.08419957756996155,-0.10733699798583984,-0.08360695838928223,-0.17724817991256714,-0.05414557456970215,-0.2217351198196411,-0.0556412935256958,-0.20411020517349243,-0.05666711926460266,-0.289300799369812,-0.05739337205886841,-0.3418511152267456,-0.053324609994888306,-0.3865615129470825,-0.023538172245025635,-0.2055867314338684,-0.021870732307434082,-0.28879815340042114,-0.04152804613113403,-0.2636963725090027,-0.051830679178237915,-0.21948742866516113,0.005764186382293701,-0.19691181182861328,0.00825190544128418,-0.27489882707595825,-0.013974905014038086,-0.2535352110862732,-0.0240401029586792,-0.2113652229309082,0.03605085611343384,-0.17853420972824097,0.03203064203262329,-0.24119257926940918,0.010420501232147217,-0.24212175607681274,-0.004021286964416504,-0.21677100658416748
0.0,0.0,-0.046879082918167114,-0.03299570083618164,-0.07969686388969421,-0.10151523351669312,-0.08783751726150513,-0.16343021392822266,-0.06091824173927307,-0.2085246443748474,-0.05411344766616821,-0.19894975423812866,-0.05651211738586426,-0.28523558378219604,-0.05772837996482849,-0.3372931480407715,-0.053314536809921265,-0.38228070735931396,-0.023226648569107056,-0.20011955499649048,-0.022257357835769653,-0.28389036655426025,-0.041187942028045654,-0.25615692138671875,-0.05005723237991333,-0.2120593786239624,0.005449891090393066,-0.19215691089630127,0.007974863052368164,-0.26954376697540283,-0.013949573040008545,-0.24804139137268066,-0.02333289384841919,-0.20671963691711426,0.03561520576477051,-0.17453837394714355,0.0322418212890625,-0.23659688234329224,0.010754287242889404,-0.23744910955429077,-0.003977656364440918,-0.21246522665023804
0.0,0.0,-0.046636343002319336,-0.0313417911529541,-0.08052793145179749,-0.10501021146774292,-0.09134989976882935,-0.1688326597213745,-0.06425783038139343,-0.21245157718658447,-0.054710596799850464,-0.20278728008270264,-0.05710902810096741,-0.29015642404556274,-0.05884742736816406,-0.3417817950248718,-0.05440241098403931,-0.38588693737983704,-0.02350294589996338,-0.2036195993423462,-0.022257685661315918,-0.2877178192138672,-0.04186367988586426,-0.2581515312194824,-0.05052757263183594,-0.2125498652458191,0.0050716400146484375,-0.19519710540771484,0.006995737552642822,-0.2730618119239807,-0.015129178762435913,-0.25145888328552246,-0.024028778076171875,-0.2101556658744812,0.03485763072967529,-0.1768413782119751,0.03102564811706543,-0.2393462061882019,0.009374439716339111,-0.2418832778930664,-0.0046250224113464355,-0.21861839294433594
0.0,0.0,-0.047214239835739136,-0.03167945146560669,-0.07886892557144165,-0.10059165954589844,-0.08869814872741699,-0.16048598289489746,-0.06331542134284973,-0.20494753122329712,-0.05373269319534302,-0.20088791847229004,-0.05704212188720703,-0.28855639696121216,-0.0588555634021759,-0.34113335609436035,-0.054666727781295776,-0.3864104747772217,-0.02254730463027954,-0.20109879970550537,-0.021766096353530884,-0.2850772738456726,-0.04082337021827698,-0.25525641441345215,-0.049905925989151,-0.21004408597946167,0.006631970405578613,-0.19168108701705933,0.008201539516448975,-0.269980788230896,-0.013462364673614502,-0.24743634462356567,-0.02255260944366455,-0.2059718370437622,0.03696399927139282,-0.17239612340927124,0.03259402513504028,-0.23588335514068604,0.010568022727966309,-0.2360488772392273,-0.0042147040367126465,-0.2110242247581482
0.0,0.0,-0.04672718048095703,-0.03220856189727783,-0.07923921942710876,-0.10471826791763306,-0.08906367421150208,-0.16860753297805786,-0.06096690893173218,-0.21167707443237305,-0.05375829339027405,-0.20230913162231445,-0.056499749422073364,-0.2903476357460022,-0.05809566378593445,-0.3431023955345154,-0.05373141169548035,-0.3884081244468689,-0.022474467754364014,-0.20290112495422363,-0.021850615739822388,-0.2868961691856384,-0.04101899266242981,-0.25747936964035034,-0.049813926219940186,-0.21267974376678467,0.006377458572387695,-0.19362813234329224,0.00791168212890625,-0.2725328207015991,-0.01422107219696045,-0.24966895580291748,-0.023546665906906128,-0.20815616846084595,0.036114275455474854,-0.17454636096954346,0.03167468309402466,-0.23908597230911255,0.009817838668823242,-0.23952066898345947,-0.004528522491455078,-0.21441012620925903
0.0,0.0,-0.04677379131317139,-0.03615158796310425,-0.07817837595939636,-0.10676610469818115,-0.086986243724823,-0.16954421997070312,-0.05979284644126892,-0.2128661870956421,-0.05378293991088867,-0.20418602228164673,-0.056159913539886475,-0.28868287801742554,-0.05698108673095703,-0.3388510048389435,-0.05280262231826782,-0.3822405934333801,-0.022886216640472412,-0.20448631048202515,-0.021975606679916382,-0.28390252590179443,-0.03946146368980408,-0.2567116618156433,-0.048123568296432495,-0.2136402726173401,0.0061989426612854,-0.19534212350845337,0.007845759391784668,-0.27006661891937256,-0.013246417045593262,-0.24748504161834717,-0.022912800312042236,-0.2066725492477417,0.03641611337661743,-0.17666250467300415,0.033961355686187744,-0.23920667171478271,0.012492597103118896,-0.23906230926513672,-0.002845168113708496,-0.21395736932754517
0.0,0.0,-0.04637342691421509,-0.03218340873718262,-0.0782117247581482,-0.10218286514282227,-0.08441314101219177,-0.1660192608833313,-0.05601036548614502,-0.20960617065429688,-0.05502435564994812,-0.20165342092514038,-0.05656877160072327,-0.2855224013328552,-0.05686953663825989,-0.335510790348053,-0.052961885929107666,-0.37805551290512085,-0.023354142904281616,-0.2018410563468933,-0.022208184003829956,-0.2810335159301758,-0.03633967041969299,-0.25392794609069824,-0.04336240887641907,-0.21038097143173218,0.006207406520843506,-0.19256824254989624,0.00807267427444458,-0.26653599739074707,-0.009756773710250854,-0.24505573511123657,-0.018097758293151855,-0.20455259084701538,0.03693509101867676,-0.17400717735290527,0.033396005630493164,-0.23552274703979492,0.013736128807067871,-0.23551714420318604,-0.0006711483001708984,-0.2103518843650818
0.0,0.0,-0.047461628913879395,-0.031114280223846436,-0.07996028661727905,-0.0973854660987854,-0.08640244603157043,-0.15920794010162354,-0.059574782848358154,-0.20381760597229004,-0.057832270860672,-0.19670557975769043,-0.06011784076690674,-0.2816777229309082,-0.06063580513000488,-0.33169156312942505,-0.05654996633529663,-0.3756614327430725,-0.02606901526451111,-0.19786107540130615,-0.025443673133850098,-0.276422917842865,-0.04088059067726135,-0.24510163068771362,-0.04802143573760986,-0.20123398303985596,0.0037655234336853027,-0.18977093696594238,0.005062282085418701,-0.26310139894485474,-0.0139198899269104,-0.23817455768585205,-0.022054225206375122,-0.19799494743347168,0.035198330879211426,-0.17272931337356567,0.031553685665130615,-0.2342168092727661,0.011039137840270996,-0.23221570253372192,-0.0031584501266479492,-0.2071610689163208
0.0,0.0,-0.04687884449958801,-0.03283548355102539,-0.07908257842063904,-0.10201913118362427,-0.0884009301662445,-0.16360098123550415,-0.06261184811592102,-0.2070103883743286,-0.05665203928947449,-0.20320069789886475,-0.059926390647888184,-0.2889811396598816,-0.061533600091934204,-0.3396502733230591,-0.057918429374694824,-0.3829978108406067,-0.025720328092575073,-0.20385617017745972,-0.025242120027542114,-0.2846617102622986,-0.04171782732009888,-0.25738316774368286,-0.04956406354904175,-0.21385538578033447,0.00347900390625,-0.19474291801452637,0.004858732223510742,-0.27072179317474365,-0.014655083417892456,-0.2500457167625427,-0.023152947425842285,-0.2098739743232727,0.034043729305267334,-0.17584681510925293,0.029801249504089355,-0.2381846308708191,0.008689343929290771,-0.23974287509918213,-0.00599825382232666,-0.21604037284851074
0.0,0.0,-0.04667383432388306,-0.03196972608566284,-0.07958978414535522,-0.10489314794540405,-0.08896011114120483,-0.16823458671569824,-0.06269118189811707,-0.21068406105041504,-0.05643260478973389,-0.20334404706954956,-0.06060957908630371,-0.28928178548812866,-0.0627133846282959,-0.3414462208747864,-0.059516310691833496,-0.3856201767921448,-0.025244057178497314,-0.2048283815383911,-0.025302499532699585,-0.28828030824661255,-0.04175466299057007,-0.26096564531326294,-0.04946562647819519,-0.2163415551185608,0.0044751763343811035,-0.19639509916305542,0.005212128162384033,-0.27422887086868286,-0.014540672302246094,-0.25435394048690796,-0.02309560775756836,-0.21352195739746094,0.0356174111366272,-0.17790794372558594,0.03074556589126587,-0.24096143245697021,0.009428858757019043,-0.2428913116455078,-0.005164086818695068,-0.21872586011886597
0.0,0.0,-0.0480668842792511,-0.03390944004058838,-0.08056563138961792,-0.10532128810882568,-0.09058752655982971,-0.16804981231689453,-0.06381645798683167,-0.21196657419204712,-0.05641210079193115,-0.2035837173461914,-0.06055474281311035,-0.29011470079421997,-0.06288930773735046,-0.341888964176178,-0.05937555432319641,-0.3867533802986145,-0.025348782539367676,-0.2049952745437622,-0.02536565065383911,-0.2877289056777954,-0.043087899684906006,-0.2588711380958557,-0.05118662118911743,-0.21495366096496582,0.004008889198303223,-0.19690054655075073,0.004689395427703857,-0.2743803858757019,-0.01622980833053589,-0.2519429922103882,-0.02471175789833069,-0.21062982082366943,0.03472703695297241,-0.17913448810577393,0.029124319553375244,-0.2425491213798523,0.0074964165687561035,-0.242057204246521,-0.006402373313903809,-0.21625018119812012
0.0,0.0,-0.0476667582988739,-0.03190821409225464,-0.08151960372924805,-0.1032111644744873,-0.0894884467124939,-0.167982280254364,-0.060920268297195435,-0.21242773532867432,-0.05765610933303833,-0.20120888948440552,-0.061911940574645996,-0.28837329149246216,-0.06457653641700745,-0.3402480185031891,-0.06123754382133484,-0.3852541148662567,-0.02598908543586731,-0.2031840682029724,-0.025976866483688354,-0.2874426245689392,-0.04389148950576782,-0.2570810914039612,-0.0515325665473938,-0.21100372076034546,0.0036813020706176758,-0.19549167156219482,0.003746330738067627,-0.2732135057449341,-0.016977816820144653,-0.24963057041168213,-0.02439865469932556,-0.20735955238342285,0.034623801708221436,-0.17846131324768066,0.02866947650909424,-0.24180692434310913,0.00706559419631958,-0.2409212589263916,-0.006201505661010742,-0.21441006660461426
0.0,0.0,-0.04792281985282898,-0.03235161304473877,-0.08058050274848938,-0.1037830114364624,-0.0897212028503418,-0.1660621166229248,-0.06310918927192688,-0.2100023627281189,-0.05724775791168213,-0.2038678526878357,-0.06242382526397705,-0.2904016375541687,-0.06574797630310059,-0.3422456979751587,-0.06349033117294312,-0.38676273822784424,-0.025792360305786133,-0.20486724376678467,-0.025810152292251587,-0.28737491369247437,-0.043510258197784424,-0.257506787776947,-0.05175065994262695,-0.21194058656692505,0.0038384199142456055,-0.19598859548568726,0.004223823547363281,-0.27233314514160156,-0.01607683300971985,-0.250094473361969,-0.024224191904067993,-0.20841723680496216,0.03488743305206299,-0.1774815320968628,0.028968632221221924,-0.24020445346832275,0.007750332355499268,-0.2406366467475891,-0.00606873631477356,-0.21545171737670898
0.0,0.0,-0.04719823598861694,-0.0337071418762207,-0.0787893533706665,-0.1021655797958374,-0.08675530552864075,-0.16257190704345703,-0.06214413046836853,-0.2085627317428589,-0.056980669498443604,-0.2059410810470581,-0.06162753701210022,-0.29148995876312256,-0.0641324520111084,-0.34266233444213867,-0.06172293424606323,-0.3868424892425537,-0.02505353093147278,-0.20639145374298096,-0.025833845138549805,-0.2866135239601135,-0.04186251759529114,-0.25592440366744995,-0.0494367778301239,-0.21087932586669922,0.005188643932342529,-0.19655966758728027,0.005221843719482422,-0.27167809009552,-0.01430201530456543,-0.24755316972732544,-0.022507280111312866,-0.2056930661201477,0.03641700744628906,-0.17715537548065186,0.030839741230010986,-0.24039322137832642,0.009354472160339355,-0.23969560861587524,-0.005262792110443115,-0.21425503492355347
0.0,0.0,-0.04711386561393738,-0.032757580280303955,-0.07957583665847778,-0.10245048999786377,-0.08814844489097595,-0.16293710470199585,-0.06254753470420837,-0.2072545289993286,-0.057418256998062134,-0.20423275232315063,-0.06252160668373108,-0.2902407646179199,-0.06545400619506836,-0.34153664112091064,-0.06265488266944885,-0.3856605887413025,-0.025564253330230713,-0.20503699779510498,-0.025375336408615112,-0.28581881523132324,-0.04430004954338074,-0.2560887932777405,-0.053620874881744385,-0.21159565448760986,0.00453871488571167,-0.19577932357788086,0.0054087042808532715,-0.2709829807281494,-0.016134321689605713,-0.24752575159072876,-0.025253742933273315,-0.20608067512512207,0.0357699990272522,-0.1769547462463379,0.031515538692474365,-0.2398061752319336,0.00961834192276001,-0.23923051357269287,-0.005103707313537598,-0.21366655826568604
0.0,0.0,-0.047702252864837646,-0.033213794231414795,-0.07955622673034668,-0.10218644142150879,-0.08800268173217773,-0.16197311878204346,-0.06446796655654907,-0.20755791664123535,-0.05766129493713379,-0.2044859528541565,-0.06297194957733154,-0.2902287244796753,-0.0653749406337738,-0.34097790718078613,-0.0625237226486206,-0.3852694034576416,-0.025835692882537842,-0.2050357460975647,-0.026175498962402344,-0.2853667140007019,-0.04304477572441101,-0.2538691759109497,-0.0511833131313324,-0.2093886137008667,0.004388272762298584,-0.19553762674331665,0.00447005033493042,-0.27025824785232544,-0.01583343744277954,-0.24600458145141602,-0.024382859468460083,-0.2047278881072998,0.035983502864837646,-0.17657119035720825,0.030686676502227783,-0.239865243434906,0.00880974531173706,-0.2385115623474121,-0.005797147750854492,-0.2126827836036682
0.0,0.0,-0.04755082726478577,-0.03165513277053833,-0.08185392618179321,-0.10394388437271118,-0.08813172578811646,-0.1703152060508728,-0.05943191051483154,-0.2153201699256897,-0.059685856103897095,-0.20351779460906982,-0.06477653980255127,-0.28916454315185547,-0.06768330931663513,-0.3404439687728882,-0.06549817323684692,-0.38512158393859863,-0.027548909187316895,-0.20582175254821777,-0.028950124979019165,-0.2865182161331177,-0.043752521276474,-0.25375163555145264,-0.04962211847305298,-0.20778924226760864,0.002626180648803711,-0.19790798425674438,0.0021602511405944824,-0.27334004640579224,-0.016659677028656006,-0.24760162830352783,-0.02371746301651001,-0.2050175666809082,0.03387093544006348,-0.1807490587234497,0.027763009071350098,-0.2431965470314026,0.007014632225036621,-0.2407248616218567,-0.006245851516723633,-0.21380650997161865
0.0,0.0,-0.048309892416000366,-0.03465479612350464,-0.08133155107498169,-0.10798817873001099,-0.08746486902236938,-0.1741807460784912,-0.05738729238510132,-0.21622222661972046,-0.060070693492889404,-0.20591998100280762,-0.06506401300430298,-0.29188358783721924,-0.06743639707565308,-0.34313368797302246,-0.06492704153060913,-0.3868708312511444,-0.027796924114227295,-0.20751094818115234,-0.027736514806747437,-0.2893020510673523,-0.04218184947967529,-0.2611846923828125,-0.049090415239334106,-0.21618640422821045,0.0027289986610412598,-0.19901812076568604,0.0034685730934143066,-0.2744942903518677,-0.01428326964378357,-0.25416553020477295,-0.0219707190990448,-0.212349534034729,0.034835219383239746,-0.18082964420318604,0.03009819984436035,-0.2426621913909912,0.01009303331375122,-0.24566906690597534,-0.004195153713226318,-0.22208791971206665
0.0,0.0,-0.04761120676994324,-0.03227126598358154,-0.07988536357879639,-0.1015213131904602,-0.08745023608207703,-0.16245049238204956,-0.06119579076766968,-0.2058248519897461,-0.058709681034088135,-0.2056785225868225,-0.06320154666900635,-0.2905343174934387,-0.06614503264427185,-0.340646892786026,-0.0637991726398468,-0.38394981622695923,-0.026539146900177002,-0.20581215620040894,-0.026453107595443726,-0.2852718234062195,-0.04237744212150574,-0.25473010540008545,-0.049659937620162964,-0.2096691131591797,0.0037947893142700195,-0.19655108451843262,0.004429340362548828,-0.2699301242828369,-0.014485925436019897,-0.24694931507110596,-0.02186983823776245,-0.20555657148361206,0.035364627838134766,-0.1782681941986084,0.030090808868408203,-0.24033021926879883,0.009581446647644043,-0.2391263246536255,-0.0035141706466674805,-0.21284615993499756
0.0,0.0,-0.04775407910346985,-0.03249359130859375,-0.08003425598144531,-0.1026906967163086,-0.08706459403038025,-0.16429686546325684,-0.061484068632125854,-0.20923155546188354,-0.05970269441604614,-0.2029821276664734,-0.06463351845741272,-0.2896707057952881,-0.06711733341217041,-0.3402460813522339,-0.06425732374191284,-0.384185254573822,-0.027404993772506714,-0.20387238264083862,-0.027996957302093506,-0.28534042835235596,-0.0444054901599884,-0.2535284757614136,-0.05165240168571472,-0.20787930488586426,0.0029060840606689453,-0.19488495588302612,0.002760171890258789,-0.27044981718063354,-0.016830086708068848,-0.24593985080718994,-0.02424013614654541,-0.20372480154037476,0.03443264961242676,-0.1769237518310547,0.0292283296585083,-0.24068760871887207,0.007766604423522949,-0.23876535892486572,-0.006082653999328613,-0.21185451745986938
0.0,0.0,-0.04771047830581665,-0.0316886305809021,-0.08030557632446289,-0.10355222225189209,-0.08749723434448242,-0.16593819856643677,-0.06184959411621094,-0.21011757850646973,-0.058700501918792725,-0.20551389455795288,-0.06313380599021912,-0.2930193543434143,-0.06532278656959534,-0.3445373475551605,-0.062287598848342896,-0.388840913772583,-0.026193767786026,-0.20630991458892822,-0.025854259729385376,-0.28772902488708496,-0.04288899898529053,-0.2552042603492737,-0.050755709409713745,-0.20884913206100464,0.004398226737976074,-0.19690805673599243,0.004789412021636963,-0.2728375792503357,-0.015327692031860352,-0.24826598167419434,-0.0231630802154541,-0.20556771755218506,0.036044299602508545,-0.1783137321472168,0.030841588973999023,-0.24266481399536133,0.009442746639251709,-0.24103975296020508,-0.004145681858062744,-0.21380311250686646
0.0,0.0,-0.04742622375488281,-0.03177279233932495,-0.08100160956382751,-0.10342693328857422,-0.0886819064617157,-0.16627109050750732,-0.060592710971832275,-0.20792120695114136,-0.059741199016571045,-0.20664644241333008,-0.06360563635826111,-0.29264748096466064,-0.06585806608200073,-0.34394505620002747,-0.06299000978469849,-0.38812434673309326,-0.027211636304855347,-0.2076466679573059,-0.027636617422103882,-0.2881585955619812,-0.04369315505027771,-0.2542937994003296,-0.050466954708099365,-0.2072189450263977,0.0037277936935424805,-0.19824379682540894,0.00409168004989624,-0.2733767628669739,-0.015588909387588501,-0.24822533130645752,-0.023016512393951416,-0.20543187856674194,0.03559839725494385,-0.17941069602966309,0.03002309799194336,-0.24263250827789307,0.009160161018371582,-0.24062252044677734,-0.0035300850868225098,-0.21385043859481812
0.0,0.0,-0.04789799451828003,-0.032390594482421875,-0.08099892735481262,-0.10492885112762451,-0.08594012260437012,-0.16936296224594116,-0.05854368209838867,-0.21279507875442505,-0.05985945463180542,-0.2078070044517517,-0.06348595023155212,-0.29342639446258545,-0.06514155864715576,-0.3446645438671112,-0.06235763430595398,-0.3891040086746216,-0.0271700918674469,-0.20879501104354858,-0.027423620223999023,-0.28990811109542847,-0.04295012354850769,-0.2567087411880493,-0.049667567014694214,-0.21051377058029175,0.003765583038330078,-0.19942128658294678,0.004273593425750732,-0.2751501798629761,-0.015102982521057129,-0.24935293197631836,-0.022528856992721558,-0.20674842596054077,0.035641610622406006,-0.18085229396820068,0.030161917209625244,-0.24495959281921387,0.009114682674407959,-0.24182391166687012,-0.003917038440704346,-0.21430647373199463
0.0,0.0,-0.04794377088546753,-0.034362077713012695,-0.08047044277191162,-0.1055673360824585,-0.08675846457481384,-0.1682295799255371,-0.05983412265777588,-0.21124762296676636,-0.05909070372581482,-0.2082570195198059,-0.06302055716514587,-0.2937832474708557,-0.06482836604118347,-0.34468793869018555,-0.06193050742149353,-0.3886139988899231,-0.026596367359161377,-0.20895600318908691,-0.02730908989906311,-0.28852182626724243,-0.04273524880409241,-0.2543637752532959,-0.04907381534576416,-0.20781874656677246,0.004244863986968994,-0.1993114948272705,0.003899097442626953,-0.27394217252731323,-0.01550668478012085,-0.24767452478408813,-0.022676050662994385,-0.20476305484771729,0.03604710102081299,-0.18033170700073242,0.030400395393371582,-0.24371039867401123,0.009020030498504639,-0.2416185736656189,-0.004335463047027588,-0.21515804529190063
0.0,0.0,-0.04828834533691406,-0.03320389986038208,-0.08168673515319824,-0.10517746210098267,-0.08814680576324463,-0.16940271854400635,-0.060305505990982056,-0.21086323261260986,-0.06045740842819214,-0.20661252737045288,-0.06441840529441833,-0.2926173210144043,-0.06650981307029724,-0.34341925382614136,-0.06362256407737732,-0.3876020610332489,-0.027709990739822388,-0.20739322900772095,-0.026729077100753784,-0.28832489252090454,-0.04190307855606079,-0.25510889291763306,-0.0486125648021698,-0.20882022380828857,0.00316619873046875,-0.19779175519943237,0.004077613353729248,-0.2721989154815674,-0.014789581298828125,-0.24776136875152588,-0.02220982313156128,-0.20583397150039673,0.03522467613220215,-0.17880821228027344,0.03050905466079712,-0.24188637733459473,0.010401666164398193,-0.24028855562210083,-0.002260267734527588,-0.21381813287734985
0.0,0.0,-0.04778513312339783,-0.0337139368057251,-0.07916340231895447,-0.10348010063171387,-0.08723118901252747,-0.16365379095077515,-0.06302422285079956,-0.20781666040420532,-0.058301061391830444,-0.20400935411453247,-0.06279793381690979,-0.29005151987075806,-0.06509071588516235,-0.3411034941673279,-0.062024980783462524,-0.384954571723938,-0.02650761604309082,-0.205355703830719,-0.027092576026916504,-0.2869282364845276,-0.04349234700202942,-0.2566460967063904,-0.05064338445663452,-0.2111189365386963,0.0036406517028808594,-0.19674021005630493,0.003949284553527832,-0.27208346128463745,-0.01547306776046753,-0.25010979175567627,-0.022954046726226807,-0.20839643478393555,0.03516203165054321,-0.17825430631637573,0.030417323112487793,-0.24084746837615967,0.009116411209106445,-0.24189770221710205,-0.005043447017669678,-0.2169191837310791
0.0,0.0,-0.0475541353225708,-0.03384333848953247,-0.07896313071250916,-0.10291963815689087,-0.08609509468078613,-0.16349810361862183,-0.06123536825180054,-0.20928609371185303,-0.058757483959198,-0.20455366373062134,-0.06326696276664734,-0.29070019721984863,-0.06496450304985046,-0.34185904264450073,-0.061913132667541504,-0.3855314254760742,-0.026472747325897217,-0.2056761384010315,-0.02742213010787964,-0.2857710123062134,-0.04261770844459534,-0.2552088499069214,-0.04928579926490784,-0.20895910263061523,0.004157006740570068,-0.19653809070587158,0.003910481929779053,-0.27079862356185913,-0.01480114459991455,-0.24868500232696533,-0.022184401750564575,-0.2064969539642334,0.03600543737411499,-0.17785608768463135,0.03055495023727417,-0.2402845025062561,0.010233402252197266,-0.2406509518623352,-0.003288745880126953,-0.2149607539176941
0.0,0.0,-0.04804432392120361,-0.03097665309906006,-0.08183658123016357,-0.10070008039474487,-0.08854180574417114,-0.16208291053771973,-0.062463223934173584,-0.2054341435432434,-0.06188547611236572,-0.2043500542640686,-0.07160133123397827,-0.28867655992507935,-0.07777035236358643,-0.33817100524902344,-0.0778777003288269,-0.381765216588974,-0.029018282890319824,-0.2064061164855957,-0.031576067209243774,-0.2861114740371704,-0.046495258808135986,-0.2506808042526245,-0.05180996656417847,-0.20379692316055298,0.0022644400596618652,-0.19764119386672974,0.00031769275665283203,-0.2718368172645569,-0.018395572900772095,-0.24566280841827393,-0.02469050884246826,-0.20345443487167358,0.03450435400009155,-0.1794123649597168,0.027147889137268066,-0.24178147315979004,0.0060288310050964355,-0.23934751749038696,-0.006622731685638428,-0.2132522463798523
0.0,0.0,-0.04922333359718323,-0.03497004508972168,-0.08335870504379272,-0.10467123985290527,-0.08736175298690796,-0.16629445552825928,-0.058749377727508545,-0.2080545425415039,-0.061511337757110596,-0.20894598960876465,-0.07197967171669006,-0.29375648498535156,-0.07887163758277893,-0.34294393658638,-0.07999899983406067,-0.3874235451221466,-0.028123438358306885,-0.21007710695266724,-0.03032657504081726,-0.2880488634109497,-0.046293169260025024,-0.2503461241722107,-0.05259189009666443,-0.20359587669372559,0.003543257713317871,-0.19998103380203247,0.002030491828918457,-0.2739189863204956,-0.01865413784980774,-0.24464112520217896,-0.026409536600112915,-0.2014208436012268,0.03600883483886719,-0.18035846948623657,0.029379308223724365,-0.2436121702194214,0.007607102394104004,-0.2375020980834961,-0.005495667457580566,-0.20867401361465454
0.0,0.0,-0.04767012596130371,-0.034017324447631836,-0.08205127716064453,-0.102963387966156,-0.08704721927642822,-0.16559797525405884,-0.05928683280944824,-0.20967614650726318,-0.06046810746192932,-0.20831167697906494,-0.06841707229614258,-0.2935059666633606,-0.07368314266204834,-0.34296658635139465,-0.07306069135665894,-0.38760125637054443,-0.027505695819854736,-0.2088557481765747,-0.029489874839782715,-0.2879406809806824,-0.04573968052864075,-0.25054991245269775,-0.05172726511955261,-0.20411944389343262,0.0037007927894592285,-0.19890159368515015,0.0029631853103637695,-0.27287566661834717,-0.017976820468902588,-0.24261146783828735,-0.025584101676940918,-0.19919061660766602,0.03610634803771973,-0.17987704277038574,0.030968904495239258,-0.24351459741592407,0.009400248527526855,-0.23660308122634888,-0.003645479679107666,-0.20720016956329346
0.0,0.0,-0.04821816086769104,-0.036692917346954346,-0.08264383673667908,-0.10537171363830566,-0.08769482374191284,-0.16950863599777222,-0.0573311448097229,-0.21054589748382568,-0.06146150827407837,-0.20912593603134155,-0.0680365264415741,-0.2949574589729309,-0.07199999690055847,-0.3449096083641052,-0.07076230645179749,-0.3902738690376282,-0.02858409285545349,-0.20944130420684814,-0.0302676260471344,-0.2863079905509949,-0.045929789543151855,-0.24823379516601562,-0.0519564151763916,-0.20308512449264526,0.0024921298027038574,-0.19917047023773193,0.0023331046104431152,-0.27221912145614624,-0.018555432558059692,-0.24059706926345825,-0.026583880186080933,-0.19714462757110596,0.03457528352737427,-0.1798350214958191,0.030134499073028564,-0.24226891994476318,0.008902370929718018,-0.23454195261001587,-0.0037443041801452637,-0.2052299976348877
0.0,0.0,-0.04762342572212219,-0.03649717569351196,-0.08232858777046204,-0.10442161560058594,-0.08769646286964417,-0.16856509447097778,-0.05709695816040039,-0.21029460430145264,-0.06009024381637573,-0.20790356397628784,-0.06704145669937134,-0.29429715871810913,-0.07063227891921997,-0.34488990902900696,-0.06924647092819214,-0.39029955863952637,-0.027280062437057495,-0.20804840326309204,-0.029619812965393066,-0.2858191728591919,-0.04513859748840332,-0.24987024068832397,-0.05158042907714844,-0.20543360710144043,0.004063904285430908,-0.19761741161346436,0.003894507884979248,-0.2706142067909241,-0.01659366488456726,-0.2400938868522644,-0.025054365396499634,-0.1966133713722229,0.03628087043762207,-0.17786037921905518,0.031160831451416016,-0.23986965417861938,0.011206448078155518,-0.23095333576202393,-0.0006721019744873047,-0.20027011632919312
0.0,0.0,-0.04904288053512573,-0.03608357906341553,-0.08440375328063965,-0.10262584686279297,-0.08806809782981873,-0.16676783561706543,-0.0572284460067749,-0.20995330810546875,-0.061863720417022705,-0.20731157064437866,-0.06844848394393921,-0.29379379749298096,-0.0724295973777771,-0.3440400958061218,-0.07154446840286255,-0.3897024393081665,-0.028658151626586914,-0.20738446712493896,-0.030007779598236084,-0.28512054681777954,-0.0458449125289917,-0.24806666374206543,-0.052564531564712524,-0.20363730192184448,0.0026292800903320312,-0.19691920280456543,0.003157198429107666,-0.26868736743927,-0.0177764892578125,-0.23754549026489258,-0.02658739686012268,-0.19502055644989014,0.0349157452583313,-0.1773141622543335,0.030312716960906982,-0.23837721347808838,0.010316610336303711,-0.22902429103851318,-0.0015153288841247559,-0.1989002823829651
0.0,0.0,-0.04866626858711243,-0.03514540195465088,-0.0820612907409668,-0.1022576093673706,-0.08627283573150635,-0.16316688060760498,-0.059211939573287964,-0.20624053478240967,-0.05932781100273132,-0.20736020803451538,-0.06634783744812012,-0.29282838106155396,-0.07077455520629883,-0.34261712431907654,-0.06987875699996948,-0.38777822256088257,-0.026152819395065308,-0.20677554607391357,-0.027442842721939087,-0.28526049852371216,-0.04418042302131653,-0.24860137701034546,-0.05118414759635925,-0.20292764902114868,0.005289316177368164,-0.19558775424957275,0.004561185836791992,-0.26797133684158325,-0.016744911670684814,-0.23816639184951782,-0.025289922952651978,-0.19582974910736084,0.037870049476623535,-0.17509520053863525,0.03291499614715576,-0.23820394277572632,0.011818528175354004,-0.22975409030914307,-0.0010286569595336914,-0.19984221458435059
0.0,0.0,-0.046938419342041016,-0.03562498092651367,-0.07953369617462158,-0.10145288705825806,-0.08423906564712524,-0.1613539457321167,-0.058031558990478516,-0.20332497358322144,-0.05779528617858887,-0.20682162046432495,-0.0657113790512085,-0.2923809289932251,-0.06985825300216675,-0.3423008620738983,-0.06880730390548706,-0.38684195280075073,-0.02507731318473816,-0.20583021640777588,-0.026581943035125732,-0.28298747539520264,-0.042935729026794434,-0.2479063868522644,-0.050476521253585815,-0.20312470197677612,0.006561398506164551,-0.19417661428451538,0.006480216979980469,-0.2655467391014099,-0.014691323041915894,-0.23721885681152344,-0.024409621953964233,-0.19621878862380981,0.039299726486206055,-0.1728501319885254,0.03478032350540161,-0.2346523404121399,0.013747990131378174,-0.22651618719100952,0.00015914440155029297,-0.19750410318374634
0.0,0.0,-0.04867169260978699,-0.03574007749557495,-0.08132296800613403,-0.10293304920196533,-0.08545053005218506,-0.1638750433921814,-0.057968586683273315,-0.20454442501068115,-0.060321301221847534,-0.20636683702468872,-0.06955239176750183,-0.29328131675720215,-0.07527995109558105,-0.34395450353622437,-0.07540011405944824,-0.3893658518791199,-0.02762743830680847,-0.20599877834320068,-0.028183341026306152,-0.28305816650390625,-0.04410091042518616,-0.24698275327682495,-0.050954341888427734,-0.20193743705749512,0.0038295388221740723,-0.19492089748382568,0.004432022571563721,-0.2667980194091797,-0.016404271125793457,-0.23839229345321655,-0.025066494941711426,-0.1967187523841858,0.03651028871536255,-0.1746044158935547,0.032428085803985596,-0.23594677448272705,0.011622369289398193,-0.22811514139175415,-0.0010145306587219238,-0.19909173250198364
0.0,0.0,-0.04909387230873108,-0.03479325771331787,-0.08328366279602051,-0.09979426860809326,-0.08698010444641113,-0.16265642642974854,-0.0582699179649353,-0.20352494716644287,-0.06543993949890137,-0.20183467864990234,-0.08163386583328247,-0.28984904289245605,-0.09285235404968262,-0.3406031131744385,-0.09817108511924744,-0.38695117831230164,-0.03173103928565979,-0.2039443850517273,-0.03228786587715149,-0.28062111139297485,-0.047303855419158936,-0.240788996219635,-0.05415159463882446,-0.1967402696609497,0.0004470944404602051,-0.19407975673675537,0.0003540515899658203,-0.26603299379348755,-0.019354313611984253,-0.232438325881958,-0.026840120553970337,-0.1896551251411438,0.03360253572463989,-0.1745072603225708,0.028766214847564697,-0.23604130744934082,0.00766068696975708,-0.22626441717147827,-0.004447221755981445,-0.197490394115448
0.0,0.0,-0.049531638622283936,-0.03768402338027954,-0.08251872658729553,-0.10063821077346802,-0.08757829666137695,-0.160405695438385,-0.059428513050079346,-0.2012537717819214,-0.06622987985610962,-0.2036413550376892,-0.08430215716362,-0.2916368842124939,-0.09758517146110535,-0.34137406945228577,-0.10483604669570923,-0.38716739416122437,-0.03265726566314697,-0.20552700757980347,-0.033578306436538696,-0.28224319219589233,-0.04765385389328003,-0.24139374494552612,-0.054447174072265625,-0.19858509302139282,-0.00026869773864746094,-0.19543194770812988,0.0005867481231689453,-0.2674354314804077,-0.019559741020202637,-0.2345442771911621,-0.028252601623535156,-0.1924406886100769,0.03295856714248657,-0.17534470558166504,0.02946758270263672,-0.23714959621429443,0.008732259273529053,-0.22753924131393433,-0.003529965877532959,-0.19863903522491455
0.0,0.0,-0.04928714036941528,-0.037817299365997314,-0.08257535099983215,-0.10205620527267456,-0.0892951488494873,-0.16397178173065186,-0.05986219644546509,-0.20295977592468262,-0.06543058156967163,-0.2043479084968567,-0.08060267567634583,-0.2936416268348694,-0.09064561128616333,-0.34410005807876587,-0.09458509087562561,-0.3902737498283386,-0.03233781456947327,-0.20643091201782227,-0.032719433307647705,-0.2846047878265381,-0.046997249126434326,-0.24242311716079712,-0.05366063117980957,-0.1994648575782776,-0.0002110600471496582,-0.19639325141906738,0.0011235475540161133,-0.2691841125488281,-0.018737614154815674,-0.23504793643951416,-0.02684640884399414,-0.19267874956130981,0.03258031606674194,-0.17545342445373535,0.029327452182769775,-0.23780328035354614,0.007908284664154053,-0.22878968715667725,-0.004598021507263184,-0.20075201988220215
0.0,0.0,-0.04893502593040466,-0.036293745040893555,-0.08283710479736328,-0.1023063063621521,-0.08884254097938538,-0.16353458166122437,-0.05975872278213501,-0.20270884037017822,-0.06323292851448059,-0.20714324712753296,-0.07579520344734192,-0.29450035095214844,-0.08341649174690247,-0.3443185091018677,-0.08463707566261292,-0.3898688554763794,-0.030339598655700684,-0.20794332027435303,-0.03154924511909485,-0.2857651710510254,-0.04693269729614258,-0.24463504552841187,-0.05311775207519531,-0.19958555698394775,0.0014354586601257324,-0.19710153341293335,0.001941382884979248,-0.2689792513847351,-0.01887008547782898,-0.23719489574432373,-0.027043789625167847,-0.19439077377319336,0.034247398376464844,-0.17569059133529663,0.03027588129043579,-0.2388400435447693,0.009027302265167236,-0.22949916124343872,-0.00337296724319458,-0.19946938753128052
0.0,0.0,-0.04875198006629944,-0.03723722696304321,-0.082247793674469,-0.10236704349517822,-0.08706367015838623,-0.16404682397842407,-0.058703213930130005,-0.20433735847473145,-0.06161579489707947,-0.20762109756469727,-0.07191848754882812,-0.2953168749809265,-0.07782435417175293,-0.3452911972999573,-0.07845839858055115,-0.39027559757232666,-0.0287320613861084,-0.2074459195137024,-0.030065059661865234,-0.28498196601867676,-0.04509451985359192,-0.24426954984664917,-0.051506876945495605,-0.20058715343475342,0.0026810765266418457,-0.19588059186935425,0.003546595573425293,-0.2667853832244873,-0.01677379012107849,-0.2344532012939453,-0.025359153747558594,-0.19280332326889038,0.034807682037353516,-0.17366892099380493,0.03151434659957886,-0.23532718420028687,0.01032114028930664,-0.2267686128616333,-0.002557694911956787,-0.19898420572280884
0.0,0.0,-0.048848479986190796,-0.038524627685546875,-0.08169838786125183,-0.10403746366500854,-0.08773735165596008,-0.1657770276069641,-0.058583229780197144,-0.20700156688690186,-0.06174260377883911,-0.20699357986450195,-0.07282361388206482,-0.2959607243537903,-0.07918441295623779,-0.3468590974807739,-0.07985654473304749,-0.3924291729927063,-0.029108107089996338,-0.20735681056976318,-0.029760390520095825,-0.2860336899757385,-0.04515397548675537,-0.24603408575057983,-0.05172926187515259,-0.2024793028831482,0.0022282004356384277,-0.1966654658317566,0.003853440284729004,-0.2692669630050659,-0.0171796977519989,-0.23773229122161865,-0.025919228792190552,-0.19521069526672363,0.03448784351348877,-0.17559444904327393,0.03172785043716431,-0.23778551816940308,0.01076209545135498,-0.22925502061843872,-0.0016826987266540527,-0.20023757219314575
0.0,0.0,-0.04915738105773926,-0.03758502006530762,-0.08218047022819519,-0.10042881965637207,-0.08731085062026978,-0.15944421291351318,-0.059840619564056396,-0.19857466220855713,-0.06171950697898865,-0.20765119791030884,-0.07223367691040039,-0.29498517513275146,-0.07793152332305908,-0.3448754847049713,-0.07871371507644653,-0.38967055082321167,-0.028860747814178467,-0.20678001642227173,-0.030253678560256958,-0.2821371555328369,-0.04349556565284729,-0.24121856689453125,-0.04923748970031738,-0.19877934455871582,0.0026187896728515625,-0.19462543725967407,0.0040367841720581055,-0.2644454836845398,-0.01533016562461853,-0.2326415777206421,-0.024029016494750977,-0.19135761260986328,0.03484457731246948,-0.17171567678451538,0.03232002258300781,-0.23188984394073486,0.011092960834503174,-0.22461086511611938,-0.0026907920837402344,-0.19838201999664307
