0.0,0.0,-0.03550297021865845,-0.006945192813873291,-0.06441360712051392,-0.03406864404678345,-0.0706358253955841,-0.05201256275177002,-0.06623995304107666,-0.06301969289779663,-0.0677538812160492,-0.12304753065109253,-0.08351272344589233,-0.1536678671836853,-0.0870012640953064,-0.10329705476760864,-0.08091738820075989,-0.06525039672851562,-0.031160473823547363,-0.1297960877418518,-0.042622268199920654,-0.17086279392242432,-0.05198216438293457,-0.11007499694824219,-0.04781162738800049,-0.07353383302688599,0.004735738039016724,-0.12148827314376831,-0.0013966560363769531,-0.1608838438987732,-0.014406681060791016,-0.10325151681900024,-0.013857632875442505,-0.07132828235626221,0.04057270288467407,-0.10332196950912476,0.03128594160079956,-0.11880040168762207,0.018142491579055786,-0.07954162359237671,0.017550289630889893,-0.0585707426071167
0.0,0.0,-0.054488182067871094,-0.039526283740997314,-0.08244523406028748,-0.12602800130844116,-0.049612224102020264,-0.1818629503250122,-0.001467585563659668,-0.17536741495132446,-0.08448821306228638,-0.19828152656555176,-0.09221631288528442,-0.26931479573249817,-0.09350699186325073,-0.2631149888038635,-0.08710962533950806,-0.2290027141571045,-0.04729670286178589,-0.21196919679641724,-0.05136591196060181,-0.2912828326225281,-0.05711495876312256,-0.2868860960006714,-0.056943148374557495,-0.25218772888183594,-0.008656412363052368,-0.20976519584655762,-0.012511491775512695,-0.2806771993637085,-0.021264582872390747,-0.2757183611392975,-0.025088071823120117,-0.24548768997192383,0.02991795539855957,-0.19651710987091064,0.021924138069152832,-0.2540338635444641,0.007323086261749268,-0.26122426986694336,-0.0030773282051086426,-0.24699169397354126
0.0,0.0,-0.052019864320755005,-0.03441435098648071,-0.0802488923072815,-0.1173824667930603,-0.04813539981842041,-0.17284512519836426,-0.008844852447509766,-0.17107731103897095,-0.08698165416717529,-0.1820915937423706,-0.09589776396751404,-0.2540537118911743,-0.08626735210418701,-0.227677583694458,-0.07765209674835205,-0.18683284521102905,-0.05096527934074402,-0.19483479857444763,-0.056734681129455566,-0.2721974551677704,-0.048134565353393555,-0.23501193523406982,-0.044360607862472534,-0.1927492320537567,-0.013987958431243896,-0.1955411434173584,-0.01769733428955078,-0.2523779273033142,-0.012410342693328857,-0.20774289965629578,-0.012138009071350098,-0.16771572828292847,0.02184826135635376,-0.1869310736656189,0.01625049114227295,-0.2400294840335846,0.016740143299102783,-0.21191567182540894,0.01693505048751831,-0.18081313371658325
0.0,0.0,-0.05016624927520752,-0.03859907388687134,-0.07543829083442688,-0.11514931917190552,-0.046207040548324585,-0.16797402501106262,-0.008533596992492676,-0.16679421067237854,-0.0828656554222107,-0.1731630265712738,-0.09377458691596985,-0.23731818795204163,-0.08855339884757996,-0.2359294891357422,-0.07975134253501892,-0.20781806111335754,-0.04776445031166077,-0.18475571274757385,-0.056882113218307495,-0.2584601640701294,-0.05123341083526611,-0.24812597036361694,-0.045551836490631104,-0.21675923466682434,-0.012564599514007568,-0.18379953503608704,-0.018768310546875,-0.24454259872436523,-0.016367971897125244,-0.22429555654525757,-0.013908028602600098,-0.18927347660064697,0.023365259170532227,-0.17438465356826782,0.017751038074493408,-0.22651860117912292,0.013711512088775635,-0.2266901135444641,0.010068416595458984,-0.2117725908756256
0.0,0.0,-0.04873436689376831,-0.037318527698516846,-0.07373771071434021,-0.11882013082504272,-0.04371911287307739,-0.17126178741455078,-0.005141794681549072,-0.16395938396453857,-0.08341863751411438,-0.17086878418922424,-0.09289047122001648,-0.24206361174583435,-0.08230707049369812,-0.21519887447357178,-0.07281732559204102,-0.17367377877235413,-0.04996868968009949,-0.18216681480407715,-0.05771920084953308,-0.2582096457481384,-0.04754039645195007,-0.22516703605651855,-0.04159379005432129,-0.18564876914024353,-0.01523745059967041,-0.183804452419281,-0.021420717239379883,-0.23949521780014038,-0.015338361263275146,-0.20075753331184387,-0.012911558151245117,-0.1622225046157837,0.01896500587463379,-0.17956161499023438,0.011476099491119385,-0.22901639342308044,0.012772440910339355,-0.20854806900024414,0.01533275842666626,-0.18072640895843506
0.0,0.0,-0.049461305141448975,-0.03656363487243652,-0.07479813694953918,-0.1179773211479187,-0.0436134934425354,-0.16975221037864685,-0.0057530999183654785,-0.16540130972862244,-0.08387163281440735,-0.17536908388137817,-0.09145313501358032,-0.2480883002281189,-0.08163309097290039,-0.21278199553489685,-0.07529640197753906,-0.17028963565826416,-0.05002462863922119,-0.18475821614265442,-0.0556148886680603,-0.25991153717041016,-0.0451279878616333,-0.21539095044136047,-0.043399810791015625,-0.1747874617576599,-0.0162237286567688,-0.18618151545524597,-0.02115851640701294,-0.24511823058128357,-0.015065491199493408,-0.20198658108711243,-0.01607346534729004,-0.16455864906311035,0.01769167184829712,-0.18174737691879272,0.011627018451690674,-0.23297813534736633,0.013433635234832764,-0.210752934217453,0.013782382011413574,-0.18416821956634521
0.0,0.0,-0.050031960010528564,-0.035742759704589844,-0.07678484916687012,-0.11885625123977661,-0.0452268123626709,-0.17166855931282043,-0.005272865295410156,-0.1679968237876892,-0.08322006464004517,-0.17715749144554138,-0.09076589345932007,-0.2502541244029999,-0.0816720724105835,-0.21992987394332886,-0.074941486120224,-0.17752552032470703,-0.04897719621658325,-0.1870330572128296,-0.054131269454956055,-0.2637931704521179,-0.04505574703216553,-0.2264118790626526,-0.04324197769165039,-0.18766433000564575,-0.014677047729492188,-0.18784615397453308,-0.01788783073425293,-0.24784031510353088,-0.013174235820770264,-0.2068694531917572,-0.014874398708343506,-0.1695687174797058,0.019718587398529053,-0.18235599994659424,0.015162050724029541,-0.23354914784431458,0.015679776668548584,-0.21001523733139038,0.014679789543151855,-0.1824524700641632
0.0,0.0,-0.050440073013305664,-0.0350496768951416,-0.07647913694381714,-0.1186072826385498,-0.043651580810546875,-0.17100226879119873,-0.0012159943580627441,-0.16350513696670532,-0.08316934108734131,-0.17579242587089539,-0.09005296230316162,-0.2507037818431854,-0.08181098103523254,-0.22264844179153442,-0.07470405101776123,-0.17917951941490173,-0.04846179485321045,-0.18644651770591736,-0.05345046520233154,-0.2662316858768463,-0.04428744316101074,-0.22979304194450378,-0.04049324989318848,-0.18764406442642212,-0.013778924942016602,-0.18782132863998413,-0.017651617527008057,-0.24902796745300293,-0.012776970863342285,-0.20923087000846863,-0.012174010276794434,-0.16938912868499756,0.02127283811569214,-0.18322837352752686,0.015830039978027344,-0.23158499598503113,0.01594167947769165,-0.21033897995948792,0.016260623931884766,-0.18320026993751526
0.0,0.0,-0.04878610372543335,-0.035922884941101074,-0.07476451992988586,-0.12101805210113525,-0.04159986972808838,-0.1761094629764557,-0.002664625644683838,-0.17478448152542114,-0.08430153131484985,-0.17406490445137024,-0.09111377596855164,-0.24978452920913696,-0.07929620146751404,-0.20806369185447693,-0.07335036993026733,-0.16463807225227356,-0.0498197078704834,-0.18268275260925293,-0.05319017171859741,-0.262040376663208,-0.04335832595825195,-0.2107122242450714,-0.04386293888092041,-0.17063665390014648,-0.014404535293579102,-0.18456396460533142,-0.016446709632873535,-0.2390429973602295,-0.01058286428451538,-0.18585583567619324,-0.014568090438842773,-0.15076345205307007,0.020153462886810303,-0.18009498715400696,0.01666390895843506,-0.22906342148780823,0.01723867654800415,-0.19650200009346008,0.014739274978637695,-0.16788950562477112
0.0,0.0,-0.04898709058761597,-0.037091851234436035,-0.07507628202438354,-0.12409651279449463,-0.0420222282409668,-0.17974594235420227,-0.0027663111686706543,-0.17941978573799133,-0.08561569452285767,-0.17532047629356384,-0.09294760227203369,-0.253214567899704,-0.0801340639591217,-0.21294477581977844,-0.074013352394104,-0.16899624466896057,-0.0515175461769104,-0.18495959043502808,-0.0554426908493042,-0.26377052068710327,-0.04413074254989624,-0.21362429857254028,-0.044392406940460205,-0.17445683479309082,-0.016549348831176758,-0.18747493624687195,-0.01948368549346924,-0.2430092990398407,-0.012330114841461182,-0.19091320037841797,-0.01577150821685791,-0.15565302968025208,0.017814338207244873,-0.18422618508338928,0.013588368892669678,-0.23349544405937195,0.015402436256408691,-0.20107215642929077,0.014168858528137207,-0.1714232861995697
0.0,0.0,-0.04955524206161499,-0.03668403625488281,-0.07687029242515564,-0.12409257888793945,-0.04517322778701782,-0.17637893557548523,-0.005809187889099121,-0.16921475529670715,-0.08290854096412659,-0.17642098665237427,-0.09103971719741821,-0.24834758043289185,-0.08150935173034668,-0.21094539761543274,-0.0745052695274353,-0.16692155599594116,-0.04886341094970703,-0.1863097846508026,-0.05322301387786865,-0.2601424753665924,-0.04311031103134155,-0.21207892894744873,-0.040647029876708984,-0.17098486423492432,-0.013753950595855713,-0.1877923309803009,-0.017395615577697754,-0.24242103099822998,-0.011509537696838379,-0.19399935007095337,-0.013531506061553955,-0.15732473134994507,0.02043813467025757,-0.18318253755569458,0.015074014663696289,-0.22954747080802917,0.015444576740264893,-0.20273664593696594,0.01420360803604126,-0.17674148082733154
0.0,0.0,-0.04911917448043823,-0.038665950298309326,-0.07506489753723145,-0.1244194507598877,-0.04477614164352417,-0.17583557963371277,-0.005345642566680908,-0.16611820459365845,-0.08224153518676758,-0.17864567041397095,-0.0898849368095398,-0.2513633072376251,-0.08233094215393066,-0.22209858894348145,-0.07533389329910278,-0.17743495106697083,-0.0482332706451416,-0.189144104719162,-0.053620219230651855,-0.2656295895576477,-0.044785916805267334,-0.2250586748123169,-0.04090261459350586,-0.18113484978675842,-0.013946175575256348,-0.19055506587028503,-0.01890474557876587,-0.25160592794418335,-0.014837145805358887,-0.21202188730239868,-0.014115512371063232,-0.17093971371650696,0.020198523998260498,-0.1871083676815033,0.013380646705627441,-0.23581409454345703,0.013262808322906494,-0.21755895018577576,0.014301300048828125,-0.1910707950592041
0.0,0.0,-0.05060762166976929,-0.03751957416534424,-0.07718375325202942,-0.1233859658241272,-0.04617685079574585,-0.1754673421382904,-0.005927085876464844,-0.16685429215431213,-0.08206668496131897,-0.17455342411994934,-0.09013661742210388,-0.24810051918029785,-0.08291301131248474,-0.2144795060157776,-0.07668110728263855,-0.1705634593963623,-0.04899352788925171,-0.18513348698616028,-0.05440285801887512,-0.2630649209022522,-0.04580259323120117,-0.21871528029441833,-0.04261845350265503,-0.1759715974330902,-0.01458895206451416,-0.18759310245513916,-0.020666778087615967,-0.24942252039909363,-0.015460729598999023,-0.20465299487113953,-0.014912247657775879,-0.16527169942855835,0.019808471202850342,-0.18489423394203186,0.011998534202575684,-0.2351056933403015,0.012481868267059326,-0.21054407954216003,0.013992607593536377,-0.18205851316452026
0.0,0.0,-0.050885558128356934,-0.0377650260925293,-0.07779988646507263,-0.12323170900344849,-0.04707914590835571,-0.1778092384338379,-0.007053673267364502,-0.173819899559021,-0.08317089080810547,-0.1744428277015686,-0.09178295731544495,-0.2504657804965973,-0.08427667617797852,-0.21395263075828552,-0.07796764373779297,-0.16978925466537476,-0.04915416240692139,-0.18426653742790222,-0.05470919609069824,-0.26218557357788086,-0.046968817710876465,-0.2134518325328827,-0.04471045732498169,-0.17069396376609802,-0.014539837837219238,-0.18669795989990234,-0.02047818899154663,-0.2473401129245758,-0.016493499279022217,-0.19902372360229492,-0.01686805486679077,-0.1599295735359192,0.019861340522766113,-0.18457388877868652,0.013965427875518799,-0.23660695552825928,0.01273345947265625,-0.21151959896087646,0.012661993503570557,-0.18334341049194336
0.0,0.0,-0.05045032501220703,-0.0334162712097168,-0.07862147688865662,-0.11824691295623779,-0.04827010631561279,-0.17170730233192444,-0.006545305252075195,-0.16347002983093262,-0.08383551239967346,-0.17316538095474243,-0.09351950883865356,-0.24629822373390198,-0.08714628219604492,-0.215902179479599,-0.07857134938240051,-0.17247623205184937,-0.050858259201049805,-0.18521061539649963,-0.05753922462463379,-0.2624396085739136,-0.05010610818862915,-0.22327733039855957,-0.0446397066116333,-0.184097558259964,-0.01669710874557495,-0.18746939301490784,-0.023043394088745117,-0.2484511435031891,-0.01853179931640625,-0.20664241909980774,-0.01598280668258667,-0.1697457730770111,0.01772904396057129,-0.18398430943489075,0.010859906673431396,-0.23340898752212524,0.011194944381713867,-0.2100474238395691,0.01395350694656372,-0.1829964518547058
0.0,0.0,-0.04999727010726929,-0.03601938486099243,-0.07678824663162231,-0.1204524040222168,-0.04656869173049927,-0.17257174849510193,-0.006089627742767334,-0.16327601671218872,-0.08285504579544067,-0.1727759838104248,-0.09230726957321167,-0.2453661561012268,-0.0847899317741394,-0.21740573644638062,-0.07575500011444092,-0.1733139157295227,-0.04884546995162964,-0.1851327121257782,-0.05638688802719116,-0.2625349760055542,-0.04934108257293701,-0.23218053579330444,-0.043683528900146484,-0.1931144893169403,-0.014639079570770264,-0.18645983934402466,-0.020481765270233154,-0.2512580454349518,-0.017901301383972168,-0.21936726570129395,-0.015940308570861816,-0.18056058883666992,0.020333528518676758,-0.18196752667427063,0.013303995132446289,-0.2320885956287384,0.011219918727874756,-0.22014135122299194,0.011220932006835938,-0.1975359320640564
0.0,0.0,-0.05137753486633301,-0.037269532680511475,-0.07831528782844543,-0.12417912483215332,-0.04866302013397217,-0.1773766577243805,-0.007182955741882324,-0.1661471128463745,-0.0844937264919281,-0.17360293865203857,-0.09280547499656677,-0.24702543020248413,-0.08730658888816833,-0.22135189175605774,-0.07957854866981506,-0.1779078245162964,-0.05066180229187012,-0.1854582130908966,-0.05730867385864258,-0.26400232315063477,-0.05187195539474487,-0.2313012182712555,-0.04741096496582031,-0.19028949737548828,-0.016663193702697754,-0.18714356422424316,-0.02223837375640869,-0.251552939414978,-0.020733952522277832,-0.21727168560028076,-0.019150853157043457,-0.17789843678474426,0.01835554838180542,-0.18424248695373535,0.011374235153198242,-0.23412105441093445,0.008806943893432617,-0.22103020548820496,0.0087127685546875,-0.1981862187385559
0.0,0.0,-0.05099433660507202,-0.03724837303161621,-0.07711157202720642,-0.11977171897888184,-0.04762768745422363,-0.1720864176750183,-0.008616209030151367,-0.1661810278892517,-0.08333137631416321,-0.1705835461616516,-0.0937923789024353,-0.24519556760787964,-0.08566421270370483,-0.21566611528396606,-0.07717117667198181,-0.17260631918907166,-0.04941987991333008,-0.18225598335266113,-0.05878037214279175,-0.2613205015659332,-0.050416409969329834,-0.22548672556877136,-0.04507744312286377,-0.18431085348129272,-0.015964269638061523,-0.18425306677818298,-0.024133682250976562,-0.2512093186378479,-0.020662546157836914,-0.21723699569702148,-0.018023788928985596,-0.1769668459892273,0.018895745277404785,-0.18126976490020752,0.010659396648406982,-0.23414826393127441,0.008834481239318848,-0.2222190499305725,0.008830428123474121,-0.19830209016799927
0.0,0.0,-0.05177086591720581,-0.03391265869140625,-0.07971757650375366,-0.11667931079864502,-0.05159175395965576,-0.1710212528705597,-0.010519802570343018,-0.1647874414920807,-0.08420199155807495,-0.1699521243572235,-0.0958617627620697,-0.24241125583648682,-0.09052896499633789,-0.22005382180213928,-0.08057117462158203,-0.17813387513160706,-0.05203711986541748,-0.18343865871429443,-0.06194305419921875,-0.26161786913871765,-0.05803084373474121,-0.23866435885429382,-0.0502626895904541,-0.2002386450767517,-0.01842045783996582,-0.18538963794708252,-0.02676069736480713,-0.25343814492225647,-0.026498615741729736,-0.2287907898426056,-0.021845102310180664,-0.1897217333316803,0.01649153232574463,-0.18103092908859253,0.007489681243896484,-0.2334355115890503,0.002917170524597168,-0.22755512595176697,0.003653883934020996,-0.2060825526714325
0.0,0.0,-0.051025569438934326,-0.03792625665664673,-0.07882043719291687,-0.12224763631820679,-0.050437986850738525,-0.17523100972175598,-0.010432124137878418,-0.1648474931716919,-0.08354970812797546,-0.17361938953399658,-0.09500128030776978,-0.24611195921897888,-0.08763062953948975,-0.2194470763206482,-0.0782863199710846,-0.17592138051986694,-0.04996079206466675,-0.18700361251831055,-0.059671252965927124,-0.26620757579803467,-0.052910447120666504,-0.2350892722606659,-0.0465773344039917,-0.1939324140548706,-0.015792667865753174,-0.18866345286369324,-0.024115800857543945,-0.25388795137405396,-0.0221748948097229,-0.21972906589508057,-0.01982879638671875,-0.17871347069740295,0.01970052719116211,-0.18434149026870728,0.012506246566772461,-0.23570597171783447,0.00813668966293335,-0.228145033121109,0.005632758140563965,-0.2089674472808838
0.0,0.0,-0.05288928747177124,-0.03812819719314575,-0.0797930359840393,-0.12092548608779907,-0.052194058895111084,-0.17208489775657654,-0.01159447431564331,-0.16099047660827637,-0.0835375189781189,-0.16950425505638123,-0.09512341022491455,-0.24155309796333313,-0.09160935878753662,-0.22317874431610107,-0.08222207427024841,-0.18136096000671387,-0.05057823657989502,-0.18278291821479797,-0.060381919145584106,-0.2622635066509247,-0.05673244595527649,-0.24068647623062134,-0.049171626567840576,-0.20061653852462769,-0.01697993278503418,-0.18410247564315796,-0.025431394577026367,-0.2530634105205536,-0.025818288326263428,-0.23076215386390686,-0.021577298641204834,-0.1917290985584259,0.018345117568969727,-0.17978516221046448,0.010061144828796387,-0.23170879483222961,0.0054160356521606445,-0.23099207878112793,0.005475938320159912,-0.21312731504440308
0.0,0.0,-0.051513075828552246,-0.03748190402984619,-0.07927533984184265,-0.12176716327667236,-0.0510869026184082,-0.17374694347381592,-0.009751081466674805,-0.16489651799201965,-0.08305826783180237,-0.17020538449287415,-0.09475833177566528,-0.2420330047607422,-0.09059825539588928,-0.2214943766593933,-0.08133333921432495,-0.17840856313705444,-0.05024516582489014,-0.18370601534843445,-0.06031721830368042,-0.2623421549797058,-0.05713456869125366,-0.242860347032547,-0.05041545629501343,-0.20540565252304077,-0.01611560583114624,-0.18485763669013977,-0.02483975887298584,-0.2526499629020691,-0.025346338748931885,-0.23100030422210693,-0.021923601627349854,-0.19379445910453796,0.019327223300933838,-0.17989611625671387,0.010583341121673584,-0.23158535361289978,0.0053945183753967285,-0.23062843084335327,0.00466388463973999,-0.21404805779457092
0.0,0.0,-0.05168044567108154,-0.037787675857543945,-0.07906913757324219,-0.12100362777709961,-0.051862359046936035,-0.171757310628891,-0.011253535747528076,-0.1613256335258484,-0.08193379640579224,-0.16945111751556396,-0.09322133660316467,-0.24005094170570374,-0.09057047963142395,-0.21980875730514526,-0.08191055059432983,-0.17702874541282654,-0.04985839128494263,-0.18275365233421326,-0.058597058057785034,-0.26056182384490967,-0.05691009759902954,-0.23987627029418945,-0.05038440227508545,-0.20154160261154175,-0.0159948468208313,-0.18390661478042603,-0.02441030740737915,-0.2514932155609131,-0.026458382606506348,-0.22783243656158447,-0.023599207401275635,-0.1905166506767273,0.019351422786712646,-0.17863070964813232,0.011286318302154541,-0.23052388429641724,0.004818141460418701,-0.228266179561615,0.003231644630432129,-0.21050575375556946
0.0,0.0,-0.051453977823257446,-0.037616848945617676,-0.0775449275970459,-0.11234623193740845,-0.05090293288230896,-0.16100066900253296,-0.011283934116363525,-0.156263530254364,-0.07825958728790283,-0.1668783724308014,-0.09060153365135193,-0.23213514685630798,-0.08808013796806335,-0.21436172723770142,-0.07952243089675903,-0.17634940147399902,-0.04716935753822327,-0.18045547604560852,-0.05718550086021423,-0.2523418068885803,-0.05754038691520691,-0.23766446113586426,-0.052617818117141724,-0.20441552996635437,-0.015546739101409912,-0.18149563670158386,-0.02238994836807251,-0.24523895978927612,-0.02760922908782959,-0.23363876342773438,-0.026381850242614746,-0.2021312713623047,0.018131792545318604,-0.1744060218334198,0.01266634464263916,-0.22537261247634888,0.0029193758964538574,-0.2329542338848114,-0.002525508403778076,-0.22217559814453125
0.0,0.0,-0.050304263830184937,-0.03314441442489624,-0.07570064067840576,-0.10110771656036377,-0.05072420835494995,-0.14808332920074463,-0.013232827186584473,-0.14722996950149536,-0.07551699876785278,-0.15837597846984863,-0.08660027384757996,-0.22037562727928162,-0.08726659417152405,-0.20247486233711243,-0.0808907151222229,-0.16681158542633057,-0.04544004797935486,-0.17146095633506775,-0.054526329040527344,-0.2392156720161438,-0.05858808755874634,-0.22748684883117676,-0.055434465408325195,-0.1978808045387268,-0.015250980854034424,-0.17201098799705505,-0.021114587783813477,-0.2325904369354248,-0.02890053391456604,-0.22613659501075745,-0.029901057481765747,-0.1998850405216217,0.01650822162628174,-0.16419804096221924,0.011868774890899658,-0.2127588987350464,0.0010753870010375977,-0.22328126430511475,-0.005959689617156982,-0.21635985374450684
0.0,0.0,-0.048927366733551025,-0.03748959302902222,-0.07185527682304382,-0.10496217012405396,-0.0492384135723114,-0.14790546894073486,-0.015456944704055786,-0.14572829008102417,-0.07103902101516724,-0.15111541748046875,-0.08298930525779724,-0.21131637692451477,-0.08592873811721802,-0.19257795810699463,-0.07980191707611084,-0.16041553020477295,-0.043927669525146484,-0.16363030672073364,-0.0545387864112854,-0.23115557432174683,-0.058118730783462524,-0.21031454205513,-0.05189588665962219,-0.17858240008354187,-0.015391618013381958,-0.16661620140075684,-0.02441766858100891,-0.23057693243026733,-0.03207233548164368,-0.2166678011417389,-0.029867827892303467,-0.18823710083961487,0.015404880046844482,-0.16221332550048828,0.008013427257537842,-0.21085289120674133,-0.0038637518882751465,-0.21611511707305908,-0.009246408939361572,-0.20573222637176514
0.0,0.0,-0.04956278204917908,-0.034378111362457275,-0.07235383987426758,-0.10344672203063965,-0.04987609386444092,-0.1489918828010559,-0.014704376459121704,-0.14527302980422974,-0.07230678200721741,-0.1499430537223816,-0.08282199501991272,-0.20690414309501648,-0.08362790942192078,-0.1977173089981079,-0.07640224695205688,-0.16519737243652344,-0.04419192671775818,-0.16324126720428467,-0.051747262477874756,-0.2266002893447876,-0.056187987327575684,-0.2229020893573761,-0.05303323268890381,-0.19607165455818176,-0.014843255281448364,-0.16346877813339233,-0.020433545112609863,-0.2204599678516388,-0.028171658515930176,-0.21842992305755615,-0.02985382080078125,-0.19648805260658264,0.01680159568786621,-0.15624380111694336,0.012038171291351318,-0.20025086402893066,0.001149296760559082,-0.21461117267608643,-0.006693899631500244,-0.21335342526435852
0.0,0.0,-0.04682302474975586,-0.028298676013946533,-0.07555830478668213,-0.10397827625274658,-0.04888182878494263,-0.15337127447128296,-0.00829249620437622,-0.1477123498916626,-0.07461771368980408,-0.15687721967697144,-0.0877828299999237,-0.22227180004119873,-0.08410713076591492,-0.19666191935539246,-0.07486477494239807,-0.1568971872329712,-0.04411119222640991,-0.16977715492248535,-0.05488172173500061,-0.24260804057121277,-0.05428031086921692,-0.2205948829650879,-0.04891878366470337,-0.18698590993881226,-0.013040721416473389,-0.16988003253936768,-0.020961344242095947,-0.23489299416542053,-0.02340412139892578,-0.21322184801101685,-0.022640764713287354,-0.18190443515777588,0.019094645977020264,-0.1620740294456482,0.011763393878936768,-0.21152526140213013,0.003738880157470703,-0.21390888094902039,-0.0009165406227111816,-0.20497393608093262
0.0,0.0,-0.05088195204734802,-0.03309541940689087,-0.08000430464744568,-0.11310738325119019,-0.05207577347755432,-0.16397249698638916,-0.00938326120376587,-0.1573430299758911,-0.08046045899391174,-0.16951310634613037,-0.09189993143081665,-0.24194639921188354,-0.08630377054214478,-0.21667510271072388,-0.0767621397972107,-0.1737346053123474,-0.047486305236816406,-0.18297964334487915,-0.055763065814971924,-0.26230496168136597,-0.05328437685966492,-0.24046272039413452,-0.04853713512420654,-0.2041875720024109,-0.013858020305633545,-0.1838892698287964,-0.020244359970092773,-0.25420475006103516,-0.020583748817443848,-0.23397323489189148,-0.019309520721435547,-0.20036381483078003,0.020861685276031494,-0.1769757866859436,0.01274186372756958,-0.2298957109451294,0.006977438926696777,-0.22989612817764282,0.004026234149932861,-0.21599894762039185
0.0,0.0,-0.053078413009643555,-0.040203630924224854,-0.07916244864463806,-0.1257757544517517,-0.047043055295944214,-0.17770302295684814,-0.0021776556968688965,-0.16824030876159668,-0.08049952983856201,-0.18971216678619385,-0.08751237392425537,-0.2587094008922577,-0.08501499891281128,-0.2374456524848938,-0.07739797234535217,-0.19656461477279663,-0.04374071955680847,-0.20171892642974854,-0.049786537885665894,-0.2786848843097687,-0.05072256922721863,-0.2673990726470947,-0.04851922392845154,-0.23944783210754395,-0.007758021354675293,-0.1985674500465393,-0.010205745697021484,-0.2647092044353485,-0.01512831449508667,-0.25455012917518616,-0.016989290714263916,-0.22724276781082153,0.030930280685424805,-0.18583226203918457,0.024990200996398926,-0.2384347915649414,0.016850590705871582,-0.24761411547660828,0.010446667671203613,-0.24371060729026794
0.0,0.0,-0.052934467792510986,-0.03452599048614502,-0.08711734414100647,-0.12288492918014526,-0.05287575721740723,-0.18001151084899902,-0.0068430304527282715,-0.17688363790512085,-0.08963802456855774,-0.19171422719955444,-0.09688955545425415,-0.26736244559288025,-0.08779701590538025,-0.22409659624099731,-0.08038356900215149,-0.17782306671142578,-0.05203104019165039,-0.204673171043396,-0.05515146255493164,-0.2850912809371948,-0.04906183481216431,-0.23627817630767822,-0.04800379276275635,-0.19468367099761963,-0.013568520545959473,-0.2054203748703003,-0.015080809593200684,-0.26638925075531006,-0.012669801712036133,-0.21679335832595825,-0.0156518816947937,-0.18031179904937744,0.02430814504623413,-0.19643878936767578,0.018546223640441895,-0.2486916482448578,0.01726508140563965,-0.21729105710983276,0.015947341918945312,-0.18918699026107788
0.0,0.0,-0.05262726545333862,-0.03780210018157959,-0.08487465977668762,-0.12904733419418335,-0.05198037624359131,-0.1866518259048462,-0.005943417549133301,-0.18397510051727295,-0.08313688635826111,-0.20382630825042725,-0.09244459867477417,-0.28851646184921265,-0.08958783745765686,-0.24364560842514038,-0.08052417635917664,-0.19302278757095337,-0.045165300369262695,-0.2154424786567688,-0.048458099365234375,-0.3058698773384094,-0.04883623123168945,-0.25260573625564575,-0.04428255558013916,-0.20570451021194458,-0.0067996978759765625,-0.2151469588279724,-0.011338114738464355,-0.2929525375366211,-0.014004230499267578,-0.2385011911392212,-0.011697590351104736,-0.19544482231140137,0.031738340854644775,-0.20597153902053833,0.022272467613220215,-0.26728323101997375,0.016633808612823486,-0.23419153690338135,0.019786715507507324,-0.2022039294242859
0.0,0.0,-0.05485796928405762,-0.03920048475265503,-0.08728080987930298,-0.12799519300460815,-0.05492299795150757,-0.18614202737808228,-0.008917689323425293,-0.18672335147857666,-0.08766597509384155,-0.2026810646057129,-0.09749811887741089,-0.28444012999534607,-0.0917123556137085,-0.23980766534805298,-0.0824558436870575,-0.18922102451324463,-0.04900151491165161,-0.21541041135787964,-0.05442696809768677,-0.30273106694221497,-0.05202299356460571,-0.2527279853820801,-0.04832345247268677,-0.2064075469970703,-0.010245323181152344,-0.21524113416671753,-0.014914929866790771,-0.28784215450286865,-0.015270471572875977,-0.23838692903518677,-0.014564096927642822,-0.19569265842437744,0.028875529766082764,-0.2051796317100525,0.020393431186676025,-0.2647993266582489,0.016053855419158936,-0.23668724298477173,0.01607733964920044,-0.20666354894638062
0.0,0.0,-0.054326415061950684,-0.03666132688522339,-0.08698874711990356,-0.13033956289291382,-0.054561614990234375,-0.18681985139846802,-0.00750809907913208,-0.17859309911727905,-0.09014308452606201,-0.1988242268562317,-0.09925755858421326,-0.2790977358818054,-0.09224286675453186,-0.24159866571426392,-0.08286106586456299,-0.19139599800109863,-0.05205416679382324,-0.21226561069488525,-0.057515740394592285,-0.2982434630393982,-0.05216634273529053,-0.25888967514038086,-0.04810667037963867,-0.21499848365783691,-0.013590991497039795,-0.21244263648986816,-0.01895308494567871,-0.28648850321769714,-0.017502188682556152,-0.24919071793556213,-0.01736164093017578,-0.20750409364700317,0.02430933713912964,-0.20468538999557495,0.016164004802703857,-0.26371318101882935,0.013614356517791748,-0.24628207087516785,0.013620972633361816,-0.21869683265686035
0.0,0.0,-0.05368950963020325,-0.037647783756256104,-0.08455508947372437,-0.12162315845489502,-0.054270148277282715,-0.17600053548812866,-0.009820938110351562,-0.17264461517333984,-0.08557972311973572,-0.1917896270751953,-0.09488910436630249,-0.263420969247818,-0.08999091386795044,-0.22560977935791016,-0.08107715845108032,-0.17931538820266724,-0.04940330982208252,-0.20464801788330078,-0.05551409721374512,-0.28444012999534607,-0.05276799201965332,-0.2471851110458374,-0.047621190547943115,-0.20572423934936523,-0.012047290802001953,-0.20503348112106323,-0.017595648765563965,-0.2785149812698364,-0.019075512886047363,-0.24343779683113098,-0.017937302589416504,-0.20354771614074707,0.026234686374664307,-0.19518595933914185,0.01608729362487793,-0.25428175926208496,0.009620726108551025,-0.23939594626426697,0.008066177368164062,-0.21361768245697021
0.0,0.0,-0.05404213070869446,-0.0366024374961853,-0.0835607647895813,-0.12065666913986206,-0.054132163524627686,-0.1745482087135315,-0.010097742080688477,-0.16785484552383423,-0.08346915245056152,-0.1830403208732605,-0.09356692433357239,-0.25891417264938354,-0.09139257669448853,-0.22720986604690552,-0.0810098946094513,-0.18217653036117554,-0.047636836767196655,-0.19616860151290894,-0.054382890462875366,-0.282255083322525,-0.057162582874298096,-0.25165367126464844,-0.0510408878326416,-0.20963317155838013,-0.011344611644744873,-0.19594061374664307,-0.017506957054138184,-0.2728212773799896,-0.02363109588623047,-0.24605879187583923,-0.020190894603729248,-0.20722132921218872,0.026016831398010254,-0.18699949979782104,0.017699837684631348,-0.24615317583084106,0.0074999332427978516,-0.24369049072265625,0.006078183650970459,-0.22494721412658691
0.0,0.0,-0.05395770072937012,-0.032104671001434326,-0.08483356237411499,-0.11533671617507935,-0.05588829517364502,-0.17054444551467896,-0.010803818702697754,-0.16851133108139038,-0.08159276843070984,-0.18216675519943237,-0.09419286251068115,-0.25949859619140625,-0.09353378415107727,-0.22795209288597107,-0.08280786871910095,-0.18107128143310547,-0.046579957008361816,-0.19501852989196777,-0.0546146035194397,-0.2814456820487976,-0.05812513828277588,-0.24825561046600342,-0.051211148500442505,-0.20443642139434814,-0.01171267032623291,-0.19467371702194214,-0.018421173095703125,-0.273377001285553,-0.02491295337677002,-0.24381563067436218,-0.020838439464569092,-0.20373648405075073,0.023981332778930664,-0.18620049953460693,0.015558242797851562,-0.24728375673294067,0.0052283406257629395,-0.2421511709690094,0.004629194736480713,-0.22134485840797424
0.0,0.0,-0.05285996198654175,-0.03372812271118164,-0.08276039361953735,-0.1175650954246521,-0.053271591663360596,-0.17251557111740112,-0.008913576602935791,-0.16964179277420044,-0.08000275492668152,-0.18261224031448364,-0.0920858085155487,-0.25833484530448914,-0.0903264582157135,-0.22780606150627136,-0.08006301522254944,-0.181593120098114,-0.04528966546058655,-0.19524908065795898,-0.05408790707588196,-0.2794540524482727,-0.056555330753326416,-0.2511810064315796,-0.050101637840270996,-0.21025234460830688,-0.010416686534881592,-0.194604754447937,-0.01732999086380005,-0.2715560793876648,-0.02341604232788086,-0.247163325548172,-0.020976483821868896,-0.20961511135101318,0.02528911828994751,-0.18516302108764648,0.017563045024871826,-0.24475541710853577,0.007577836513519287,-0.24416100978851318,0.004946351051330566,-0.22748616337776184
0.0,0.0,-0.0533963143825531,-0.0296555757522583,-0.0863836407661438,-0.11759817600250244,-0.05733183026313782,-0.1751871109008789,-0.013195693492889404,-0.17052924633026123,-0.08469122648239136,-0.1847703456878662,-0.09769758582115173,-0.26477816700935364,-0.0956384539604187,-0.22912871837615967,-0.0848834216594696,-0.1826457977294922,-0.05030405521392822,-0.19869530200958252,-0.059341222047805786,-0.28485167026519775,-0.059603989124298096,-0.23994311690330505,-0.051553577184677124,-0.19538307189941406,-0.01536029577255249,-0.20073062181472778,-0.024203002452850342,-0.27875816822052,-0.027188479900360107,-0.23437589406967163,-0.021541237831115723,-0.19270610809326172,0.02047520875930786,-0.19536107778549194,0.00882035493850708,-0.25249701738357544,0.0025931596755981445,-0.22908806800842285,0.007029116153717041,-0.20059937238693237
0.0,0.0,-0.05504998564720154,-0.03629183769226074,-0.08346015214920044,-0.12127453088760376,-0.05378913879394531,-0.17524820566177368,-0.009503304958343506,-0.16951191425323486,-0.08138760924339294,-0.1867990493774414,-0.09229505062103271,-0.2650698125362396,-0.09177517890930176,-0.23228758573532104,-0.08149465918540955,-0.1845560073852539,-0.04613271355628967,-0.19927221536636353,-0.05372372269630432,-0.28720876574516296,-0.05721640586853027,-0.2545486092567444,-0.05059623718261719,-0.21058082580566406,-0.011065363883972168,-0.19903898239135742,-0.016950786113739014,-0.2796133756637573,-0.02418661117553711,-0.25086525082588196,-0.02079242467880249,-0.20987802743911743,0.02540123462677002,-0.1911475658416748,0.017514705657958984,-0.252096563577652,0.006677567958831787,-0.24652642011642456,0.005014598369598389,-0.22437149286270142
0.0,0.0,-0.05461379885673523,-0.033629655838012695,-0.08478832244873047,-0.1179807186126709,-0.055116087198257446,-0.17238128185272217,-0.01079171895980835,-0.1677890419960022,-0.0825701355934143,-0.18255048990249634,-0.09379681944847107,-0.2608756721019745,-0.09282529354095459,-0.230278879404068,-0.08234795928001404,-0.1839970350265503,-0.047568827867507935,-0.19597285985946655,-0.05529505014419556,-0.2839333713054657,-0.05770692229270935,-0.2531925439834595,-0.05129781365394592,-0.21021223068237305,-0.0128440260887146,-0.19668859243392944,-0.018829286098480225,-0.27787989377975464,-0.024814963340759277,-0.251007080078125,-0.021376371383666992,-0.2106083631515503,0.02321004867553711,-0.189458966255188,0.014288365840911865,-0.24893224239349365,0.005621492862701416,-0.24233222007751465,0.0057179927825927734,-0.21923214197158813
0.0,0.0,-0.05453929305076599,-0.03598499298095703,-0.0848497748374939,-0.11992132663726807,-0.05598163604736328,-0.17577815055847168,-0.011193692684173584,-0.174055814743042,-0.08150798082351685,-0.18659323453903198,-0.09200513362884521,-0.26433759927749634,-0.09356045722961426,-0.2353244423866272,-0.0845174789428711,-0.18909293413162231,-0.0463295578956604,-0.19943177700042725,-0.05329504609107971,-0.2868804931640625,-0.05943095684051514,-0.26144927740097046,-0.053809672594070435,-0.21930134296417236,-0.011091411113739014,-0.1988459825515747,-0.015884101390838623,-0.27925553917884827,-0.024745941162109375,-0.2574097812175751,-0.021913111209869385,-0.21737366914749146,0.025581419467926025,-0.18938332796096802,0.017599523067474365,-0.25033092498779297,0.006167411804199219,-0.24719101190567017,0.00442427396774292,-0.22370749711990356
0.0,0.0,-0.0550694465637207,-0.03780961036682129,-0.08471044898033142,-0.1212736964225769,-0.05519425868988037,-0.1753385066986084,-0.011935710906982422,-0.17155450582504272,-0.08227330446243286,-0.18759995698928833,-0.09249725937843323,-0.26442861557006836,-0.09100323915481567,-0.23731333017349243,-0.08146649599075317,-0.19100981950759888,-0.04655000567436218,-0.20033955574035645,-0.05391240119934082,-0.2852981686592102,-0.0562911331653595,-0.261939138174057,-0.051594555377960205,-0.22150439023971558,-0.011318683624267578,-0.1996532678604126,-0.015596449375152588,-0.2770615220069885,-0.02150052785873413,-0.256714403629303,-0.019237875938415527,-0.21691226959228516,0.025717735290527344,-0.19019412994384766,0.018210232257843018,-0.24917805194854736,0.009264111518859863,-0.2464497685432434,0.007287204265594482,-0.22399502992630005
0.0,0.0,-0.055294573307037354,-0.03566700220108032,-0.08462882041931152,-0.12321990728378296,-0.05490884184837341,-0.17677950859069824,-0.010058283805847168,-0.16892457008361816,-0.08067318797111511,-0.1896679401397705,-0.090778648853302,-0.2676744759082794,-0.09163743257522583,-0.2376479208469391,-0.08234938979148865,-0.18857884407043457,-0.04570269584655762,-0.2021612524986267,-0.05103185772895813,-0.289340615272522,-0.05659079551696777,-0.26130110025405884,-0.05111762881278992,-0.21708464622497559,-0.01031041145324707,-0.20122206211090088,-0.014400839805603027,-0.28017687797546387,-0.021975815296173096,-0.25202128291130066,-0.018706083297729492,-0.21063172817230225,0.025846362113952637,-0.19247210025787354,0.018188536167144775,-0.2525080740451813,0.007761716842651367,-0.2413562834262848,0.007362186908721924,-0.2136707901954651
0.0,0.0,-0.05438500642776489,-0.03270620107650757,-0.0865582525730133,-0.11475098133087158,-0.05764961242675781,-0.170687735080719,-0.013665616512298584,-0.172021746635437,-0.08149093389511108,-0.18685322999954224,-0.09187987446784973,-0.264819473028183,-0.09182128310203552,-0.23538121581077576,-0.08254390954971313,-0.18908900022506714,-0.046064019203186035,-0.19921690225601196,-0.05106770992279053,-0.2869487404823303,-0.05488407611846924,-0.2544897794723511,-0.05004167556762695,-0.20961642265319824,-0.011069536209106445,-0.1990448236465454,-0.015124201774597168,-0.2786428928375244,-0.021328389644622803,-0.24725979566574097,-0.018085598945617676,-0.20543187856674194,0.025297820568084717,-0.18966281414031982,0.016227424144744873,-0.2508494257926941,0.00794970989227295,-0.23632675409317017,0.008862316608428955,-0.20782262086868286
0.0,0.0,-0.05414390563964844,-0.03794276714324951,-0.08276012539863586,-0.1243332028388977,-0.051529645919799805,-0.17774254083633423,-0.00962686538696289,-0.1696898341178894,-0.08197656273841858,-0.18997997045516968,-0.09041160345077515,-0.2625914514064789,-0.08595779538154602,-0.23419329524040222,-0.07738745212554932,-0.19071727991104126,-0.04595184326171875,-0.20205318927764893,-0.05157589912414551,-0.2823638617992401,-0.050020039081573486,-0.25446945428848267,-0.04650813341140747,-0.21618026494979858,-0.010083794593811035,-0.20078355073928833,-0.013414323329925537,-0.2720886766910553,-0.015302956104278564,-0.24480187892913818,-0.015193164348602295,-0.2077341079711914,0.026462852954864502,-0.19040954113006592,0.020607948303222656,-0.2463466227054596,0.014400482177734375,-0.23664748668670654,0.011250197887420654,-0.21477633714675903
0.0,0.0,-0.05297595262527466,-0.036339640617370605,-0.08166229724884033,-0.12419718503952026,-0.051512837409973145,-0.17705100774765015,-0.008772134780883789,-0.1694962978363037,-0.07795047760009766,-0.18872517347335815,-0.08843424916267395,-0.2640219032764435,-0.08797189593315125,-0.23713064193725586,-0.07902806997299194,-0.19048172235488892,-0.04388630390167236,-0.20086324214935303,-0.04988914728164673,-0.28471213579177856,-0.053237199783325195,-0.25860029458999634,-0.048255324363708496,-0.21716606616973877,-0.00891047716140747,-0.19961291551589966,-0.0138588547706604,-0.2754530608654022,-0.01923680305480957,-0.2462705671787262,-0.015945374965667725,-0.2063499093055725,0.02721768617630005,-0.1897050142288208,0.0200842022895813,-0.24839931726455688,0.011264264583587646,-0.23284834623336792,0.010951817035675049,-0.20341217517852783
0.0,0.0,-0.05342400074005127,-0.03952980041503906,-0.07994326949119568,-0.12362122535705566,-0.04979550838470459,-0.1765705943107605,-0.007160484790802002,-0.1725674271583557,-0.07644033432006836,-0.1908423900604248,-0.08623087406158447,-0.26626500487327576,-0.08628475666046143,-0.24164694547653198,-0.07791659235954285,-0.1957666277885437,-0.041224122047424316,-0.20175015926361084,-0.045955657958984375,-0.2866053879261017,-0.05115330219268799,-0.2647598087787628,-0.04766988754272461,-0.22323283553123474,-0.005765855312347412,-0.1989160180091858,-0.00722271203994751,-0.2761348783969879,-0.015335679054260254,-0.25638675689697266,-0.01519763469696045,-0.21843522787094116,0.03101634979248047,-0.18676906824111938,0.02685844898223877,-0.24706876277923584,0.015115857124328613,-0.24636036157608032,0.00961768627166748,-0.2266210913658142
0.0,0.0,-0.05426746606826782,-0.036587536334991455,-0.08280688524246216,-0.12338042259216309,-0.05190783739089966,-0.17838901281356812,-0.008807003498077393,-0.17352759838104248,-0.07764557003974915,-0.19041812419891357,-0.08833259344100952,-0.26824817061424255,-0.08667042851448059,-0.23937657475471497,-0.07685026526451111,-0.1926335096359253,-0.04231607913970947,-0.20212936401367188,-0.047625839710235596,-0.28790467977523804,-0.049589335918426514,-0.2557116746902466,-0.043587446212768555,-0.2119542360305786,-0.006805002689361572,-0.20103591680526733,-0.010013103485107422,-0.2783593535423279,-0.015584766864776611,-0.24497225880622864,-0.011797904968261719,-0.20274889469146729,0.029926538467407227,-0.19182491302490234,0.02264857292175293,-0.25279614329338074,0.013458967208862305,-0.23587587475776672,0.013774514198303223,-0.20521950721740723
0.0,0.0,-0.05403405427932739,-0.03700524568557739,-0.08326837420463562,-0.12253433465957642,-0.052872657775878906,-0.1763768196105957,-0.009861350059509277,-0.1710820198059082,-0.07840931415557861,-0.19202667474746704,-0.0884891152381897,-0.2696681618690491,-0.08615356683731079,-0.24108964204788208,-0.07668289542198181,-0.19457006454467773,-0.0424426794052124,-0.20425152778625488,-0.04835265874862671,-0.29190102219581604,-0.04995793104171753,-0.2635492980480194,-0.045219480991363525,-0.22035419940948486,-0.006923556327819824,-0.20300650596618652,-0.010244905948638916,-0.2832517921924591,-0.015727102756500244,-0.2548893392086029,-0.01340562105178833,-0.21262001991271973,0.030121028423309326,-0.19266235828399658,0.021971523761749268,-0.2528367042541504,0.013674497604370117,-0.24084079265594482,0.013173818588256836,-0.21241843700408936
0.0,0.0,-0.054054975509643555,-0.03632080554962158,-0.08454179763793945,-0.1217610239982605,-0.05462843179702759,-0.17602628469467163,-0.011413395404815674,-0.1736687421798706,-0.08044761419296265,-0.19352823495864868,-0.09020304679870605,-0.27311789989471436,-0.08811914920806885,-0.2386808693408966,-0.07905778288841248,-0.19019955396652222,-0.04415196180343628,-0.20543980598449707,-0.048776984214782715,-0.2923215329647064,-0.04996687173843384,-0.25247466564178467,-0.04588598012924194,-0.20692312717437744,-0.00813603401184082,-0.2051580548286438,-0.011551260948181152,-0.2840621769428253,-0.016085803508758545,-0.24474599957466125,-0.013761162757873535,-0.2016007900238037,0.02892071008682251,-0.1960640549659729,0.01957148313522339,-0.2553150951862335,0.013066112995147705,-0.2324516773223877,0.015136659145355225,-0.20075887441635132
0.0,0.0,-0.05380070209503174,-0.036973655223846436,-0.08375570178031921,-0.12445622682571411,-0.05287545919418335,-0.17867952585220337,-0.00857478380203247,-0.17234575748443604,-0.07883897423744202,-0.1943289041519165,-0.08775120973587036,-0.27318766713142395,-0.08686035871505737,-0.23957329988479614,-0.07783246040344238,-0.19131064414978027,-0.043025970458984375,-0.2060387134552002,-0.04633408784866333,-0.29401105642318726,-0.04979419708251953,-0.25775977969169617,-0.04492431879043579,-0.21199339628219604,-0.00691455602645874,-0.20490705966949463,-0.009221136569976807,-0.2840995490550995,-0.015102148056030273,-0.24743133783340454,-0.011939167976379395,-0.20391589403152466,0.02963012456893921,-0.19489037990570068,0.021807968616485596,-0.255349725484848,0.013529062271118164,-0.23439496755599976,0.014996349811553955,-0.20145827531814575
0.0,0.0,-0.054793596267700195,-0.03731667995452881,-0.08357393741607666,-0.12671345472335815,-0.05136507749557495,-0.18054956197738647,-0.0060117244720458984,-0.171519935131073,-0.07725018262863159,-0.19686704874038696,-0.08623248338699341,-0.2762185037136078,-0.08769288659095764,-0.24332675337791443,-0.07902121543884277,-0.19453740119934082,-0.04148608446121216,-0.20762711763381958,-0.04498016834259033,-0.2955530881881714,-0.05128443241119385,-0.2591947317123413,-0.04592740535736084,-0.21175336837768555,-0.00556570291519165,-0.20616769790649414,-0.008345544338226318,-0.2889181077480316,-0.01748502254486084,-0.25317347049713135,-0.013810396194458008,-0.20763760805130005,0.03076636791229248,-0.19672322273254395,0.022438406944274902,-0.2588963210582733,0.011158645153045654,-0.23995912075042725,0.012305021286010742,-0.20643126964569092
0.0,0.0,-0.05469769239425659,-0.03690445423126221,-0.08421838283538818,-0.12421733140945435,-0.05328667163848877,-0.1790509819984436,-0.008874475955963135,-0.17268425226211548,-0.07723414897918701,-0.19457662105560303,-0.08646050095558167,-0.2729990482330322,-0.08703851699829102,-0.23880812525749207,-0.07796734571456909,-0.1912364363670349,-0.04189997911453247,-0.20587819814682007,-0.045732319355010986,-0.2918873429298401,-0.0510404109954834,-0.254544198513031,-0.04515606164932251,-0.20932114124298096,-0.006211340427398682,-0.20454365015029907,-0.009229898452758789,-0.28393059968948364,-0.01760411262512207,-0.2466300129890442,-0.013532519340515137,-0.20292353630065918,0.029890835285186768,-0.1945667862892151,0.02167677879333496,-0.2563556134700775,0.01078939437866211,-0.23520547151565552,0.012393653392791748,-0.20097702741622925
0.0,0.0,-0.05415177345275879,-0.03571879863739014,-0.08485156297683716,-0.12375617027282715,-0.05345553159713745,-0.1787775158882141,-0.009209394454956055,-0.17412835359573364,-0.07765227556228638,-0.19348150491714478,-0.08772140741348267,-0.2721213400363922,-0.08740067481994629,-0.23493850231170654,-0.07775858044624329,-0.18646973371505737,-0.042299866676330566,-0.20500707626342773,-0.04632294178009033,-0.29043829441070557,-0.04984050989151001,-0.24659883975982666,-0.04379987716674805,-0.20103716850280762,-0.006506681442260742,-0.20460057258605957,-0.010280072689056396,-0.2825276255607605,-0.01648038625717163,-0.23785018920898438,-0.012558221817016602,-0.19481801986694336,0.029816031455993652,-0.19588607549667358,0.02052783966064453,-0.2562081515789032,0.011839091777801514,-0.227988600730896,0.014802277088165283,-0.19406288862228394
0.0,0.0,-0.05398821830749512,-0.03701043128967285,-0.08311349153518677,-0.12431681156158447,-0.05211496353149414,-0.17719638347625732,-0.008426308631896973,-0.1702447533607483,-0.07738634943962097,-0.1938612461090088,-0.08691471815109253,-0.272394597530365,-0.08760938048362732,-0.23915481567382812,-0.07870453596115112,-0.19108998775482178,-0.04175347089767456,-0.20502161979675293,-0.045842111110687256,-0.29269126057624817,-0.051524221897125244,-0.2581801414489746,-0.04662430286407471,-0.21303600072860718,-0.00600510835647583,-0.20355844497680664,-0.008671224117279053,-0.28530916571617126,-0.017249345779418945,-0.25112107396125793,-0.014457106590270996,-0.20830583572387695,0.030063331127166748,-0.19355911016464233,0.02183312177658081,-0.2565698027610779,0.01147228479385376,-0.23748743534088135,0.01257246732711792,-0.20497983694076538
0.0,0.0,-0.055026888847351074,-0.04044938087463379,-0.08144593238830566,-0.12730473279953003,-0.04889953136444092,-0.18082362413406372,-0.005676329135894775,-0.1735956072807312,-0.07463955879211426,-0.1950995922088623,-0.08220833539962769,-0.27145686745643616,-0.08573704957962036,-0.24502474069595337,-0.07825598120689392,-0.19812458753585815,-0.03913295269012451,-0.20648843050003052,-0.042925238609313965,-0.2925621271133423,-0.0518762469291687,-0.2696819305419922,-0.04764699935913086,-0.2276170253753662,-0.003623664379119873,-0.2043287754058838,-0.00412142276763916,-0.28494223952293396,-0.01584148406982422,-0.2626357674598694,-0.013177037239074707,-0.22040998935699463,0.03291487693786621,-0.1927332878112793,0.025069832801818848,-0.2533678412437439,0.012666821479797363,-0.24458837509155273,0.012466609477996826,-0.2140234112739563
0.0,0.0,-0.05355668067932129,-0.03914231061935425,-0.08123493194580078,-0.12794077396392822,-0.04908561706542969,-0.18019729852676392,-0.004939138889312744,-0.17308753728866577,-0.07237491011619568,-0.1996074914932251,-0.0826159119606018,-0.2800118327140808,-0.08577156066894531,-0.24179351329803467,-0.07672309875488281,-0.1912248730659485,-0.037075161933898926,-0.20978206396102905,-0.0399327278137207,-0.2996963858604431,-0.04910010099411011,-0.2576102912425995,-0.04426819086074829,-0.2094293236732483,-0.0015253424644470215,-0.2076241374015808,-0.0032840967178344727,-0.29314571619033813,-0.014686405658721924,-0.2522595524787903,-0.01158219575881958,-0.20743131637573242,0.03457975387573242,-0.19664305448532104,0.02695542573928833,-0.26165199279785156,0.013247966766357422,-0.2394503951072693,0.013437807559967041,-0.20619195699691772
0.0,0.0,-0.053779393434524536,-0.04181528091430664,-0.08121472597122192,-0.12830615043640137,-0.0496143102645874,-0.1806681752204895,-0.005565941333770752,-0.1766074299812317,-0.07272666692733765,-0.2006455659866333,-0.08269369602203369,-0.2823600769042969,-0.0856594443321228,-0.2445775866508484,-0.07718679308891296,-0.19432294368743896,-0.03713482618331909,-0.21040791273117065,-0.03979307413101196,-0.3017842173576355,-0.049711674451828,-0.2621127963066101,-0.04638528823852539,-0.21478933095932007,-0.001856386661529541,-0.20780158042907715,-0.0022095441818237305,-0.2952003479003906,-0.015283465385437012,-0.2584344744682312,-0.01453942060470581,-0.2147117257118225,0.03417706489562988,-0.19566023349761963,0.028781116008758545,-0.2628069818019867,0.013109862804412842,-0.24695414304733276,0.009711265563964844,-0.21718698740005493
0.0,0.0,-0.05314648151397705,-0.03815138339996338,-0.08248642086982727,-0.12693345546722412,-0.050706952810287476,-0.17854952812194824,-0.005270183086395264,-0.17370635271072388,-0.07344847917556763,-0.20144879817962646,-0.08418995141983032,-0.2827264666557312,-0.08689984679222107,-0.2411291003227234,-0.07659998536109924,-0.19051587581634521,-0.03817164897918701,-0.21196597814559937,-0.04071211814880371,-0.3022559881210327,-0.04975292086601257,-0.25203102827072144,-0.04351121187210083,-0.20409101247787476,-0.0024144649505615234,-0.21008872985839844,-0.004646182060241699,-0.29391759634017944,-0.015750408172607422,-0.24361908435821533,-0.010687410831451416,-0.19863009452819824,0.03389030694961548,-0.1989491581916809,0.02515721321105957,-0.26280441880226135,0.012279689311981201,-0.23451834917068481,0.015770673751831055,-0.20080900192260742
0.0,0.0,-0.055406928062438965,-0.04074263572692871,-0.08342865109443665,-0.12753689289093018,-0.052506983280181885,-0.18014174699783325,-0.00867992639541626,-0.17743444442749023,-0.07520076632499695,-0.20244872570037842,-0.08542335033416748,-0.28448790311813354,-0.08806279301643372,-0.24592852592468262,-0.07848206162452698,-0.19469410181045532,-0.03947031497955322,-0.21323871612548828,-0.04249769449234009,-0.30572932958602905,-0.05166104435920715,-0.2625678777694702,-0.04663503170013428,-0.21391379833221436,-0.003932356834411621,-0.2115439772605896,-0.005867362022399902,-0.29818296432495117,-0.017640650272369385,-0.2566235065460205,-0.013927876949310303,-0.211236834526062,0.032563090324401855,-0.20024019479751587,0.024937450885772705,-0.2666606903076172,0.011077940464019775,-0.24609732627868652,0.011565029621124268,-0.21359241008758545
0.0,0.0,-0.05466964840888977,-0.04119771718978882,-0.08303004503250122,-0.12571018934249878,-0.050932109355926514,-0.17776870727539062,-0.005897343158721924,-0.17789095640182495,-0.07475772500038147,-0.20191383361816406,-0.0850350558757782,-0.28478485345840454,-0.08661973476409912,-0.24428939819335938,-0.07725727558135986,-0.19286030530929565,-0.03859645128250122,-0.21248310804367065,-0.04155373573303223,-0.3058452010154724,-0.05001184344291687,-0.260736346244812,-0.045632779598236084,-0.2112782597541809,-0.0028170347213745117,-0.2103872299194336,-0.00391155481338501,-0.2989230751991272,-0.015642642974853516,-0.255293607711792,-0.013126254081726074,-0.2082061767578125,0.03381001949310303,-0.19808071851730347,0.02654021978378296,-0.2659801244735718,0.012053430080413818,-0.2437058687210083,0.010824024677276611,-0.20894557237625122
0.0,0.0,-0.05438944697380066,-0.04047888517379761,-0.0831252932548523,-0.12433868646621704,-0.05131456255912781,-0.17627966403961182,-0.006716370582580566,-0.1775776743888855,-0.07382863759994507,-0.20190316438674927,-0.08490198850631714,-0.28472936153411865,-0.08779942989349365,-0.24461936950683594,-0.07862970232963562,-0.19370371103286743,-0.037309229373931885,-0.21212685108184814,-0.041057586669921875,-0.3063536286354065,-0.05073210597038269,-0.2595985531806946,-0.04634577035903931,-0.20989388227462769,-0.0015335679054260254,-0.20962101221084595,-0.003969132900238037,-0.29719382524490356,-0.016277194023132324,-0.25208789110183716,-0.013522207736968994,-0.205580472946167,0.035163700580596924,-0.1969178318977356,0.027810752391815186,-0.2645180821418762,0.013117849826812744,-0.24368184804916382,0.012041091918945312,-0.21158850193023682
0.0,0.0,-0.05551007390022278,-0.03936547040939331,-0.08445876836776733,-0.12911182641983032,-0.05274093151092529,-0.18270409107208252,-0.007998526096343994,-0.178908109664917,-0.07646465301513672,-0.20403581857681274,-0.08581304550170898,-0.2856418192386627,-0.08827999234199524,-0.24738776683807373,-0.07872232794761658,-0.19541335105895996,-0.04056656360626221,-0.21509039402008057,-0.042938947677612305,-0.30668625235557556,-0.05151104927062988,-0.2634850740432739,-0.04604995250701904,-0.21450412273406982,-0.004388332366943359,-0.2133827805519104,-0.00705111026763916,-0.2961291968822479,-0.01721489429473877,-0.2509538531303406,-0.011861026287078857,-0.20480376482009888,0.03269481658935547,-0.2025212049484253,0.023079514503479004,-0.26554226875305176,0.011338114738464355,-0.23883843421936035,0.014830470085144043,-0.2034451961517334
0.0,0.0,-0.05502849817276001,-0.04046273231506348,-0.08471482992172241,-0.12767696380615234,-0.05411982536315918,-0.180442214012146,-0.008182704448699951,-0.1776166558265686,-0.0745711624622345,-0.204725980758667,-0.0854707658290863,-0.2878665626049042,-0.08954080939292908,-0.24890655279159546,-0.07979598641395569,-0.1964806318283081,-0.03903120756149292,-0.2157776951789856,-0.041387319564819336,-0.3105396032333374,-0.05373296141624451,-0.26628226041793823,-0.04888564348220825,-0.215254545211792,-0.0032168030738830566,-0.21365314722061157,-0.004744410514831543,-0.30153191089630127,-0.01892954111099243,-0.25668495893478394,-0.014521181583404541,-0.2083756923675537,0.033330678939819336,-0.20138978958129883,0.026153624057769775,-0.26916635036468506,0.009739696979522705,-0.24668574333190918,0.010111212730407715,-0.21125853061676025
0.0,0.0,-0.05672904849052429,-0.0424729585647583,-0.08275109529495239,-0.1333635449409485,-0.04961007833480835,-0.18608558177947998,-0.004518389701843262,-0.17825371026992798,-0.07200610637664795,-0.2086496353149414,-0.08154994249343872,-0.29130399227142334,-0.08628520369529724,-0.2540273666381836,-0.07686764001846313,-0.2012087106704712,-0.03589034080505371,-0.21897590160369873,-0.03828996419906616,-0.3141632676124573,-0.05078303813934326,-0.2728882431983948,-0.04613804817199707,-0.2220320701599121,-0.0003819465637207031,-0.2156738042831421,0.00034540891647338867,-0.3063212037086487,-0.015523433685302734,-0.2684420347213745,-0.012182354927062988,-0.22010403871536255,0.03616124391555786,-0.20293480157852173,0.03192591667175293,-0.27200621366500854,0.013883352279663086,-0.25830745697021484,0.011671364307403564,-0.22570186853408813
0.0,0.0,-0.05704498291015625,-0.04467439651489258,-0.08407673239707947,-0.14041262865066528,-0.05126732587814331,-0.19519078731536865,-0.005481839179992676,-0.18626737594604492,-0.07276242971420288,-0.21695870161056519,-0.08162304759025574,-0.30062222480773926,-0.08740481734275818,-0.26086848974227905,-0.07902270555496216,-0.20843201875686646,-0.03655385971069336,-0.22756904363632202,-0.037370145320892334,-0.3237878084182739,-0.050863415002822876,-0.28229188919067383,-0.04673957824707031,-0.23300880193710327,-0.0005453824996948242,-0.22431731224060059,0.0010887384414672852,-0.31272345781326294,-0.01558750867843628,-0.27294617891311646,-0.013478457927703857,-0.22800356149673462,0.03639805316925049,-0.21132135391235352,0.03336149454116821,-0.282881498336792,0.014425992965698242,-0.26426762342453003,0.01180952787399292,-0.23120176792144775
0.0,0.0,-0.05651286244392395,-0.040634334087371826,-0.08437317609786987,-0.13176673650741577,-0.05234971642494202,-0.18474483489990234,-0.006465256214141846,-0.181449294090271,-0.07094833254814148,-0.21060091257095337,-0.08223599195480347,-0.2949449121952057,-0.08816072344779968,-0.255729615688324,-0.07800522446632385,-0.2007753849029541,-0.03523111343383789,-0.2216346263885498,-0.037441790103912354,-0.31951791048049927,-0.0522712767124176,-0.2757664918899536,-0.04795724153518677,-0.22406214475631714,0.00020933151245117188,-0.21944129467010498,-0.0018929243087768555,-0.30645981431007385,-0.017655670642852783,-0.2623565196990967,-0.01278907060623169,-0.21485257148742676,0.03598874807357788,-0.2082575559616089,0.029582858085632324,-0.27734291553497314,0.013060152530670166,-0.2574337124824524,0.014349043369293213,-0.2238481640815735
0.0,0.0,-0.05562090873718262,-0.04103952646255493,-0.08291572332382202,-0.13220632076263428,-0.04986870288848877,-0.18485617637634277,-0.003506183624267578,-0.17866629362106323,-0.07036405801773071,-0.21078389883041382,-0.08038729429244995,-0.29419663548469543,-0.08630073070526123,-0.2566775679588318,-0.07775884866714478,-0.2020624279975891,-0.03377002477645874,-0.221416175365448,-0.03519439697265625,-0.31732046604156494,-0.0504307746887207,-0.278620183467865,-0.04790303111076355,-0.22667336463928223,0.002032637596130371,-0.21777594089508057,0.003275930881500244,-0.30689504742622375,-0.014695882797241211,-0.27058088779449463,-0.013785839080810547,-0.22309648990631104,0.03756892681121826,-0.20422029495239258,0.034888267517089844,-0.27325958013534546,0.015288174152374268,-0.2611597776412964,0.010981261730194092,-0.2302129864692688
0.0,0.0,-0.057635366916656494,-0.04138857126235962,-0.08574017882347107,-0.13456785678863525,-0.05371573567390442,-0.18666571378707886,-0.006845951080322266,-0.17880839109420776,-0.07224005460739136,-0.21284860372543335,-0.08288368582725525,-0.2970941662788391,-0.09056830406188965,-0.26059335470199585,-0.08107322454452515,-0.20618301630020142,-0.03647845983505249,-0.22435516119003296,-0.03702062368392944,-0.3219350576400757,-0.05363285541534424,-0.2814024090766907,-0.04945129156112671,-0.2292790412902832,-0.0010828971862792969,-0.22192806005477905,-0.0004356503486633301,-0.31112241744995117,-0.018569588661193848,-0.2726455330848694,-0.014702260494232178,-0.22564095258712769,0.034675776958465576,-0.2099759578704834,0.03156238794326782,-0.27971822023391724,0.011869847774505615,-0.26335006952285767,0.010366737842559814,-0.22930604219436646
0.0,0.0,-0.05691733956336975,-0.041056156158447266,-0.08504638075828552,-0.13580960035324097,-0.05301681160926819,-0.19029831886291504,-0.006979465484619141,-0.18472158908843994,-0.0728481113910675,-0.21474111080169678,-0.08332851529121399,-0.2988608479499817,-0.08815920352935791,-0.2589186429977417,-0.07825830578804016,-0.2040974497795105,-0.03664451837539673,-0.22593683004379272,-0.03878587484359741,-0.32180145382881165,-0.05133247375488281,-0.2757173180580139,-0.045793235301971436,-0.2247893214225769,-0.0005950927734375,-0.22338199615478516,-0.002322852611541748,-0.3101028800010681,-0.01635289192199707,-0.2635350227355957,-0.010475873947143555,-0.21616190671920776,0.03633695840835571,-0.21128755807876587,0.028616130352020264,-0.27887648344039917,0.013583660125732422,-0.25505125522613525,0.016766071319580078,-0.2205294370651245
0.0,0.0,-0.05719339847564697,-0.04223513603210449,-0.08567142486572266,-0.13776516914367676,-0.05332040786743164,-0.19283252954483032,-0.005979061126708984,-0.18283337354660034,-0.07365837693214417,-0.21733444929122925,-0.08180716633796692,-0.30270645022392273,-0.08765867352485657,-0.26481950283050537,-0.07922393083572388,-0.21146345138549805,-0.036483585834503174,-0.22771519422531128,-0.03704655170440674,-0.32605302333831787,-0.05138510465621948,-0.2867814302444458,-0.04800543189048767,-0.23562729358673096,-0.00043004751205444336,-0.2239372730255127,0.0018685460090637207,-0.3145233988761902,-0.015245437622070312,-0.2789308428764343,-0.013076603412628174,-0.23165637254714966,0.036062419414520264,-0.2106115221977234,0.033395588397979736,-0.2817283868789673,0.015063464641571045,-0.2700061798095703,0.012579917907714844,-0.23843199014663696
0.0,0.0,-0.055472224950790405,-0.040695250034332275,-0.08372986316680908,-0.13423848152160645,-0.051938414573669434,-0.18726807832717896,-0.004992127418518066,-0.17914724349975586,-0.0711289644241333,-0.21367156505584717,-0.08196145296096802,-0.29826563596725464,-0.08822751045227051,-0.25782305002212524,-0.07834339141845703,-0.20344215631484985,-0.035249173641204834,-0.2238389253616333,-0.03692370653152466,-0.32131245732307434,-0.05192971229553223,-0.27516692876815796,-0.04717400670051575,-0.22369641065597534,0.0003733634948730469,-0.2205764651298523,-0.0005895495414733887,-0.30830347537994385,-0.01702350378036499,-0.2626134157180786,-0.012215256690979004,-0.2150743007659912,0.03636181354522705,-0.2081509828567505,0.03158801794052124,-0.27709925174713135,0.013731777667999268,-0.2561163306236267,0.014521479606628418,-0.22231489419937134
0.0,0.0,-0.05627414584159851,-0.0413321852684021,-0.08416897058486938,-0.1346307396888733,-0.05347636342048645,-0.18920302391052246,-0.006782114505767822,-0.18227499723434448,-0.07025226950645447,-0.21524131298065186,-0.0807114839553833,-0.3007466197013855,-0.08815860748291016,-0.262029767036438,-0.07850691676139832,-0.20725685358047485,-0.03447800874710083,-0.22548609972000122,-0.0349544882774353,-0.32407432794570923,-0.051221638917922974,-0.27964216470718384,-0.0469663143157959,-0.2265058159828186,0.0009447336196899414,-0.22216510772705078,0.0012082457542419434,-0.31249451637268066,-0.01652747392654419,-0.26994985342025757,-0.012092053890228271,-0.2211931347846985,0.036646127700805664,-0.20912224054336548,0.03323006629943848,-0.28032582998275757,0.014007270336151123,-0.2620430588722229,0.013566017150878906,-0.22654682397842407
0.0,0.0,-0.058937788009643555,-0.04288822412490845,-0.08587309718132019,-0.13780593872070312,-0.0544816255569458,-0.19046038389205933,-0.008094608783721924,-0.18450027704238892,-0.07103380560874939,-0.2187017798423767,-0.08007949590682983,-0.3046732246875763,-0.08826038241386414,-0.2668743133544922,-0.07888197898864746,-0.21211808919906616,-0.03502070903778076,-0.22978591918945312,-0.034136056900024414,-0.3306279182434082,-0.05216479301452637,-0.29006773233413696,-0.049137502908706665,-0.23711001873016357,0.00030535459518432617,-0.22659605741500854,0.0030193328857421875,-0.31850600242614746,-0.016990184783935547,-0.28268760442733765,-0.014333188533782959,-0.23565953969955444,0.0358964204788208,-0.21295642852783203,0.03400063514709473,-0.28348928689956665,0.013395607471466064,-0.2697175145149231,0.011123597621917725,-0.23597359657287598
0.0,0.0,-0.05699729919433594,-0.04184490442276001,-0.08453205227851868,-0.13432186841964722,-0.0539185106754303,-0.18822693824768066,-0.007920384407043457,-0.1855267882347107,-0.06908905506134033,-0.2187650203704834,-0.07893306016921997,-0.3052801489830017,-0.08719044923782349,-0.2659452557563782,-0.07818818092346191,-0.20920288562774658,-0.033008456230163574,-0.2298600673675537,-0.03332483768463135,-0.33139657974243164,-0.05182167887687683,-0.29101622104644775,-0.049477845430374146,-0.23686695098876953,0.0021721720695495605,-0.22692763805389404,0.004600107669830322,-0.3226764500141144,-0.016423046588897705,-0.2868801951408386,-0.01503664255142212,-0.23790377378463745,0.03714841604232788,-0.21257835626602173,0.034852445125579834,-0.28524118661880493,0.013879179954528809,-0.270627498626709,0.011064589023590088,-0.23450922966003418
0.0,0.0,-0.05741757154464722,-0.043613553047180176,-0.08573174476623535,-0.13801991939544678,-0.0554022490978241,-0.1925421953201294,-0.007171511650085449,-0.18504780530929565,-0.07073214650154114,-0.2223142385482788,-0.08035370707511902,-0.3093101978302002,-0.0883621871471405,-0.2702954411506653,-0.07933270931243896,-0.2146073579788208,-0.033841729164123535,-0.23328346014022827,-0.033743858337402344,-0.335488498210907,-0.05172854661941528,-0.296256422996521,-0.04931327700614929,-0.24342727661132812,0.0014319419860839844,-0.2291862964630127,0.004156529903411865,-0.3239591717720032,-0.01568138599395752,-0.2890170216560364,-0.013748764991760254,-0.24122387170791626,0.03731292486190796,-0.21390116214752197,0.0360148549079895,-0.28553110361099243,0.015976667404174805,-0.27354949712753296,0.013288378715515137,-0.2403443455696106
0.0,0.0,-0.05774050951004028,-0.0441855788230896,-0.08515211939811707,-0.13659262657165527,-0.05410653352737427,-0.1921507716178894,-0.0063874125480651855,-0.18449300527572632,-0.07112950086593628,-0.22178685665130615,-0.08032399415969849,-0.30861902236938477,-0.08669149875640869,-0.2700309157371521,-0.07744050025939941,-0.21462810039520264,-0.033444225788116455,-0.2338380217552185,-0.032928645610809326,-0.3355199694633484,-0.04919502139091492,-0.2958627939224243,-0.046777695417404175,-0.2438170313835144,0.0021662116050720215,-0.23004722595214844,0.004681706428527832,-0.3227875828742981,-0.01412743330001831,-0.287034809589386,-0.012076616287231445,-0.23947983980178833,0.03840714693069458,-0.2143622636795044,0.03555256128311157,-0.285383939743042,0.0170743465423584,-0.27085644006729126,0.01582801342010498,-0.23577964305877686
0.0,0.0,-0.05879846215248108,-0.04321390390396118,-0.08628857135772705,-0.13765037059783936,-0.05441689491271973,-0.19342058897018433,-0.00628894567489624,-0.186909019947052,-0.06999015808105469,-0.22189462184906006,-0.08015698194503784,-0.30906128883361816,-0.08862942457199097,-0.26972198486328125,-0.07960081100463867,-0.21236538887023926,-0.033101439476013184,-0.23258459568023682,-0.033414244651794434,-0.33409643173217773,-0.05286175012588501,-0.29543888568878174,-0.05102333426475525,-0.24192577600479126,0.0021185874938964844,-0.2285933494567871,0.005667924880981445,-0.3239631652832031,-0.01663517951965332,-0.29102659225463867,-0.016547322273254395,-0.24262398481369019,0.03699374198913574,-0.21373099088668823,0.03604763746261597,-0.2871072292327881,0.013976216316223145,-0.27724218368530273,0.009195029735565186,-0.24348706007003784
0.0,0.0,-0.05738896131515503,-0.04038578271865845,-0.08636096119880676,-0.13178002834320068,-0.05519649386405945,-0.18871837854385376,-0.007132232189178467,-0.1878267526626587,-0.07214519381523132,-0.22018450498580933,-0.08219695091247559,-0.31043535470962524,-0.08892208337783813,-0.2710344195365906,-0.07940104603767395,-0.21340042352676392,-0.03506952524185181,-0.2324720025062561,-0.03526860475540161,-0.33535778522491455,-0.05166938900947571,-0.29167038202285767,-0.049214184284210205,-0.23817771673202515,0.0005189180374145508,-0.22957301139831543,0.002865016460418701,-0.3269871473312378,-0.015628933906555176,-0.28737038373947144,-0.013279616832733154,-0.23777806758880615,0.03589498996734619,-0.21448540687561035,0.03227156400680542,-0.28717702627182007,0.013818442821502686,-0.2688201069831848,0.013707756996154785,-0.23123186826705933
0.0,0.0,-0.0581284761428833,-0.044010043144226074,-0.08645164966583252,-0.12979555130004883,-0.05632743239402771,-0.1875549554824829,-0.009831130504608154,-0.1890869140625,-0.07069623470306396,-0.2205548882484436,-0.0817880928516388,-0.3110782504081726,-0.08796843886375427,-0.26880669593811035,-0.07810986042022705,-0.21152371168136597,-0.03352344036102295,-0.23162919282913208,-0.03513491153717041,-0.33281973004341125,-0.049867331981658936,-0.28327590227127075,-0.04628607630729675,-0.23284345865249634,0.0015617012977600098,-0.22823357582092285,0.0028835535049438477,-0.3228491544723511,-0.01430368423461914,-0.2783571481704712,-0.010248363018035889,-0.23022949695587158,0.03764909505844116,-0.21188288927078247,0.032570600509643555,-0.28467100858688354,0.014905989170074463,-0.2612660527229309,0.016426265239715576,-0.22301781177520752
0.0,0.0,-0.0589900016784668,-0.04330146312713623,-0.08755907416343689,-0.1297861933708191,-0.05737733840942383,-0.18698829412460327,-0.010870099067687988,-0.1888560652732849,-0.07083287835121155,-0.22069710493087769,-0.08146536350250244,-0.3102283477783203,-0.08838832378387451,-0.2709345817565918,-0.07852262258529663,-0.21384501457214355,-0.03315168619155884,-0.23234468698501587,-0.03419911861419678,-0.33284884691238403,-0.05018883943557739,-0.286498486995697,-0.04740568995475769,-0.23486459255218506,0.0021520256996154785,-0.22900879383087158,0.004233896732330322,-0.3244325518608093,-0.014384567737579346,-0.28425222635269165,-0.011658310890197754,-0.23523682355880737,0.03781759738922119,-0.21240496635437012,0.03374218940734863,-0.2857933044433594,0.015447258949279785,-0.2669256925582886,0.015398919582366943,-0.22884756326675415
0.0,0.0,-0.059713900089263916,-0.044814229011535645,-0.08609691262245178,-0.13005417585372925,-0.05823630094528198,-0.18694913387298584,-0.012506544589996338,-0.18944436311721802,-0.07026654481887817,-0.22319340705871582,-0.07910287380218506,-0.3111506700515747,-0.08656194806098938,-0.2744486331939697,-0.07699412107467651,-0.2163446545600891,-0.03236269950866699,-0.235254168510437,-0.030556559562683105,-0.33693408966064453,-0.04875257611274719,-0.29480916261672974,-0.04678747057914734,-0.24144333600997925,0.002223491668701172,-0.2316274642944336,0.0064258575439453125,-0.3255695104598999,-0.0137062668800354,-0.28675830364227295,-0.010220110416412354,-0.2373979687690735,0.03886228799819946,-0.21509116888046265,0.0353626012802124,-0.2857207655906677,0.01644986867904663,-0.26631081104278564,0.016708076000213623,-0.22713595628738403
0.0,0.0,-0.05740511417388916,-0.041983723640441895,-0.08711704611778259,-0.13320457935333252,-0.05721375346183777,-0.19023281335830688,-0.008878827095031738,-0.18926912546157837,-0.07029485702514648,-0.2234540581703186,-0.0792081356048584,-0.3158641457557678,-0.08775651454925537,-0.2748650312423706,-0.07859599590301514,-0.21674948930740356,-0.03274524211883545,-0.23424726724624634,-0.032704174518585205,-0.338550329208374,-0.05075162649154663,-0.29443907737731934,-0.0483207106590271,-0.23942887783050537,0.0026844143867492676,-0.23037183284759521,0.005428791046142578,-0.3299897313117981,-0.015119850635528564,-0.2929380536079407,-0.01314687728881836,-0.24252086877822876,0.03847533464431763,-0.21441227197647095,0.03550374507904053,-0.2885702848434448,0.015476822853088379,-0.2729848027229309,0.013891935348510742,-0.23478639125823975
0.0,0.0,-0.059614092111587524,-0.04555249214172363,-0.08626708388328552,-0.1314423680305481,-0.05755007266998291,-0.18701165914535522,-0.01215672492980957,-0.19103533029556274,-0.06915521621704102,-0.22305691242218018,-0.07713454961776733,-0.31298011541366577,-0.08512288331985474,-0.2758718729019165,-0.07675120234489441,-0.21866613626480103,-0.03168678283691406,-0.23462378978729248,-0.030330419540405273,-0.3369252681732178,-0.04867163300514221,-0.2956397533416748,-0.04685184359550476,-0.24142813682556152,0.0028049349784851074,-0.23108124732971191,0.0072640180587768555,-0.32683664560317993,-0.013971269130706787,-0.29187989234924316,-0.011604726314544678,-0.24168741703033447,0.03845202922821045,-0.21453142166137695,0.03648781776428223,-0.28817999362945557,0.0158461332321167,-0.27322161197662354,0.014020681381225586,-0.23341864347457886
0.0,0.0,-0.06039232015609741,-0.046573638916015625,-0.08774074912071228,-0.1296929121017456,-0.059647977352142334,-0.18730473518371582,-0.01440894603729248,-0.19276118278503418,-0.07167750597000122,-0.22142940759658813,-0.0813508927822113,-0.31174027919769287,-0.08844491839408875,-0.27667713165283203,-0.07987633347511292,-0.21841847896575928,-0.034404098987579346,-0.234577476978302,-0.03427469730377197,-0.3371087908744812,-0.05071830749511719,-0.29704052209854126,-0.04907935857772827,-0.24426662921905518,-0.0004215240478515625,-0.23180139064788818,0.003486931324005127,-0.32636457681655884,-0.015579819679260254,-0.2912493348121643,-0.012881100177764893,-0.24213677644729614,0.0357975959777832,-0.21440047025680542,0.032574594020843506,-0.28679466247558594,0.01382434368133545,-0.2702292799949646,0.012910962104797363,-0.23013418912887573
0.0,0.0,-0.05878487229347229,-0.04435080289840698,-0.08661383390426636,-0.12666070461273193,-0.05933624505996704,-0.18298745155334473,-0.014575481414794922,-0.19103401899337769,-0.07341587543487549,-0.22259306907653809,-0.0817321240901947,-0.3120983839035034,-0.08953583240509033,-0.2751486301422119,-0.08064326643943787,-0.21785718202590942,-0.0356023907661438,-0.23428654670715332,-0.03415709733963013,-0.3362908363342285,-0.05188828706741333,-0.2916497588157654,-0.05076536536216736,-0.2387440800666809,-0.0006733536720275879,-0.23128283023834229,0.0033777952194213867,-0.3263304531574249,-0.016911625862121582,-0.2877200245857239,-0.014903664588928223,-0.2381696105003357,0.035794615745544434,-0.2147628664970398,0.03253549337387085,-0.2874646782875061,0.013370275497436523,-0.2695433497428894,0.012299656867980957,-0.23123538494110107
0.0,0.0,-0.05695858597755432,-0.04167616367340088,-0.08771973848342896,-0.12680894136428833,-0.059927165508270264,-0.18267673254013062,-0.012137770652770996,-0.1877724528312683,-0.07205462455749512,-0.2218226194381714,-0.08065849542617798,-0.31247013807296753,-0.08844456076622009,-0.2717512249946594,-0.07928532361984253,-0.21429699659347534,-0.03417074680328369,-0.23301535844802856,-0.03347283601760864,-0.3377569615840912,-0.051227450370788574,-0.29406052827835083,-0.04956936836242676,-0.24021178483963013,0.0011532902717590332,-0.2295435070991516,0.004189014434814453,-0.3253653645515442,-0.015425443649291992,-0.2868790626525879,-0.013206660747528076,-0.23759210109710693,0.03700053691864014,-0.21333110332489014,0.034009456634521484,-0.2854374647140503,0.015136480331420898,-0.2697805166244507,0.01415175199508667,-0.233789324760437
0.0,0.0,-0.057504236698150635,-0.04099273681640625,-0.08830574154853821,-0.12935113906860352,-0.05939626693725586,-0.18465769290924072,-0.01206737756729126,-0.18699002265930176,-0.07275047898292542,-0.2210754156112671,-0.08228105306625366,-0.3093153238296509,-0.09032133221626282,-0.26933789253234863,-0.08082139492034912,-0.2109529972076416,-0.03565901517868042,-0.2330370545387268,-0.03636544942855835,-0.3351868987083435,-0.053730785846710205,-0.2898872494697571,-0.05069303512573242,-0.2358279824256897,0.00030303001403808594,-0.2301691174507141,0.000315248966217041,-0.32107439637184143,-0.01731085777282715,-0.27703988552093506,-0.012770414352416992,-0.22776436805725098,0.03658246994018555,-0.21528244018554688,0.030916690826416016,-0.28406989574432373,0.01378244161605835,-0.2625581622123718,0.015842020511627197,-0.22600984573364258
0.0,0.0,-0.05783846974372864,-0.038885653018951416,-0.08983084559440613,-0.1255742907524109,-0.0610022246837616,-0.18290090560913086,-0.013553440570831299,-0.18964743614196777,-0.07422763109207153,-0.2207300066947937,-0.08471319079399109,-0.31188249588012695,-0.0910865068435669,-0.2725997567176819,-0.0800180733203888,-0.21549153327941895,-0.03616178035736084,-0.23290866613388062,-0.036068856716156006,-0.33626222610473633,-0.05227354168891907,-0.2894814610481262,-0.04894226789474487,-0.2338193655014038,0.0002664327621459961,-0.23001629114151,0.0012570619583129883,-0.3274572193622589,-0.016878366470336914,-0.28432154655456543,-0.012981116771697998,-0.23309701681137085,0.03680545091629028,-0.21447163820266724,0.0315132737159729,-0.28696638345718384,0.013701200485229492,-0.26561951637268066,0.015080749988555908,-0.22616833448410034
0.0,0.0,-0.05719935894012451,-0.039989352226257324,-0.0886160135269165,-0.12744224071502686,-0.058647602796554565,-0.18296325206756592,-0.010061085224151611,-0.18566745519638062,-0.07247364521026611,-0.22210633754730225,-0.08110108971595764,-0.3130311369895935,-0.08885425329208374,-0.2720845341682434,-0.079334557056427,-0.21446704864501953,-0.03437447547912598,-0.23287129402160645,-0.033716022968292236,-0.3361356258392334,-0.05109182000160217,-0.28906118869781494,-0.04849034547805786,-0.23455852270126343,0.001714944839477539,-0.22902822494506836,0.003749847412109375,-0.32518208026885986,-0.015429437160491943,-0.2824440598487854,-0.0125352144241333,-0.23253017663955688,0.03804498910903931,-0.21305495500564575,0.0341871976852417,-0.28540974855422974,0.015298843383789062,-0.265455961227417,0.015170454978942871,-0.22823816537857056
0.0,0.0,-0.05752378702163696,-0.0422549843788147,-0.08864635229110718,-0.12210279703140259,-0.06261253356933594,-0.1778995394706726,-0.016795873641967773,-0.1866043210029602,-0.07194417715072632,-0.21923571825027466,-0.0825071930885315,-0.3074856400489807,-0.09012061357498169,-0.26623106002807617,-0.08015960454940796,-0.20902681350708008,-0.0347142219543457,-0.23049867153167725,-0.03535515069961548,-0.3317844867706299,-0.052632808685302734,-0.28504568338394165,-0.04983443021774292,-0.23246920108795166,0.0002474784851074219,-0.22748041152954102,0.002047240734100342,-0.322083055973053,-0.01761871576309204,-0.2805746793746948,-0.014936983585357666,-0.2315424680709839,0.035985708236694336,-0.21107035875320435,0.033020615577697754,-0.28500908613204956,0.012842237949371338,-0.26730096340179443,0.010720431804656982,-0.23016607761383057
0.0,0.0,-0.05736452341079712,-0.042221128940582275,-0.08737507462501526,-0.1236984133720398,-0.058741480112075806,-0.17728698253631592,-0.013408899307250977,-0.18569189310073853,-0.07401850819587708,-0.21715128421783447,-0.08363717794418335,-0.3032612204551697,-0.08886361122131348,-0.2643347382545471,-0.07889530062675476,-0.2084788680076599,-0.036991119384765625,-0.2287367582321167,-0.037429988384246826,-0.3275546431541443,-0.05209439992904663,-0.2836126685142517,-0.04960852861404419,-0.23157954216003418,-0.0014266371726989746,-0.22570359706878662,-0.000574946403503418,-0.31474342942237854,-0.016625285148620605,-0.27134042978286743,-0.012992262840270996,-0.2224683165550232,0.034926414489746094,-0.20948553085327148,0.030750274658203125,-0.28049910068511963,0.014151334762573242,-0.2584455609321594,0.014196574687957764,-0.22031593322753906
0.0,0.0,-0.05635637044906616,-0.04457712173461914,-0.08596435189247131,-0.12851357460021973,-0.05673319101333618,-0.18005836009979248,-0.012584030628204346,-0.18490874767303467,-0.07521197199821472,-0.219030499458313,-0.08626824617385864,-0.30201613903045654,-0.08976683020591736,-0.2577674984931946,-0.07841348648071289,-0.2042902708053589,-0.03864729404449463,-0.23034965991973877,-0.04005599021911621,-0.32369184494018555,-0.05140411853790283,-0.2687109708786011,-0.04545581340789795,-0.22052961587905884,-0.0024923086166381836,-0.2271825671195984,-0.005024373531341553,-0.3039664328098297,-0.016521871089935303,-0.24518734216690063,-0.008658289909362793,-0.2007177472114563,0.034985363483428955,-0.21158963441848755,0.026808202266693115,-0.2744629979133606,0.01304936408996582,-0.2383662462234497,0.01812756061553955,-0.20285969972610474
0.0,0.0,-0.05342775583267212,-0.0402756929397583,-0.08529418706893921,-0.12042039632797241,-0.05888146162033081,-0.17476874589920044,-0.014052808284759521,-0.182306170463562,-0.07538077235221863,-0.21289068460464478,-0.08712911605834961,-0.29772982001304626,-0.08843481540679932,-0.2542527914047241,-0.07726022601127625,-0.2019825577735901,-0.03854745626449585,-0.2251185178756714,-0.041950762271881104,-0.32051771879196167,-0.05039560794830322,-0.2669004201889038,-0.044811248779296875,-0.21946310997009277,-0.0025690793991088867,-0.22235018014907837,-0.005714714527130127,-0.30368900299072266,-0.015748918056488037,-0.2471345067024231,-0.009622633457183838,-0.2019931674003601,0.034760236740112305,-0.20690369606018066,0.027038216590881348,-0.2720128893852234,0.014845788478851318,-0.2397172451019287,0.018837273120880127,-0.20519554615020752
0.0,0.0,-0.05501997470855713,-0.041506946086883545,-0.08527350425720215,-0.12259882688522339,-0.05773782730102539,-0.17473459243774414,-0.014261424541473389,-0.18277502059936523,-0.07642677426338196,-0.21253657341003418,-0.08858835697174072,-0.29766711592674255,-0.08974173665046692,-0.25385618209838867,-0.07796525955200195,-0.2001846432685852,-0.0391232967376709,-0.22392189502716064,-0.04369711875915527,-0.31748688220977783,-0.05130964517593384,-0.26055145263671875,-0.044927895069122314,-0.21089905500411987,-0.0030400753021240234,-0.22169041633605957,-0.005460381507873535,-0.3066568970680237,-0.016560614109039307,-0.2521122097969055,-0.010832607746124268,-0.20467430353164673,0.03432631492614746,-0.20735257863998413,0.025718986988067627,-0.2719106078147888,0.013066649436950684,-0.24317049980163574,0.016709327697753906,-0.20844924449920654
0.0,0.0,-0.05376547574996948,-0.039476871490478516,-0.08401930332183838,-0.12302416563034058,-0.055297791957855225,-0.17625099420547485,-0.010475754737854004,-0.18157678842544556,-0.07678836584091187,-0.21116143465042114,-0.08722338080406189,-0.2958008050918579,-0.0886889398097992,-0.25255846977233887,-0.07728976011276245,-0.19877445697784424,-0.03916889429092407,-0.22294831275939941,-0.04241865873336792,-0.3165336847305298,-0.050136446952819824,-0.26111429929733276,-0.04355812072753906,-0.21051985025405884,-0.002611994743347168,-0.22063487768173218,-0.004693508148193359,-0.30550843477249146,-0.01571023464202881,-0.2516569495201111,-0.010168492794036865,-0.20431262254714966,0.03476369380950928,-0.2065826654434204,0.025517284870147705,-0.2690618634223938,0.01323932409286499,-0.2399371862411499,0.017422020435333252,-0.2059972882270813
0.0,0.0,-0.05584251880645752,-0.041439950466156006,-0.08753973245620728,-0.12332278490066528,-0.05832338333129883,-0.17602330446243286,-0.012860894203186035,-0.18484610319137573,-0.07769709825515747,-0.2151505947113037,-0.09014540910720825,-0.3009580969810486,-0.09061557054519653,-0.2567950487136841,-0.07872766256332397,-0.20312237739562988,-0.040222227573394775,-0.22733503580093384,-0.04425841569900513,-0.3219694197177887,-0.052355408668518066,-0.26534491777420044,-0.04672563076019287,-0.21355026960372925,-0.0035886168479919434,-0.22506409883499146,-0.007577002048492432,-0.3064434230327606,-0.01754438877105713,-0.2490289807319641,-0.01154714822769165,-0.2008458971977234,0.03414618968963623,-0.2104923129081726,0.024568378925323486,-0.2761160731315613,0.012236595153808594,-0.24364441633224487,0.01614093780517578,-0.2063104510307312
0.0,0.0,-0.05638939142227173,-0.04130840301513672,-0.0882267951965332,-0.12533211708068848,-0.05909109115600586,-0.1804479956626892,-0.012567400932312012,-0.18744134902954102,-0.07738646864891052,-0.2189716100692749,-0.08991995453834534,-0.3083787262439728,-0.09300768375396729,-0.26358771324157715,-0.08150610327720642,-0.20806270837783813,-0.0397343635559082,-0.23041009902954102,-0.04306793212890625,-0.3294185400009155,-0.05457228422164917,-0.2739156484603882,-0.04939591884613037,-0.2211287021636963,-0.0028811097145080566,-0.22755002975463867,-0.005581021308898926,-0.31449565291404724,-0.01894909143447876,-0.2598167061805725,-0.013569831848144531,-0.21035003662109375,0.0341343879699707,-0.21236467361450195,0.02693420648574829,-0.2831098437309265,0.011021256446838379,-0.25393587350845337,0.01323610544204712,-0.21491390466690063
0.0,0.0,-0.05785989761352539,-0.04040032625198364,-0.08934500813484192,-0.12164580821990967,-0.060229718685150146,-0.17785274982452393,-0.013141930103302002,-0.1887960433959961,-0.07701084017753601,-0.2185969352722168,-0.08963346481323242,-0.3074191212654114,-0.09164249897003174,-0.26679396629333496,-0.07962110638618469,-0.21109431982040405,-0.03901582956314087,-0.23134857416152954,-0.04227745532989502,-0.329921156167984,-0.05283010005950928,-0.2791528105735779,-0.04818999767303467,-0.2265244722366333,-0.0023652315139770508,-0.22938966751098633,-0.004645407199859619,-0.31619763374328613,-0.017778098583221436,-0.2664567828178406,-0.012676060199737549,-0.21619892120361328,0.03502696752548218,-0.21444058418273926,0.02823328971862793,-0.28527647256851196,0.013536930084228516,-0.25954657793045044,0.015724122524261475,-0.21965980529785156
