0.0,0.0,-0.040756046772003174,-0.01279592514038086,-0.08634614944458008,-0.028314650058746338,-0.11067759990692139,-0.013300478458404541,-0.11533820629119873,0.012298882007598877,-0.07992637157440186,-0.14713674783706665,-0.09975692629814148,-0.10623979568481445,-0.1005452573299408,-0.031303465366363525,-0.09716162085533142,0.032018959522247314,-0.038654446601867676,-0.16146612167358398,-0.06834322214126587,-0.23497354984283447,-0.09508982300758362,-0.2919256091117859,-0.11259496212005615,-0.34005165100097656,0.0070306360721588135,-0.14736568927764893,0.030165433883666992,-0.232887864112854,0.04429882764816284,-0.2937643527984619,0.059211671352386475,-0.3478580713272095,0.05049103498458862,-0.11400020122528076,0.09327417612075806,-0.16628921031951904,0.12155371904373169,-0.203751802444458,0.14777898788452148,-0.245344340801239
0.0,0.0,-0.04926404356956482,-0.013003349304199219,-0.09418874979019165,-0.045938849449157715,-0.1280321180820465,-0.0781131386756897,-0.13566863536834717,-0.11965465545654297,-0.0809154212474823,-0.17532235383987427,-0.11994031071662903,-0.21092116832733154,-0.1376669704914093,-0.18400084972381592,-0.1378558874130249,-0.15085524320602417,-0.0504993200302124,-0.20996558666229248,-0.07726189494132996,-0.30104905366897583,-0.09453338384628296,-0.3585119843482971,-0.10810840129852295,-0.4136136770248413,-0.013496041297912598,-0.21388763189315796,0.0012269914150238037,-0.29738616943359375,0.013170808553695679,-0.34790053963661194,0.0195293128490448,-0.3951037526130676,0.023036658763885498,-0.1891809105873108,0.05520358681678772,-0.24591654539108276,0.07720467448234558,-0.2831341028213501,0.09503576159477234,-0.3205152750015259
0.0,0.0,-0.04748952388763428,-0.01280200481414795,-0.09216070175170898,-0.05116379261016846,-0.12318944931030273,-0.08454811573028564,-0.12696397304534912,-0.12508553266525269,-0.07909181714057922,-0.17881125211715698,-0.11566436290740967,-0.21678030490875244,-0.12933528423309326,-0.1877821683883667,-0.12670117616653442,-0.1528298258781433,-0.046168774366378784,-0.21263790130615234,-0.067454993724823,-0.30557239055633545,-0.07824313640594482,-0.3638322949409485,-0.08649846911430359,-0.4197063744068146,-0.00852590799331665,-0.2155054807662964,0.00908815860748291,-0.298648476600647,0.02365189790725708,-0.3495649993419647,0.031354427337646484,-0.39716607332229614,0.027179360389709473,-0.19003719091415405,0.05944555997848511,-0.2487230896949768,0.08339476585388184,-0.28579282760620117,0.10293245315551758,-0.3223947286605835
0.0,0.0,-0.04779595136642456,-0.012111544609069824,-0.09319385886192322,-0.050580620765686035,-0.12379705905914307,-0.08496963977813721,-0.12613174319267273,-0.12730175256729126,-0.08131971955299377,-0.1768791675567627,-0.1153920590877533,-0.21802502870559692,-0.12971657514572144,-0.19211500883102417,-0.12823039293289185,-0.1571265459060669,-0.04679429531097412,-0.20980292558670044,-0.05941608548164368,-0.3051896393299103,-0.06393402814865112,-0.3638252019882202,-0.06574881076812744,-0.41875365376472473,-0.009175509214401245,-0.21297144889831543,0.009385019540786743,-0.29636865854263306,0.023828744888305664,-0.3471662402153015,0.03231492638587952,-0.39456605911254883,0.026148349046707153,-0.1896091103553772,0.057643741369247437,-0.2464931607246399,0.08145138621330261,-0.2841110825538635,0.10134807229042053,-0.32115358114242554
0.0,0.0,-0.04772624373435974,-0.010888755321502686,-0.09521842002868652,-0.04525148868560791,-0.12590816617012024,-0.08411562442779541,-0.12058180570602417,-0.1288062334060669,-0.08135047554969788,-0.1737486720085144,-0.1116642951965332,-0.21381479501724243,-0.12582483887672424,-0.19223302602767944,-0.12566012144088745,-0.16285496950149536,-0.048102110624313354,-0.20692062377929688,-0.06145390868186951,-0.2999405860900879,-0.06808921694755554,-0.3569963574409485,-0.07116612792015076,-0.41090089082717896,-0.010962963104248047,-0.2102237343788147,0.005976289510726929,-0.2909000515937805,0.02000218629837036,-0.3397439122200012,0.028449833393096924,-0.38526952266693115,0.0254095196723938,-0.18713778257369995,0.05598330497741699,-0.24323216080665588,0.07919299602508545,-0.27890545129776,0.09803128242492676,-0.3140134811401367
0.0,0.0,-0.04641655087471008,-0.010949194431304932,-0.0921766459941864,-0.0455288290977478,-0.11863633990287781,-0.0838591456413269,-0.11734089255332947,-0.12910795211791992,-0.08118152618408203,-0.1696881651878357,-0.11018642783164978,-0.21072405576705933,-0.1221570074558258,-0.1944686770439148,-0.12122556567192078,-0.16705608367919922,-0.04813051223754883,-0.2017539143562317,-0.06253582239151001,-0.29559633135795593,-0.06796574592590332,-0.3528897166252136,-0.07044625282287598,-0.4053642153739929,-0.011380523443222046,-0.20580005645751953,0.002306342124938965,-0.28386223316192627,0.015913277864456177,-0.3331822156906128,0.024130672216415405,-0.3780595064163208,0.0249805748462677,-0.18500763177871704,0.05284842848777771,-0.2413533627986908,0.07535681128501892,-0.27806416153907776,0.0938500463962555,-0.31298959255218506
0.0,0.0,-0.04770258069038391,-0.010539710521697998,-0.09403923153877258,-0.04467850923538208,-0.1220797598361969,-0.08250802755355835,-0.12179943919181824,-0.12913626432418823,-0.08611935377120972,-0.16643130779266357,-0.1139315664768219,-0.20604878664016724,-0.11957481503486633,-0.1843896508216858,-0.11334466934204102,-0.1561216115951538,-0.050415992736816406,-0.20000815391540527,-0.0594310462474823,-0.29033154249191284,-0.05972298979759216,-0.3452187776565552,-0.05783006548881531,-0.39585596323013306,-0.012514561414718628,-0.2049950361251831,0.0007907748222351074,-0.2818746566772461,0.012882918119430542,-0.32980239391326904,0.020149827003479004,-0.37353819608688354,0.024629652500152588,-0.18568569421768188,0.05035668611526489,-0.24238938093185425,0.0713014006614685,-0.2780613899230957,0.08859193325042725,-0.3118235170841217
0.0,0.0,-0.04648113250732422,-0.01074904203414917,-0.09303823113441467,-0.04670494794845581,-0.12111803889274597,-0.08875298500061035,-0.11649742722511292,-0.13887453079223633,-0.08426475524902344,-0.16719669103622437,-0.11056670546531677,-0.2104547917842865,-0.11401882767677307,-0.18601560592651367,-0.10729041695594788,-0.1561451554298401,-0.04865953326225281,-0.19982534646987915,-0.056997328996658325,-0.28946495056152344,-0.058180272579193115,-0.34299176931381226,-0.05778801441192627,-0.3934576213359833,-0.01121300458908081,-0.20442399382591248,0.0016542375087738037,-0.2815798819065094,0.012888491153717041,-0.3293895721435547,0.019318491220474243,-0.37369590997695923,0.025561541318893433,-0.1855565309524536,0.05137553811073303,-0.2409287989139557,0.07232579588890076,-0.2759126126766205,0.08920899033546448,-0.3100646138191223
0.0,0.0,-0.047422438859939575,-0.012387275695800781,-0.09488555788993835,-0.04961824417114258,-0.12291833758354187,-0.0943799614906311,-0.1159220039844513,-0.14597100019454956,-0.08490687608718872,-0.1682356595993042,-0.11038511991500854,-0.2158278226852417,-0.11303380131721497,-0.19690412282943726,-0.10455602407455444,-0.16779077053070068,-0.04861655831336975,-0.199804425239563,-0.05565670132637024,-0.2910940647125244,-0.055625736713409424,-0.3458579182624817,-0.05405479669570923,-0.3965453505516052,-0.01105797290802002,-0.2036769986152649,0.001911550760269165,-0.28223156929016113,0.013024300336837769,-0.3309771418571472,0.019753485918045044,-0.3752240538597107,0.02601352334022522,-0.18445658683776855,0.05193015933036804,-0.24091506004333496,0.07325533032417297,-0.276660293340683,0.09098818898200989,-0.31127405166625977
0.0,0.0,-0.04929366707801819,-0.014116883277893066,-0.09744098782539368,-0.05357539653778076,-0.12382543087005615,-0.10054206848144531,-0.11098635196685791,-0.15230512619018555,-0.08480134606361389,-0.172429621219635,-0.10939949750900269,-0.2214832305908203,-0.10843616724014282,-0.19509518146514893,-0.09786009788513184,-0.16199266910552979,-0.047361940145492554,-0.2026175558567047,-0.053346097469329834,-0.29173940420150757,-0.05206212401390076,-0.3448665142059326,-0.04968053102493286,-0.39396870136260986,-0.009455054998397827,-0.20484468340873718,0.004302769899368286,-0.2813389003276825,0.015546619892120361,-0.3290201723575592,0.022225499153137207,-0.372860312461853,0.027345716953277588,-0.18449735641479492,0.05422651767730713,-0.2391606569290161,0.07580751180648804,-0.273706316947937,0.09350264072418213,-0.3075715899467468
0.0,0.0,-0.04903048276901245,-0.012566566467285156,-0.09736809134483337,-0.05276280641555786,-0.12420535087585449,-0.09974068403244019,-0.11111286282539368,-0.15220856666564941,-0.08560377359390259,-0.17189443111419678,-0.10953232645988464,-0.22192317247390747,-0.106891930103302,-0.19364619255065918,-0.0953226089477539,-0.16101360321044922,-0.04788610339164734,-0.20238959789276123,-0.053821682929992676,-0.2916504144668579,-0.051962584257125854,-0.34573644399642944,-0.04917341470718384,-0.39645087718963623,-0.009853839874267578,-0.20474773645401,0.00331723690032959,-0.28132951259613037,0.014959216117858887,-0.3295302093029022,0.022190570831298828,-0.37417683005332947,0.02709949016571045,-0.1848459243774414,0.052895963191986084,-0.24073657393455505,0.07444798946380615,-0.27578216791152954,0.0924028754234314,-0.30981165170669556
0.0,0.0,-0.04990515112876892,-0.012253522872924805,-0.09934353828430176,-0.053117573261260986,-0.1267019510269165,-0.10136562585830688,-0.11143144965171814,-0.1542266607284546,-0.08624547719955444,-0.17305701971054077,-0.1097947359085083,-0.22410094738006592,-0.10726514458656311,-0.19591325521469116,-0.09615802764892578,-0.16363400220870972,-0.048213183879852295,-0.20341014862060547,-0.054552942514419556,-0.29278966784477234,-0.05302661657333374,-0.346736341714859,-0.05031925439834595,-0.39767664670944214,-0.01026204228401184,-0.20545578002929688,0.0020877718925476074,-0.28166455030441284,0.013589203357696533,-0.3296867311000824,0.021023273468017578,-0.37437161803245544,0.027038872241973877,-0.18565446138381958,0.05186945199966431,-0.24107640981674194,0.07307356595993042,-0.2761804461479187,0.0908692479133606,-0.3105827569961548
0.0,0.0,-0.050301194190979004,-0.013445854187011719,-0.09983247518539429,-0.055447280406951904,-0.12738218903541565,-0.10513222217559814,-0.11106079816818237,-0.1579180359840393,-0.08478230237960815,-0.17463183403015137,-0.10793989896774292,-0.22609561681747437,-0.10776358842849731,-0.19807010889053345,-0.09837433695793152,-0.16418570280075073,-0.04677221179008484,-0.20498967170715332,-0.051590293645858765,-0.2954866290092468,-0.04912087321281433,-0.3489234149456024,-0.04495701193809509,-0.39877012372016907,-0.009031563997268677,-0.20636320114135742,0.004901468753814697,-0.2835966944694519,0.0168420672416687,-0.3318978548049927,0.024532079696655273,-0.3764829635620117,0.027507901191711426,-0.18568485975265503,0.05274075269699097,-0.24129751324653625,0.07420217990875244,-0.2765156328678131,0.09193235635757446,-0.3112163841724396
0.0,0.0,-0.050289273262023926,-0.014368653297424316,-0.0992966890335083,-0.05618399381637573,-0.12407428026199341,-0.10519647598266602,-0.10839438438415527,-0.1579204797744751,-0.08568334579467773,-0.17325258255004883,-0.10814335942268372,-0.22535258531570435,-0.10575801134109497,-0.19704097509384155,-0.0951363742351532,-0.16300368309020996,-0.04743024706840515,-0.20315539836883545,-0.05208319425582886,-0.29232561588287354,-0.049586743116378784,-0.34572869539260864,-0.04592221975326538,-0.3959638178348541,-0.009822160005569458,-0.204944908618927,0.0023759007453918457,-0.28099194169044495,0.013743221759796143,-0.32901376485824585,0.021180272102355957,-0.3735150992870331,0.027104854583740234,-0.18547874689102173,0.05171763896942139,-0.24137234687805176,0.07300227880477905,-0.2766484022140503,0.09055131673812866,-0.3109534978866577
0.0,0.0,-0.05036073923110962,-0.012822210788726807,-0.09954279661178589,-0.05398392677307129,-0.12549224495887756,-0.10327160358428955,-0.11043217778205872,-0.15705108642578125,-0.08659806847572327,-0.17286747694015503,-0.10948982834815979,-0.22652024030685425,-0.10673171281814575,-0.19700169563293457,-0.09542655944824219,-0.16238313913345337,-0.04829487204551697,-0.20324116945266724,-0.05272892117500305,-0.29199621081352234,-0.05019831657409668,-0.34462404251098633,-0.04685068130493164,-0.39500969648361206,-0.010529100894927979,-0.20557421445846558,0.0012273788452148438,-0.2822656035423279,0.012284696102142334,-0.33024948835372925,0.01954573392868042,-0.3747979402542114,0.026337087154388428,-0.18644821643829346,0.05067622661590576,-0.24248695373535156,0.07175266742706299,-0.2776174247264862,0.08948355913162231,-0.3117735981941223
0.0,0.0,-0.04883861541748047,-0.014091074466705322,-0.09698012471199036,-0.055759429931640625,-0.12011915445327759,-0.10543793439865112,-0.1051168143749237,-0.15847569704055786,-0.08277100324630737,-0.17076098918914795,-0.10275602340698242,-0.22367212176322937,-0.0995054543018341,-0.19611120223999023,-0.08839905261993408,-0.16230988502502441,-0.04536253213882446,-0.20015591382980347,-0.04977846145629883,-0.28843724727630615,-0.04725268483161926,-0.34176480770111084,-0.04310908913612366,-0.39192062616348267,-0.00807642936706543,-0.20204192399978638,0.0036197900772094727,-0.2779611051082611,0.014459550380706787,-0.32623761892318726,0.021799981594085693,-0.37131834030151367,0.02899092435836792,-0.18340492248535156,0.05353891849517822,-0.23878920078277588,0.07428896427154541,-0.2737976908683777,0.09179425239562988,-0.3077325224876404
0.0,0.0,-0.04876646399497986,-0.011945962905883789,-0.09731674194335938,-0.052781879901885986,-0.12189745903015137,-0.10282933712005615,-0.10812109708786011,-0.15817004442214966,-0.08494281768798828,-0.17061978578567505,-0.10527697205543518,-0.22445076704025269,-0.10211840271949768,-0.19754910469055176,-0.09121239185333252,-0.16392213106155396,-0.047423094511032104,-0.20064681768417358,-0.05248647928237915,-0.2895769476890564,-0.0503162145614624,-0.342605322599411,-0.04666456580162048,-0.3927808403968811,-0.010037064552307129,-0.20231741666793823,0.0010521411895751953,-0.27863866090774536,0.011666417121887207,-0.3272266387939453,0.01872330904006958,-0.37280914187431335,0.027278423309326172,-0.1829950213432312,0.050956010818481445,-0.2394121289253235,0.07181113958358765,-0.27426496148109436,0.08940374851226807,-0.30796152353286743
0.0,0.0,-0.047952353954315186,-0.011348605155944824,-0.09573987126350403,-0.05194592475891113,-0.12112075090408325,-0.10057741403579712,-0.10751527547836304,-0.15400272607803345,-0.0828806459903717,-0.16898006200790405,-0.10347718000411987,-0.22197219729423523,-0.09986761212348938,-0.19456273317337036,-0.08842611312866211,-0.16186964511871338,-0.04607883095741272,-0.19931620359420776,-0.0510232150554657,-0.28848332166671753,-0.04876545071601868,-0.3421330153942108,-0.045267075300216675,-0.3928481936454773,-0.008748233318328857,-0.20211440324783325,0.0020670294761657715,-0.27867743372917175,0.01315605640411377,-0.32725441455841064,0.02047872543334961,-0.3727397918701172,0.028158128261566162,-0.18386805057525635,0.05211299657821655,-0.24087774753570557,0.07328259944915771,-0.2763400673866272,0.09117382764816284,-0.3102529048919678
0.0,0.0,-0.0485459566116333,-0.010815739631652832,-0.09707170724868774,-0.05267226696014404,-0.12465870380401611,-0.10206001996994019,-0.10950800776481628,-0.15541452169418335,-0.08581686019897461,-0.17149144411087036,-0.10631144046783447,-0.22396200895309448,-0.10131305456161499,-0.19156253337860107,-0.08882483839988708,-0.15690827369689941,-0.04843401908874512,-0.20260131359100342,-0.054503560066223145,-0.2916589379310608,-0.052072674036026,-0.34451866149902344,-0.04825428128242493,-0.39598989486694336,-0.01047968864440918,-0.20502889156341553,0.0009621381759643555,-0.28251102566719055,0.012744426727294922,-0.3304545283317566,0.020542681217193604,-0.37564074993133545,0.026776671409606934,-0.18589913845062256,0.05100452899932861,-0.24308890104293823,0.07226461172103882,-0.2774563729763031,0.09005779027938843,-0.31080108880996704
0.0,0.0,-0.04939901828765869,-0.009631514549255371,-0.0985448956489563,-0.0508081316947937,-0.1256614327430725,-0.09939038753509521,-0.11064696311950684,-0.15259987115859985,-0.08656731247901917,-0.1691211462020874,-0.10780766606330872,-0.21904942393302917,-0.10363653302192688,-0.1887362003326416,-0.09207957983016968,-0.1559707522392273,-0.04984921216964722,-0.2010045051574707,-0.05818316340446472,-0.29077592492103577,-0.05762919783592224,-0.3441380262374878,-0.05555376410484314,-0.39525482058525085,-0.012117326259613037,-0.20438110828399658,-0.000579148530960083,-0.283415824174881,0.01154056191444397,-0.3323386609554291,0.019144266843795776,-0.3784058094024658,0.025665253400802612,-0.18594640493392944,0.05026724934577942,-0.2441403865814209,0.07158645987510681,-0.2795426845550537,0.0890171229839325,-0.3140195310115814
0.0,0.0,-0.04883190989494324,-0.009166836738586426,-0.09833276271820068,-0.048548102378845215,-0.125821053981781,-0.09584039449691772,-0.11250302195549011,-0.14964574575424194,-0.08810517191886902,-0.16747891902923584,-0.10997390747070312,-0.21836814284324646,-0.10568836331367493,-0.18699872493743896,-0.09365782141685486,-0.15319019556045532,-0.05142441391944885,-0.1999809741973877,-0.06091967225074768,-0.2898099422454834,-0.06152424216270447,-0.34384268522262573,-0.060379981994628906,-0.396240770816803,-0.01338312029838562,-0.20376771688461304,-0.0025444328784942627,-0.28284984827041626,0.009253621101379395,-0.3320082426071167,0.016618669033050537,-0.3785812258720398,0.024526238441467285,-0.18565833568572998,0.04886126518249512,-0.24365484714508057,0.07019436359405518,-0.27935147285461426,0.08769828081130981,-0.3145295977592468
0.0,0.0,-0.04700392484664917,-0.009707331657409668,-0.09510144591331482,-0.04746955633163452,-0.12265419960021973,-0.09299629926681519,-0.11082583665847778,-0.14685678482055664,-0.08624660968780518,-0.16617178916931152,-0.1110648512840271,-0.21749955415725708,-0.10800686478614807,-0.1924130916595459,-0.09515845775604248,-0.16023552417755127,-0.05085340142250061,-0.19843518733978271,-0.06165045499801636,-0.2895057201385498,-0.06264188885688782,-0.3449132442474365,-0.061622172594070435,-0.3963169455528259,-0.013219982385635376,-0.20257019996643066,-0.0037642717361450195,-0.28182876110076904,0.006372272968292236,-0.3323100507259369,0.012434661388397217,-0.37907809019088745,0.024724304676055908,-0.18485021591186523,0.04852396249771118,-0.24479708075523376,0.06929820775985718,-0.28195473551750183,0.08653324842453003,-0.3177509903907776
0.0,0.0,-0.047047972679138184,-0.01107490062713623,-0.09494209289550781,-0.04945868253707886,-0.12031137943267822,-0.09604328870773315,-0.1095288097858429,-0.14937740564346313,-0.08677142858505249,-0.16818946599960327,-0.10961616039276123,-0.21895477175712585,-0.10660621523857117,-0.19608211517333984,-0.09373736381530762,-0.1649608016014099,-0.05161029100418091,-0.1997542381286621,-0.06130918860435486,-0.2906135618686676,-0.06196880340576172,-0.346076101064682,-0.060388267040252686,-0.39845794439315796,-0.014143049716949463,-0.20316669344902039,-0.004585146903991699,-0.283481240272522,0.0056552886962890625,-0.3339337110519409,0.01211482286453247,-0.3810168504714966,0.02416747808456421,-0.184583842754364,0.04830282926559448,-0.24403363466262817,0.06894654035568237,-0.28109297156333923,0.08613371849060059,-0.3174000382423401
0.0,0.0,-0.04641348123550415,-0.01109999418258667,-0.09393090009689331,-0.048515498638153076,-0.11945906281471252,-0.0945124626159668,-0.10860893130302429,-0.14751845598220825,-0.08668485283851624,-0.1667662262916565,-0.10890311002731323,-0.217411071062088,-0.1054190993309021,-0.1937921643257141,-0.09290295839309692,-0.16262286901474,-0.0515177845954895,-0.1988244652748108,-0.06129041314125061,-0.2893722355365753,-0.061971515417099,-0.3443146049976349,-0.06065869331359863,-0.3961303234100342,-0.013874828815460205,-0.20291665196418762,-0.005052149295806885,-0.2829910218715668,0.005330979824066162,-0.33351635932922363,0.011886000633239746,-0.38058504462242126,0.024644911289215088,-0.18544834852218628,0.0479886531829834,-0.2452792525291443,0.0682746171951294,-0.28256458044052124,0.0852232575416565,-0.3188091516494751
0.0,0.0,-0.04670551419258118,-0.009744048118591309,-0.09521651268005371,-0.044915080070495605,-0.12136417627334595,-0.08931666612625122,-0.11145338416099548,-0.14312118291854858,-0.08839252591133118,-0.16404318809509277,-0.11263760924339294,-0.21548998355865479,-0.10913169384002686,-0.18977880477905273,-0.09592044353485107,-0.15700864791870117,-0.053322285413742065,-0.19750326871871948,-0.06415906548500061,-0.28843167424201965,-0.06522178649902344,-0.3439851403236389,-0.06417766213417053,-0.39675474166870117,-0.015819460153579712,-0.20232298970222473,-0.006158918142318726,-0.28188976645469666,0.003881096839904785,-0.33288007974624634,0.009855449199676514,-0.38042354583740234,0.022414743900299072,-0.18521857261657715,0.046357035636901855,-0.24544993042945862,0.06689673662185669,-0.28341224789619446,0.0837666392326355,-0.3203001320362091
0.0,0.0,-0.04582643508911133,-0.009885013103485107,-0.09301334619522095,-0.04549664258956909,-0.1186157763004303,-0.089141845703125,-0.10741403698921204,-0.14075225591659546,-0.08607897162437439,-0.16518336534500122,-0.11064845323562622,-0.21649745106697083,-0.10874587297439575,-0.19144761562347412,-0.09637188911437988,-0.1579025387763977,-0.051104068756103516,-0.19751757383346558,-0.062220990657806396,-0.29027271270751953,-0.06333211064338684,-0.3460760712623596,-0.062370479106903076,-0.3990741968154907,-0.013445913791656494,-0.20176708698272705,-0.003764033317565918,-0.2836896479129791,0.006516396999359131,-0.33548346161842346,0.012658953666687012,-0.38344115018844604,0.024831056594848633,-0.1840328574180603,0.04947882890701294,-0.24501344561576843,0.07029348611831665,-0.28313571214675903,0.08736526966094971,-0.3198608160018921
0.0,0.0,-0.0484030544757843,-0.00898522138595581,-0.09682810306549072,-0.04745960235595703,-0.12338325381278992,-0.09269404411315918,-0.1133192777633667,-0.1442723274230957,-0.08889645338058472,-0.16700178384780884,-0.11173787713050842,-0.21824753284454346,-0.10732719302177429,-0.18867051601409912,-0.09493348002433777,-0.15348303318023682,-0.05296662449836731,-0.2001723051071167,-0.06263190507888794,-0.2929616868495941,-0.06247401237487793,-0.34975194931030273,-0.061113059520721436,-0.40397408604621887,-0.014661192893981934,-0.20501160621643066,-0.005484849214553833,-0.2872614562511444,0.0038100779056549072,-0.3395501375198364,0.008764535188674927,-0.38870084285736084,0.024389654397964478,-0.1875666379928589,0.050535351037979126,-0.2482469081878662,0.07195886969566345,-0.28664615750312805,0.08922728896141052,-0.3241306245326996
0.0,0.0,-0.04961836338043213,-0.007455050945281982,-0.0996306836605072,-0.04684937000274658,-0.12462383508682251,-0.09332013130187988,-0.11344414949417114,-0.1455390453338623,-0.08991384506225586,-0.16792136430740356,-0.11265182495117188,-0.2179465889930725,-0.10903704166412354,-0.18782609701156616,-0.09755295515060425,-0.15368622541427612,-0.053337544202804565,-0.20204061269760132,-0.06317031383514404,-0.2944011390209198,-0.06289324164390564,-0.3513743579387665,-0.06063801050186157,-0.40546882152557373,-0.014710545539855957,-0.20715373754501343,-0.006322741508483887,-0.2889949679374695,0.0027744174003601074,-0.34093236923217773,0.007829368114471436,-0.3897680640220642,0.024781525135040283,-0.18984723091125488,0.05060088634490967,-0.24984976649284363,0.07216352224349976,-0.2874789237976074,0.08930748701095581,-0.32460129261016846
0.0,0.0,-0.048971712589263916,-0.007347702980041504,-0.09843763709068298,-0.046089231967926025,-0.1256125569343567,-0.08948647975921631,-0.10960939526557922,-0.13700056076049805,-0.08740308880805969,-0.16873127222061157,-0.11035364866256714,-0.21779674291610718,-0.10919633507728577,-0.18654513359069824,-0.0993201732635498,-0.15166711807250977,-0.05126839876174927,-0.202053964138031,-0.061129242181777954,-0.29570358991622925,-0.06115207076072693,-0.35234731435775757,-0.05948984622955322,-0.40674713253974915,-0.012229681015014648,-0.2065698504447937,-0.004194587469100952,-0.2901482582092285,0.004804402589797974,-0.34336382150650024,0.00936347246170044,-0.3934135138988495,0.027208685874938965,-0.1880987286567688,0.053153812885284424,-0.24913513660430908,0.0745772123336792,-0.2871067225933075,0.09150588512420654,-0.3240997791290283
0.0,0.0,-0.048861920833587646,-0.005953311920166016,-0.09800949692726135,-0.04409676790237427,-0.12359192967414856,-0.08846360445022583,-0.11203360557556152,-0.13902395963668823,-0.08737638592720032,-0.16706645488739014,-0.11041006445884705,-0.21878021955490112,-0.1091863214969635,-0.1892298460006714,-0.09891682863235474,-0.1538882851600647,-0.05148467421531677,-0.2002875804901123,-0.06084412336349487,-0.29406145215034485,-0.06031060218811035,-0.3506913483142853,-0.0576915442943573,-0.40486761927604675,-0.013156741857528687,-0.2044888734817505,-0.004248708486557007,-0.2895480990409851,0.00474587082862854,-0.3429688811302185,0.009693831205368042,-0.39320605993270874,0.025920480489730835,-0.18615221977233887,0.05257871747016907,-0.24737024307250977,0.0743577778339386,-0.2855819761753082,0.09179332852363586,-0.3233546018600464
0.0,0.0,-0.047924935817718506,-0.006303906440734863,-0.09693789482116699,-0.04304683208465576,-0.1224730908870697,-0.08611232042312622,-0.10972613096237183,-0.1354997754096985,-0.08711856603622437,-0.16536474227905273,-0.10975289344787598,-0.2163757085800171,-0.10857141017913818,-0.1871241331100464,-0.09872671961784363,-0.1523505449295044,-0.050635725259780884,-0.19865894317626953,-0.0606936514377594,-0.2928789258003235,-0.060553163290023804,-0.3492441177368164,-0.057986944913864136,-0.40302494168281555,-0.012062221765518188,-0.20267170667648315,-0.0021639466285705566,-0.2875910997390747,0.007977843284606934,-0.34150534868240356,0.01388975977897644,-0.3918745517730713,0.026912778615951538,-0.18455761671066284,0.05252280831336975,-0.24678200483322144,0.07402268052101135,-0.2852705121040344,0.09100797772407532,-0.32306531071662903
0.0,0.0,-0.04758027195930481,-0.005380809307098389,-0.09579461812973022,-0.04323369264602661,-0.11980846524238586,-0.0868079662322998,-0.10860773921012878,-0.1353709101676941,-0.08554783463478088,-0.16600382328033447,-0.10866275429725647,-0.21573126316070557,-0.10769456624984741,-0.18495506048202515,-0.0975673496723175,-0.1494302749633789,-0.049600690603256226,-0.19867783784866333,-0.059652477502822876,-0.29301097989082336,-0.059719234704971313,-0.34888482093811035,-0.05695351958274841,-0.4022306799888611,-0.011791229248046875,-0.20209676027297974,-0.0017137527465820312,-0.28708845376968384,0.008129090070724487,-0.34075629711151123,0.01388290524482727,-0.39183759689331055,0.026323944330215454,-0.18318885564804077,0.052404314279556274,-0.2443842589855194,0.07394865155220032,-0.2826385498046875,0.09102657437324524,-0.3210289478302002
0.0,0.0,-0.04781895875930786,-0.006551682949066162,-0.09702727198600769,-0.04489755630493164,-0.12162837386131287,-0.09077095985412598,-0.10772663354873657,-0.14046496152877808,-0.08691808581352234,-0.16668927669525146,-0.10827288031578064,-0.21589940786361694,-0.10697999596595764,-0.18553262948989868,-0.09721750020980835,-0.15159094333648682,-0.05044892430305481,-0.19941282272338867,-0.059856683015823364,-0.29303741455078125,-0.0597323477268219,-0.34874510765075684,-0.056738704442977905,-0.40301477909088135,-0.012318909168243408,-0.20253705978393555,-0.000901341438293457,-0.28805258870124817,0.010318487882614136,-0.3408944010734558,0.017094343900680542,-0.391833633184433,0.026112765073776245,-0.18343192338943481,0.05194559693336487,-0.24488389492034912,0.07342204451560974,-0.28322339057922363,0.09039387106895447,-0.3224099278450012
0.0,0.0,-0.047522515058517456,-0.006491422653198242,-0.09623405337333679,-0.045511841773986816,-0.12099277973175049,-0.09202224016189575,-0.10750126838684082,-0.14211797714233398,-0.08696815371513367,-0.16925203800201416,-0.1089162826538086,-0.2192956507205963,-0.10713469982147217,-0.18906134366989136,-0.09694573283195496,-0.15484470129013062,-0.05048295855522156,-0.20153480768203735,-0.06017327308654785,-0.2950341999530792,-0.05978432297706604,-0.3510367274284363,-0.056621819734573364,-0.40546268224716187,-0.012276709079742432,-0.20401549339294434,-0.0010251998901367188,-0.2886806130409241,0.010463833808898926,-0.3417195677757263,0.017388105392456055,-0.39270493388175964,0.026177406311035156,-0.18415623903274536,0.05139046907424927,-0.2463429570198059,0.07289791107177734,-0.28462469577789307,0.0897567868232727,-0.323371559381485
0.0,0.0,-0.04875636100769043,-0.007447361946105957,-0.0976136326789856,-0.04814481735229492,-0.12096524238586426,-0.09493988752365112,-0.10662749409675598,-0.14463651180267334,-0.08707502484321594,-0.16786330938339233,-0.10826319456100464,-0.2186625599861145,-0.10492169857025146,-0.18970173597335815,-0.0932457447052002,-0.15600645542144775,-0.05067634582519531,-0.20026874542236328,-0.05930352210998535,-0.29296112060546875,-0.05862581729888916,-0.3485757112503052,-0.05538657307624817,-0.4029613435268402,-0.012517333030700684,-0.20339727401733398,-0.0009077787399291992,-0.28918027877807617,0.01048123836517334,-0.3421238660812378,0.017515242099761963,-0.3930739760398865,0.026153087615966797,-0.1844138503074646,0.052420973777770996,-0.2457478642463684,0.07396554946899414,-0.28362178802490234,0.09085887670516968,-0.3226635754108429
0.0,0.0,-0.04763007164001465,-0.007340848445892334,-0.09554874897003174,-0.04716759920120239,-0.11912500858306885,-0.0925130844116211,-0.1070246696472168,-0.14268428087234497,-0.08608084917068481,-0.1691165566444397,-0.10731661319732666,-0.2204747200012207,-0.10454341769218445,-0.1913464069366455,-0.09330305457115173,-0.15639877319335938,-0.04977458715438843,-0.20137178897857666,-0.059093356132507324,-0.2954440116882324,-0.058206260204315186,-0.3519091010093689,-0.0547558069229126,-0.40588685870170593,-0.01160496473312378,-0.2043226957321167,-0.0004092752933502197,-0.28933364152908325,0.011246562004089355,-0.34277546405792236,0.018388748168945312,-0.39389294385910034,0.02708035707473755,-0.18507730960845947,0.05306631326675415,-0.24699679017066956,0.07458692789077759,-0.2855355739593506,0.09139233827590942,-0.32441404461860657
0.0,0.0,-0.047124773263931274,-0.007284939289093018,-0.09433597326278687,-0.046377480030059814,-0.1177183985710144,-0.09057611227035522,-0.1058698296546936,-0.13979768753051758,-0.08483114838600159,-0.16903311014175415,-0.1063421368598938,-0.21956855058670044,-0.10475844144821167,-0.18786871433258057,-0.09410318732261658,-0.15197068452835083,-0.048184603452682495,-0.2011106014251709,-0.05717805027961731,-0.29566413164138794,-0.05646514892578125,-0.352058470249176,-0.05290287733078003,-0.4067607522010803,-0.009872376918792725,-0.20370453596115112,0.0022770166397094727,-0.2894599139690399,0.014420956373214722,-0.3436565399169922,0.022183746099472046,-0.3956407904624939,0.028184086084365845,-0.1843036413192749,0.05440106987953186,-0.24632808566093445,0.07592055201530457,-0.2851300835609436,0.09295687079429626,-0.3243106007575989
0.0,0.0,-0.04766020178794861,-0.007084965705871582,-0.09536623954772949,-0.04696512222290039,-0.11846831440925598,-0.09206414222717285,-0.10759863257408142,-0.1411406397819519,-0.08600467443466187,-0.16930919885635376,-0.10813677310943604,-0.22172987461090088,-0.10574996471405029,-0.19159114360809326,-0.09401506185531616,-0.1557631492614746,-0.049106478691101074,-0.20120012760162354,-0.0579695999622345,-0.29546648263931274,-0.056715309619903564,-0.352121502161026,-0.05267268419265747,-0.4071308970451355,-0.010883867740631104,-0.20365339517593384,0.0012854337692260742,-0.2886425256729126,0.013029932975769043,-0.3417717516422272,0.020404338836669922,-0.3931111693382263,0.027291715145111084,-0.18408995866775513,0.05370497703552246,-0.24503165483474731,0.07496422529220581,-0.28344789147377014,0.09178411960601807,-0.3228272795677185
0.0,0.0,-0.047479093074798584,-0.0064029693603515625,-0.0955740213394165,-0.045621514320373535,-0.12036988139152527,-0.0914732813835144,-0.10784301161766052,-0.14124542474746704,-0.08640387654304504,-0.16833454370498657,-0.10757702589035034,-0.220028817653656,-0.10634982585906982,-0.19031751155853271,-0.0959894061088562,-0.15464043617248535,-0.04953533411026001,-0.201041579246521,-0.057641834020614624,-0.2942861318588257,-0.056180477142333984,-0.3508109152317047,-0.052053093910217285,-0.40553635358810425,-0.010978132486343384,-0.20422303676605225,0.0007451474666595459,-0.28888294100761414,0.012933492660522461,-0.34232547879219055,0.02109527587890625,-0.39320528507232666,0.02754676342010498,-0.1849581003189087,0.05444967746734619,-0.24523496627807617,0.0762779712677002,-0.2832421064376831,0.09367036819458008,-0.3217461109161377
0.0,0.0,-0.048251450061798096,-0.008026599884033203,-0.09536746144294739,-0.048856139183044434,-0.11768069863319397,-0.09344899654388428,-0.10461443662643433,-0.14175641536712646,-0.08387354016304016,-0.1703130006790161,-0.1056830883026123,-0.22179502248764038,-0.10441935062408447,-0.18985486030578613,-0.09402260184288025,-0.15354615449905396,-0.047240376472473145,-0.20147401094436646,-0.05628970265388489,-0.2948875427246094,-0.055362850427627563,-0.35123971104621887,-0.051719844341278076,-0.40632253885269165,-0.009119778871536255,-0.20349979400634766,0.0023147761821746826,-0.2888755798339844,0.01393541693687439,-0.3424258828163147,0.02128848433494568,-0.3938876986503601,0.02899274230003357,-0.18370729684829712,0.0551658570766449,-0.24520257115364075,0.07658913731575012,-0.28362998366355896,0.09361216425895691,-0.3224566578865051
0.0,0.0,-0.04800158739089966,-0.007535099983215332,-0.09552997350692749,-0.048924803733825684,-0.11893731355667114,-0.09358221292495728,-0.10512879490852356,-0.14162147045135498,-0.08456078171730042,-0.1712663173675537,-0.10560193657875061,-0.22333621978759766,-0.10386982560157776,-0.18932592868804932,-0.09368455410003662,-0.15113931894302368,-0.04760909080505371,-0.20208114385604858,-0.05608341097831726,-0.2965228259563446,-0.0553511381149292,-0.3530179262161255,-0.05206078290939331,-0.40774425864219666,-0.00914105772972107,-0.20350933074951172,0.0027126967906951904,-0.28886792063713074,0.014048546552658081,-0.3424321413040161,0.021108120679855347,-0.39390918612480164,0.029031604528427124,-0.18305063247680664,0.055199772119522095,-0.24502399563789368,0.07659801840782166,-0.2838575541973114,0.09359076619148254,-0.323172926902771
0.0,0.0,-0.0497269332408905,-0.006359755992889404,-0.10012367367744446,-0.047510623931884766,-0.12131506204605103,-0.09417951107025146,-0.1036006510257721,-0.14014673233032227,-0.08467137813568115,-0.17113381624221802,-0.1054692268371582,-0.22399485111236572,-0.10383746027946472,-0.19352233409881592,-0.09343388676643372,-0.15724706649780273,-0.047623395919799805,-0.20239800214767456,-0.057147592306137085,-0.29697975516319275,-0.05669236183166504,-0.35362619161605835,-0.0529400110244751,-0.4086245894432068,-0.009467065334320068,-0.20385444164276123,0.0014902949333190918,-0.2904116213321686,0.012786924839019775,-0.34351611137390137,0.020099103450775146,-0.395008385181427,0.029282569885253906,-0.18312543630599976,0.05515176057815552,-0.2442883551120758,0.07647103071212769,-0.28218239545822144,0.09353411197662354,-0.32128244638442993
0.0,0.0,-0.04780730605125427,-0.006791055202484131,-0.09679493308067322,-0.045046210289001465,-0.11893948912620544,-0.09026652574539185,-0.10020416975021362,-0.13655424118041992,-0.08453920483589172,-0.1736605167388916,-0.1038239598274231,-0.22509139776229858,-0.10456281900405884,-0.19628119468688965,-0.09611999988555908,-0.15999358892440796,-0.04714509844779968,-0.2044374942779541,-0.055248111486434937,-0.299264520406723,-0.05440506339073181,-0.35715046525001526,-0.05069035291671753,-0.4131801128387451,-0.0077700018882751465,-0.2048092484474182,0.0032792091369628906,-0.29184913635253906,0.01510012149810791,-0.3454294204711914,0.023048818111419678,-0.396966814994812,0.03207206726074219,-0.18264883756637573,0.05788683891296387,-0.2453937530517578,0.0795823335647583,-0.28448033332824707,0.09716027975082397,-0.32398635149002075
0.0,0.0,-0.0481354296207428,-0.005088388919830322,-0.09884375333786011,-0.04462432861328125,-0.12228569388389587,-0.08876603841781616,-0.10425683856010437,-0.13331812620162964,-0.08471348881721497,-0.1722254753112793,-0.10620209574699402,-0.22618722915649414,-0.10940366983413696,-0.19771504402160645,-0.10239750146865845,-0.16017913818359375,-0.04803130030632019,-0.20408910512924194,-0.05787423253059387,-0.29964137077331543,-0.05812317132949829,-0.3572624921798706,-0.05510348081588745,-0.4122330844402313,-0.009190678596496582,-0.20585566759109497,0.0010063648223876953,-0.2931796908378601,0.012211740016937256,-0.3478105962276459,0.019563615322113037,-0.3998853266239166,0.03022623062133789,-0.1847439408302307,0.05605107545852661,-0.24642717838287354,0.07752352952957153,-0.28544697165489197,0.09457069635391235,-0.3246908187866211
0.0,0.0,-0.05035513639450073,-0.007163047790527344,-0.10206708312034607,-0.04589194059371948,-0.1255446970462799,-0.08928215503692627,-0.10330325365066528,-0.13018327951431274,-0.08357354998588562,-0.17453724145889282,-0.10476264357566833,-0.2267557978630066,-0.1120668351650238,-0.19995242357254028,-0.10814982652664185,-0.16287189722061157,-0.047055989503860474,-0.20587724447250366,-0.05652350187301636,-0.3014727830886841,-0.05741104483604431,-0.35980045795440674,-0.05492708086967468,-0.41491925716400146,-0.00794336199760437,-0.20715957880020142,0.002209603786468506,-0.29485175013542175,0.01341363787651062,-0.349843293428421,0.020785540342330933,-0.40100258588790894,0.03201058506965637,-0.18555712699890137,0.05767354369163513,-0.2481168508529663,0.07913151383399963,-0.28779008984565735,0.09624001383781433,-0.32688188552856445
0.0,0.0,-0.04816639423370361,-0.0065152645111083984,-0.09811240434646606,-0.04708456993103027,-0.12821975350379944,-0.08933120965957642,-0.10917419195175171,-0.13213247060775757,-0.08467364311218262,-0.17665129899978638,-0.10813671350479126,-0.22498774528503418,-0.11585873365402222,-0.19265669584274292,-0.11091697216033936,-0.1558113694190979,-0.04842311143875122,-0.20824486017227173,-0.058537691831588745,-0.30421140789985657,-0.06009334325790405,-0.36289703845977783,-0.05767592787742615,-0.4198177456855774,-0.008860260248184204,-0.2088598608970642,0.001287996768951416,-0.2979453206062317,0.012047231197357178,-0.3535577058792114,0.01917135715484619,-0.40633365511894226,0.030827879905700684,-0.1856914758682251,0.05723029375076294,-0.25043219327926636,0.079021155834198,-0.29132142663002014,0.09638065099716187,-0.3314959406852722
0.0,0.0,-0.048339128494262695,-0.0071738362312316895,-0.09829935431480408,-0.0461234450340271,-0.12472277879714966,-0.08793580532073975,-0.1086735725402832,-0.13161355257034302,-0.08661246299743652,-0.17521297931671143,-0.11157152056694031,-0.2271890640258789,-0.1181313693523407,-0.20009732246398926,-0.11205819249153137,-0.16350507736206055,-0.04992690682411194,-0.20688575506210327,-0.060477256774902344,-0.30418771505355835,-0.06110987067222595,-0.3634767532348633,-0.058304548263549805,-0.41987907886505127,-0.010319739580154419,-0.20776700973510742,-0.0004051029682159424,-0.2972395122051239,0.009879589080810547,-0.35312891006469727,0.016247451305389404,-0.40557411313056946,0.02966374158859253,-0.18479704856872559,0.0565144419670105,-0.2484111189842224,0.07795238494873047,-0.28947192430496216,0.09526532888412476,-0.33038535714149475
0.0,0.0,-0.04731759428977966,-0.006588637828826904,-0.09646615386009216,-0.045119524002075195,-0.12411090731620789,-0.08598524332046509,-0.10744455456733704,-0.12876570224761963,-0.0866023600101471,-0.1739344596862793,-0.1114366352558136,-0.22506612539291382,-0.11581152677536011,-0.19933253526687622,-0.10789138078689575,-0.16342401504516602,-0.05029857158660889,-0.20635360479354858,-0.060907989740371704,-0.30340179800987244,-0.06195870041847229,-0.36214780807495117,-0.05986437201499939,-0.4175574779510498,-0.010763734579086304,-0.2087252140045166,-0.0016578137874603271,-0.2989906966686249,0.008121579885482788,-0.3554260730743408,0.014588922262191772,-0.40787434577941895,0.029155343770980835,-0.18699884414672852,0.056096404790878296,-0.25064438581466675,0.07773545384407043,-0.29098331928253174,0.0953662097454071,-0.33090823888778687
0.0,0.0,-0.04813319444656372,-0.007541656494140625,-0.09783264994621277,-0.047649502754211426,-0.12495043873786926,-0.08798950910568237,-0.10628402233123779,-0.13009929656982422,-0.08653822541236877,-0.17668598890304565,-0.11148694157600403,-0.22730684280395508,-0.1151503324508667,-0.19492584466934204,-0.10718277096748352,-0.15673106908798218,-0.04934030771255493,-0.20878684520721436,-0.059841156005859375,-0.3060939610004425,-0.06095394492149353,-0.3653280735015869,-0.05949413776397705,-0.42247116565704346,-0.009203076362609863,-0.21073579788208008,0.0004132986068725586,-0.3005415201187134,0.010364949703216553,-0.35738039016723633,0.01644378900527954,-0.4107227921485901,0.030799806118011475,-0.1889745593070984,0.05767184495925903,-0.2534242272377014,0.07925271987915039,-0.2946729362010956,0.09650266170501709,-0.33515381813049316
0.0,0.0,-0.046953171491622925,-0.007820844650268555,-0.09548819065093994,-0.04884535074234009,-0.12351521849632263,-0.0882793664932251,-0.10504478216171265,-0.1304505467414856,-0.0846436619758606,-0.18091851472854614,-0.10993564128875732,-0.22674423456192017,-0.11561647057533264,-0.19024169445037842,-0.10836872458457947,-0.15176528692245483,-0.048661112785339355,-0.21251481771469116,-0.060388147830963135,-0.30906254053115845,-0.06283119320869446,-0.3682578206062317,-0.06148451566696167,-0.4261658489704132,-0.008974283933639526,-0.21309220790863037,0.0007656514644622803,-0.3041585385799408,0.010485172271728516,-0.36130285263061523,0.01677650213241577,-0.4159103035926819,0.030349671840667725,-0.1891385316848755,0.057926714420318604,-0.25380605459213257,0.07967382669448853,-0.29565608501434326,0.09725546836853027,-0.33739805221557617
0.0,0.0,-0.04690277576446533,-0.009272873401641846,-0.09479451179504395,-0.04963862895965576,-0.1249990165233612,-0.08872151374816895,-0.10724297165870667,-0.12810200452804565,-0.08535066246986389,-0.18025797605514526,-0.11016601324081421,-0.22941094636917114,-0.11464163661003113,-0.19547677040100098,-0.10709568858146667,-0.15708130598068237,-0.049138039350509644,-0.211978018283844,-0.06047600507736206,-0.30861759185791016,-0.06315502524375916,-0.3678053617477417,-0.06261470913887024,-0.4255049526691437,-0.009271115064620972,-0.21337121725082397,0.0004348456859588623,-0.30489346385002136,0.01014813780784607,-0.3620915412902832,0.016191571950912476,-0.41638481616973877,0.03046301007270813,-0.19018971920013428,0.057795554399490356,-0.2553441524505615,0.07957425713539124,-0.2969473898410797,0.09700778126716614,-0.33781877160072327
0.0,0.0,-0.04841974377632141,-0.008146464824676514,-0.09694615006446838,-0.04768824577331543,-0.12644758820533752,-0.0850456953048706,-0.11100876331329346,-0.12311035394668579,-0.08821186423301697,-0.1793128252029419,-0.11398959159851074,-0.22826838493347168,-0.11863753199577332,-0.19426411390304565,-0.11174002289772034,-0.15602105855941772,-0.05145442485809326,-0.21152377128601074,-0.06326329708099365,-0.3083341121673584,-0.06580859422683716,-0.3670682907104492,-0.06580916047096252,-0.4243590533733368,-0.011412471532821655,-0.2129266858100891,-0.0026617050170898438,-0.30384981632232666,0.006572633981704712,-0.3608219027519226,0.011825591325759888,-0.4148978590965271,0.028614908456802368,-0.18963581323623657,0.05579039454460144,-0.2540803551673889,0.07751986384391785,-0.295390248298645,0.09461989998817444,-0.33628541231155396
0.0,0.0,-0.04969015717506409,-0.007449448108673096,-0.09956270456314087,-0.04854065179824829,-0.13046669960021973,-0.08642452955245972,-0.11292797327041626,-0.1256239414215088,-0.08873671293258667,-0.182822585105896,-0.11416131258010864,-0.23009246587753296,-0.11893421411514282,-0.191816508769989,-0.11187946796417236,-0.15087580680847168,-0.05146431922912598,-0.21372276544570923,-0.06419065594673157,-0.31133463978767395,-0.06707575917243958,-0.3700695037841797,-0.06697031855583191,-0.4276895523071289,-0.010304629802703857,-0.21362733840942383,-0.0016216635704040527,-0.30594366788864136,0.007715851068496704,-0.36436185240745544,0.013186544179916382,-0.4199540913105011,0.03033435344696045,-0.18892139196395874,0.0569838285446167,-0.2557404637336731,0.07896196842193604,-0.29883185029029846,0.0963098406791687,-0.3414005637168884
0.0,0.0,-0.048281848430633545,-0.007185459136962891,-0.09717535972595215,-0.04768836498260498,-0.12937378883361816,-0.08466005325317383,-0.11381924152374268,-0.12263399362564087,-0.09021580219268799,-0.18092918395996094,-0.11647436022758484,-0.22799193859100342,-0.12143829464912415,-0.19247138500213623,-0.11397626996040344,-0.15247583389282227,-0.05290955305099487,-0.21328723430633545,-0.06519243121147156,-0.3096790909767151,-0.06824600696563721,-0.369512677192688,-0.06837943196296692,-0.42759135365486145,-0.011859148740768433,-0.21447700262069702,-0.004034847021102905,-0.30555546283721924,0.0049683451652526855,-0.36340999603271484,0.010247558355331421,-0.41821104288101196,0.0290377140045166,-0.1903555989265442,0.055979013442993164,-0.25583845376968384,0.0779874324798584,-0.29806146025657654,0.09551370143890381,-0.3399430811405182
0.0,0.0,-0.048909395933151245,-0.006551802158355713,-0.09690147638320923,-0.04449903964996338,-0.12433171272277832,-0.08318227529525757,-0.11354982852935791,-0.12517911195755005,-0.09137940406799316,-0.1767946481704712,-0.11886310577392578,-0.22650420665740967,-0.12220704555511475,-0.19383686780929565,-0.11298355460166931,-0.15324270725250244,-0.053555965423583984,-0.20987701416015625,-0.06527674198150635,-0.3064221143722534,-0.06750160455703735,-0.36646440625190735,-0.06764069199562073,-0.42505374550819397,-0.012776732444763184,-0.21210646629333496,-0.003469496965408325,-0.30275699496269226,0.005404829978942871,-0.3605847656726837,0.010082125663757324,-0.41511860489845276,0.02789205312728882,-0.18910574913024902,0.056001365184783936,-0.2531311511993408,0.07739555835723877,-0.2956690788269043,0.09432035684585571,-0.3378273844718933
0.0,0.0,-0.05006629228591919,-0.007450997829437256,-0.09846687316894531,-0.04632580280303955,-0.12634119391441345,-0.08497172594070435,-0.11527031660079956,-0.12401443719863892,-0.08946532011032104,-0.18021810054779053,-0.11852526664733887,-0.2299588918685913,-0.12211257219314575,-0.19572043418884277,-0.11256217956542969,-0.15386605262756348,-0.05205225944519043,-0.2124645709991455,-0.06453171372413635,-0.3095887005329132,-0.06680995225906372,-0.3700454831123352,-0.06699422001838684,-0.4284810721874237,-0.011555016040802002,-0.21442079544067383,-0.0023450255393981934,-0.3047424852848053,0.007326304912567139,-0.3633251190185547,0.012659132480621338,-0.41788771748542786,0.028546392917633057,-0.19158834218978882,0.05608123540878296,-0.2555791139602661,0.07761263847351074,-0.2976672053337097,0.09466016292572021,-0.3388412594795227
0.0,0.0,-0.04965272545814514,-0.007472634315490723,-0.0973753035068512,-0.04688131809234619,-0.12391981482505798,-0.08397072553634644,-0.11459562182426453,-0.12403398752212524,-0.09105461835861206,-0.17893201112747192,-0.11939752101898193,-0.22910219430923462,-0.12262654304504395,-0.19242775440216064,-0.11380249261856079,-0.149472177028656,-0.053504377603530884,-0.2117590308189392,-0.06588831543922424,-0.308410108089447,-0.0680931806564331,-0.36900830268859863,-0.06827008724212646,-0.4273027181625366,-0.012615084648132324,-0.21426993608474731,-0.004019558429718018,-0.30434566736221313,0.004379153251647949,-0.3627389073371887,0.008717596530914307,-0.4179486930370331,0.027925491333007812,-0.19185805320739746,0.055880963802337646,-0.25574392080307007,0.07716220617294312,-0.29812538623809814,0.09427005052566528,-0.33999013900756836
0.0,0.0,-0.04832941293716431,-0.007012784481048584,-0.09616807103157043,-0.04792588949203491,-0.1230936050415039,-0.0872611403465271,-0.10989287495613098,-0.12415051460266113,-0.08824759721755981,-0.1796148419380188,-0.11378204822540283,-0.2282172441482544,-0.11859947443008423,-0.19434809684753418,-0.11132544279098511,-0.15442973375320435,-0.05065804719924927,-0.21195989847183228,-0.06247153878211975,-0.3089866638183594,-0.06515803933143616,-0.36933189630508423,-0.06523880362510681,-0.42782336473464966,-0.009652137756347656,-0.21420031785964966,-0.00029715895652770996,-0.30607688426971436,0.008638620376586914,-0.3640560507774353,0.01356440782546997,-0.41929614543914795,0.03094923496246338,-0.19137543439865112,0.0587770938873291,-0.2564961314201355,0.08060437440872192,-0.29855895042419434,0.09808802604675293,-0.3402922749519348
0.0,0.0,-0.04787209630012512,-0.006512880325317383,-0.09610942006111145,-0.04716223478317261,-0.12697210907936096,-0.08589416742324829,-0.11132392287254333,-0.12691712379455566,-0.08678871393203735,-0.18132656812667847,-0.11067372560501099,-0.22790515422821045,-0.11605057120323181,-0.19183975458145142,-0.10919424891471863,-0.15171653032302856,-0.04956582188606262,-0.21371150016784668,-0.06205335259437561,-0.31078851222991943,-0.06486427783966064,-0.37077176570892334,-0.06427022814750671,-0.4290396571159363,-0.008548974990844727,-0.21523869037628174,0.0003750920295715332,-0.3077613413333893,0.009870082139968872,-0.3657415509223938,0.015422791242599487,-0.42109522223472595,0.03201302886009216,-0.19159775972366333,0.05927214026451111,-0.25791454315185547,0.08132728934288025,-0.29960697889328003,0.09886744618415833,-0.3409039378166199
0.0,0.0,-0.04776030778884888,-0.007230043411254883,-0.09652426838874817,-0.04747992753982544,-0.12469157576560974,-0.08775937557220459,-0.10714486241340637,-0.133550763130188,-0.08506163954734802,-0.18094831705093384,-0.10883939266204834,-0.23163849115371704,-0.11336761713027954,-0.19422829151153564,-0.10549917817115784,-0.1530432105064392,-0.04770582914352417,-0.213145911693573,-0.06032365560531616,-0.31038570404052734,-0.06379488110542297,-0.3695588707923889,-0.06336569786071777,-0.42737698554992676,-0.006854921579360962,-0.2144576907157898,0.0022475719451904297,-0.3071824610233307,0.01057007908821106,-0.3652498424053192,0.015527278184890747,-0.4214444160461426,0.03329196572303772,-0.19103962182998657,0.06005313992500305,-0.2570567727088928,0.08182957768440247,-0.2992859184741974,0.09927555918693542,-0.3415944576263428
0.0,0.0,-0.048607826232910156,-0.008632302284240723,-0.09775981307029724,-0.048911452293395996,-0.12821561098098755,-0.08945357799530029,-0.10786950588226318,-0.13131719827651978,-0.08753487467765808,-0.18338239192962646,-0.11178988218307495,-0.23546850681304932,-0.11544790863990784,-0.2001192569732666,-0.10714644193649292,-0.1589975357055664,-0.050434410572052,-0.21614593267440796,-0.062402695417404175,-0.3136833906173706,-0.06545734405517578,-0.3737615942955017,-0.06562775373458862,-0.43203112483024597,-0.0094318687915802,-0.21742695569992065,2.980232238769531e-07,-0.309637188911438,0.009663522243499756,-0.3675234913825989,0.015474200248718262,-0.42282217741012573,0.03130823373794556,-0.19357365369796753,0.058238327503204346,-0.2596237063407898,0.07979995012283325,-0.30166590213775635,0.09717041254043579,-0.3435872793197632
0.0,0.0,-0.04864230751991272,-0.008104979991912842,-0.09762227535247803,-0.04930102825164795,-0.12593531608581543,-0.08827751874923706,-0.10956579446792603,-0.12847566604614258,-0.08820882439613342,-0.18243306875228882,-0.11312466859817505,-0.23092108964920044,-0.11627155542373657,-0.1950758695602417,-0.10762107372283936,-0.1547936201095581,-0.050882816314697266,-0.21484577655792236,-0.06397891044616699,-0.31290823221206665,-0.06688857078552246,-0.3719707131385803,-0.0665072500705719,-0.4292905330657959,-0.009960770606994629,-0.2163604497909546,-0.00019407272338867188,-0.3084840774536133,0.01056438684463501,-0.36581069231033325,0.017324209213256836,-0.42025476694107056,0.03085392713546753,-0.19300198554992676,0.05755871534347534,-0.2588863968849182,0.0796806812286377,-0.30073919892311096,0.09711199998855591,-0.3422520160675049
0.0,0.0,-0.04838976263999939,-0.006436765193939209,-0.09659555554389954,-0.047018349170684814,-0.12375694513320923,-0.08705252408981323,-0.11306372284889221,-0.12974804639816284,-0.08682557940483093,-0.17648303508758545,-0.11350628733634949,-0.22550666332244873,-0.11726716160774231,-0.1942158341407776,-0.10846364498138428,-0.1567823886871338,-0.04989975690841675,-0.20888197422027588,-0.0636737048625946,-0.30691903829574585,-0.0663180947303772,-0.36635279655456543,-0.06565698981285095,-0.4238906502723694,-0.009747356176376343,-0.21068060398101807,0.0004188120365142822,-0.3022451400756836,0.010838925838470459,-0.35959479212760925,0.01715463399887085,-0.4144415557384491,0.03019636869430542,-0.18824690580368042,0.05766862630844116,-0.25358378887176514,0.08029210567474365,-0.2953488230705261,0.09814232587814331,-0.33674606680870056
0.0,0.0,-0.04903879761695862,-0.008393824100494385,-0.09688565135002136,-0.04971045255661011,-0.12232205271720886,-0.08976811170578003,-0.1114235520362854,-0.1315709352493286,-0.08741533756256104,-0.18153387308120728,-0.11417374014854431,-0.23211950063705444,-0.11714383959770203,-0.19905298948287964,-0.10853198170661926,-0.15869098901748657,-0.0494551956653595,-0.21310824155807495,-0.06296670436859131,-0.31170493364334106,-0.06602060794830322,-0.37148863077163696,-0.06696271896362305,-0.4290170967578888,-0.008528977632522583,-0.2141246199607849,0.0010529160499572754,-0.30491945147514343,0.011224567890167236,-0.36319607496261597,0.017046630382537842,-0.41836899518966675,0.03181344270706177,-0.19045203924179077,0.059359610080718994,-0.25569117069244385,0.081573486328125,-0.2986246347427368,0.09916812181472778,-0.3406941890716553
0.0,0.0,-0.04898315668106079,-0.007978260517120361,-0.09611999988555908,-0.04894298315048218,-0.12211063504219055,-0.08914172649383545,-0.11500704288482666,-0.13080817461013794,-0.08833187818527222,-0.1801432967185974,-0.11673009395599365,-0.23158931732177734,-0.11948412656784058,-0.1997581124305725,-0.10984665155410767,-0.1596018671989441,-0.05027949810028076,-0.21218550205230713,-0.06418454647064209,-0.31041866540908813,-0.06704986095428467,-0.3706396818161011,-0.06765913963317871,-0.4286940097808838,-0.009528666734695435,-0.214036226272583,-0.00038892030715942383,-0.30464810132980347,0.010055363178253174,-0.3628413677215576,0.016108989715576172,-0.41795259714126587,0.030774712562561035,-0.19176673889160156,0.058470308780670166,-0.2565001845359802,0.0809628963470459,-0.29872941970825195,0.09863400459289551,-0.34044066071510315
0.0,0.0,-0.049371182918548584,-0.007445991039276123,-0.0981660783290863,-0.04944866895675659,-0.12454497814178467,-0.08881169557571411,-0.11492839455604553,-0.13125145435333252,-0.0874197781085968,-0.18011856079101562,-0.11611858010292053,-0.2310144305229187,-0.11914011836051941,-0.2004336714744568,-0.1094425618648529,-0.161612868309021,-0.04973334074020386,-0.21269655227661133,-0.06360173225402832,-0.3105258345603943,-0.06679573655128479,-0.3703422546386719,-0.06740900874137878,-0.42758581042289734,-0.009323716163635254,-0.21477454900741577,0.000228196382522583,-0.30527037382125854,0.010064393281936646,-0.36348864436149597,0.015743643045425415,-0.4187575578689575,0.030754417181015015,-0.19224226474761963,0.0593283474445343,-0.25607824325561523,0.08169057965278625,-0.29799699783325195,0.09909150004386902,-0.339873731136322
0.0,0.0,-0.04711082577705383,-0.007472872734069824,-0.09482055902481079,-0.0492587685585022,-0.12094435095787048,-0.08995687961578369,-0.11042997241020203,-0.13541048765182495,-0.08238130807876587,-0.1799411177635193,-0.10981616377830505,-0.22940343618392944,-0.11512592434883118,-0.20003443956375122,-0.10790690779685974,-0.1635422706604004,-0.045154064893722534,-0.21145600080490112,-0.05901682376861572,-0.3092658221721649,-0.06242060661315918,-0.36898472905158997,-0.06338462233543396,-0.42720651626586914,-0.005183428525924683,-0.2126343846321106,0.005573064088821411,-0.30290231108665466,0.015932172536849976,-0.3612118661403656,0.02161899209022522,-0.4173046052455902,0.0342804491519928,-0.18959307670593262,0.0628485381603241,-0.25475287437438965,0.08641740679740906,-0.2968091070652008,0.10492858290672302,-0.3384864032268524
0.0,0.0,-0.04701235890388489,-0.006393074989318848,-0.09492284059524536,-0.04736107587814331,-0.12040901184082031,-0.08774203062057495,-0.10951945185661316,-0.13264000415802002,-0.08240047097206116,-0.17894607782363892,-0.10955843329429626,-0.22768235206604004,-0.11354348063468933,-0.19754230976104736,-0.10474985837936401,-0.16028326749801636,-0.04526001214981079,-0.21097183227539062,-0.05850544571876526,-0.3079029321670532,-0.06168130040168762,-0.36797598004341125,-0.06240272521972656,-0.4258183240890503,-0.005259394645690918,-0.21251899003982544,0.0049218833446502686,-0.3024551272392273,0.014981716871261597,-0.3607550859451294,0.02070578932762146,-0.41645342111587524,0.03427496552467346,-0.18962180614471436,0.06364855170249939,-0.2536030411720276,0.08709844946861267,-0.2949766218662262,0.10547962784767151,-0.3360764682292938
0.0,0.0,-0.047442615032196045,-0.005765199661254883,-0.09525167942047119,-0.04760241508483887,-0.12106630206108093,-0.08855217695236206,-0.10968303680419922,-0.13362324237823486,-0.0826103687286377,-0.17732620239257812,-0.10886096954345703,-0.22684532403945923,-0.11329078674316406,-0.19490516185760498,-0.1055540144443512,-0.15725922584533691,-0.04489743709564209,-0.20949476957321167,-0.05834615230560303,-0.3083651065826416,-0.06166499853134155,-0.3680858612060547,-0.06269457936286926,-0.42679357528686523,-0.00429198145866394,-0.21085339784622192,0.006821185350418091,-0.30155107378959656,0.017222225666046143,-0.3600001931190491,0.02302229404449463,-0.41667771339416504,0.03553140163421631,-0.18809932470321655,0.06462013721466064,-0.2526661157608032,0.08833450078964233,-0.29417428374290466,0.10691380500793457,-0.335925430059433
0.0,0.0,-0.04711979627609253,-0.005605936050415039,-0.09470784664154053,-0.04833132028579712,-0.11990851163864136,-0.09116530418395996,-0.10693415999412537,-0.13664817810058594,-0.08296835422515869,-0.17948698997497559,-0.10884284973144531,-0.22894299030303955,-0.1124083399772644,-0.1949571967124939,-0.10414597392082214,-0.15592330694198608,-0.04505187273025513,-0.21103531122207642,-0.05817100405693054,-0.30926191806793213,-0.06149029731750488,-0.3689025044441223,-0.06239229440689087,-0.427505224943161,-0.004241287708282471,-0.21246325969696045,0.0062833428382873535,-0.30320295691490173,0.01606661081314087,-0.36121201515197754,0.02158331871032715,-0.41755878925323486,0.03566384315490723,-0.19001269340515137,0.06471967697143555,-0.254818320274353,0.0886126160621643,-0.29579198360443115,0.10761600732803345,-0.33689820766448975
0.0,0.0,-0.048007965087890625,-0.005132019519805908,-0.09649375081062317,-0.04708296060562134,-0.12213402986526489,-0.08991473913192749,-0.10873150825500488,-0.13593298196792603,-0.08595392107963562,-0.1791703701019287,-0.11152258515357971,-0.23021960258483887,-0.11393135786056519,-0.19503003358840942,-0.10485413670539856,-0.154771625995636,-0.04770243167877197,-0.21130794286727905,-0.06056404113769531,-0.30945539474487305,-0.0634627640247345,-0.36959969997406006,-0.0639132559299469,-0.42872393131256104,-0.006973356008529663,-0.21275639533996582,0.0034785866737365723,-0.3040521740913391,0.013331055641174316,-0.362471342086792,0.019018471240997314,-0.41908198595046997,0.032940685749053955,-0.19019174575805664,0.062468528747558594,-0.2543071508407593,0.08631128072738647,-0.2956690788269043,0.10508233308792114,-0.3373250365257263
0.0,0.0,-0.046764105558395386,-0.0057544708251953125,-0.09453704953193665,-0.048424363136291504,-0.122050940990448,-0.09099596738815308,-0.10547831654548645,-0.13259494304656982,-0.08174866437911987,-0.180195152759552,-0.10682067275047302,-0.22761321067810059,-0.11067390441894531,-0.1937638521194458,-0.10256487131118774,-0.1555107831954956,-0.044329047203063965,-0.21159201860427856,-0.05749160051345825,-0.3092522621154785,-0.06086447834968567,-0.3692917823791504,-0.06142595410346985,-0.4289126396179199,-0.003441452980041504,-0.2121889591217041,0.007233023643493652,-0.30335307121276855,0.01737356185913086,-0.3616984784603119,0.02317821979522705,-0.4186549782752991,0.03662770986557007,-0.18855178356170654,0.06565171480178833,-0.25334233045578003,0.08982491493225098,-0.29442667961120605,0.10908722877502441,-0.33566296100616455
0.0,0.0,-0.047275274991989136,-0.00807267427444458,-0.0945000946521759,-0.05264472961425781,-0.12284773588180542,-0.09224170446395874,-0.11177796125411987,-0.1350022554397583,-0.08220213651657104,-0.18443280458450317,-0.10815823078155518,-0.2331557273864746,-0.11284542083740234,-0.1971338987350464,-0.10475695133209229,-0.15698635578155518,-0.04494169354438782,-0.215895414352417,-0.05823430418968201,-0.31473326683044434,-0.06081286072731018,-0.37469232082366943,-0.06052678823471069,-0.43344730138778687,-0.0038289427757263184,-0.2163335680961609,0.006946861743927002,-0.3089941740036011,0.017613887786865234,-0.3674367070198059,0.0238763689994812,-0.4245564937591553,0.036224365234375,-0.1921800971031189,0.06615126132965088,-0.2575036883354187,0.09064072370529175,-0.29952073097229004,0.11023730039596558,-0.34176135063171387
0.0,0.0,-0.047684699296951294,-0.006395578384399414,-0.09672302007675171,-0.04865467548370361,-0.12571430206298828,-0.08909666538238525,-0.11156263947486877,-0.13115668296813965,-0.08384209871292114,-0.18334978818893433,-0.11011144518852234,-0.2321454882621765,-0.1143801212310791,-0.19757932424545288,-0.10585078597068787,-0.15846967697143555,-0.0462166965007782,-0.21534782648086548,-0.05959591269493103,-0.3134573996067047,-0.06245917081832886,-0.373676061630249,-0.062154144048690796,-0.433275043964386,-0.005296498537063599,-0.2162487506866455,0.0055522918701171875,-0.30753281712532043,0.016423165798187256,-0.36545756459236145,0.022999942302703857,-0.4220772981643677,0.035069823265075684,-0.19225794076919556,0.06456613540649414,-0.2570505738258362,0.08904629945755005,-0.29767119884490967,0.10852092504501343,-0.3387933075428009
0.0,0.0,-0.0491308867931366,-0.0067005157470703125,-0.09835568070411682,-0.04960876703262329,-0.12885594367980957,-0.088509202003479,-0.11556649208068848,-0.12803882360458374,-0.0872938334941864,-0.1821727752685547,-0.11349043250083923,-0.23102891445159912,-0.11804133653640747,-0.19620341062545776,-0.11016878485679626,-0.1557181477546692,-0.04954487085342407,-0.21506810188293457,-0.06215023994445801,-0.3133416175842285,-0.06509661674499512,-0.37378770112991333,-0.06544145941734314,-0.4331681728363037,-0.007857024669647217,-0.21714985370635986,0.0017530322074890137,-0.3090694844722748,0.012111067771911621,-0.36684268712997437,0.01818639039993286,-0.42198166251182556,0.03328227996826172,-0.19387072324752808,0.06323879957199097,-0.25829774141311646,0.0876692533493042,-0.2992892265319824,0.1070246696472168,-0.34001702070236206
0.0,0.0,-0.048619091510772705,-0.006272077560424805,-0.09672671556472778,-0.048843204975128174,-0.1259765625,-0.08865123987197876,-0.11171048879623413,-0.12912458181381226,-0.08607843518257141,-0.18297654390335083,-0.11203804612159729,-0.23245364427566528,-0.11553880572319031,-0.1969478726387024,-0.10699006915092468,-0.15546631813049316,-0.04844829440116882,-0.21533197164535522,-0.061382412910461426,-0.3133360743522644,-0.06440141797065735,-0.37405550479888916,-0.06512883305549622,-0.43328553438186646,-0.006926596164703369,-0.2167506217956543,0.0027279555797576904,-0.3077523708343506,0.01248827576637268,-0.366771399974823,0.01796296238899231,-0.42348259687423706,0.03393873572349548,-0.19329506158828735,0.06429848074913025,-0.25756698846817017,0.08839216828346252,-0.2991609573364258,0.10737141966819763,-0.3409947156906128
0.0,0.0,-0.04885971546173096,-0.006430149078369141,-0.09738156199455261,-0.04549354314804077,-0.12465289235115051,-0.08437258005142212,-0.11024942994117737,-0.12550920248031616,-0.08634895086288452,-0.18173640966415405,-0.1135927140712738,-0.23200231790542603,-0.11705920100212097,-0.19633930921554565,-0.10852056741714478,-0.1549186110496521,-0.047778934240341187,-0.21416831016540527,-0.06115928292274475,-0.3114343285560608,-0.06376951932907104,-0.37231695652008057,-0.06419286131858826,-0.43144017457962036,-0.0060021281242370605,-0.2159876823425293,0.0034907162189483643,-0.30566227436065674,0.013540476560592651,-0.36439475417137146,0.01947447657585144,-0.4204689860343933,0.035076528787612915,-0.19309008121490479,0.0641653835773468,-0.25773751735687256,0.08765742182731628,-0.29874175786972046,0.10640338063240051,-0.33950185775756836
0.0,0.0,-0.04881030321121216,-0.008517563343048096,-0.09798425436019897,-0.04822438955307007,-0.12578460574150085,-0.08764970302581787,-0.10927662253379822,-0.1287076473236084,-0.08573973178863525,-0.18666332960128784,-0.11230450868606567,-0.2360060214996338,-0.11785304546356201,-0.20246076583862305,-0.11123478412628174,-0.16143864393234253,-0.04838895797729492,-0.21820884943008423,-0.061665862798690796,-0.31500083208084106,-0.06456124782562256,-0.37618768215179443,-0.06523311138153076,-0.4354831576347351,-0.006890445947647095,-0.21924501657485962,0.0020005106925964355,-0.3101857900619507,0.011980712413787842,-0.3698388338088989,0.017854690551757812,-0.425896018743515,0.03434878587722778,-0.19488781690597534,0.06365358829498291,-0.26030826568603516,0.0876203179359436,-0.30199766159057617,0.10702872276306152,-0.3427969217300415
0.0,0.0,-0.04903271794319153,-0.007952749729156494,-0.09733554720878601,-0.04533785581588745,-0.12529897689819336,-0.08387726545333862,-0.11307811737060547,-0.1250452995300293,-0.08849969506263733,-0.18223607540130615,-0.11663562059402466,-0.23316019773483276,-0.12065541744232178,-0.19869941473007202,-0.11267480254173279,-0.15642517805099487,-0.0500853955745697,-0.21464234590530396,-0.06357383728027344,-0.3123481273651123,-0.06611257791519165,-0.3731873035430908,-0.06656056642532349,-0.43225377798080444,-0.008339911699295044,-0.21684008836746216,0.0012343525886535645,-0.30717015266418457,0.011866509914398193,-0.3661003112792969,0.018118679523468018,-0.42203354835510254,0.03244447708129883,-0.1937296986579895,0.06227529048919678,-0.2574094533920288,0.08617150783538818,-0.29818934202194214,0.10540306568145752,-0.3386029899120331
0.0,0.0,-0.04873138666152954,-0.006623804569244385,-0.09767091274261475,-0.046791136264801025,-0.12479296326637268,-0.08663266897201538,-0.11034616827964783,-0.12921559810638428,-0.08683961629867554,-0.18490231037139893,-0.11399474740028381,-0.23569989204406738,-0.11828747391700745,-0.19992965459823608,-0.11025452613830566,-0.1570720076560974,-0.048269063234329224,-0.21654975414276123,-0.061269938945770264,-0.3149324655532837,-0.06364130973815918,-0.37595587968826294,-0.06393104791641235,-0.43544912338256836,-0.006512552499771118,-0.21789544820785522,0.0037699341773986816,-0.3096834421157837,0.014072716236114502,-0.36883461475372314,0.01988011598587036,-0.42527592182159424,0.03462773561477661,-0.19407737255096436,0.06427174806594849,-0.25904762744903564,0.08798378705978394,-0.3006320595741272,0.10695749521255493,-0.34207141399383545
0.0,0.0,-0.04700291156768799,-0.006494581699371338,-0.09462904930114746,-0.0483400821685791,-0.12187758088111877,-0.08793449401855469,-0.1060575544834137,-0.1267576813697815,-0.08221319317817688,-0.18487155437469482,-0.10928171873092651,-0.23413091897964478,-0.11358198523521423,-0.197218120098114,-0.10537955164909363,-0.1549014449119568,-0.04369804263114929,-0.216111421585083,-0.05686041712760925,-0.3135886788368225,-0.05905398726463318,-0.3741867244243622,-0.05911639332771301,-0.43327927589416504,-0.0018753409385681152,-0.21694844961166382,0.008060067892074585,-0.30842456221580505,0.01852378249168396,-0.36783885955810547,0.024738699197769165,-0.42470720410346985,0.0387251079082489,-0.19316071271896362,0.06917104125022888,-0.25828564167022705,0.09353753924369812,-0.29940593242645264,0.11291107535362244,-0.3402838110923767
0.0,0.0,-0.046974360942840576,-0.008513092994689941,-0.09383365511894226,-0.04865407943725586,-0.12153199315071106,-0.08684772253036499,-0.10637062788009644,-0.1253073811531067,-0.08110949397087097,-0.1853969693183899,-0.10973778367042542,-0.23511618375778198,-0.11603054404258728,-0.19857490062713623,-0.10877981781959534,-0.15544074773788452,-0.0427517294883728,-0.2166498303413391,-0.056605249643325806,-0.3132641017436981,-0.05938771367073059,-0.3743583559989929,-0.06023448705673218,-0.4341105818748474,-0.0014619529247283936,-0.21733087301254272,0.010521560907363892,-0.3080354928970337,0.021746963262557983,-0.3673379421234131,0.02804902195930481,-0.4243207573890686,0.037969738245010376,-0.19320082664489746,0.06898286938667297,-0.2591133713722229,0.0935157835483551,-0.3010055422782898,0.11287447810173035,-0.34265589714050293
0.0,0.0,-0.04781496524810791,-0.00684356689453125,-0.095256507396698,-0.046357929706573486,-0.1225428581237793,-0.0841444730758667,-0.1072709858417511,-0.12344443798065186,-0.08171620965003967,-0.18464964628219604,-0.10934260487556458,-0.23405838012695312,-0.11547550559043884,-0.19612908363342285,-0.10851988196372986,-0.15404140949249268,-0.043039411306381226,-0.21602368354797363,-0.05591440200805664,-0.3133547902107239,-0.05852478742599487,-0.37431973218917847,-0.05913397669792175,-0.43410101532936096,-0.0016252100467681885,-0.21651941537857056,0.00885269045829773,-0.3074548840522766,0.019090503454208374,-0.36685723066329956,0.025037676095962524,-0.4239039421081543,0.03831103444099426,-0.1922418475151062,0.06863459944725037,-0.25793325901031494,0.0930573046207428,-0.29933232069015503,0.11249509453773499,-0.34043627977371216
0.0,0.0,-0.0474417507648468,-0.008012652397155762,-0.0948285460472107,-0.046792447566986084,-0.12207901477813721,-0.08366507291793823,-0.10840702056884766,-0.12444436550140381,-0.08026108145713806,-0.185543954372406,-0.10755649209022522,-0.2323157787322998,-0.1141735315322876,-0.19404971599578857,-0.1080385148525238,-0.1523539423942566,-0.04195252060890198,-0.2157139778137207,-0.055486977100372314,-0.3116950988769531,-0.05847823619842529,-0.37232786417007446,-0.05929937958717346,-0.43264544010162354,-0.0009067058563232422,-0.21539145708084106,0.01069912314414978,-0.30625420808792114,0.021331697702407837,-0.36536353826522827,0.02740815281867981,-0.422576367855072,0.03885117173194885,-0.19054913520812988,0.06935742497444153,-0.25643497705459595,0.09432312846183777,-0.2971634268760681,0.11382606625556946,-0.33806630969047546
0.0,0.0,-0.04695060849189758,-0.010123372077941895,-0.09418526291847229,-0.050858139991760254,-0.12106785178184509,-0.09095346927642822,-0.10304677486419678,-0.12825793027877808,-0.07888573408126831,-0.18657326698303223,-0.10729250311851501,-0.2359069585800171,-0.11314883828163147,-0.20077121257781982,-0.10555228590965271,-0.15864968299865723,-0.040192365646362305,-0.21635311841964722,-0.052639931440353394,-0.31306368112564087,-0.05524793267250061,-0.37397444248199463,-0.055781275033950806,-0.43301814794540405,0.0011211037635803223,-0.2163485288619995,0.013342708349227905,-0.30709367990493774,0.023534268140792847,-0.3661850690841675,0.029181629419326782,-0.42212504148483276,0.040712326765060425,-0.19210362434387207,0.07203701138496399,-0.2576568126678467,0.0969376266002655,-0.29883354902267456,0.11666658520698547,-0.3396221995353699
0.0,0.0,-0.04846450686454773,-0.008295536041259766,-0.09579530358314514,-0.04899722337722778,-0.12338581681251526,-0.08934599161148071,-0.10716909170150757,-0.12967610359191895,-0.08104410767555237,-0.18687790632247925,-0.1087481677532196,-0.23948884010314941,-0.11368873715400696,-0.20208001136779785,-0.1058664619922638,-0.1586841344833374,-0.042444080114364624,-0.21709084510803223,-0.055255353450775146,-0.31504613161087036,-0.05747717618942261,-0.375907301902771,-0.057582199573516846,-0.435951828956604,-0.001501917839050293,-0.21703827381134033,0.010701209306716919,-0.3079240918159485,0.021990031003952026,-0.36725330352783203,0.0289059579372406,-0.4236046075820923,0.03772208094596863,-0.1930050253868103,0.06850478053092957,-0.2593943476676941,0.09379687905311584,-0.3009127378463745,0.113931804895401,-0.3419065475463867
0.0,0.0,-0.04863244295120239,-0.00751572847366333,-0.0967477560043335,-0.04783213138580322,-0.12460994720458984,-0.08921408653259277,-0.11087730526924133,-0.13152939081192017,-0.08514583110809326,-0.18418210744857788,-0.11236068606376648,-0.2375946044921875,-0.11574134230613708,-0.20143342018127441,-0.1068282425403595,-0.15824103355407715,-0.04623207449913025,-0.21638965606689453,-0.05781659483909607,-0.31451717019081116,-0.059632569551467896,-0.3757008910179138,-0.05964827537536621,-0.4352000951766968,-0.004899770021438599,-0.2182897925376892,0.0064393579959869385,-0.30868369340896606,0.016847163438796997,-0.3678308129310608,0.022953063249588013,-0.4240671992301941,0.03517034649848938,-0.19537734985351562,0.06589546799659729,-0.2590227723121643,0.09013351798057556,-0.2993531823158264,0.10961726307868958,-0.33951056003570557
0.0,0.0,-0.04779747128486633,-0.007091403007507324,-0.09714946150779724,-0.04820781946182251,-0.12453961372375488,-0.09001380205154419,-0.10809028148651123,-0.12941789627075195,-0.08427000045776367,-0.18334990739822388,-0.11193916201591492,-0.23610079288482666,-0.11575660109519958,-0.20329445600509644,-0.10728839039802551,-0.16200125217437744,-0.04562261700630188,-0.21496248245239258,-0.05801728367805481,-0.31429004669189453,-0.05963435769081116,-0.3754202723503113,-0.05917581915855408,-0.4342588782310486,-0.004149883985519409,-0.21627134084701538,0.006252557039260864,-0.3078603744506836,0.016631215810775757,-0.36755695939064026,0.022611230611801147,-0.4245607256889343,0.036413997411727905,-0.19282478094100952,0.06622549891471863,-0.2575031518936157,0.09040215611457825,-0.2980803847312927,0.1095220148563385,-0.33845317363739014
0.0,0.0,-0.04826897382736206,-0.00813513994216919,-0.0967351496219635,-0.04913187026977539,-0.12298744916915894,-0.09028381109237671,-0.10562124848365784,-0.13027381896972656,-0.08286741375923157,-0.1848474144935608,-0.1104249358177185,-0.23814243078231812,-0.11473158001899719,-0.20284807682037354,-0.10667625069618225,-0.16020798683166504,-0.043804556131362915,-0.21534305810928345,-0.05637583136558533,-0.31385689973831177,-0.05844154953956604,-0.3747197389602661,-0.05872941017150879,-0.4338192045688629,-0.002339690923690796,-0.2154507040977478,0.008467286825180054,-0.3067912459373474,0.018725067377090454,-0.36634567379951477,0.024401754140853882,-0.4232746660709381,0.03788444399833679,-0.1913210153579712,0.06781753897666931,-0.25685417652130127,0.09167179465293884,-0.2986059784889221,0.11028453707695007,-0.3402325212955475
0.0,0.0,-0.04823780059814453,-0.007657825946807861,-0.09694764018058777,-0.04768216609954834,-0.1233125627040863,-0.08868777751922607,-0.10764214396476746,-0.13002049922943115,-0.0842399001121521,-0.1839326024055481,-0.11101603507995605,-0.23658102750778198,-0.11436951160430908,-0.20483630895614624,-0.1058526337146759,-0.16487056016921997,-0.04520910978317261,-0.2152271270751953,-0.05733880400657654,-0.3130829632282257,-0.05937224626541138,-0.37371647357940674,-0.05952063202857971,-0.4327126741409302,-0.003676861524581909,-0.21626383066177368,0.006417572498321533,-0.30716800689697266,0.016373753547668457,-0.3665911555290222,0.022092342376708984,-0.4228825569152832,0.03720134496688843,-0.19269174337387085,0.0665215253829956,-0.2584170699119568,0.09016209840774536,-0.30019545555114746,0.10901367664337158,-0.3413825035095215
0.0,0.0,-0.04897189140319824,-0.007908403873443604,-0.09835973381996155,-0.04823726415634155,-0.12489244341850281,-0.08853602409362793,-0.10795250535011292,-0.12762999534606934,-0.08467516303062439,-0.18447786569595337,-0.11057409644126892,-0.23542320728302002,-0.11443391442298889,-0.201579749584198,-0.10627609491348267,-0.16113686561584473,-0.04656893014907837,-0.21563059091567993,-0.05904969573020935,-0.31281590461730957,-0.060887664556503296,-0.3737991750240326,-0.06057366728782654,-0.43343645334243774,-0.005267292261123657,-0.21647053956985474,0.004066735506057739,-0.3069741725921631,0.014510184526443481,-0.3661870062351227,0.020763784646987915,-0.4218437671661377,0.03622129559516907,-0.19286388158798218,0.06605371832847595,-0.2580435872077942,0.08996376395225525,-0.29919809103012085,0.10890129208564758,-0.3395436406135559
0.0,0.0,-0.04763215780258179,-0.008531332015991211,-0.09474998712539673,-0.047766804695129395,-0.12156879901885986,-0.08673691749572754,-0.10842785239219666,-0.12733173370361328,-0.08287793397903442,-0.18278706073760986,-0.10909470915794373,-0.2353684902191162,-0.11499336361885071,-0.20230883359909058,-0.10914096236228943,-0.16111218929290771,-0.04441806674003601,-0.21339631080627441,-0.05705076456069946,-0.31090956926345825,-0.05940777063369751,-0.3715999126434326,-0.059714943170547485,-0.43008655309677124,-0.0032792091369628906,-0.21423667669296265,0.006182670593261719,-0.3052016496658325,0.016234397888183594,-0.3645838499069214,0.022263824939727783,-0.4205878973007202,0.037043750286102295,-0.19088530540466309,0.06635260581970215,-0.2563186287879944,0.09025925397872925,-0.29813289642333984,0.10951358079910278,-0.3389149010181427
0.0,0.0,-0.047944575548172,-0.00927048921585083,-0.09658125042915344,-0.04907655715942383,-0.12315866351127625,-0.08878672122955322,-0.10616150498390198,-0.12703293561935425,-0.08156397938728333,-0.18642491102218628,-0.10946401953697205,-0.2377767562866211,-0.11580026149749756,-0.20148450136184692,-0.10935977101325989,-0.1590375304222107,-0.043551474809646606,-0.2165815830230713,-0.056744933128356934,-0.3136066198348999,-0.058748483657836914,-0.37399691343307495,-0.05856779217720032,-0.4327968955039978,-0.0028260350227355957,-0.21634811162948608,0.0079326331615448,-0.30675411224365234,0.019137471914291382,-0.36584705114364624,0.025925427675247192,-0.42176204919815063,0.036846011877059937,-0.1917526125907898,0.06687632203102112,-0.25782763957977295,0.09145346283912659,-0.29920679330825806,0.11102375388145447,-0.33942312002182007
0.0,0.0,-0.04778018593788147,-0.009168863296508789,-0.09574967622756958,-0.0510178804397583,-0.12215647101402283,-0.09188377857208252,-0.10758090019226074,-0.13014435768127441,-0.08067825436592102,-0.1852858066558838,-0.10781341791152954,-0.23639142513275146,-0.114207923412323,-0.20408296585083008,-0.10824143886566162,-0.16359126567840576,-0.04307791590690613,-0.21471381187438965,-0.056550562381744385,-0.3125340938568115,-0.059211522340774536,-0.37325194478034973,-0.05940854549407959,-0.4321957230567932,-0.0023019015789031982,-0.21502816677093506,0.007597923278808594,-0.306526780128479,0.01768559217453003,-0.36615830659866333,0.023317396640777588,-0.4226207733154297,0.03796505928039551,-0.1912757158279419,0.06737369298934937,-0.2576143741607666,0.09132766723632812,-0.2992391586303711,0.1103467345237732,-0.33984705805778503
0.0,0.0,-0.04836592078208923,-0.007571697235107422,-0.09660616517066956,-0.046340346336364746,-0.12330931425094604,-0.08584010601043701,-0.10799393057823181,-0.1254504919052124,-0.08218929171562195,-0.1829737424850464,-0.10897454619407654,-0.233975350856781,-0.11500370502471924,-0.20154112577438354,-0.10860103368759155,-0.16137397289276123,-0.04351702332496643,-0.2134142518043518,-0.05639481544494629,-0.310885488986969,-0.05879524350166321,-0.37066760659217834,-0.05926787853240967,-0.42928558588027954,-0.0020988881587982178,-0.21315330266952515,0.008375197649002075,-0.3041452169418335,0.018683820962905884,-0.36310243606567383,0.024483054876327515,-0.4193550944328308,0.03829959034919739,-0.18834519386291504,0.06780841946601868,-0.25444746017456055,0.09154751896858215,-0.29583656787872314,0.11012068390846252,-0.3370608389377594
0.0,0.0,-0.04930207133293152,-0.006525278091430664,-0.09865134954452515,-0.04602748155593872,-0.12475919723510742,-0.08606541156768799,-0.11098852753639221,-0.12866002321243286,-0.08572480082511902,-0.18141108751296997,-0.11126473546028137,-0.2319941520690918,-0.11367914080619812,-0.19715040922164917,-0.10460302233695984,-0.15697520971298218,-0.047174274921417236,-0.21351253986358643,-0.05935230851173401,-0.3096238374710083,-0.06082025170326233,-0.3693145513534546,-0.0601058304309845,-0.42807430028915405,-0.005939483642578125,-0.21519166231155396,0.0038994252681732178,-0.30436503887176514,0.014332383871078491,-0.36258286237716675,0.020660847425460815,-0.41796207427978516,0.0350513756275177,-0.19225168228149414,0.06512615084648132,-0.2561933398246765,0.08943167328834534,-0.2964913249015808,0.10871383547782898,-0.33653074502944946
0.0,0.0,-0.04923263192176819,-0.006801784038543701,-0.09822407364845276,-0.04623967409133911,-0.12554338574409485,-0.08664679527282715,-0.11394184827804565,-0.13004517555236816,-0.08806195855140686,-0.18242406845092773,-0.1145622730255127,-0.23525458574295044,-0.11658743023872375,-0.2051701545715332,-0.10684990882873535,-0.16627997159957886,-0.0499548614025116,-0.21529293060302734,-0.06247261166572571,-0.3121322989463806,-0.06443086266517639,-0.37239283323287964,-0.06423139572143555,-0.4305223226547241,-0.009086161851882935,-0.21801871061325073,0.00038123130798339844,-0.3076336979866028,0.011052072048187256,-0.36592626571655273,0.01756119728088379,-0.42040663957595825,0.03188920021057129,-0.19571387767791748,0.06150931119918823,-0.2595590353012085,0.08539015054702759,-0.29977989196777344,0.10435736179351807,-0.33896782994270325
0.0,0.0,-0.04886913299560547,-0.008503437042236328,-0.09716445207595825,-0.04851263761520386,-0.12397825717926025,-0.08832067251205444,-0.11020734906196594,-0.12940752506256104,-0.08463054895401001,-0.18425941467285156,-0.11106163263320923,-0.237015962600708,-0.11534416675567627,-0.20231980085372925,-0.10781848430633545,-0.16009271144866943,-0.046039044857025146,-0.21550065279006958,-0.05849456787109375,-0.31229662895202637,-0.061300814151763916,-0.37184131145477295,-0.06232255697250366,-0.42978090047836304,-0.004691183567047119,-0.21687769889831543,0.005077362060546875,-0.30684101581573486,0.014867901802062988,-0.36524876952171326,0.020247936248779297,-0.42046603560447693,0.0358128547668457,-0.1936020851135254,0.06481790542602539,-0.25785398483276367,0.08811020851135254,-0.2990565299987793,0.10659575462341309,-0.3394981026649475
0.0,0.0,-0.048380523920059204,-0.007072865962982178,-0.09625637531280518,-0.04830354452133179,-0.1241043210029602,-0.08823174238204956,-0.1098279356956482,-0.1268763542175293,-0.08302780985832214,-0.18424654006958008,-0.11042118072509766,-0.23685884475708008,-0.11582636833190918,-0.2004539966583252,-0.10892581939697266,-0.15790867805480957,-0.044838666915893555,-0.21505409479141235,-0.058761775493621826,-0.312711238861084,-0.061605602502822876,-0.3726683259010315,-0.06280532479286194,-0.4315640926361084,-0.003740668296813965,-0.21555620431900024,0.0058487653732299805,-0.3062847852706909,0.015554070472717285,-0.3657393455505371,0.020643889904022217,-0.42248910665512085,0.03606170415878296,-0.19197314977645874,0.06524044275283813,-0.25805771350860596,0.08890640735626221,-0.29986339807510376,0.10748124122619629,-0.34138306975364685
0.0,0.0,-0.04857632517814636,-0.008808732032775879,-0.09928339719772339,-0.05013400316238403,-0.13083988428115845,-0.0894213318824768,-0.10980212688446045,-0.12268072366714478,-0.08549058437347412,-0.19029617309570312,-0.11305660009384155,-0.23876947164535522,-0.12031182646751404,-0.2011907696723938,-0.11408498883247375,-0.15754294395446777,-0.048906683921813965,-0.2216593623161316,-0.06479325890541077,-0.31584006547927856,-0.06852471828460693,-0.37736499309539795,-0.06900855898857117,-0.4370497465133667,-0.007158488035202026,-0.2222101092338562,0.0011654496192932129,-0.3134172558784485,0.011044621467590332,-0.37255072593688965,0.017052948474884033,-0.42829427123069763,0.034056127071380615,-0.1975143551826477,0.06422454118728638,-0.2636941075325012,0.08802497386932373,-0.30579549074172974,0.10707306861877441,-0.3475874066352844
