0.0,0.0,0.03660053014755249,-0.01562744379043579,0.08052974939346313,-0.03746676445007324,0.11658775806427002,-0.041416704654693604,0.13970309495925903,-0.0458526611328125,0.056056439876556396,-0.11626583337783813,0.10228228569030762,-0.12758708000183105,0.1344948410987854,-0.12414485216140747,0.15665549039840698,-0.12151622772216797,0.05174607038497925,-0.1119655966758728,0.0959290862083435,-0.11603081226348877,0.1165304183959961,-0.10383486747741699,0.1288345456123352,-0.09864026308059692,0.047186076641082764,-0.10517436265945435,0.08715707063674927,-0.10709589719772339,0.10091787576675415,-0.09734147787094116,0.10527604818344116,-0.09282654523849487,0.03986978530883789,-0.1000819206237793,0.07148027420043945,-0.10100191831588745,0.08585655689239502,-0.09409397840499878,0.09203743934631348,-0.09021037817001343
0.0,0.0,0.038485705852508545,-0.024943649768829346,0.07994359731674194,-0.057577550411224365,0.12421685457229614,-0.07081514596939087,0.15667802095413208,-0.08327710628509521,0.04136151075363159,-0.1409975290298462,0.09950566291809082,-0.15935182571411133,0.13597285747528076,-0.16080188751220703,0.16246193647384644,-0.16028600931167603,0.037731826305389404,-0.13694941997528076,0.0865088701248169,-0.1428079605102539,0.09949439764022827,-0.12091255187988281,0.10226023197174072,-0.10241591930389404,0.039663612842559814,-0.1265352964401245,0.08162695169448853,-0.13258814811706543,0.0911557674407959,-0.11079299449920654,0.09313327074050903,-0.09548157453536987,0.043332040309906006,-0.11489546298980713,0.07702523469924927,-0.12101489305496216,0.08862942457199097,-0.10805457830429077,0.0921204686164856,-0.09709089994430542
0.0,0.0,0.03153163194656372,-0.03136330842971802,0.07038754224777222,-0.07079041004180908,0.11489349603652954,-0.08975964784622192,0.1487789750099182,-0.10495460033416748,0.03481757640838623,-0.1592850387096405,0.09179884195327759,-0.180861234664917,0.12606358528137207,-0.18704810738563538,0.1523212194442749,-0.1937328577041626,0.03843265771865845,-0.14828434586524963,0.0836637020111084,-0.15168294310569763,0.09373319149017334,-0.13094350695610046,0.09963059425354004,-0.118929922580719,0.0451396107673645,-0.1306922435760498,0.08396083116531372,-0.1321800947189331,0.08932226896286011,-0.11301660537719727,0.09174013137817383,-0.10647565126419067,0.05246847867965698,-0.11336725950241089,0.08268487453460693,-0.11857777833938599,0.08845776319503784,-0.10521805286407471,0.08991646766662598,-0.09855568408966064
0.0,0.0,0.02689671516418457,-0.03335416316986084,0.06497234106063843,-0.07360172271728516,0.10917472839355469,-0.09418386220932007,0.143080472946167,-0.10819166898727417,0.030062317848205566,-0.162470281124115,0.08485954999923706,-0.18406525254249573,0.12071609497070312,-0.19208335876464844,0.14974302053451538,-0.1999930739402771,0.03788381814956665,-0.1496894359588623,0.08005785942077637,-0.14793050289154053,0.08697640895843506,-0.1261877715587616,0.08983534574508667,-0.11613816022872925,0.047476887702941895,-0.1293114423751831,0.08446401357650757,-0.12979215383529663,0.0890960693359375,-0.11140629649162292,0.08952033519744873,-0.10460376739501953,0.055614352226257324,-0.11067721247673035,0.08166831731796265,-0.11416944861412048,0.08605027198791504,-0.10027939081192017,0.08586549758911133,-0.0924486517906189
0.0,0.0,0.03163796663284302,-0.03757554292678833,0.0723833441734314,-0.0811305046081543,0.11688029766082764,-0.10313534736633301,0.15237683057785034,-0.116880863904953,0.034078896045684814,-0.16844093799591064,0.0895114541053772,-0.1928327977657318,0.12631440162658691,-0.20088833570480347,0.15511244535446167,-0.207156240940094,0.03949844837188721,-0.15611380338668823,0.08513164520263672,-0.16128021478652954,0.09528183937072754,-0.13859516382217407,0.09818059206008911,-0.12411117553710938,0.04742854833602905,-0.136867493391037,0.08632230758666992,-0.13956457376480103,0.09140431880950928,-0.11862644553184509,0.09030771255493164,-0.1078452467918396,0.05482405424118042,-0.11787000298500061,0.08215832710266113,-0.12200072407722473,0.08752840757369995,-0.10700726509094238,0.08609610795974731,-0.09680265188217163
0.0,0.0,0.03189307451248169,-0.03760558366775513,0.07342714071273804,-0.0804097056388855,0.1188286542892456,-0.10302615165710449,0.15500867366790771,-0.11659878492355347,0.035524189472198486,-0.17063206434249878,0.09203982353210449,-0.19251233339309692,0.1287003755569458,-0.1989191174507141,0.1572892665863037,-0.20343899726867676,0.03982126712799072,-0.15798082947731018,0.08635008335113525,-0.16356664896011353,0.09393376111984253,-0.13670167326927185,0.09299051761627197,-0.11881279945373535,0.04674643278121948,-0.13811728358268738,0.08715313673019409,-0.1419488787651062,0.08997708559036255,-0.1170966625213623,0.08539175987243652,-0.10347098112106323,0.05340653657913208,-0.11818042397499084,0.08239489793777466,-0.12285614013671875,0.0858805775642395,-0.10579383373260498,0.08136671781539917,-0.09442037343978882
0.0,0.0,0.03266251087188721,-0.03230553865432739,0.07477611303329468,-0.07421404123306274,0.12060397863388062,-0.09587621688842773,0.1572515368461609,-0.10664457082748413,0.03405356407165527,-0.16562986373901367,0.09293222427368164,-0.18300628662109375,0.12998366355895996,-0.1863136887550354,0.15891903638839722,-0.18860021233558655,0.03890806436538696,-0.1543598771095276,0.08606374263763428,-0.1546533703804016,0.09215569496154785,-0.1257491409778595,0.09088903665542603,-0.10757642984390259,0.046613991260528564,-0.13432705402374268,0.08843696117401123,-0.1345750093460083,0.09081870317459106,-0.1093980073928833,0.0869796872138977,-0.09671920537948608,0.05372881889343262,-0.11375376582145691,0.08470726013183594,-0.11521998047828674,0.08830976486206055,-0.09834474325180054,0.08474487066268921,-0.08808243274688721
0.0,0.0,0.03289765119552612,-0.03444403409957886,0.07434946298599243,-0.07880473136901855,0.11911755800247192,-0.10024082660675049,0.1545703411102295,-0.11079901456832886,0.03133869171142578,-0.16496193408966064,0.09085792303085327,-0.1788225769996643,0.12774312496185303,-0.1796572506427765,0.1569310426712036,-0.18000811338424683,0.03680527210235596,-0.1513209342956543,0.0837746262550354,-0.15265262126922607,0.09129977226257324,-0.12599429488182068,0.09346520900726318,-0.10987687110900879,0.0449984073638916,-0.12942910194396973,0.08693897724151611,-0.1333024799823761,0.09246903657913208,-0.11230456829071045,0.09323561191558838,-0.10217159986495972,0.05389750003814697,-0.10762256383895874,0.08593511581420898,-0.11153638362884521,0.09103679656982422,-0.096016526222229,0.09027069807052612,-0.0871652364730835
0.0,0.0,0.03297567367553711,-0.03430044651031494,0.07474720478057861,-0.07841229438781738,0.1185956597328186,-0.09835541248321533,0.15351927280426025,-0.10917401313781738,0.033652663230895996,-0.1638077199459076,0.09267973899841309,-0.1754680573940277,0.13006097078323364,-0.17732518911361694,0.1585516333580017,-0.1748814582824707,0.0390663743019104,-0.1500987410545349,0.08899706602096558,-0.15313836932182312,0.10948365926742554,-0.13233014941215515,0.12292367219924927,-0.11444658041000366,0.04675626754760742,-0.1267854869365692,0.09045034646987915,-0.13068994879722595,0.10434246063232422,-0.11396729946136475,0.11252784729003906,-0.1026727557182312,0.05583834648132324,-0.10298764705657959,0.0893436074256897,-0.10802364349365234,0.09846091270446777,-0.09660255908966064,0.10203135013580322,-0.08963513374328613
0.0,0.0,0.034673869609832764,-0.033921003341674805,0.07700622081756592,-0.07917791604995728,0.12099146842956543,-0.10085457563400269,0.15718084573745728,-0.11004072427749634,0.03407692909240723,-0.1662464141845703,0.09352588653564453,-0.17716214060783386,0.13198113441467285,-0.17754554748535156,0.16096073389053345,-0.1726418435573578,0.03909111022949219,-0.1530681848526001,0.09064334630966187,-0.16096585988998413,0.11797595024108887,-0.14545729756355286,0.13793116807937622,-0.12975138425827026,0.046018004417419434,-0.13026615977287292,0.09089416265487671,-0.13669922947883606,0.11137974262237549,-0.12359374761581421,0.12593024969100952,-0.11234939098358154,0.054519057273864746,-0.1065029501914978,0.08929288387298584,-0.11356836557388306,0.10368049144744873,-0.10440492630004883,0.11236578226089478,-0.09679216146469116
0.0,0.0,0.03421735763549805,-0.03641808032989502,0.07564437389373779,-0.0828857421875,0.11902487277984619,-0.10569751262664795,0.1548176407814026,-0.11452829837799072,0.03247523307800293,-0.16883999109268188,0.09297168254852295,-0.1813829243183136,0.13103461265563965,-0.18128278851509094,0.1606365442276001,-0.17761927843093872,0.03654903173446655,-0.15457546710968018,0.08560836315155029,-0.15934568643569946,0.10201209783554077,-0.13547778129577637,0.11108529567718506,-0.1170080304145813,0.04312068223953247,-0.1316540241241455,0.08659636974334717,-0.1369125247001648,0.09862738847732544,-0.11777991056442261,0.1040802001953125,-0.10520362854003906,0.05154311656951904,-0.10814672708511353,0.08340966701507568,-0.11333972215652466,0.09234893321990967,-0.09905111789703369,0.09422999620437622,-0.08913260698318481
0.0,0.0,0.03314054012298584,-0.03726226091384888,0.07500416040420532,-0.08221435546875,0.1189621090888977,-0.10493254661560059,0.154904305934906,-0.11591708660125732,0.035287678241729736,-0.16735604405403137,0.09500235319137573,-0.1796908974647522,0.1337459683418274,-0.18000760674476624,0.16355258226394653,-0.17618468403816223,0.04176652431488037,-0.15117895603179932,0.08986091613769531,-0.16020691394805908,0.1141434907913208,-0.14573222398757935,0.132307231426239,-0.13256213068962097,0.04955404996871948,-0.12706822156906128,0.09225219488143921,-0.13446146249771118,0.11138021945953369,-0.12319362163543701,0.12521815299987793,-0.11379027366638184,0.05905061960220337,-0.10270851850509644,0.0920172929763794,-0.11104077100753784,0.10701000690460205,-0.10264694690704346,0.11616331338882446,-0.09577292203903198
0.0,0.0,0.032680511474609375,-0.03517991304397583,0.07315981388092041,-0.08069902658462524,0.11595231294631958,-0.10342299938201904,0.15084028244018555,-0.1131056547164917,0.03173762559890747,-0.1663968861103058,0.09176534414291382,-0.17875897884368896,0.1299382448196411,-0.17872732877731323,0.1598544716835022,-0.17447081208229065,0.03867650032043457,-0.15136447548866272,0.0873156189918518,-0.16075068712234497,0.10949313640594482,-0.14252647757530212,0.12535834312438965,-0.12660658359527588,0.04666125774383545,-0.12814003229141235,0.08969277143478394,-0.1349199116230011,0.10661858320236206,-0.1204715371131897,0.11795824766159058,-0.1116175651550293,0.05624592304229736,-0.10366320610046387,0.08902806043624878,-0.10976427793502808,0.10153257846832275,-0.09938496351242065,0.10712707042694092,-0.09270477294921875
0.0,0.0,0.03259396553039551,-0.03459113836288452,0.07387411594390869,-0.08147716522216797,0.11739075183868408,-0.10444086790084839,0.1521087884902954,-0.11524152755737305,0.0320780873298645,-0.16783210635185242,0.09286230802536011,-0.17840737104415894,0.13084745407104492,-0.17776933312416077,0.16067218780517578,-0.17431640625,0.03760868310928345,-0.1528169810771942,0.08550262451171875,-0.1567055583000183,0.10276859998703003,-0.13617384433746338,0.11436527967453003,-0.12117522954940796,0.04488188028335571,-0.12982404232025146,0.08813560009002686,-0.1340322494506836,0.10204750299453735,-0.11833256483078003,0.11092406511306763,-0.10963064432144165,0.054115891456604004,-0.10645627975463867,0.08650630712509155,-0.11108565330505371,0.09832137823104858,-0.09921979904174805,0.10329747200012207,-0.09118300676345825
0.0,0.0,0.033111631870269775,-0.038711369037628174,0.07440561056137085,-0.08554321527481079,0.11765944957733154,-0.10815620422363281,0.15294718742370605,-0.11793285608291626,0.03426331281661987,-0.16913431882858276,0.09391617774963379,-0.18286216259002686,0.13208222389221191,-0.1833074688911438,0.16141968965530396,-0.17907977104187012,0.04123663902282715,-0.1519603133201599,0.08968549966812134,-0.16274863481521606,0.1128355860710144,-0.14828169345855713,0.12941861152648926,-0.13510271906852722,0.04976999759674072,-0.1276029348373413,0.09229308366775513,-0.13603150844573975,0.10920548439025879,-0.12309914827346802,0.12064605951309204,-0.1152033805847168,0.05958235263824463,-0.10347551107406616,0.09153914451599121,-0.11230736970901489,0.10447955131530762,-0.10290086269378662,0.1104477047920227,-0.09539937973022461
0.0,0.0,0.03233075141906738,-0.039073288440704346,0.07378113269805908,-0.08500969409942627,0.11730426549911499,-0.10733568668365479,0.15189552307128906,-0.11895394325256348,0.03338479995727539,-0.16882383823394775,0.09196758270263672,-0.1821703314781189,0.12960124015808105,-0.18126451969146729,0.15818864107131958,-0.17701712250709534,0.03947526216506958,-0.15094003081321716,0.08557331562042236,-0.16017630696296692,0.10220569372177124,-0.1431371569633484,0.11182814836502075,-0.1299702525138855,0.047660648822784424,-0.12600350379943848,0.08820068836212158,-0.1339823305606842,0.09961062669754028,-0.11827093362808228,0.1052013635635376,-0.11006927490234375,0.05716085433959961,-0.10201519727706909,0.0874016284942627,-0.11091947555541992,0.09715515375137329,-0.09937429428100586,0.09964215755462646,-0.09108537435531616
0.0,0.0,0.03261202573776245,-0.03994297981262207,0.07343733310699463,-0.08633095026016235,0.1158982515335083,-0.10882681608200073,0.14933186769485474,-0.12095922231674194,0.032252609729766846,-0.1694203019142151,0.09092861413955688,-0.18457838892936707,0.12750786542892456,-0.1823841631412506,0.15580815076828003,-0.17887645959854126,0.037531912326812744,-0.15206801891326904,0.0826805830001831,-0.15831220149993896,0.0906183123588562,-0.13360682129859924,0.09100288152694702,-0.1174502968788147,0.04516571760177612,-0.12910893559455872,0.08525550365447998,-0.1358014941215515,0.08954858779907227,-0.11324280500411987,0.0869409441947937,-0.10370403528213501,0.05372542142868042,-0.10724282264709473,0.08270108699798584,-0.11482906341552734,0.08873319625854492,-0.0994519591331482,0.08580738306045532,-0.09003245830535889
0.0,0.0,0.035277605056762695,-0.04075288772583008,0.07581096887588501,-0.08458274602890015,0.11903303861618042,-0.10537409782409668,0.15420883893966675,-0.11571323871612549,0.03715789318084717,-0.17187842726707458,0.09570926427841187,-0.18443691730499268,0.13212096691131592,-0.1810363233089447,0.15869295597076416,-0.17515134811401367,0.04151254892349243,-0.15443512797355652,0.08971947431564331,-0.16464287042617798,0.1037212610244751,-0.141228586435318,0.10878771543502808,-0.12172776460647583,0.04814910888671875,-0.12907207012176514,0.09058946371078491,-0.13812494277954102,0.09722471237182617,-0.11658632755279541,0.09628850221633911,-0.10408449172973633,0.0561789870262146,-0.10445535182952881,0.08724761009216309,-0.1138615608215332,0.0930945873260498,-0.09942781925201416,0.09123998880386353,-0.09048932790756226
0.0,0.0,0.03643369674682617,-0.03944128751754761,0.07745987176895142,-0.08428758382797241,0.11929702758789062,-0.10719430446624756,0.15386801958084106,-0.11888295412063599,0.0372961163520813,-0.17344218492507935,0.09599745273590088,-0.18363386392593384,0.13300436735153198,-0.1804332435131073,0.1601523756980896,-0.1747286319732666,0.03920435905456543,-0.15693816542625427,0.08775115013122559,-0.16585931181907654,0.10416609048843384,-0.14148110151290894,0.10929036140441895,-0.11997479200363159,0.044356703758239746,-0.13399803638458252,0.08757960796356201,-0.14269709587097168,0.09803223609924316,-0.11865949630737305,0.09940987825393677,-0.10385501384735107,0.05233359336853027,-0.11216521263122559,0.08297044038772583,-0.11887651681900024,0.09253907203674316,-0.10260236263275146,0.09231370687484741,-0.09079873561859131
0.0,0.0,0.03458315134048462,-0.04070413112640381,0.07553941011428833,-0.08479577302932739,0.11844420433044434,-0.10618579387664795,0.15344929695129395,-0.11594969034194946,0.03565835952758789,-0.1733379364013672,0.09457337856292725,-0.18205437064170837,0.13101518154144287,-0.17827314138412476,0.15866172313690186,-0.17295753955841064,0.04022705554962158,-0.15458011627197266,0.08601629734039307,-0.1602593958377838,0.09633815288543701,-0.1357073187828064,0.09790670871734619,-0.11650073528289795,0.047206878662109375,-0.12952762842178345,0.08835333585739136,-0.13539716601371765,0.0939788818359375,-0.11211913824081421,0.0925605297088623,-0.10076719522476196,0.056365370750427246,-0.10566478967666626,0.08586758375167847,-0.1111336350440979,0.09266221523284912,-0.09546071290969849,0.09066683053970337,-0.08561462163925171
0.0,0.0,0.03301215171813965,-0.04104501008987427,0.07445359230041504,-0.08511239290237427,0.11736845970153809,-0.10600250959396362,0.15305083990097046,-0.1162034273147583,0.039243459701538086,-0.17348197102546692,0.09646022319793701,-0.18549305200576782,0.13254934549331665,-0.18233555555343628,0.15933257341384888,-0.17666909098625183,0.042786359786987305,-0.15374484658241272,0.090736985206604,-0.1662905514240265,0.10564661026000977,-0.14291074872016907,0.11091011762619019,-0.12263280153274536,0.04863947629928589,-0.12864738702774048,0.09043216705322266,-0.13900482654571533,0.09740573167800903,-0.11559188365936279,0.09668898582458496,-0.10319352149963379,0.05675065517425537,-0.10526883602142334,0.08550196886062622,-0.11443561315536499,0.09248131513595581,-0.09940415620803833,0.0908997654914856,-0.09053009748458862
0.0,0.0,0.03322172164916992,-0.039872050285339355,0.0746833086013794,-0.08222693204879761,0.11937528848648071,-0.10213512182235718,0.1552404761314392,-0.11152005195617676,0.03802734613418579,-0.17141151428222656,0.09634655714035034,-0.18191367387771606,0.13355392217636108,-0.17831093072891235,0.16128498315811157,-0.17150437831878662,0.04325723648071289,-0.1538127362728119,0.08992189168930054,-0.1643250584602356,0.1063774824142456,-0.14409875869750977,0.11479026079177856,-0.12631794810295105,0.05053305625915527,-0.12910816073417664,0.09162759780883789,-0.13770142197608948,0.1023792028427124,-0.1185559630393982,0.10627293586730957,-0.10633844137191772,0.05981731414794922,-0.10494977235794067,0.08987903594970703,-0.11430829763412476,0.09998178482055664,-0.1019626259803772,0.10232549905776978,-0.0929412841796875
0.0,0.0,0.028571665287017822,-0.040871500968933105,0.06830769777297974,-0.08510845899581909,0.11214858293533325,-0.10561919212341309,0.1472322940826416,-0.11533740162849426,0.03153228759765625,-0.17074406147003174,0.0884699821472168,-0.18230950832366943,0.12467712163925171,-0.18006598949432373,0.15303713083267212,-0.175144225358963,0.039728760719299316,-0.15256550908088684,0.08353722095489502,-0.16297072172164917,0.09683352708816528,-0.1421673595905304,0.10433089733123779,-0.12574249505996704,0.04894387722015381,-0.1277267336845398,0.08789771795272827,-0.13741222023963928,0.09727758169174194,-0.11923092603683472,0.10092401504516602,-0.10910746455192566,0.05920928716659546,-0.10328823328018188,0.0880810022354126,-0.1131041944026947,0.09698748588562012,-0.10054731369018555,0.09820199012756348,-0.09201306104660034
0.0,0.0,0.02845543622970581,-0.04116952419281006,0.06881535053253174,-0.08268183469772339,0.11254602670669556,-0.10155943036079407,0.14732909202575684,-0.1097891628742218,0.03497058153152466,-0.1694936454296112,0.09124517440795898,-0.17763707041740417,0.12757915258407593,-0.17380976676940918,0.15503281354904175,-0.1664937436580658,0.042785048484802246,-0.14866560697555542,0.08783364295959473,-0.15522700548171997,0.10739791393280029,-0.14069417119026184,0.12057685852050781,-0.127169668674469,0.05125117301940918,-0.12186184525489807,0.09034585952758789,-0.12753832340240479,0.10374099016189575,-0.1140318214893341,0.11202257871627808,-0.1050482988357544,0.06081181764602661,-0.0971727967262268,0.08967387676239014,-0.10452219843864441,0.10037291049957275,-0.09455007314682007,0.10472321510314941,-0.08629116415977478
0.0,0.0,0.03001534938812256,-0.04052704572677612,0.07064282894134521,-0.08125817775726318,0.11437791585922241,-0.09718519449234009,0.15003180503845215,-0.10418877005577087,0.03971749544143677,-0.16851601004600525,0.09527665376663208,-0.177168071269989,0.13127410411834717,-0.1732580065727234,0.15814310312271118,-0.16590532660484314,0.04518240690231323,-0.14836591482162476,0.09025752544403076,-0.15947705507278442,0.10801208019256592,-0.14288339018821716,0.11860370635986328,-0.12712246179580688,0.05188918113708496,-0.12241429090499878,0.09052854776382446,-0.13044488430023193,0.10058736801147461,-0.11257314682006836,0.10474419593811035,-0.10201635956764221,0.059969544410705566,-0.0983130931854248,0.08801025152206421,-0.10669070482254028,0.09661620855331421,-0.09500899910926819,0.0977749228477478,-0.0869993269443512
0.0,0.0,0.02618318796157837,-0.04397660493850708,0.0650794506072998,-0.08722555637359619,0.11004537343978882,-0.10439237952232361,0.14495283365249634,-0.11344200372695923,0.03177773952484131,-0.17465433478355408,0.0887371301651001,-0.1838797628879547,0.12400543689727783,-0.17928007245063782,0.15197491645812988,-0.17408445477485657,0.04089927673339844,-0.15452519059181213,0.08509892225265503,-0.15801966190338135,0.09190529584884644,-0.13578292727470398,0.09338212013244629,-0.12199446558952332,0.05079495906829834,-0.12855198979377747,0.09003233909606934,-0.13266891241073608,0.0921432375907898,-0.11163967847824097,0.08913052082061768,-0.10449734330177307,0.060305893421173096,-0.104124516248703,0.08859354257583618,-0.11048325896263123,0.09189599752426147,-0.09635317325592041,0.08732134103775024,-0.08928239345550537
0.0,0.0,0.026161491870880127,-0.04465138912200928,0.06543993949890137,-0.08805981278419495,0.11024349927902222,-0.10755476355552673,0.14510226249694824,-0.11802726984024048,0.031283020973205566,-0.17478296160697937,0.08856403827667236,-0.18623986840248108,0.12394481897354126,-0.18374913930892944,0.15215158462524414,-0.1799207329750061,0.04065591096878052,-0.15604537725448608,0.08530557155609131,-0.16354548931121826,0.09053599834442139,-0.13994482159614563,0.08916187286376953,-0.1235496997833252,0.05073511600494385,-0.13252529501914978,0.09039831161499023,-0.13998949527740479,0.09207284450531006,-0.1167593002319336,0.08719199895858765,-0.10752084851264954,0.06045955419540405,-0.11000049114227295,0.08805376291275024,-0.11791542172431946,0.09226244688034058,-0.10263022780418396,0.0872531533241272,-0.09389635920524597
0.0,0.0,0.028916656970977783,-0.04469156265258789,0.06826996803283691,-0.0879741907119751,0.11273717880249023,-0.10618725419044495,0.14825719594955444,-0.1153232753276825,0.03541529178619385,-0.1755216419696808,0.09221935272216797,-0.18668848276138306,0.12723088264465332,-0.1821998953819275,0.15485817193984985,-0.1774258017539978,0.043369412422180176,-0.1560039222240448,0.08945107460021973,-0.1631767749786377,0.09151196479797363,-0.137393057346344,0.08637386560440063,-0.12084472179412842,0.05210906267166138,-0.13149869441986084,0.09301501512527466,-0.1373824179172516,0.08941489458084106,-0.11247050762176514,0.07946491241455078,-0.10485643148422241,0.05998122692108154,-0.10726672410964966,0.08874565362930298,-0.11448311805725098,0.08865052461624146,-0.09771612286567688,0.07915765047073364,-0.09090104699134827
0.0,0.0,0.028609812259674072,-0.043636322021484375,0.06883221864700317,-0.08500003814697266,0.11409932374954224,-0.10195717215538025,0.15004384517669678,-0.10939499735832214,0.036694347858428955,-0.17161816358566284,0.09225255250930786,-0.18132078647613525,0.12796515226364136,-0.17630508542060852,0.15524804592132568,-0.16793179512023926,0.044829607009887695,-0.151648610830307,0.08939915895462036,-0.1621127426624298,0.10547900199890137,-0.1446046531200409,0.1152496337890625,-0.12796786427497864,0.05351656675338745,-0.1260431706905365,0.09229087829589844,-0.13506710529327393,0.1028439998626709,-0.11829519271850586,0.10819554328918457,-0.10856923460960388,0.06308311223983765,-0.10143926739692688,0.0915449857711792,-0.11100053787231445,0.10078680515289307,-0.0996197760105133,0.10308301448822021,-0.09174466133117676
0.0,0.0,0.026598572731018066,-0.04215371608734131,0.06712853908538818,-0.08272862434387207,0.11264878511428833,-0.09978023171424866,0.14833086729049683,-0.10813486576080322,0.03780335187911987,-0.16972950100898743,0.0934823751449585,-0.18061625957489014,0.1282445192337036,-0.17603299021720886,0.1555626392364502,-0.1681651473045349,0.04723632335662842,-0.1496983766555786,0.09283465147018433,-0.1629754900932312,0.10500609874725342,-0.14181438088417053,0.11125534772872925,-0.12398716807365417,0.05679523944854736,-0.124209463596344,0.09686100482940674,-0.13432621955871582,0.10338026285171509,-0.11392652988433838,0.1042824387550354,-0.10405442118644714,0.06603193283081055,-0.09894081950187683,0.09565979242324829,-0.109710693359375,0.10262477397918701,-0.09654909372329712,0.10147804021835327,-0.08909308910369873
0.0,0.0,0.029547274112701416,-0.04150635004043579,0.07062309980392456,-0.08355659246444702,0.11606049537658691,-0.10123753547668457,0.15229499340057373,-0.11009937524795532,0.03871631622314453,-0.17119601368904114,0.09535574913024902,-0.18203115463256836,0.13110661506652832,-0.1775403618812561,0.1582885980606079,-0.17078542709350586,0.04549020528793335,-0.15343192219734192,0.0910646915435791,-0.16368961334228516,0.09972518682479858,-0.1402846872806549,0.10071128606796265,-0.12187710404396057,0.05349963903427124,-0.1296655833721161,0.09362083673477173,-0.1383216679096222,0.09682661294937134,-0.11554741859436035,0.09316593408584595,-0.10429045557975769,0.061778247356414795,-0.10668447613716125,0.0898216962814331,-0.11624300479888916,0.09415191411972046,-0.10120713710784912,0.09011685848236084,-0.09256535768508911
0.0,0.0,0.03080463409423828,-0.04435312747955322,0.07217127084732056,-0.08773988485336304,0.11609476804733276,-0.10494104027748108,0.15100663900375366,-0.11365985870361328,0.03744155168533325,-0.17507106065750122,0.09382283687591553,-0.18483665585517883,0.1294853687286377,-0.17913490533828735,0.15650999546051025,-0.1719115972518921,0.0429534912109375,-0.15543898940086365,0.08905917406082153,-0.16543930768966675,0.09589874744415283,-0.13928675651550293,0.09331977367401123,-0.1187344491481781,0.050409674644470215,-0.13092976808547974,0.09167355298995972,-0.13993990421295166,0.09316956996917725,-0.11383455991744995,0.0864134430885315,-0.10177165269851685,0.05880469083786011,-0.10766178369522095,0.0871087908744812,-0.11502039432525635,0.09044933319091797,-0.09799814224243164,0.08395278453826904,-0.08842301368713379
0.0,0.0,0.02699989080429077,-0.043605923652648926,0.06703877449035645,-0.08587640523910522,0.11205840110778809,-0.10334286093711853,0.14781206846237183,-0.11141648888587952,0.03503310680389404,-0.17403239011764526,0.09129774570465088,-0.18339887261390686,0.12671422958374023,-0.1772146224975586,0.15446561574935913,-0.16889408230781555,0.04373204708099365,-0.15421736240386963,0.08834975957870483,-0.16349971294403076,0.09725069999694824,-0.14076560735702515,0.09943610429763794,-0.12261590361595154,0.053038060665130615,-0.12929502129554749,0.0928526520729065,-0.13718196749687195,0.09735679626464844,-0.1153181791305542,0.09572017192840576,-0.10550308227539062,0.06292223930358887,-0.10528251528739929,0.09076172113418579,-0.1135377585887909,0.09643471240997314,-0.09906274080276489,0.09367603063583374,-0.09071838855743408
0.0,0.0,0.028150856494903564,-0.04405432939529419,0.06878489255905151,-0.08644330501556396,0.11303812265396118,-0.10321182012557983,0.14777052402496338,-0.11158478260040283,0.03621053695678711,-0.1741049885749817,0.09269976615905762,-0.1836775243282318,0.1278979778289795,-0.17603930830955505,0.15524601936340332,-0.1666889190673828,0.04437607526779175,-0.15327531099319458,0.08900761604309082,-0.16375994682312012,0.09490013122558594,-0.13949069380760193,0.09308725595474243,-0.12077981233596802,0.05369383096694946,-0.12814244627952576,0.09369492530822754,-0.13718825578689575,0.09504210948944092,-0.1124354898929596,0.0897703766822815,-0.1027294397354126,0.06329977512359619,-0.10434514284133911,0.09087854623794556,-0.11225008964538574,0.09529483318328857,-0.09697389602661133,0.09053540229797363,-0.08856791257858276
0.0,0.0,0.028085708618164062,-0.04460078477859497,0.06810659170150757,-0.08617544174194336,0.11198949813842773,-0.10288345813751221,0.1473345160484314,-0.10989940166473389,0.037093162536621094,-0.1743108630180359,0.09275567531585693,-0.18271073698997498,0.12789541482925415,-0.17557048797607422,0.15549099445343018,-0.16660675406455994,0.044771552085876465,-0.1514812707901001,0.08910375833511353,-0.16476747393608093,0.09500241279602051,-0.1401214599609375,0.092654287815094,-0.11960065364837646,0.05408090353012085,-0.12562114000320435,0.09350985288619995,-0.13650304079055786,0.09444886445999146,-0.11120569705963135,0.08907616138458252,-0.10197693109512329,0.06398779153823853,-0.10158157348632812,0.09133607149124146,-0.11041980981826782,0.0955166220664978,-0.09514468908309937,0.09081888198852539,-0.08792930841445923
0.0,0.0,0.02765679359436035,-0.04440730810165405,0.06876534223556519,-0.08700424432754517,0.11377990245819092,-0.1031503677368164,0.14921414852142334,-0.11107245087623596,0.03743773698806763,-0.17541220784187317,0.09475022554397583,-0.18404972553253174,0.12989592552185059,-0.1769636869430542,0.15732145309448242,-0.16818702220916748,0.04516184329986572,-0.15264323353767395,0.09072345495223999,-0.1631040871143341,0.09701722860336304,-0.13874396681785583,0.09582740068435669,-0.12039324641227722,0.05415374040603638,-0.1263410449028015,0.09456706047058105,-0.13560310006141663,0.09593075513839722,-0.11107277870178223,0.09120827913284302,-0.10275232791900635,0.06362217664718628,-0.10212713479995728,0.0920979380607605,-0.11074000597000122,0.09681802988052368,-0.09571641683578491,0.09229189157485962,-0.08867347240447998
0.0,0.0,0.02834540605545044,-0.042932748794555664,0.06895917654037476,-0.08540868759155273,0.11337542533874512,-0.10310864448547363,0.148847758769989,-0.11124846339225769,0.03724789619445801,-0.17442184686660767,0.09437459707260132,-0.18358612060546875,0.129935622215271,-0.1778980791568756,0.1576358675956726,-0.17135658860206604,0.043968796730041504,-0.15493449568748474,0.08989942073822021,-0.1642661988735199,0.09413713216781616,-0.13769009709358215,0.08949649333953857,-0.11890557408332825,0.05249208211898804,-0.13133826851844788,0.09303981065750122,-0.13874468207359314,0.09226036071777344,-0.1110801100730896,0.08442968130111694,-0.10132074356079102,0.06145113706588745,-0.10891246795654297,0.08886462450027466,-0.11480444669723511,0.09220266342163086,-0.09816169738769531,0.08522981405258179,-0.09024196863174438
0.0,0.0,0.027587711811065674,-0.04137164354324341,0.06850379705429077,-0.08338087797164917,0.11341053247451782,-0.09898698329925537,0.14886623620986938,-0.10589370131492615,0.03790825605392456,-0.17033934593200684,0.09537011384963989,-0.17821800708770752,0.13132750988006592,-0.1748572587966919,0.15948843955993652,-0.16977137327194214,0.046281278133392334,-0.15009981393814087,0.09077411890029907,-0.15774577856063843,0.09817463159561157,-0.13406985998153687,0.09877777099609375,-0.1170983612537384,0.05532807111740112,-0.12439483404159546,0.09456777572631836,-0.13080236315727234,0.09689724445343018,-0.10702314972877502,0.0934482216835022,-0.09765869379043579,0.06469529867172241,-0.09937155246734619,0.0921129584312439,-0.10568517446517944,0.09669661521911621,-0.09121417999267578,0.09252530336380005,-0.08377271890640259
0.0,0.0,0.0258367657661438,-0.04430675506591797,0.06641101837158203,-0.08608925342559814,0.11272752285003662,-0.1028091311454773,0.14861690998077393,-0.11214113235473633,0.0383111834526062,-0.1737859845161438,0.09624898433685303,-0.18337038159370422,0.13222306966781616,-0.17948207259178162,0.16076654195785522,-0.1761055588722229,0.04723191261291504,-0.15408900380134583,0.09245532751083374,-0.15774229168891907,0.09545367956161499,-0.13365259766578674,0.09144127368927002,-0.11954373121261597,0.056642234325408936,-0.12957483530044556,0.09644979238510132,-0.13345542550086975,0.09497255086898804,-0.1094561219215393,0.08722859621047974,-0.10164165496826172,0.0650668740272522,-0.106964111328125,0.09296935796737671,-0.11304628849029541,0.09492391347885132,-0.09718507528305054,0.08790630102157593,-0.08941435813903809
0.0,0.0,0.026124656200408936,-0.04159724712371826,0.06639677286148071,-0.08321458101272583,0.11253988742828369,-0.10014832019805908,0.1490093469619751,-0.10806751251220703,0.03769344091415405,-0.17159157991409302,0.09635162353515625,-0.17984411120414734,0.132432758808136,-0.17661458253860474,0.16127747297286987,-0.17294782400131226,0.04693073034286499,-0.1528979241847992,0.09304791688919067,-0.15813320875167847,0.09826904535293579,-0.13243761658668518,0.0968625545501709,-0.11567121744155884,0.056396305561065674,-0.1287175714969635,0.09681504964828491,-0.13194605708122253,0.09738719463348389,-0.10700768232345581,0.09227818250656128,-0.09844851493835449,0.06498843431472778,-0.10480910539627075,0.09440529346466064,-0.10949105024337769,0.09840863943099976,-0.09315633773803711,0.0933113694190979,-0.0851982831954956
0.0,0.0,0.027720212936401367,-0.04050326347351074,0.06912672519683838,-0.08238756656646729,0.11417579650878906,-0.09846383333206177,0.14983385801315308,-0.10474634170532227,0.038605451583862305,-0.17126494646072388,0.09677892923355103,-0.17783737182617188,0.13260090351104736,-0.1712397336959839,0.16073906421661377,-0.1638679802417755,0.045460283756256104,-0.15235978364944458,0.0907089114189148,-0.15877848863601685,0.09668254852294922,-0.1323370337486267,0.09514546394348145,-0.11322438716888428,0.05377084016799927,-0.12818998098373413,0.09385275840759277,-0.13359639048576355,0.0955209732055664,-0.10778224468231201,0.09109830856323242,-0.09692031145095825,0.06311202049255371,-0.10471731424331665,0.09048938751220703,-0.11002260446548462,0.09550058841705322,-0.0939716100692749,0.09122705459594727,-0.08491635322570801
0.0,0.0,0.02835690975189209,-0.04131209850311279,0.06994760036468506,-0.08325827121734619,0.11444169282913208,-0.09867775440216064,0.14920520782470703,-0.10611361265182495,0.03987526893615723,-0.17221564054489136,0.09805315732955933,-0.17733091115951538,0.13345634937286377,-0.1709856390953064,0.16175061464309692,-0.16456469893455505,0.04694479703903198,-0.15187501907348633,0.09259271621704102,-0.15546837449073792,0.0970602035522461,-0.1291317641735077,0.09440720081329346,-0.112063467502594,0.055130720138549805,-0.12674298882484436,0.09522950649261475,-0.1302039623260498,0.09520232677459717,-0.10448557138442993,0.08903652429580688,-0.09593355655670166,0.06346851587295532,-0.1029200553894043,0.09082633256912231,-0.10676497220993042,0.09402269124984741,-0.09049838781356812,0.08736664056777954,-0.08239859342575073
0.0,0.0,0.02895057201385498,-0.04000312089920044,0.07036179304122925,-0.08101189136505127,0.1145169734954834,-0.09602397680282593,0.14919203519821167,-0.10225993394851685,0.03838181495666504,-0.16876721382141113,0.0950171947479248,-0.17480039596557617,0.13076168298721313,-0.16893380880355835,0.15851467847824097,-0.16080081462860107,0.04544335603713989,-0.15020477771759033,0.08997988700866699,-0.1591377854347229,0.09927487373352051,-0.13474208116531372,0.10115683078765869,-0.11527523398399353,0.05334848165512085,-0.12563487887382507,0.092640221118927,-0.13299551606178284,0.09708559513092041,-0.10913929343223572,0.09528565406799316,-0.09809237718582153,0.0625343918800354,-0.10093820095062256,0.09004688262939453,-0.10818815231323242,0.09547322988510132,-0.09320896863937378,0.09224158525466919,-0.08514147996902466
0.0,0.0,0.02661895751953125,-0.04064977169036865,0.06772905588150024,-0.08103299140930176,0.11295521259307861,-0.09546434879302979,0.1482500433921814,-0.10216468572616577,0.03864675760269165,-0.16963982582092285,0.09566676616668701,-0.17539942264556885,0.13166654109954834,-0.1678069829940796,0.15923207998275757,-0.15805798768997192,0.046852171421051025,-0.14965519309043884,0.09268522262573242,-0.15952444076538086,0.10262560844421387,-0.13543233275413513,0.10516321659088135,-0.11723703145980835,0.055672526359558105,-0.12417140603065491,0.09586572647094727,-0.13125276565551758,0.09927362203598022,-0.10779199004173279,0.09687894582748413,-0.09831017255783081,0.06510025262832642,-0.09949219226837158,0.0933876633644104,-0.10641399025917053,0.0978664755821228,-0.09167468547821045,0.09422463178634644,-0.08474552631378174
0.0,0.0,0.028429746627807617,-0.044138431549072266,0.06991356611251831,-0.08487606048583984,0.11403882503509521,-0.09854817390441895,0.14949756860733032,-0.1049533486366272,0.039302945137023926,-0.17164742946624756,0.09525716304779053,-0.17476525902748108,0.1310659646987915,-0.16616329550743103,0.15886878967285156,-0.15512195229530334,0.0459820032119751,-0.14915898442268372,0.0904502272605896,-0.15895700454711914,0.10421502590179443,-0.13921597599983215,0.11063450574874878,-0.12153321504592896,0.05389887094497681,-0.12194016575813293,0.09326028823852539,-0.1292215883731842,0.10090750455856323,-0.10907566547393799,0.10327398777008057,-0.10008072853088379,0.06435471773147583,-0.0965222716331482,0.09275323152542114,-0.10315603017807007,0.10096240043640137,-0.09078997373580933,0.10190385580062866,-0.08461904525756836
0.0,0.0,0.02781122922897339,-0.04190129041671753,0.06889551877975464,-0.0823025107383728,0.11280930042266846,-0.0957491397857666,0.14751523733139038,-0.10259467363357544,0.03753054141998291,-0.17023193836212158,0.0937090516090393,-0.1720450520515442,0.1297435760498047,-0.16277915239334106,0.15682125091552734,-0.15118026733398438,0.04513204097747803,-0.14780226349830627,0.08996200561523438,-0.15813419222831726,0.10199016332626343,-0.13667184114456177,0.10567635297775269,-0.11857438087463379,0.053856611251831055,-0.11976766586303711,0.09296023845672607,-0.1277737319469452,0.0971880555152893,-0.10537207126617432,0.09544414281845093,-0.09563004970550537,0.06428879499435425,-0.09381610155105591,0.09169083833694458,-0.10031402111053467,0.0959358811378479,-0.08683234453201294,0.09255427122116089,-0.0807727575302124
0.0,0.0,0.026266276836395264,-0.04138040542602539,0.06714868545532227,-0.08339834213256836,0.11189192533493042,-0.09751361608505249,0.14614540338516235,-0.10490596294403076,0.036105573177337646,-0.1717868149280548,0.09353452920913696,-0.17483997344970703,0.1295614242553711,-0.163970947265625,0.15745031833648682,-0.1522718369960785,0.044375061988830566,-0.15029415488243103,0.08906811475753784,-0.15894165635108948,0.0961948037147522,-0.1335306465625763,0.0960579514503479,-0.1145639419555664,0.053605735301971436,-0.12355515360832214,0.09291207790374756,-0.13061675429344177,0.09438490867614746,-0.10565173625946045,0.09047448635101318,-0.09648698568344116,0.06397056579589844,-0.09819012880325317,0.09186285734176636,-0.10386389493942261,0.09488296508789062,-0.0886986255645752,0.09004098176956177,-0.08223652839660645
0.0,0.0,0.027420520782470703,-0.041229426860809326,0.06831210851669312,-0.08283054828643799,0.1124652624130249,-0.09634131193161011,0.14725881814956665,-0.10366719961166382,0.03766441345214844,-0.16978314518928528,0.09473001956939697,-0.17363369464874268,0.13002467155456543,-0.16322100162506104,0.15708613395690918,-0.15128490328788757,0.043551504611968994,-0.14915558695793152,0.08985978364944458,-0.15980130434036255,0.10061478614807129,-0.13572508096694946,0.10328537225723267,-0.11562231183052063,0.05132770538330078,-0.12341883778572083,0.09216076135635376,-0.1316562294960022,0.09709972143173218,-0.10757160186767578,0.09619492292404175,-0.09765100479125977,0.06183755397796631,-0.09908074140548706,0.09039807319641113,-0.1046983003616333,0.09610456228256226,-0.0901787281036377,0.09416711330413818,-0.08383119106292725
0.0,0.0,0.0275346040725708,-0.044819533824920654,0.06823939085006714,-0.08640551567077637,0.11222314834594727,-0.09991955757141113,0.14683616161346436,-0.10794997215270996,0.037460505962371826,-0.17619195580482483,0.09531652927398682,-0.17711806297302246,0.13064002990722656,-0.16545021533966064,0.15854668617248535,-0.15570008754730225,0.044172585010528564,-0.15391841530799866,0.09069228172302246,-0.15850800275802612,0.09316056966781616,-0.1325456202030182,0.08689999580383301,-0.11681029200553894,0.052740633487701416,-0.12724831700325012,0.09385788440704346,-0.1309356689453125,0.0893697738647461,-0.1037219762802124,0.07916617393493652,-0.09806698560714722,0.06230330467224121,-0.10299986600875854,0.08967691659927368,-0.10573101043701172,0.08953660726547241,-0.08966553211212158,0.08042532205581665,-0.08520376682281494
0.0,0.0,0.02691704034805298,-0.04189789295196533,0.06811654567718506,-0.08240574598312378,0.11189812421798706,-0.0963025689125061,0.14650845527648926,-0.1030130386352539,0.038625478744506836,-0.17143067717552185,0.09487450122833252,-0.173721581697464,0.13027632236480713,-0.1667117476463318,0.15865939855575562,-0.1579921841621399,0.04584687948226929,-0.15013384819030762,0.09094631671905518,-0.15913674235343933,0.09934860467910767,-0.1347564458847046,0.10094618797302246,-0.11531132459640503,0.05424094200134277,-0.1240529716014862,0.09440916776657104,-0.13217860460281372,0.09856456518173218,-0.10873538255691528,0.09736192226409912,-0.09924030303955078,0.06435441970825195,-0.09923696517944336,0.0924522876739502,-0.1064143180847168,0.09856963157653809,-0.09249228239059448,0.09673357009887695,-0.08628135919570923
0.0,0.0,0.0257265567779541,-0.042426347732543945,0.0661858320236206,-0.0837247371673584,0.11058640480041504,-0.09697633981704712,0.145460307598114,-0.10345321893692017,0.03770411014556885,-0.17227435111999512,0.09454905986785889,-0.17400279641151428,0.13007891178131104,-0.1656152606010437,0.1585182547569275,-0.1567559540271759,0.04491913318634033,-0.14966776967048645,0.0901186466217041,-0.15553143620491028,0.09857147932052612,-0.13192960619926453,0.1000981330871582,-0.11528593301773071,0.05310732126235962,-0.12270215153694153,0.092532217502594,-0.1270662546157837,0.09532767534255981,-0.10376399755477905,0.09350347518920898,-0.09665572643280029,0.06330186128616333,-0.09809988737106323,0.09077519178390503,-0.10224252939224243,0.09621614217758179,-0.08795666694641113,0.0939551591873169,-0.08226978778839111
0.0,0.0,0.02567470073699951,-0.04487234354019165,0.06682056188583374,-0.08495032787322998,0.11262214183807373,-0.09856361150741577,0.14840340614318848,-0.10537678003311157,0.04080289602279663,-0.17290955781936646,0.09843844175338745,-0.17645666003227234,0.13434898853302002,-0.17191383242607117,0.1635391116142273,-0.1670565903186798,0.049909114837646484,-0.15121498703956604,0.09539854526519775,-0.1558060348033905,0.09978973865509033,-0.13242071866989136,0.09835129976272583,-0.11711961030960083,0.05914771556854248,-0.12493595480918884,0.09916317462921143,-0.12965545058250427,0.09938240051269531,-0.10709363222122192,0.09475201368331909,-0.10053157806396484,0.06836837530136108,-0.09980583190917969,0.09699970483779907,-0.10636377334594727,0.10135501623153687,-0.09226834774017334,0.09725868701934814,-0.08665376901626587
0.0,0.0,0.027236878871917725,-0.04323732852935791,0.06886619329452515,-0.08374530076980591,0.115145742893219,-0.0987042784690857,0.15159010887145996,-0.10503965616226196,0.04310965538024902,-0.171330988407135,0.10235416889190674,-0.17651045322418213,0.13877105712890625,-0.17346325516700745,0.16842037439346313,-0.17102187871932983,0.051970601081848145,-0.15055856108665466,0.09773391485214233,-0.15153655409812927,0.0987129807472229,-0.12637242674827576,0.0930948257446289,-0.11232781410217285,0.06131863594055176,-0.12521880865097046,0.1014133095741272,-0.1265360414981842,0.09896588325500488,-0.1020311713218689,0.09135746955871582,-0.09588742256164551,0.07015073299407959,-0.10116297006607056,0.09784442186355591,-0.10441988706588745,0.10076022148132324,-0.08841997385025024,0.09483468532562256,-0.08130663633346558
0.0,0.0,0.026976466178894043,-0.0447690486907959,0.06942594051361084,-0.08641350269317627,0.11537659168243408,-0.09976404905319214,0.15119612216949463,-0.10730212926864624,0.0424770712852478,-0.17383038997650146,0.10238677263259888,-0.1768474578857422,0.13918358087539673,-0.17226743698120117,0.1695137619972229,-0.16964668035507202,0.05023151636123657,-0.15207979083061218,0.09612274169921875,-0.14978572726249695,0.09825664758682251,-0.12432491779327393,0.09385186433792114,-0.11210519075393677,0.05867815017700195,-0.1258888840675354,0.09911191463470459,-0.1250937581062317,0.09747612476348877,-0.10081970691680908,0.09061062335968018,-0.09645318984985352,0.06765609979629517,-0.10182029008865356,0.0951303243637085,-0.10364019870758057,0.09773796796798706,-0.08769470453262329,0.09152638912200928,-0.08213752508163452
0.0,0.0,0.02883535623550415,-0.04453188180923462,0.07081478834152222,-0.08771717548370361,0.11630839109420776,-0.10297584533691406,0.15209895372390747,-0.11334103345870972,0.04418611526489258,-0.17734915018081665,0.10476988554000854,-0.1812863051891327,0.1410316824913025,-0.17662671208381653,0.17055702209472656,-0.17598247528076172,0.05010426044464111,-0.15681791305541992,0.09909766912460327,-0.1538681983947754,0.0966680645942688,-0.12501752376556396,0.08582466840744019,-0.1147717833518982,0.057944655418395996,-0.1314951777458191,0.10110801458358765,-0.12879127264022827,0.09183114767074585,-0.10008090734481812,0.07693666219711304,-0.0983659029006958,0.06594562530517578,-0.10828357934951782,0.09437024593353271,-0.10746318101882935,0.09132528305053711,-0.08907341957092285,0.07826882600784302,-0.08563506603240967
0.0,0.0,0.028214097023010254,-0.0444103479385376,0.07035708427429199,-0.08758348226547241,0.11486780643463135,-0.1027376651763916,0.1503937840461731,-0.11300003528594971,0.04427915811538696,-0.17724370956420898,0.10413044691085815,-0.17951422929763794,0.14052128791809082,-0.17407304048538208,0.1708936095237732,-0.17239224910736084,0.0508844256401062,-0.15517818927764893,0.09851270914077759,-0.15372321009635925,0.09664708375930786,-0.12581926584243774,0.08654278516769409,-0.11514818668365479,0.05909842252731323,-0.12917757034301758,0.10115081071853638,-0.12869304418563843,0.09339261054992676,-0.10070222616195679,0.07995361089706421,-0.09894800186157227,0.06784909963607788,-0.1061740517616272,0.09455478191375732,-0.10640126466751099,0.09304118156433105,-0.08921068906784058,0.0814734697341919,-0.08606493473052979
0.0,0.0,0.02865004539489746,-0.04380679130554199,0.07089531421661377,-0.08716726303100586,0.11554193496704102,-0.10428798198699951,0.15095961093902588,-0.11612027883529663,0.04404115676879883,-0.1754581332206726,0.10370546579360962,-0.17984390258789062,0.14040303230285645,-0.1738928258419037,0.1706135869026184,-0.17103731632232666,0.05088132619857788,-0.1574358344078064,0.09854632616043091,-0.15399694442749023,0.09894472360610962,-0.12587642669677734,0.0910307765007019,-0.11511421203613281,0.058683812618255615,-0.13402950763702393,0.10047197341918945,-0.1303853988647461,0.09388965368270874,-0.10295343399047852,0.08139908313751221,-0.10017389059066772,0.06692475080490112,-0.111797034740448,0.09469997882843018,-0.11098957061767578,0.09425210952758789,-0.09292256832122803,0.08425259590148926,-0.0881810188293457
0.0,0.0,0.028267383575439453,-0.04256629943847656,0.06903767585754395,-0.08436316251754761,0.11367988586425781,-0.10187947750091553,0.14848148822784424,-0.11511915922164917,0.04417902231216431,-0.17142242193222046,0.10338211059570312,-0.17840003967285156,0.139731764793396,-0.17294812202453613,0.16848242282867432,-0.16966363787651062,0.050676822662353516,-0.15557950735092163,0.09937387704849243,-0.1552295982837677,0.10231262445449829,-0.12803632020950317,0.09610354900360107,-0.11599957942962646,0.05830419063568115,-0.13356447219848633,0.10123151540756226,-0.1313459277153015,0.09658265113830566,-0.10459303855895996,0.08541113138198853,-0.09958243370056152,0.06622487306594849,-0.11137944459915161,0.09565126895904541,-0.11176782846450806,0.09655261039733887,-0.09384727478027344,0.08786898851394653,-0.0873449444770813
0.0,0.0,0.02998596429824829,-0.04283255338668823,0.07201629877090454,-0.08638828992843628,0.11596888303756714,-0.10494154691696167,0.15037798881530762,-0.1204802393913269,0.04516887664794922,-0.17504647374153137,0.10445314645767212,-0.18133127689361572,0.14047956466674805,-0.1752527952194214,0.16956758499145508,-0.17366647720336914,0.04957038164138794,-0.15618687868118286,0.09881728887557983,-0.1544363796710968,0.09655463695526123,-0.12671977281570435,0.08487516641616821,-0.11694437265396118,0.05603867769241333,-0.1326846480369568,0.099845290184021,-0.12944555282592773,0.0907244086265564,-0.10152524709701538,0.07545983791351318,-0.09994226694107056,0.06300622224807739,-0.11118698120117188,0.09178417921066284,-0.1094977855682373,0.08886921405792236,-0.09097886085510254,0.07616227865219116,-0.08711373805999756
0.0,0.0,0.02748095989227295,-0.04468637704849243,0.06802493333816528,-0.08741050958633423,0.11154162883758545,-0.10678845643997192,0.14662474393844604,-0.12101215124130249,0.04196274280548096,-0.17450037598609924,0.10047537088394165,-0.1805376410484314,0.13698333501815796,-0.1760612428188324,0.16664069890975952,-0.17419996857643127,0.049975454807281494,-0.15416410565376282,0.0975039005279541,-0.15421169996261597,0.097042977809906,-0.12680643796920776,0.08790194988250732,-0.11464083194732666,0.05886399745941162,-0.12929970026016235,0.10033154487609863,-0.12831848859786987,0.09351277351379395,-0.10189980268478394,0.08048635721206665,-0.0991021990776062,0.06731081008911133,-0.10579591989517212,0.09533149003982544,-0.10729897022247314,0.09408199787139893,-0.09021013975143433,0.08282291889190674,-0.08561205863952637
0.0,0.0,0.02607131004333496,-0.04191887378692627,0.06623852252960205,-0.08313679695129395,0.11092722415924072,-0.10103017091751099,0.14560413360595703,-0.113552987575531,0.04001551866531372,-0.16894304752349854,0.09745281934738159,-0.1764524281024933,0.1344115138053894,-0.17227181792259216,0.16424965858459473,-0.168016254901886,0.04919874668121338,-0.14973759651184082,0.09485822916030884,-0.15557140111923218,0.09986966848373413,-0.13233640789985657,0.09845560789108276,-0.11899536848068237,0.05858892202377319,-0.1255360245704651,0.0992022156715393,-0.12928450107574463,0.09910386800765991,-0.10736113786697388,0.09362673759460449,-0.10158097743988037,0.06819963455200195,-0.10175776481628418,0.09728604555130005,-0.10717737674713135,0.10043197870254517,-0.09222620725631714,0.09518563747406006,-0.08598053455352783
0.0,0.0,0.028171837329864502,-0.04210531711578369,0.07021886110305786,-0.08578139543533325,0.11466610431671143,-0.10417044162750244,0.1498308777809143,-0.11856627464294434,0.04370635747909546,-0.1734025478363037,0.1025969386100769,-0.1801225244998932,0.13909614086151123,-0.17506486177444458,0.16867303848266602,-0.17255747318267822,0.050074875354766846,-0.15378010272979736,0.09764480590820312,-0.15187367796897888,0.09555023908615112,-0.12343025207519531,0.08463692665100098,-0.1115463376045227,0.05752640962600708,-0.1295580267906189,0.0997234582901001,-0.12704336643218994,0.09200364351272583,-0.09935373067855835,0.07813936471939087,-0.0963183045387268,0.06516355276107788,-0.10677635669708252,0.0931401252746582,-0.10550862550735474,0.09134054183959961,-0.08701872825622559,0.07964944839477539,-0.0821041464805603
0.0,0.0,0.028579533100128174,-0.04316818714141846,0.07025784254074097,-0.08609545230865479,0.11452770233154297,-0.10391730070114136,0.14951103925704956,-0.11801224946975708,0.04337430000305176,-0.17597046494483948,0.10250306129455566,-0.18093526363372803,0.13926339149475098,-0.17418277263641357,0.16883355379104614,-0.17050126194953918,0.04977601766586304,-0.15726420283317566,0.099465012550354,-0.15829068422317505,0.09946227073669434,-0.1293010115623474,0.09003293514251709,-0.11645489931106567,0.057578980922698975,-0.13342821598052979,0.10164427757263184,-0.13256001472473145,0.09459978342056274,-0.10410767793655396,0.08106637001037598,-0.10006201267242432,0.06595999002456665,-0.11044389009475708,0.09496098756790161,-0.1104581356048584,0.09391939640045166,-0.09234857559204102,0.08278948068618774,-0.08745282888412476
0.0,0.0,0.029336929321289062,-0.0433504581451416,0.07114279270172119,-0.08691972494125366,0.1149645447731018,-0.10597705841064453,0.15011733770370483,-0.12088757753372192,0.04431062936782837,-0.17718973755836487,0.10346823930740356,-0.18186473846435547,0.1405072808265686,-0.17632469534873962,0.17075586318969727,-0.17387014627456665,0.0500447154045105,-0.15904152393341064,0.09806203842163086,-0.15823405981063843,0.09622353315353394,-0.12920552492141724,0.08544719219207764,-0.11714327335357666,0.057209134101867676,-0.13618707656860352,0.100155770778656,-0.1340739130973816,0.0919562578201294,-0.10555946826934814,0.07787072658538818,-0.10190165042877197,0.06494152545928955,-0.11433202028274536,0.09279090166091919,-0.11322027444839478,0.09125465154647827,-0.09453761577606201,0.07991844415664673,-0.0896996259689331
0.0,0.0,0.027840256690979004,-0.04330718517303467,0.06867784261703491,-0.08636897802352905,0.11276489496231079,-0.1059078574180603,0.14784038066864014,-0.11919856071472168,0.04142218828201294,-0.17582744359970093,0.10067915916442871,-0.18136417865753174,0.13780593872070312,-0.17426449060440063,0.168157696723938,-0.16891813278198242,0.04907017946243286,-0.15787017345428467,0.09688663482666016,-0.16107547283172607,0.0993955135345459,-0.1343361735343933,0.09348124265670776,-0.12069445848464966,0.057752013206481934,-0.13492745161056519,0.10010439157485962,-0.1363680362701416,0.09729939699172974,-0.11017215251922607,0.08824586868286133,-0.10507255792617798,0.06703543663024902,-0.11254537105560303,0.09533405303955078,-0.11448389291763306,0.09732580184936523,-0.09706884622573853,0.08977842330932617,-0.09081459045410156
0.0,0.0,0.027182698249816895,-0.04058194160461426,0.0687592625617981,-0.08506280183792114,0.11433547735214233,-0.10374468564987183,0.15033555030822754,-0.1179397702217102,0.04394787549972534,-0.17524656653404236,0.10335522890090942,-0.18157124519348145,0.1393100619316101,-0.174075186252594,0.1687590479850769,-0.17151471972465515,0.04970097541809082,-0.1580255627632141,0.10029006004333496,-0.15456664562225342,0.0973159670829773,-0.12491321563720703,0.08599483966827393,-0.11512112617492676,0.057034969329833984,-0.1354762315750122,0.10213679075241089,-0.13108932971954346,0.09227627515792847,-0.10214436054229736,0.07697701454162598,-0.10016167163848877,0.06474393606185913,-0.11398321390151978,0.09490644931793213,-0.11177033185958862,0.09180700778961182,-0.09224599599838257,0.07949060201644897,-0.08764511346817017
0.0,0.0,0.025738537311553955,-0.04209476709365845,0.0668935775756836,-0.08522385358810425,0.11202985048294067,-0.10280835628509521,0.14754343032836914,-0.11601817607879639,0.044163286685943604,-0.1735895276069641,0.10286152362823486,-0.18029871582984924,0.13832706212997437,-0.17440104484558105,0.16809338331222534,-0.1716742217540741,0.05239778757095337,-0.1540851891040802,0.1000063419342041,-0.1519661247730255,0.09729307889938354,-0.12523233890533447,0.08884507417678833,-0.11569768190383911,0.06060701608657837,-0.1299559473991394,0.10279041528701782,-0.1280066967010498,0.0954628586769104,-0.10239100456237793,0.08413088321685791,-0.10172319412231445,0.06815767288208008,-0.1065860390663147,0.09753131866455078,-0.10785496234893799,0.09691518545150757,-0.09074896574020386,0.08752942085266113,-0.08730489015579224
0.0,0.0,0.02665656805038452,-0.0438961386680603,0.06761664152145386,-0.08694219589233398,0.11199116706848145,-0.10471963882446289,0.14785218238830566,-0.1176862120628357,0.04416155815124512,-0.17443424463272095,0.10359030961990356,-0.18250888586044312,0.14007407426834106,-0.17686903476715088,0.17015302181243896,-0.17463845014572144,0.052171289920806885,-0.15429681539535522,0.10109150409698486,-0.155222088098526,0.09721404314041138,-0.1258438229560852,0.08459734916687012,-0.1149023175239563,0.061070799827575684,-0.13030439615249634,0.10380232334136963,-0.12956714630126953,0.09346550703048706,-0.10058861970901489,0.07731634378433228,-0.09849125146865845,0.06896483898162842,-0.10783302783966064,0.0968359112739563,-0.10837197303771973,0.09345835447311401,-0.08963572978973389,0.07984757423400879,-0.08519816398620605
0.0,0.0,0.03009253740310669,-0.0450817346572876,0.07173985242843628,-0.08807319402694702,0.11509281396865845,-0.10547703504562378,0.15037637948989868,-0.1163705587387085,0.04540455341339111,-0.17547279596328735,0.10352462530136108,-0.18413278460502625,0.1410943865776062,-0.18060708045959473,0.1723344922065735,-0.17926204204559326,0.05291414260864258,-0.1539073884487152,0.10141134262084961,-0.1573469638824463,0.09707528352737427,-0.12628889083862305,0.08377087116241455,-0.11235201358795166,0.06196260452270508,-0.12978655099868774,0.1049700379371643,-0.1303839087486267,0.09421175718307495,-0.09988582134246826,0.07713377475738525,-0.09671485424041748,0.07015079259872437,-0.10748708248138428,0.09758096933364868,-0.10752826929092407,0.09401017427444458,-0.08838540315628052,0.07999312877655029,-0.08402782678604126
0.0,0.0,0.028340160846710205,-0.04413372278213501,0.07027024030685425,-0.08679085969924927,0.11520659923553467,-0.1033589243888855,0.15111857652664185,-0.115115225315094,0.04586935043334961,-0.17632561922073364,0.10516089200973511,-0.18593591451644897,0.1420367956161499,-0.1828709840774536,0.17267507314682007,-0.18235701322555542,0.054003357887268066,-0.15570038557052612,0.10184097290039062,-0.15718799829483032,0.09740084409713745,-0.1298925280570984,0.08509379625320435,-0.11906743049621582,0.06267189979553223,-0.13163048028945923,0.10497987270355225,-0.1317540407180786,0.09532016515731812,-0.10361742973327637,0.07998263835906982,-0.10159939527511597,0.06965434551239014,-0.1090582013130188,0.0972592830657959,-0.11080151796340942,0.09485137462615967,-0.09290444850921631,0.08152967691421509,-0.08857715129852295
0.0,0.0,0.028873562812805176,-0.044299423694610596,0.07000166177749634,-0.08663290739059448,0.11463308334350586,-0.10532242059707642,0.15046727657318115,-0.11739331483840942,0.047344982624053955,-0.17743879556655884,0.10804778337478638,-0.18674242496490479,0.1459813117980957,-0.1833571195602417,0.1764754056930542,-0.18290236592292786,0.0561710000038147,-0.15943050384521484,0.1059679388999939,-0.15735378861427307,0.10048341751098633,-0.1271691918373108,0.0845298171043396,-0.11493712663650513,0.06600755453109741,-0.13766467571258545,0.10940849781036377,-0.1341177225112915,0.09746277332305908,-0.10334551334381104,0.0785403847694397,-0.09925806522369385,0.07376611232757568,-0.11692887544631958,0.10109442472457886,-0.11454790830612183,0.09676671028137207,-0.09475016593933105,0.08132284879684448,-0.08872085809707642
0.0,0.0,0.03058040142059326,-0.0441819429397583,0.07262825965881348,-0.0860663652420044,0.11715257167816162,-0.10378390550613403,0.15273654460906982,-0.11470246315002441,0.04982978105545044,-0.17758667469024658,0.109352707862854,-0.18648919463157654,0.14635521173477173,-0.1818157434463501,0.17604464292526245,-0.18013721704483032,0.057245850563049316,-0.15899968147277832,0.10655522346496582,-0.15848731994628906,0.10248875617980957,-0.1289883255958557,0.08849114179611206,-0.11713993549346924,0.06584930419921875,-0.13642603158950806,0.10927355289459229,-0.13240736722946167,0.09783762693405151,-0.10277265310287476,0.08005458116531372,-0.09960168600082397,0.07316380739212036,-0.11495828628540039,0.10137104988098145,-0.11221855878829956,0.09721368551254272,-0.09300315380096436,0.0825570821762085,-0.0880274772644043
0.0,0.0,0.026621878147125244,-0.04371178150177002,0.0674392580986023,-0.08706879615783691,0.11293083429336548,-0.10577547550201416,0.1496219038963318,-0.11830061674118042,0.04805630445480347,-0.17775437235832214,0.10780352354049683,-0.18977421522140503,0.14469999074935913,-0.18616431951522827,0.1747685670852661,-0.18567940592765808,0.05710160732269287,-0.15945741534233093,0.1071198582649231,-0.15752825140953064,0.10084331035614014,-0.12829935550689697,0.08598452806472778,-0.1178777813911438,0.06661319732666016,-0.13729149103164673,0.10989117622375488,-0.13260364532470703,0.09729522466659546,-0.10354119539260864,0.07944226264953613,-0.10182356834411621,0.07406151294708252,-0.1154712438583374,0.10261881351470947,-0.11349684000015259,0.09826314449310303,-0.09412813186645508,0.08382123708724976,-0.08932942152023315
0.0,0.0,0.02814382314682007,-0.04499703645706177,0.06898242235183716,-0.08855140209197998,0.11392438411712646,-0.10708194971084595,0.15003299713134766,-0.11893641948699951,0.046714961528778076,-0.17962050437927246,0.1072615385055542,-0.1887892484664917,0.14425265789031982,-0.18499892950057983,0.17463064193725586,-0.1845478117465973,0.05569690465927124,-0.16038605570793152,0.10554760694503784,-0.15729519724845886,0.09903788566589355,-0.12770789861679077,0.08409476280212402,-0.11772793531417847,0.06529498100280762,-0.1372385025024414,0.10854017734527588,-0.13218539953231812,0.09571254253387451,-0.10302472114562988,0.07749128341674805,-0.10269302129745483,0.07212531566619873,-0.11488914489746094,0.1008722186088562,-0.11250174045562744,0.09592801332473755,-0.0933307409286499,0.08031576871871948,-0.0896615982055664
0.0,0.0,0.028943896293640137,-0.044337689876556396,0.07115423679351807,-0.08694380521774292,0.11544162034988403,-0.10451430082321167,0.15025269985198975,-0.11706966161727905,0.04853653907775879,-0.17926177382469177,0.10868692398071289,-0.18691202998161316,0.14560627937316895,-0.18112635612487793,0.17531752586364746,-0.17906492948532104,0.055924952030181885,-0.15869560837745667,0.1066160798072815,-0.15456992387771606,0.09928637742996216,-0.12488681077957153,0.08263957500457764,-0.11620551347732544,0.06467044353485107,-0.13491028547286987,0.10892331600189209,-0.1297607421875,0.09410041570663452,-0.10060000419616699,0.07363611459732056,-0.10069829225540161,0.07156062126159668,-0.11301344633102417,0.09959244728088379,-0.1095779538154602,0.09302812814712524,-0.0907973051071167,0.07591128349304199,-0.08792632818222046
0.0,0.0,0.03065556287765503,-0.04349797964096069,0.07265454530715942,-0.08747845888137817,0.11625784635543823,-0.10549157857894897,0.15180063247680664,-0.1192430853843689,0.0472530722618103,-0.17996585369110107,0.10714131593704224,-0.1888226866722107,0.14493566751480103,-0.18278062343597412,0.17589491605758667,-0.1800791323184967,0.05411791801452637,-0.16006126999855042,0.10547399520874023,-0.15915140509605408,0.09795486927032471,-0.12643688917160034,0.08049577474594116,-0.11512249708175659,0.06302309036254883,-0.13807061314582825,0.1084679365158081,-0.13502201437950134,0.09359604120254517,-0.10204112529754639,0.07272249460220337,-0.10054522752761841,0.07049447298049927,-0.11844474077224731,0.09776109457015991,-0.11371785402297974,0.09126788377761841,-0.09285664558410645,0.07412093877792358,-0.08976870775222778
0.0,0.0,0.028620898723602295,-0.04342085123062134,0.06952553987503052,-0.08673930168151855,0.11431664228439331,-0.10448724031448364,0.14969873428344727,-0.11523622274398804,0.04627394676208496,-0.17882901430130005,0.10559779405593872,-0.18787577748298645,0.14305651187896729,-0.18200010061264038,0.17337220907211304,-0.1784975528717041,0.05670368671417236,-0.15894314646720886,0.1061297059059143,-0.15648996829986572,0.09852725267410278,-0.1273753046989441,0.08261114358901978,-0.11617332696914673,0.06731975078582764,-0.13473385572433472,0.11129289865493774,-0.1301429271697998,0.09757745265960693,-0.10155278444290161,0.07852035760879517,-0.09936767816543579,0.07535958290100098,-0.11108958721160889,0.1044350266456604,-0.10825961828231812,0.09845995903015137,-0.08986890316009521,0.08241939544677734,-0.08562272787094116
0.0,0.0,0.02827894687652588,-0.042017996311187744,0.07023268938064575,-0.08474385738372803,0.11645931005477905,-0.10151219367980957,0.15270602703094482,-0.1124802827835083,0.04757893085479736,-0.1776602864265442,0.10829752683639526,-0.18655085563659668,0.1465272307395935,-0.18075117468833923,0.177273690700531,-0.17780041694641113,0.0562363862991333,-0.15993517637252808,0.10746699571609497,-0.1591564118862152,0.10075217485427856,-0.12739062309265137,0.08457076549530029,-0.11511355638504028,0.06564557552337646,-0.13796883821487427,0.11104440689086914,-0.13365256786346436,0.09750384092330933,-0.10194402933120728,0.07809233665466309,-0.0990493893623352,0.07293099164962769,-0.11605048179626465,0.10231608152389526,-0.11205637454986572,0.09636682271957397,-0.09166234731674194,0.08004999160766602,-0.08725219964981079
0.0,0.0,0.027633309364318848,-0.04209035634994507,0.06883782148361206,-0.08421343564987183,0.11508893966674805,-0.10051971673965454,0.1516990065574646,-0.11019062995910645,0.046312808990478516,-0.17663520574569702,0.10648465156555176,-0.1833709478378296,0.1442660689353943,-0.1759512722492218,0.17484968900680542,-0.17117983102798462,0.0565454363822937,-0.15806028246879578,0.10631638765335083,-0.15806987881660461,0.10089951753616333,-0.12924420833587646,0.08717209100723267,-0.11770820617675781,0.06653743982315063,-0.13499802350997925,0.11110496520996094,-0.13269776105880737,0.10032486915588379,-0.1040048599243164,0.08372324705123901,-0.10058337450027466,0.07459276914596558,-0.11208051443099976,0.10392755270004272,-0.11052268743515015,0.10008853673934937,-0.09206736087799072,0.08577632904052734,-0.08749336004257202
0.0,0.0,0.029982566833496094,-0.04547172784805298,0.07202202081680298,-0.08675235509872437,0.11657464504241943,-0.10399013757705688,0.15342825651168823,-0.11471801996231079,0.052491724491119385,-0.18118393421173096,0.11184650659561157,-0.18702980875968933,0.14935529232025146,-0.17932307720184326,0.17905008792877197,-0.17250341176986694,0.05998331308364868,-0.16015219688415527,0.1109653115272522,-0.1618112325668335,0.1084209680557251,-0.13159143924713135,0.09531348943710327,-0.11560225486755371,0.0685456395149231,-0.1355915665626526,0.11298030614852905,-0.1344701051712036,0.1025121808052063,-0.10439151525497437,0.08526653051376343,-0.09862220287322998,0.07554775476455688,-0.11226111650466919,0.10310858488082886,-0.11139428615570068,0.10002654790878296,-0.09286391735076904,0.08579570055007935,-0.08723890781402588
0.0,0.0,0.030361413955688477,-0.03959769010543823,0.07353901863098145,-0.0812985897064209,0.11978477239608765,-0.09936875104904175,0.15600019693374634,-0.11151707172393799,0.051112592220306396,-0.1765931248664856,0.11145776510238647,-0.18409115076065063,0.14880019426345825,-0.17543062567710876,0.17791295051574707,-0.1695643663406372,0.057641029357910156,-0.16112074255943298,0.10985130071640015,-0.15936079621315002,0.10738217830657959,-0.12937253713607788,0.09453082084655762,-0.11670166254043579,0.06537753343582153,-0.14025604724884033,0.1114690899848938,-0.13458001613616943,0.10190349817276001,-0.10429340600967407,0.08560556173324585,-0.09876614809036255,0.07250499725341797,-0.11920380592346191,0.1036602258682251,-0.11517155170440674,0.1009376049041748,-0.09499979019165039,0.08786451816558838,-0.0883987545967102
0.0,0.0,0.028062283992767334,-0.04313534498214722,0.06948113441467285,-0.08426880836486816,0.11570578813552856,-0.10058701038360596,0.15251010656356812,-0.11153888702392578,0.04983985424041748,-0.1772294044494629,0.11063802242279053,-0.18618690967559814,0.14855343103408813,-0.1772446632385254,0.17798888683319092,-0.1701497733592987,0.057414710521698,-0.15938514471054077,0.11104905605316162,-0.16420918703079224,0.10894924402236938,-0.1335761547088623,0.09580349922180176,-0.11865264177322388,0.06595849990844727,-0.1372915804386139,0.11309713125228882,-0.13619661331176758,0.10263830423355103,-0.10541242361068726,0.08508312702178955,-0.09970277547836304,0.07324886322021484,-0.11477434635162354,0.1038312315940857,-0.11358523368835449,0.10068464279174805,-0.0942525863647461,0.08662551641464233,-0.08828747272491455
0.0,0.0,0.03298795223236084,-0.044110238552093506,0.07597434520721436,-0.08492875099182129,0.11948567628860474,-0.10112261772155762,0.15497195720672607,-0.11238068342208862,0.05259430408477783,-0.1796722412109375,0.11245870590209961,-0.1844560205936432,0.1504252552986145,-0.1760188341140747,0.18038815259933472,-0.17005592584609985,0.0579226016998291,-0.16049709916114807,0.11126792430877686,-0.16041630506515503,0.10742706060409546,-0.12839072942733765,0.09229534864425659,-0.11507487297058105,0.06530565023422241,-0.13774636387825012,0.11258774995803833,-0.1341036558151245,0.09973031282424927,-0.10170120000839233,0.0801769495010376,-0.09871268272399902,0.07198166847229004,-0.11593776941299438,0.10131573677062988,-0.11220097541809082,0.09616678953170776,-0.09181392192840576,0.07994610071182251,-0.08812862634658813
0.0,0.0,0.03027266263961792,-0.0429537296295166,0.07255536317825317,-0.08459895849227905,0.11752164363861084,-0.10168015956878662,0.15387511253356934,-0.11331939697265625,0.05032104253768921,-0.180551677942276,0.11099016666412354,-0.18635743856430054,0.1486232876777649,-0.17680829763412476,0.1784123182296753,-0.17048141360282898,0.057673096656799316,-0.16113510727882385,0.1102796196937561,-0.16145607829093933,0.10462367534637451,-0.12965863943099976,0.08826702833175659,-0.11661785840988159,0.06645488739013672,-0.13823768496513367,0.11258864402770996,-0.1351076364517212,0.09920245409011841,-0.1033257246017456,0.0794866681098938,-0.1005094051361084,0.07376891374588013,-0.11652332544326782,0.10275191068649292,-0.11353296041488647,0.09696060419082642,-0.09365004301071167,0.0803939700126648,-0.08993852138519287
0.0,0.0,0.031131267547607422,-0.039482057094573975,0.07391989231109619,-0.08187806606292725,0.11983680725097656,-0.09992092847824097,0.15615451335906982,-0.11151152849197388,0.05209767818450928,-0.17890554666519165,0.11416274309158325,-0.1850825548171997,0.1524401307106018,-0.1755179762840271,0.1821061372756958,-0.16938763856887817,0.05827653408050537,-0.1642952561378479,0.11207962036132812,-0.1611802577972412,0.10817325115203857,-0.12839823961257935,0.09292346239089966,-0.1153154969215393,0.06656014919281006,-0.14502409100532532,0.11352181434631348,-0.13794159889221191,0.10148006677627563,-0.10507941246032715,0.08275598287582397,-0.09955090284347534,0.07404768466949463,-0.12576359510421753,0.10460847616195679,-0.1200709342956543,0.10007423162460327,-0.09878849983215332,0.08517438173294067,-0.09247899055480957
0.0,0.0,0.03199505805969238,-0.04171895980834961,0.07516753673553467,-0.08322340250015259,0.12015455961227417,-0.09836536645889282,0.1557902693748474,-0.10982400178909302,0.05148965120315552,-0.17986786365509033,0.11239409446716309,-0.18434584140777588,0.1506064534187317,-0.17435762286186218,0.1816718578338623,-0.16889333724975586,0.057683706283569336,-0.1596173644065857,0.11223548650741577,-0.1572725474834442,0.10392582416534424,-0.12428557872772217,0.08554327487945557,-0.11469191312789917,0.06575196981430054,-0.13664314150810242,0.11424195766448975,-0.1304469108581543,0.09790968894958496,-0.09753483533859253,0.07639831304550171,-0.09888094663619995,0.0727013349533081,-0.11589312553405762,0.10234582424163818,-0.10909616947174072,0.09458273649215698,-0.08870548009872437,0.07645851373672485,-0.08831435441970825
0.0,0.0,0.03208130598068237,-0.04160916805267334,0.07517862319946289,-0.08242267370223999,0.12040591239929199,-0.09892421960830688,0.1567975878715515,-0.10913997888565063,0.05224055051803589,-0.1802443563938141,0.11367166042327881,-0.18490749597549438,0.15266269445419312,-0.17623353004455566,0.18369340896606445,-0.16957128047943115,0.05933833122253418,-0.1610431671142578,0.11279547214508057,-0.16193389892578125,0.1074075698852539,-0.12852096557617188,0.09112823009490967,-0.1137322187423706,0.06838512420654297,-0.13812047243118286,0.11495250463485718,-0.13402771949768066,0.10175079107284546,-0.10093390941619873,0.08236026763916016,-0.09767431020736694,0.07593464851379395,-0.11641746759414673,0.10543739795684814,-0.11193996667861938,0.09974914789199829,-0.09143728017807007,0.08325356245040894,-0.08771026134490967
0.0,0.0,0.029757261276245117,-0.04125499725341797,0.07284969091415405,-0.08195686340332031,0.11940091848373413,-0.09843671321868896,0.15654414892196655,-0.10959506034851074,0.051922619342803955,-0.1770196557044983,0.11257731914520264,-0.18385785818099976,0.1505812406539917,-0.1745663285255432,0.18085771799087524,-0.16810932755470276,0.060660719871520996,-0.15901365876197815,0.11239510774612427,-0.15798035264015198,0.1066199541091919,-0.1269434690475464,0.09115219116210938,-0.11434328556060791,0.07008075714111328,-0.136854350566864,0.11553198099136353,-0.1320408582687378,0.10292834043502808,-0.10152977705001831,0.0847097635269165,-0.09855610132217407,0.07788872718811035,-0.1149301528930664,0.10772091150283813,-0.11119681596755981,0.1026868224143982,-0.09127748012542725,0.08738166093826294,-0.08680224418640137
0.0,0.0,0.032221972942352295,-0.043363869190216064,0.07598549127578735,-0.08482539653778076,0.12132424116134644,-0.10149574279785156,0.15754038095474243,-0.1117551326751709,0.055094361305236816,-0.1804705262184143,0.1156313419342041,-0.18700724840164185,0.15364181995391846,-0.1786937713623047,0.18358838558197021,-0.1719256043434143,0.06176722049713135,-0.16004720330238342,0.11419767141342163,-0.1622985601425171,0.11106562614440918,-0.13096868991851807,0.0974317193031311,-0.11550819873809814,0.0697023868560791,-0.13593190908432007,0.11594623327255249,-0.1337079405784607,0.10435855388641357,-0.10267835855484009,0.0863075852394104,-0.0982179045677185,0.0766606330871582,-0.11271333694458008,0.10650044679641724,-0.11126172542572021,0.10244905948638916,-0.09192830324172974,0.08733302354812622,-0.08694511651992798
0.0,0.0,0.031216681003570557,-0.04432570934295654,0.07490217685699463,-0.08542555570602417,0.12120664119720459,-0.10150313377380371,0.15833306312561035,-0.11214649677276611,0.05762350559234619,-0.1796637773513794,0.11698758602142334,-0.18737661838531494,0.15501588582992554,-0.17925316095352173,0.1849469542503357,-0.17229148745536804,0.06457924842834473,-0.15855944156646729,0.11554872989654541,-0.1617862582206726,0.11200672388076782,-0.13391566276550293,0.09813350439071655,-0.12021565437316895,0.07211416959762573,-0.13377511501312256,0.11730217933654785,-0.13330358266830444,0.10679835081100464,-0.10507237911224365,0.0899653434753418,-0.10075724124908447,0.07842791080474854,-0.10992884635925293,0.10769563913345337,-0.11086934804916382,0.10452455282211304,-0.0926511287689209,0.09085249900817871,-0.08709770441055298
0.0,0.0,0.03264886140823364,-0.046061575412750244,0.07647311687469482,-0.08666187524795532,0.12093806266784668,-0.10213327407836914,0.15704989433288574,-0.11452364921569824,0.05447202920913696,-0.18144753575325012,0.11380648612976074,-0.18671703338623047,0.15269166231155396,-0.1787739396095276,0.18436670303344727,-0.1732720136642456,0.060476601123809814,-0.15764430165290833,0.11170363426208496,-0.15682891011238098,0.10513156652450562,-0.12648165225982666,0.08822447061538696,-0.11484313011169434,0.06881970167160034,-0.13255000114440918,0.11432397365570068,-0.12904775142669678,0.09924370050430298,-0.09889793395996094,0.07850736379623413,-0.09789019823074341,0.07658976316452026,-0.11052703857421875,0.104128897190094,-0.10732567310333252,0.09822976589202881,-0.08836102485656738,0.08164793252944946,-0.08561438322067261
0.0,0.0,0.030730605125427246,-0.044257521629333496,0.07416844367980957,-0.08669912815093994,0.11990582942962646,-0.10401427745819092,0.1572083830833435,-0.11570888757705688,0.054519593715667725,-0.18229040503501892,0.11560070514678955,-0.19047045707702637,0.15382272005081177,-0.18352705240249634,0.1836841106414795,-0.17651814222335815,0.06016349792480469,-0.16195952892303467,0.11361467838287354,-0.16894680261611938,0.11914592981338501,-0.1416218876838684,0.11363792419433594,-0.12485659122467041,0.06691843271255493,-0.13804197311401367,0.11350011825561523,-0.14013993740081787,0.10858219861984253,-0.11130398511886597,0.09655243158340454,-0.10391324758529663,0.0741884708404541,-0.11457318067550659,0.10351264476776123,-0.11643505096435547,0.10511511564254761,-0.09854704141616821,0.09560197591781616,-0.09189039468765259
0.0,0.0,0.0313456654548645,-0.0447998046875,0.07451140880584717,-0.08773332834243774,0.11970555782318115,-0.1049799919128418,0.15687280893325806,-0.11673694849014282,0.054018378257751465,-0.18211501836776733,0.11467301845550537,-0.18955570459365845,0.1531083583831787,-0.18206772208213806,0.184454083442688,-0.17727717757225037,0.06024438142776489,-0.15991109609603882,0.1124345064163208,-0.1604282557964325,0.10573530197143555,-0.13009029626846313,0.08907610177993774,-0.11820220947265625,0.06783938407897949,-0.135128915309906,0.1137857437133789,-0.13147586584091187,0.09953027963638306,-0.10080933570861816,0.07975274324417114,-0.10008245706558228,0.07430368661880493,-0.11271768808364868,0.10317486524581909,-0.11002594232559204,0.09745001792907715,-0.09050846099853516,0.08115726709365845,-0.08777207136154175
0.0,0.0,0.030901789665222168,-0.043674349784851074,0.07472217082977295,-0.08599793910980225,0.12079650163650513,-0.10343700647354126,0.1582692265510559,-0.11552602052688599,0.05511784553527832,-0.18167006969451904,0.11506354808807373,-0.1895115077495575,0.15395909547805786,-0.18203771114349365,0.18513238430023193,-0.17650055885314941,0.06307047605514526,-0.16032558679580688,0.11513519287109375,-0.16233474016189575,0.10902303457260132,-0.13210850954055786,0.09279930591583252,-0.11921489238739014,0.07159435749053955,-0.13575446605682373,0.11750859022140503,-0.13310641050338745,0.10386598110198975,-0.10299944877624512,0.084403395652771,-0.10075098276138306,0.078305184841156,-0.11219274997711182,0.10774827003479004,-0.11081898212432861,0.10220569372177124,-0.09136354923248291,0.08613830804824829,-0.08742725849151611
0.0,0.0,0.0323140025138855,-0.043343186378479004,0.07669174671173096,-0.08576357364654541,0.12182098627090454,-0.10324406623840332,0.15868139266967773,-0.11509829759597778,0.05485755205154419,-0.182399719953537,0.11458051204681396,-0.19033977389335632,0.15345120429992676,-0.18211758136749268,0.18479877710342407,-0.1757325530052185,0.06224125623703003,-0.16107380390167236,0.11543846130371094,-0.16199907660484314,0.10911160707473755,-0.13091731071472168,0.09230881929397583,-0.11855959892272949,0.07113295793533325,-0.13761764764785767,0.11769759654998779,-0.13443070650100708,0.102974534034729,-0.10233265161514282,0.08285826444625854,-0.10075956583023071,0.07891517877578735,-0.11615610122680664,0.10792887210845947,-0.11283576488494873,0.10180091857910156,-0.09323090314865112,0.08497744798660278,-0.09037357568740845
0.0,0.0,0.028790533542633057,-0.04151254892349243,0.07233524322509766,-0.08443289995193481,0.11991214752197266,-0.10229742527008057,0.158818781375885,-0.11302584409713745,0.05446559190750122,-0.17970195412635803,0.11546826362609863,-0.1876097321510315,0.15434718132019043,-0.180084228515625,0.18616849184036255,-0.17425164580345154,0.0634492039680481,-0.1601630449295044,0.11602520942687988,-0.16025382280349731,0.11040723323822021,-0.12920206785202026,0.09581273794174194,-0.11558425426483154,0.07292318344116211,-0.13708782196044922,0.11866819858551025,-0.13346081972122192,0.10592591762542725,-0.10301327705383301,0.0879981517791748,-0.09999310970306396,0.08059048652648926,-0.11436522006988525,0.11020135879516602,-0.1122509241104126,0.10592174530029297,-0.09252536296844482,0.09141170978546143,-0.08768922090530396
0.0,0.0,0.029322564601898193,-0.04410696029663086,0.07285207509994507,-0.08510637283325195,0.11979818344116211,-0.10089200735092163,0.15703219175338745,-0.11116224527359009,0.054748713970184326,-0.1786510944366455,0.11589324474334717,-0.18638283014297485,0.15469825267791748,-0.17767584323883057,0.18564146757125854,-0.17087891697883606,0.06330281496047974,-0.15852323174476624,0.11567419767379761,-0.16240856051445007,0.11044001579284668,-0.1331115961074829,0.09524542093276978,-0.11980140209197998,0.07251715660095215,-0.134951651096344,0.11830693483352661,-0.1342422366142273,0.10587519407272339,-0.10470378398895264,0.08754640817642212,-0.10098832845687866,0.08025866746902466,-0.11167281866073608,0.1095934510231018,-0.11202824115753174,0.10545182228088379,-0.09338104724884033,0.09112107753753662,-0.08850055932998657
0.0,0.0,0.030491352081298828,-0.042479515075683594,0.07474935054779053,-0.08471494913101196,0.12244230508804321,-0.10139155387878418,0.16149413585662842,-0.11145317554473877,0.05759131908416748,-0.1821320354938507,0.11964911222457886,-0.18833720684051514,0.1583905816078186,-0.17922928929328918,0.18913006782531738,-0.17221060395240784,0.06453919410705566,-0.1620519459247589,0.1198810338973999,-0.16350382566452026,0.1160581111907959,-0.13210248947143555,0.10167950391769409,-0.11736571788787842,0.07297080755233765,-0.13790816068649292,0.12059205770492554,-0.13364148139953613,0.10794955492019653,-0.10209709405899048,0.08981472253799438,-0.09933549165725708,0.08047395944595337,-0.11423248052597046,0.1114121675491333,-0.11142164468765259,0.10706406831741333,-0.09167027473449707,0.09209561347961426,-0.08775675296783447
0.0,0.0,0.030822455883026123,-0.042937278747558594,0.07561337947845459,-0.08512204885482788,0.1229788064956665,-0.10159289836883545,0.16086405515670776,-0.11159175634384155,0.056817829608917236,-0.17995452880859375,0.11739271879196167,-0.18708586692810059,0.15644025802612305,-0.17876341938972473,0.18816131353378296,-0.17219248414039612,0.06514608860015869,-0.1580391228199005,0.11639761924743652,-0.1606459617614746,0.1106722354888916,-0.1310843825340271,0.09579432010650635,-0.11766684055328369,0.0737372636795044,-0.13305962085723877,0.11889904737472534,-0.13207173347473145,0.10659044981002808,-0.1031038761138916,0.08891141414642334,-0.10057079792022705,0.08077043294906616,-0.10900920629501343,0.11044245958328247,-0.10973232984542847,0.10624253749847412,-0.09116452932357788,0.09155696630477905,-0.08694332838058472
0.0,0.0,0.03264725208282471,-0.04320496320724487,0.07811892032623291,-0.08526617288589478,0.12452882528305054,-0.10189050436019897,0.16250967979431152,-0.11142522096633911,0.058481812477111816,-0.18243631720542908,0.11925816535949707,-0.18724486231803894,0.15786206722259521,-0.1785353422164917,0.18870627880096436,-0.170759379863739,0.0655585527420044,-0.16114145517349243,0.1179114580154419,-0.16131293773651123,0.11589854955673218,-0.13202226161956787,0.1042090654373169,-0.11792546510696411,0.07344043254852295,-0.13593095541000366,0.11912989616394043,-0.13270717859268188,0.10867059230804443,-0.1033446192741394,0.09264969825744629,-0.09933412075042725,0.08078700304031372,-0.11181849241256714,0.10992014408111572,-0.1101420521736145,0.10691845417022705,-0.09159266948699951,0.09356093406677246,-0.08690100908279419
