0.0,0.0,0.06717270612716675,0.010134577751159668,0.12808620929718018,0.010743975639343262,0.17508083581924438,0.013013124465942383,0.2110704779624939,0.015864789485931396,0.14080685377120972,-0.013336420059204102,0.20154446363449097,-0.007176876068115234,0.2205715775489807,0.012088537216186523,0.2264067530632019,0.0296480655670166,0.1325477957725525,-0.022361576557159424,0.19700735807418823,-0.015646278858184814,0.21776068210601807,0.006535708904266357,0.22547924518585205,0.028220057487487793,0.12086313962936401,-0.03034311532974243,0.182281494140625,-0.025571227073669434,0.20375561714172363,-0.004208207130432129,0.21349692344665527,0.016880333423614502,0.1066277027130127,-0.037681639194488525,0.15112048387527466,-0.03948479890823364,0.17777913808822632,-0.032425761222839355,0.1981692910194397,-0.024043679237365723
0.0,0.0,0.011768102645874023,-0.07111936807632446,0.049494802951812744,-0.11953777074813843,0.08987724781036377,-0.12086957693099976,0.11566925048828125,-0.10287755727767944,0.10635429620742798,-0.11633968353271484,0.15782678127288818,-0.1391594409942627,0.19110345840454102,-0.14981436729431152,0.2214299440383911,-0.15790802240371704,0.11755037307739258,-0.0765569806098938,0.1764492392539978,-0.10658830404281616,0.21573090553283691,-0.12496161460876465,0.2487938404083252,-0.13860177993774414,0.11846989393234253,-0.031238675117492676,0.1305147409439087,-0.051417768001556396,0.08869653940200806,-0.04922974109649658,0.05588960647583008,-0.043254315853118896,0.11121046543121338,0.013457834720611572,0.12353992462158203,-0.012140393257141113,0.09336107969284058,-0.0194891095161438,0.06656146049499512,-0.020407438278198242
0.0,0.0,0.006617546081542969,-0.06177973747253418,0.03660309314727783,-0.10688197612762451,0.07351881265640259,-0.10928738117218018,0.10281574726104736,-0.09301745891571045,0.09341245889663696,-0.11487209796905518,0.14362329244613647,-0.14155042171478271,0.17572909593582153,-0.15374767780303955,0.20512354373931885,-0.1613246202468872,0.10596615076065063,-0.07761609554290771,0.16371995210647583,-0.11046189069747925,0.2006293535232544,-0.12902528047561646,0.2328084111213684,-0.14213985204696655,0.10809403657913208,-0.033938050270080566,0.12255066633224487,-0.05693179368972778,0.08345109224319458,-0.055274248123168945,0.05516725778579712,-0.049108028411865234,0.10178440809249878,0.009397745132446289,0.11567842960357666,-0.021976232528686523,0.08534616231918335,-0.02982109785079956,0.060017406940460205,-0.029365181922912598
0.0,0.0,0.0071964263916015625,-0.06710225343704224,0.040185630321502686,-0.1149827241897583,0.07761400938034058,-0.11848628520965576,0.10497111082077026,-0.1034039855003357,0.09087789058685303,-0.11371713876724243,0.13841938972473145,-0.14202862977981567,0.16962480545043945,-0.15547418594360352,0.19816315174102783,-0.16438078880310059,0.10109269618988037,-0.07850956916809082,0.15715450048446655,-0.11139380931854248,0.193139910697937,-0.13153165578842163,0.22608089447021484,-0.1452573537826538,0.10321003198623657,-0.0371285080909729,0.11769217252731323,-0.06247854232788086,0.07912153005599976,-0.059586524963378906,0.05273860692977905,-0.050364017486572266,0.09777772426605225,0.005004227161407471,0.11606049537658691,-0.026491999626159668,0.08707070350646973,-0.02952045202255249,0.063984215259552,-0.023511946201324463
0.0,0.0,0.008638501167297363,-0.06624984741210938,0.04092353582382202,-0.11284458637237549,0.07852309942245483,-0.11747938394546509,0.10697567462921143,-0.10154718160629272,0.09505349397659302,-0.1155397891998291,0.14265894889831543,-0.14120876789093018,0.17442458868026733,-0.15270894765853882,0.2034117579460144,-0.16061842441558838,0.10466104745864868,-0.07830637693405151,0.16275954246520996,-0.10993629693984985,0.19979935884475708,-0.1281144618988037,0.23264634609222412,-0.14167159795761108,0.10576218366622925,-0.03488779067993164,0.11904782056808472,-0.05805915594100952,0.07980960607528687,-0.05497550964355469,0.05155909061431885,-0.04726356267929077,0.09902894496917725,0.00741046667098999,0.11592406034469604,-0.020762324333190918,0.08664608001708984,-0.023886263370513916,0.06264984607696533,-0.019511938095092773
0.0,0.0,0.007088780403137207,-0.0667162537574768,0.03768092393875122,-0.11468368768692017,0.07544368505477905,-0.11943340301513672,0.10505515336990356,-0.10578620433807373,0.09346330165863037,-0.1156613826751709,0.14228606224060059,-0.14206922054290771,0.1737133264541626,-0.15344268083572388,0.20283901691436768,-0.16044461727142334,0.10289818048477173,-0.07888573408126831,0.16094404458999634,-0.10943961143493652,0.1979985237121582,-0.12680959701538086,0.23091214895248413,-0.13782036304473877,0.10416704416275024,-0.03653299808502197,0.117534339427948,-0.059719860553741455,0.07804852724075317,-0.0558626651763916,0.05114775896072388,-0.04641985893249512,0.09868264198303223,0.005573570728302002,0.11512863636016846,-0.024490296840667725,0.08499836921691895,-0.026384353637695312,0.062290847301483154,-0.02053016424179077
0.0,0.0,0.008404433727264404,-0.06647688150405884,0.04109269380569458,-0.11301946640014648,0.08065837621688843,-0.11512035131454468,0.10902726650238037,-0.09704595804214478,0.09556698799133301,-0.11201876401901245,0.14498883485794067,-0.13699334859848022,0.17717093229293823,-0.14722228050231934,0.20623576641082764,-0.15346139669418335,0.10415196418762207,-0.074146568775177,0.1631830334663391,-0.10352915525436401,0.2011699676513672,-0.11994200944900513,0.2337021827697754,-0.13077765703201294,0.10432267189025879,-0.030659794807434082,0.11939394474029541,-0.05360054969787598,0.08055466413497925,-0.05094802379608154,0.051988303661346436,-0.04315841197967529,0.09755843877792358,0.011918783187866211,0.1140526533126831,-0.016544997692108154,0.08492612838745117,-0.020489215850830078,0.060886502265930176,-0.01690119504928589
0.0,0.0,0.010365307331085205,-0.06779623031616211,0.04381948709487915,-0.11378079652786255,0.08339941501617432,-0.11302024126052856,0.11170202493667603,-0.09402501583099365,0.09830218553543091,-0.11105930805206299,0.1493965983390808,-0.13477373123168945,0.18144220113754272,-0.14519542455673218,0.2109265923500061,-0.1507468819618225,0.10776615142822266,-0.0725715160369873,0.16719305515289307,-0.10195672512054443,0.20557409524917603,-0.11822974681854248,0.23935163021087646,-0.12739652395248413,0.10772973299026489,-0.02821040153503418,0.12203937768936157,-0.05087935924530029,0.08247166872024536,-0.0496518611907959,0.055309414863586426,-0.04193115234375,0.10028743743896484,0.015158116817474365,0.1155121922492981,-0.015527069568634033,0.08542859554290771,-0.02030766010284424,0.06286782026290894,-0.016202867031097412
0.0,0.0,0.011889040470123291,-0.06792700290679932,0.0498734712600708,-0.11340850591659546,0.08987551927566528,-0.1089165210723877,0.1158754825592041,-0.08657771348953247,0.10441696643829346,-0.10529577732086182,0.15557140111923218,-0.12595367431640625,0.18815618753433228,-0.13433218002319336,0.21767157316207886,-0.1381433606147766,0.11180657148361206,-0.06630444526672363,0.17207324504852295,-0.09273433685302734,0.21047347784042358,-0.10724735260009766,0.24423539638519287,-0.1152467131614685,0.10974127054214478,-0.022262096405029297,0.12598484754562378,-0.045854032039642334,0.08629202842712402,-0.04776531457901001,0.05796867609024048,-0.04171186685562134,0.09990179538726807,0.020144402980804443,0.11810261011123657,-0.010643243789672852,0.08878552913665771,-0.01825249195098877,0.06508159637451172,-0.015349030494689941
0.0,0.0,0.014212727546691895,-0.06831490993499756,0.05011564493179321,-0.11144477128982544,0.09101498126983643,-0.10616225004196167,0.11628007888793945,-0.08355581760406494,0.10393261909484863,-0.10146325826644897,0.15535134077072144,-0.11931097507476807,0.18741154670715332,-0.12617230415344238,0.21637505292892456,-0.12976330518722534,0.11102616786956787,-0.0635938048362732,0.1721135973930359,-0.08522367477416992,0.21081697940826416,-0.09895777702331543,0.2443210482597351,-0.10629057884216309,0.10845071077346802,-0.02062898874282837,0.12659752368927002,-0.04047650098800659,0.08742648363113403,-0.04191166162490845,0.06018078327178955,-0.036048829555511475,0.09844052791595459,0.022284626960754395,0.12009119987487793,-0.003990888595581055,0.09125363826751709,-0.009693622589111328,0.06877416372299194,-0.0075016021728515625
0.0,0.0,0.01485908031463623,-0.07100337743759155,0.050079166889190674,-0.1140369176864624,0.09267359972000122,-0.11253869533538818,0.1160687804222107,-0.08521562814712524,0.10338723659515381,-0.1060299277305603,0.15518009662628174,-0.12520265579223633,0.18697810173034668,-0.1324593424797058,0.21583443880081177,-0.13658183813095093,0.11031782627105713,-0.06850671768188477,0.16975921392440796,-0.09025359153747559,0.2081483006477356,-0.10396915674209595,0.24121105670928955,-0.11185610294342041,0.1077776551246643,-0.02577871084213257,0.125133216381073,-0.04555243253707886,0.08659851551055908,-0.047465980052948,0.05905020236968994,-0.04229694604873657,0.09715455770492554,0.015823066234588623,0.11854326725006104,-0.009947061538696289,0.09003561735153198,-0.017010033130645752,0.06626296043395996,-0.016075491905212402
0.0,0.0,0.009952962398529053,-0.06605857610702515,0.04880577325820923,-0.11046570539474487,0.08856892585754395,-0.10889631509780884,0.11265963315963745,-0.09087032079696655,0.10183548927307129,-0.09921997785568237,0.15222662687301636,-0.11971783638000488,0.18457883596420288,-0.12864655256271362,0.21350622177124023,-0.13354331254959106,0.10895812511444092,-0.061536312103271484,0.16867411136627197,-0.08723551034927368,0.2066134214401245,-0.10190296173095703,0.23931211233139038,-0.11100739240646362,0.10716944932937622,-0.019011378288269043,0.123568594455719,-0.044296860694885254,0.08478391170501709,-0.04583942890167236,0.05669683218002319,-0.04011815786361694,0.09827756881713867,0.02228677272796631,0.11627531051635742,-0.00853419303894043,0.08796870708465576,-0.016082763671875,0.06495028734207153,-0.014345645904541016
0.0,0.0,0.012653589248657227,-0.06699985265731812,0.05161315202713013,-0.11006265878677368,0.09093117713928223,-0.10742294788360596,0.11654376983642578,-0.08677423000335693,0.10541415214538574,-0.0987744927406311,0.15597683191299438,-0.11567187309265137,0.18867278099060059,-0.12306201457977295,0.21786338090896606,-0.12709569931030273,0.1121930480003357,-0.06027781963348389,0.17106324434280396,-0.082649827003479,0.2097240686416626,-0.09620451927185059,0.24310702085494995,-0.10552966594696045,0.11003315448760986,-0.017083048820495605,0.12598037719726562,-0.03979724645614624,0.08708059787750244,-0.042259395122528076,0.05792975425720215,-0.038969218730926514,0.10105037689208984,0.024741411209106445,0.11911618709564209,-0.0014036893844604492,0.09008610248565674,-0.010187506675720215,0.0660557746887207,-0.010871052742004395
0.0,0.0,0.014168143272399902,-0.06752240657806396,0.052273690700531006,-0.10769504308700562,0.09181797504425049,-0.1033279299736023,0.1188696026802063,-0.08397424221038818,0.10791832208633423,-0.09609687328338623,0.16051089763641357,-0.11177539825439453,0.19362330436706543,-0.11740374565124512,0.2235087752342224,-0.11834657192230225,0.11363685131072998,-0.05722159147262573,0.17484790086746216,-0.07751995325088501,0.2143920660018921,-0.08917289972305298,0.24787384271621704,-0.09351569414138794,0.1099848747253418,-0.014384925365447998,0.1281307339668274,-0.03444629907608032,0.08803409337997437,-0.042627811431884766,0.05822795629501343,-0.04128962755203247,0.09961026906967163,0.026013195514678955,0.11788052320480347,0.0003745555877685547,0.08793532848358154,-0.011125028133392334,0.06339091062545776,-0.012872874736785889
0.0,0.0,0.014111816883087158,-0.06827336549758911,0.052698493003845215,-0.10953933000564575,0.09192287921905518,-0.10310375690460205,0.11859315633773804,-0.08168786764144897,0.10729360580444336,-0.09852045774459839,0.1595267653465271,-0.11413848400115967,0.1927405595779419,-0.11968261003494263,0.2225179672241211,-0.12082481384277344,0.11331427097320557,-0.060049474239349365,0.17539548873901367,-0.07883334159851074,0.2158622145652771,-0.08927291631698608,0.2503662109375,-0.09382867813110352,0.10981547832489014,-0.01798945665359497,0.12652230262756348,-0.037726521492004395,0.08743536472320557,-0.04434561729431152,0.058565497398376465,-0.042867958545684814,0.09948837757110596,0.020929157733917236,0.11606597900390625,-0.00566178560256958,0.08728116750717163,-0.015352785587310791,0.0638427734375,-0.016556203365325928
0.0,0.0,0.012879490852355957,-0.06972658634185791,0.05505537986755371,-0.11400419473648071,0.09552884101867676,-0.10926371812820435,0.12015056610107422,-0.08873724937438965,0.11017602682113647,-0.10144084692001343,0.16391032934188843,-0.11745715141296387,0.19782060384750366,-0.12389504909515381,0.22807621955871582,-0.12693560123443604,0.1166796088218689,-0.0621800422668457,0.18027496337890625,-0.08307880163192749,0.2208063006401062,-0.09636026620864868,0.2555185556411743,-0.10424530506134033,0.11324965953826904,-0.018748462200164795,0.13037365674972534,-0.04246944189071655,0.09020179510116577,-0.048626720905303955,0.06045264005661011,-0.04577606916427612,0.10263705253601074,0.02224797010421753,0.12105810642242432,-0.0049707889556884766,0.09255492687225342,-0.01510310173034668,0.0687219500541687,-0.015859484672546387
0.0,0.0,0.014129698276519775,-0.07042497396469116,0.057306766510009766,-0.11461281776428223,0.09943622350692749,-0.10832816362380981,0.125266432762146,-0.08582907915115356,0.11183995008468628,-0.10211449861526489,0.1666569709777832,-0.1203005313873291,0.20139998197555542,-0.12726348638534546,0.23238259553909302,-0.12974363565444946,0.11760258674621582,-0.061980247497558594,0.18256032466888428,-0.0842674970626831,0.22358208894729614,-0.09782731533050537,0.2590007781982422,-0.10448896884918213,0.11347156763076782,-0.017418861389160156,0.13132447004318237,-0.040524423122406006,0.09046268463134766,-0.04699820280075073,0.060712218284606934,-0.04313129186630249,0.10211938619613647,0.02511805295944214,0.12272244691848755,-0.002252936363220215,0.09382480382919312,-0.01316821575164795,0.06990253925323486,-0.013261497020721436
0.0,0.0,0.012124240398406982,-0.07220613956451416,0.055330634117126465,-0.11780864000320435,0.09687811136245728,-0.11295992136001587,0.12280029058456421,-0.09255439043045044,0.11333388090133667,-0.1075020432472229,0.16746515035629272,-0.12518084049224854,0.20224910974502563,-0.1317731738090515,0.23317617177963257,-0.13436657190322876,0.11941128969192505,-0.06694269180297852,0.18407249450683594,-0.08939069509506226,0.22515910863876343,-0.1027870774269104,0.26093536615371704,-0.10987132787704468,0.11531096696853638,-0.021847069263458252,0.13123399019241333,-0.04691112041473389,0.0892641544342041,-0.05331200361251831,0.059634625911712646,-0.04958987236022949,0.10374587774276733,0.020692765712738037,0.12150073051452637,-0.008691966533660889,0.09137099981307983,-0.020122289657592773,0.06724607944488525,-0.020527124404907227
0.0,0.0,0.010898172855377197,-0.07267159223556519,0.053202271461486816,-0.11967259645462036,0.0943460464477539,-0.11790239810943604,0.12076699733734131,-0.1013796329498291,0.1114124059677124,-0.10965752601623535,0.16603612899780273,-0.12757575511932373,0.20110374689102173,-0.13457471132278442,0.23255425691604614,-0.13758301734924316,0.11793506145477295,-0.06934398412704468,0.18332141637802124,-0.09159576892852783,0.2251824140548706,-0.10501527786254883,0.2618067264556885,-0.1126260757446289,0.11450368165969849,-0.024577200412750244,0.13051307201385498,-0.04931819438934326,0.08831393718719482,-0.05590444803237915,0.05808645486831665,-0.0526963472366333,0.10378509759902954,0.017984449863433838,0.12134301662445068,-0.010745048522949219,0.09117859601974487,-0.022180914878845215,0.06655418872833252,-0.023594319820404053
0.0,0.0,0.011714458465576172,-0.07430762052536011,0.05379438400268555,-0.12213319540023804,0.09506762027740479,-0.12116760015487671,0.12245798110961914,-0.10268890857696533,0.11241179704666138,-0.10953772068023682,0.16771149635314941,-0.12624531984329224,0.20297753810882568,-0.13267379999160767,0.234205424785614,-0.13503646850585938,0.11878138780593872,-0.06891727447509766,0.18528223037719727,-0.08999395370483398,0.22752660512924194,-0.1037360429763794,0.26406919956207275,-0.11194443702697754,0.11467927694320679,-0.024038076400756836,0.13132435083389282,-0.05128902196884155,0.08985888957977295,-0.05987441539764404,0.05963695049285889,-0.05750089883804321,0.10339111089706421,0.01830810308456421,0.12071025371551514,-0.012801527976989746,0.09144765138626099,-0.025106072425842285,0.0672600269317627,-0.026208698749542236
0.0,0.0,0.012560129165649414,-0.07204610109329224,0.055332720279693604,-0.11789518594741821,0.09644383192062378,-0.11513650417327881,0.12480658292770386,-0.09606295824050903,0.11652225255966187,-0.10438990592956543,0.17182224988937378,-0.11699503660202026,0.20694929361343384,-0.12141305208206177,0.23759037256240845,-0.12206399440765381,0.12173241376876831,-0.06273925304412842,0.1861066222190857,-0.08009260892868042,0.2284458875656128,-0.08995622396469116,0.2647218704223633,-0.09524142742156982,0.11641168594360352,-0.01774418354034424,0.13150471448898315,-0.04192608594894409,0.08926242589950562,-0.05165582895278931,0.0589146614074707,-0.052764713764190674,0.10430145263671875,0.023694396018981934,0.11571091413497925,-0.006156980991363525,0.0844915509223938,-0.019460618495941162,0.060458481311798096,-0.02342134714126587
0.0,0.0,0.012036025524139404,-0.07311224937438965,0.057023584842681885,-0.11952590942382812,0.09936898946762085,-0.11584353446960449,0.1269519329071045,-0.09731751680374146,0.11600863933563232,-0.10428124666213989,0.17147839069366455,-0.11776995658874512,0.2069515585899353,-0.12199044227600098,0.23800033330917358,-0.12259882688522339,0.1211199164390564,-0.06316864490509033,0.1879483461380005,-0.08105200529098511,0.23048245906829834,-0.09138274192810059,0.26717060804367065,-0.09650051593780518,0.11553388833999634,-0.01844799518585205,0.13218563795089722,-0.04472804069519043,0.08969366550445557,-0.055131494998931885,0.05929911136627197,-0.05458325147628784,0.10279887914657593,0.023095905780792236,0.11981403827667236,-0.007035493850708008,0.0892707109451294,-0.0210837721824646,0.06453043222427368,-0.024110019207000732
0.0,0.0,0.01280134916305542,-0.07108092308044434,0.05639594793319702,-0.1163187026977539,0.09822243452072144,-0.1139369010925293,0.1271597146987915,-0.09427982568740845,0.11800152063369751,-0.103801429271698,0.17344415187835693,-0.11752396821975708,0.2088281512260437,-0.12186187505722046,0.23999691009521484,-0.12221258878707886,0.12251800298690796,-0.06221652030944824,0.1889553666114807,-0.07970559597015381,0.23137295246124268,-0.09039586782455444,0.2680296301841736,-0.09601360559463501,0.11669981479644775,-0.017048120498657227,0.13289546966552734,-0.04184204339981079,0.0896112322807312,-0.05067455768585205,0.05903130769729614,-0.049527645111083984,0.10355877876281738,0.02439790964126587,0.11909353733062744,-0.005340397357940674,0.08737748861312866,-0.01801598072052002,0.06249356269836426,-0.02041858434677124
0.0,0.0,0.01343238353729248,-0.07393842935562134,0.05691218376159668,-0.12027502059936523,0.09823697805404663,-0.11854928731918335,0.12722468376159668,-0.10039311647415161,0.11856448650360107,-0.10772204399108887,0.17484992742538452,-0.12170511484146118,0.21073806285858154,-0.12644529342651367,0.24236524105072021,-0.127632737159729,0.12372004985809326,-0.06595087051391602,0.19074422121047974,-0.08351284265518188,0.2339789867401123,-0.09501278400421143,0.270893931388855,-0.10151791572570801,0.11829346418380737,-0.0206831693649292,0.13464796543121338,-0.04451209306716919,0.09202206134796143,-0.05508941411972046,0.06086033582687378,-0.055535733699798584,0.10579299926757812,0.020674943923950195,0.12133145332336426,-0.00825357437133789,0.09056538343429565,-0.021802246570587158,0.06559497117996216,-0.025058746337890625
0.0,0.0,0.013215363025665283,-0.07336044311523438,0.056595563888549805,-0.11969107389450073,0.09728258848190308,-0.11610382795333862,0.1262083649635315,-0.09961992502212524,0.11976993083953857,-0.10666501522064209,0.17551547288894653,-0.12046557664871216,0.2112218141555786,-0.12527090311050415,0.24280714988708496,-0.126592755317688,0.12439721822738647,-0.06455695629119873,0.19193804264068604,-0.08265751600265503,0.23492777347564697,-0.09393578767776489,0.27152276039123535,-0.1002347469329834,0.11792635917663574,-0.01861858367919922,0.13524210453033447,-0.043010711669921875,0.09225243330001831,-0.052716732025146484,0.061191678047180176,-0.052659809589385986,0.10421425104141235,0.023520231246948242,0.12177950143814087,-0.006339550018310547,0.09098196029663086,-0.01939678192138672,0.06633174419403076,-0.022074759006500244
0.0,0.0,0.015619039535522461,-0.07506632804870605,0.05830591917037964,-0.11835289001464844,0.09992057085037231,-0.11272811889648438,0.1290816068649292,-0.09655791521072388,0.12041020393371582,-0.10633015632629395,0.17723435163497925,-0.11939495801925659,0.21295428276062012,-0.12386101484298706,0.24466300010681152,-0.12449157238006592,0.12499368190765381,-0.06286817789077759,0.192879319190979,-0.08040767908096313,0.23660904169082642,-0.0917239785194397,0.274034321308136,-0.09646499156951904,0.11789721250534058,-0.015788674354553223,0.1353369951248169,-0.039098143577575684,0.09267491102218628,-0.04970073699951172,0.06313258409500122,-0.049169719219207764,0.10368752479553223,0.027074575424194336,0.11939108371734619,-0.0035585761070251465,0.08886241912841797,-0.01653134822845459,0.06624507904052734,-0.01810210943222046
0.0,0.0,0.014222204685211182,-0.07316017150878906,0.05637252330780029,-0.11782991886138916,0.09733337163925171,-0.11295515298843384,0.1265721321105957,-0.09613025188446045,0.12097573280334473,-0.10747730731964111,0.17581242322921753,-0.11986607313156128,0.21123957633972168,-0.1237030029296875,0.24280673265457153,-0.12348580360412598,0.12613099813461304,-0.06385177373886108,0.1922035813331604,-0.08165818452835083,0.23542970418930054,-0.09169870615005493,0.2724301815032959,-0.09585517644882202,0.11990731954574585,-0.016024649143218994,0.1355918049812317,-0.03592425584793091,0.09362626075744629,-0.045471251010894775,0.06318658590316772,-0.04547774791717529,0.10613375902175903,0.02794092893600464,0.11895763874053955,-0.0009636878967285156,0.08785867691040039,-0.013220608234405518,0.06435543298721313,-0.015161395072937012
0.0,0.0,0.016448915004730225,-0.07626074552536011,0.05714404582977295,-0.11950749158859253,0.09953343868255615,-0.1147085428237915,0.12978476285934448,-0.09816581010818481,0.11881190538406372,-0.10943722724914551,0.17708969116210938,-0.12302911281585693,0.21354371309280396,-0.1275789737701416,0.24625539779663086,-0.12773531675338745,0.12503576278686523,-0.06533938646316528,0.19257831573486328,-0.08319616317749023,0.23726201057434082,-0.09379369020462036,0.2752838134765625,-0.0978735089302063,0.11914420127868652,-0.01701873540878296,0.1371334195137024,-0.038995444774627686,0.09585744142532349,-0.04968136548995972,0.06562620401382446,-0.04952269792556763,0.10557013750076294,0.02790743112564087,0.11854910850524902,-0.004095911979675293,0.0884905457496643,-0.017569661140441895,0.06540578603744507,-0.019845306873321533
0.0,0.0,0.018533766269683838,-0.07587116956710815,0.0595020055770874,-0.11813020706176758,0.10212445259094238,-0.11256510019302368,0.13099640607833862,-0.09294348955154419,0.1212003231048584,-0.10745882987976074,0.17802494764328003,-0.12169194221496582,0.21369045972824097,-0.12646448612213135,0.24589598178863525,-0.12630122900009155,0.12728512287139893,-0.06327611207962036,0.19311660528182983,-0.08160030841827393,0.23690813779830933,-0.09189671277999878,0.2750808596611023,-0.09487253427505493,0.12093508243560791,-0.014521300792694092,0.13652974367141724,-0.03589928150177002,0.09445804357528687,-0.04739338159561157,0.06485456228256226,-0.047261953353881836,0.10664719343185425,0.02988511323928833,0.11646831035614014,-0.00182420015335083,0.0868193507194519,-0.01566070318222046,0.0653274655342102,-0.017688095569610596
0.0,0.0,0.016749441623687744,-0.07391470670700073,0.05759859085083008,-0.11689245700836182,0.09853774309158325,-0.11167401075363159,0.12941795587539673,-0.09672290086746216,0.12150275707244873,-0.10670965909957886,0.17883503437042236,-0.12119084596633911,0.2149999737739563,-0.12544995546340942,0.2477371096611023,-0.12460798025131226,0.12729698419570923,-0.06177753210067749,0.19433236122131348,-0.08059865236282349,0.23777997493743896,-0.09079968929290771,0.2759718894958496,-0.09374219179153442,0.12101984024047852,-0.012571096420288086,0.13707387447357178,-0.03547930717468262,0.09325450658798218,-0.045709967613220215,0.0631752610206604,-0.04448807239532471,0.10703355073928833,0.033497631549835205,0.11824595928192139,0.002076089382171631,0.0875781774520874,-0.012216627597808838,0.06590968370437622,-0.014826774597167969
0.0,0.0,0.018080294132232666,-0.07576858997344971,0.059599339962005615,-0.11830955743789673,0.10158979892730713,-0.11152809858322144,0.1311458945274353,-0.09205687046051025,0.12164884805679321,-0.10698181390762329,0.1795257329940796,-0.12055832147598267,0.21585631370544434,-0.1241869330406189,0.24859154224395752,-0.12306517362594604,0.1280701756477356,-0.06206303834915161,0.1950116753578186,-0.08065813779830933,0.23925471305847168,-0.09053146839141846,0.27711790800094604,-0.09355717897415161,0.12209963798522949,-0.012571573257446289,0.13919293880462646,-0.033891499042510986,0.09724795818328857,-0.044764816761016846,0.06649690866470337,-0.04484403133392334,0.10801160335540771,0.03418856859207153,0.11837512254714966,0.0035325288772583008,0.08818739652633667,-0.011303901672363281,0.06544512510299683,-0.014198660850524902
0.0,0.0,0.018157899379730225,-0.07595306634902954,0.05829453468322754,-0.11892712116241455,0.09892010688781738,-0.11422306299209595,0.12949633598327637,-0.10005778074264526,0.1242571473121643,-0.10759782791137695,0.18184244632720947,-0.12171143293380737,0.21802276372909546,-0.126040518283844,0.25110429525375366,-0.12506163120269775,0.13034683465957642,-0.06222659349441528,0.1970399022102356,-0.0807725191116333,0.2410295605659485,-0.09094762802124023,0.2797239422798157,-0.09412568807601929,0.12353396415710449,-0.012419581413269043,0.1396436095237732,-0.034523725509643555,0.09690463542938232,-0.04566270112991333,0.06663459539413452,-0.04515045881271362,0.10812109708786011,0.03453254699707031,0.1179543137550354,0.0024268031120300293,0.08699613809585571,-0.012857317924499512,0.06450045108795166,-0.015964210033416748
0.0,0.0,0.01614558696746826,-0.07721352577209473,0.057504355907440186,-0.12143629789352417,0.09882557392120361,-0.11464715003967285,0.13078290224075317,-0.09958350658416748,0.1229327917098999,-0.11030924320220947,0.18042820692062378,-0.12438035011291504,0.21708345413208008,-0.1283639669418335,0.2502560019493103,-0.12693792581558228,0.12853986024856567,-0.06492787599563599,0.19551604986190796,-0.08320403099060059,0.23982644081115723,-0.09376680850982666,0.27788448333740234,-0.09666764736175537,0.12190210819244385,-0.015332460403442383,0.13945436477661133,-0.03731405735015869,0.09496515989303589,-0.047130584716796875,0.06396037340164185,-0.046024441719055176,0.10789430141448975,0.031726300716400146,0.11852067708969116,0.0004913210868835449,0.08636206388473511,-0.013080358505249023,0.06363838911056519,-0.015158295631408691
0.0,0.0,0.01718062162399292,-0.0757133960723877,0.05788445472717285,-0.1191529631614685,0.09972155094146729,-0.11354923248291016,0.13124030828475952,-0.09928905963897705,0.12356835603713989,-0.11097818613052368,0.18053483963012695,-0.1249701976776123,0.2169141173362732,-0.12778311967849731,0.24992620944976807,-0.12630468606948853,0.12998980283737183,-0.06568777561187744,0.19683343172073364,-0.08434146642684937,0.24083495140075684,-0.09390032291412354,0.27919626235961914,-0.09720993041992188,0.12406015396118164,-0.01580590009689331,0.14228439331054688,-0.03717625141143799,0.0990375280380249,-0.048387885093688965,0.06782698631286621,-0.049143314361572266,0.10966825485229492,0.03149968385696411,0.12201100587844849,0.0014802813529968262,0.09038972854614258,-0.013464748859405518,0.06647515296936035,-0.017347335815429688
0.0,0.0,0.016862034797668457,-0.07468032836914062,0.058563292026519775,-0.11818641424179077,0.10020232200622559,-0.1130569577217102,0.1321130394935608,-0.10001498460769653,0.12383705377578735,-0.10654693841934204,0.1809788942337036,-0.12185251712799072,0.21759390830993652,-0.12593978643417358,0.2509040832519531,-0.1257973313331604,0.12905532121658325,-0.06179487705230713,0.197331964969635,-0.08087211847305298,0.24124205112457275,-0.09086519479751587,0.2796326279640198,-0.09466552734375,0.12285900115966797,-0.012798190116882324,0.14174407720565796,-0.035954833030700684,0.09800595045089722,-0.046216368675231934,0.06609821319580078,-0.04567241668701172,0.10889261960983276,0.03375500440597534,0.1248273253440857,0.003991365432739258,0.09333950281143188,-0.00935220718383789,0.06871521472930908,-0.011486649513244629
0.0,0.0,0.018560349941253662,-0.07464593648910522,0.06018686294555664,-0.11634820699691772,0.10137945413589478,-0.10930877923965454,0.1308225393295288,-0.09432166814804077,0.12436628341674805,-0.10534018278121948,0.18135851621627808,-0.11960315704345703,0.21777963638305664,-0.1230771541595459,0.25094544887542725,-0.12130707502365112,0.13034766912460327,-0.06011241674423218,0.19776368141174316,-0.07955944538116455,0.2417917251586914,-0.08938229084014893,0.28082090616226196,-0.09155410528182983,0.1234331727027893,-0.010269761085510254,0.1404590606689453,-0.03334009647369385,0.09622055292129517,-0.04450255632400513,0.06587964296340942,-0.04379302263259888,0.10775256156921387,0.0365336537361145,0.12004101276397705,0.004838466644287109,0.08847278356552124,-0.009967327117919922,0.0661158561706543,-0.012310922145843506
0.0,0.0,0.0168418288230896,-0.07403564453125,0.058248817920684814,-0.11701655387878418,0.09890276193618774,-0.11050653457641602,0.1306402087211609,-0.09610354900360107,0.12363475561141968,-0.10613834857940674,0.18105512857437134,-0.12080812454223633,0.21779656410217285,-0.12454664707183838,0.25123870372772217,-0.1231338381767273,0.12907391786575317,-0.06081855297088623,0.19715100526809692,-0.07969945669174194,0.2410561442375183,-0.08988207578659058,0.2796638011932373,-0.09341281652450562,0.12239766120910645,-0.011162817478179932,0.13917654752731323,-0.03311336040496826,0.09454715251922607,-0.04243159294128418,0.06370991468429565,-0.04137575626373291,0.10755598545074463,0.035672128200531006,0.12187325954437256,0.006441712379455566,0.08992993831634521,-0.00670778751373291,0.06676685810089111,-0.00878596305847168
0.0,0.0,0.018369197845458984,-0.07376819849014282,0.05843460559844971,-0.11610966920852661,0.1002076268196106,-0.10967063903808594,0.13219881057739258,-0.09647589921951294,0.12491196393966675,-0.1058034896850586,0.182542622089386,-0.12109625339508057,0.21935737133026123,-0.12487232685089111,0.25323164463043213,-0.1234239935874939,0.13041847944259644,-0.06033521890640259,0.19668567180633545,-0.07981640100479126,0.24048078060150146,-0.08902519941329956,0.27935874462127686,-0.09169179201126099,0.12357020378112793,-0.01042717695236206,0.13982808589935303,-0.035301268100738525,0.09530001878738403,-0.04528403282165527,0.06435596942901611,-0.044341444969177246,0.10883235931396484,0.03683602809906006,0.12335872650146484,0.0051860809326171875,0.09237617254257202,-0.009546637535095215,0.06973159313201904,-0.01276087760925293
0.0,0.0,0.0167999267578125,-0.07357841730117798,0.05800527334213257,-0.11616843938827515,0.09837639331817627,-0.110495924949646,0.13055354356765747,-0.10176759958267212,0.12383604049682617,-0.10548633337020874,0.18130552768707275,-0.12015384435653687,0.2180759310722351,-0.12485110759735107,0.2512918710708618,-0.12420821189880371,0.13062697649002075,-0.05949664115905762,0.1971539855003357,-0.0790858268737793,0.24083775281906128,-0.0889996886253357,0.27915334701538086,-0.09187948703765869,0.12423890829086304,-0.00977414846420288,0.13851821422576904,-0.03464871644973755,0.09438365697860718,-0.045877933502197266,0.06372803449630737,-0.04561740159988403,0.10972702503204346,0.037364661693573,0.11781072616577148,0.0037875771522521973,0.08672076463699341,-0.010394811630249023,0.06508868932723999,-0.012221932411193848
0.0,0.0,0.01884317398071289,-0.07343816757202148,0.05907386541366577,-0.11617934703826904,0.10065335035324097,-0.10798066854476929,0.1338890790939331,-0.09105360507965088,0.12489032745361328,-0.10434269905090332,0.18231284618377686,-0.11879044771194458,0.21866637468338013,-0.12223565578460693,0.2519950866699219,-0.12110322713851929,0.13053929805755615,-0.05940377712249756,0.1972973346710205,-0.0766916275024414,0.24182099103927612,-0.08623594045639038,0.280121386051178,-0.0900881290435791,0.12365561723709106,-0.010380148887634277,0.14087432622909546,-0.030791819095611572,0.09729105234146118,-0.041628479957580566,0.06559216976165771,-0.043390750885009766,0.10937643051147461,0.03551548719406128,0.12510615587234497,0.009208619594573975,0.09403073787689209,-0.005569100379943848,0.06954044103622437,-0.010796904563903809
0.0,0.0,0.01825737953186035,-0.07368534803390503,0.05948418378829956,-0.11527377367019653,0.10016244649887085,-0.11042988300323486,0.13301193714141846,-0.10055673122406006,0.12517881393432617,-0.10437458753585815,0.1834043264389038,-0.11838299036026001,0.2203482985496521,-0.12169981002807617,0.25375574827194214,-0.12014871835708618,0.13132590055465698,-0.05812275409698486,0.1989557147026062,-0.0757148265838623,0.24325919151306152,-0.08546972274780273,0.2817215919494629,-0.0889098048210144,0.12475854158401489,-0.008090972900390625,0.1402195692062378,-0.029864072799682617,0.09592568874359131,-0.039687395095825195,0.06552761793136597,-0.039481163024902344,0.11045002937316895,0.03921538591384888,0.12146657705307007,0.009616553783416748,0.0894782543182373,-0.0038946866989135742,0.06725400686264038,-0.00669252872467041
0.0,0.0,0.01785987615585327,-0.07644802331924438,0.05978816747665405,-0.11892515420913696,0.10100948810577393,-0.11242300271987915,0.1340099573135376,-0.10341256856918335,0.12590211629867554,-0.10761755704879761,0.18397009372711182,-0.12205678224563599,0.2206323742866516,-0.12639671564102173,0.2541999816894531,-0.12549042701721191,0.13161510229110718,-0.061468660831451416,0.19756758213043213,-0.08023732900619507,0.24183356761932373,-0.08989882469177246,0.28005683422088623,-0.09258091449737549,0.12476760149002075,-0.01131349802017212,0.14001363515853882,-0.03227519989013672,0.094646155834198,-0.04248988628387451,0.06352710723876953,-0.043151795864105225,0.11080282926559448,0.03659576177597046,0.12071341276168823,0.007211744785308838,0.08779942989349365,-0.006618499755859375,0.06517618894577026,-0.010024189949035645
0.0,0.0,0.01744323968887329,-0.0734255313873291,0.059593796730041504,-0.11611348390579224,0.10102188587188721,-0.1104012131690979,0.13504302501678467,-0.10036236047744751,0.1266651153564453,-0.10823321342468262,0.18402016162872314,-0.12336385250091553,0.22146254777908325,-0.12669694423675537,0.2553326487541199,-0.12543505430221558,0.13273406028747559,-0.062165141105651855,0.200844407081604,-0.07994848489761353,0.24578183889389038,-0.08970451354980469,0.28545260429382324,-0.09351587295532227,0.12604814767837524,-0.012045323848724365,0.14343857765197754,-0.033311665058135986,0.0984538197517395,-0.04413628578186035,0.06694293022155762,-0.045019447803497314,0.11112236976623535,0.035316407680511475,0.1245531439781189,0.006378889083862305,0.09317982196807861,-0.007563769817352295,0.06964194774627686,-0.010971367359161377
0.0,0.0,0.01825043559074402,-0.07632839679718018,0.060936301946640015,-0.11864453554153442,0.1013401448726654,-0.1106308102607727,0.13337311148643494,-0.09930288791656494,0.12663385272026062,-0.10854941606521606,0.1841898262500763,-0.12354326248168945,0.22130832076072693,-0.12714838981628418,0.2552516758441925,-0.1254749894142151,0.13277044892311096,-0.06221503019332886,0.19985303282737732,-0.08056247234344482,0.24474772810935974,-0.09021484851837158,0.2841731011867523,-0.09270548820495605,0.12611660361289978,-0.011861443519592285,0.14175912737846375,-0.032091498374938965,0.09577354788780212,-0.04266637563705444,0.06391236186027527,-0.04298102855682373,0.11174425482749939,0.03585273027420044,0.12116792798042297,0.00672602653503418,0.087953120470047,-0.006772518157958984,0.06437936425209045,-0.009345531463623047
0.0,0.0,0.01707214117050171,-0.07256639003753662,0.05836749076843262,-0.11509162187576294,0.10007977485656738,-0.11134380102157593,0.1347970962524414,-0.10340350866317749,0.12694334983825684,-0.10769259929656982,0.18607991933822632,-0.12264823913574219,0.22360879182815552,-0.1255481243133545,0.25797170400619507,-0.12404602766036987,0.13401049375534058,-0.061026036739349365,0.20280897617340088,-0.07947033643722534,0.2480352520942688,-0.08837288618087769,0.28725939989089966,-0.09178680181503296,0.1282193660736084,-0.010353267192840576,0.14340299367904663,-0.03302276134490967,0.09687680006027222,-0.03998088836669922,0.0646812915802002,-0.03841894865036011,0.11472350358963013,0.03793478012084961,0.12622827291488647,0.007573366165161133,0.0925295352935791,-0.004388928413391113,0.06826341152191162,-0.006278872489929199
0.0,0.0,0.017393171787261963,-0.0701945424079895,0.058018505573272705,-0.11176556348800659,0.09955435991287231,-0.10740935802459717,0.1349216103553772,-0.09860754013061523,0.1290765404701233,-0.10500597953796387,0.18697547912597656,-0.11899292469024658,0.2241993546485901,-0.12128400802612305,0.2580224871635437,-0.11988270282745361,0.13550442457199097,-0.05865192413330078,0.20320940017700195,-0.07510346174240112,0.24759751558303833,-0.08290141820907593,0.2860668897628784,-0.08670675754547119,0.12904953956604004,-0.008519351482391357,0.14308559894561768,-0.029755592346191406,0.09743207693099976,-0.03915143013000488,0.06561732292175293,-0.04086369276046753,0.11444324254989624,0.03959918022155762,0.12168508768081665,0.010243594646453857,0.0886656641960144,-0.003818333148956299,0.06494522094726562,-0.008830785751342773
0.0,0.0,0.018402963876724243,-0.07216793298721313,0.059084922075271606,-0.11311650276184082,0.09902796149253845,-0.10861718654632568,0.13382968306541443,-0.10260945558547974,0.12897256016731262,-0.10768216848373413,0.1879127323627472,-0.12150067090988159,0.22502025961875916,-0.12401962280273438,0.2590070068836212,-0.12154757976531982,0.13483306765556335,-0.06094002723693848,0.20134380459785461,-0.07876396179199219,0.24618223309516907,-0.08768963813781738,0.2852170765399933,-0.09044754505157471,0.1284918487071991,-0.010613679885864258,0.14085796475410461,-0.030955135822296143,0.09398546814918518,-0.0396122932434082,0.06334790587425232,-0.040048420429229736,0.11506327986717224,0.037182748317718506,0.12187793850898743,0.009516656398773193,0.08804336190223694,-0.002700626850128174,0.06635507941246033,-0.005494296550750732
0.0,0.0,0.017026007175445557,-0.0702788233757019,0.05702275037765503,-0.11113381385803223,0.09877675771713257,-0.10914331674575806,0.13419193029403687,-0.10324692726135254,0.12681758403778076,-0.10644298791885376,0.18557226657867432,-0.12032288312911987,0.22288787364959717,-0.12326538562774658,0.25707095861434937,-0.12236535549163818,0.13414132595062256,-0.060543954372406006,0.2033570408821106,-0.07720547914505005,0.2483113408088684,-0.08580547571182251,0.2868444323539734,-0.08972418308258057,0.12791800498962402,-0.011173546314239502,0.14141857624053955,-0.031174302101135254,0.09645980596542358,-0.03874927759170532,0.06547105312347412,-0.03825610876083374,0.11347037553787231,0.03506267070770264,0.12350714206695557,0.00777357816696167,0.0910685658454895,-0.004987180233001709,0.06771939992904663,-0.008490324020385742
0.0,0.0,0.017051905393600464,-0.07257682085037231,0.057388633489608765,-0.1147761344909668,0.0974370539188385,-0.11144453287124634,0.13259044289588928,-0.10683917999267578,0.12652555108070374,-0.11030620336532593,0.18557551503181458,-0.12439680099487305,0.22340163588523865,-0.12692993879318237,0.2575242817401886,-0.12504231929779053,0.13388076424598694,-0.0634145736694336,0.20151600241661072,-0.08071774244308472,0.2467498481273651,-0.08945029973983765,0.2862296998500824,-0.09291702508926392,0.1281682550907135,-0.012962400913238525,0.14065209031105042,-0.03301006555557251,0.09476527571678162,-0.0405956506729126,0.06489250063896179,-0.04054993391036987,0.1145753562450409,0.034849584102630615,0.12170758843421936,0.007993578910827637,0.08873900771141052,-0.004101097583770752,0.06744840741157532,-0.007004916667938232
0.0,0.0,0.016667485237121582,-0.07331156730651855,0.05692702531814575,-0.11508315801620483,0.09779924154281616,-0.11219042539596558,0.13287901878356934,-0.10708105564117432,0.12601643800735474,-0.10581660270690918,0.18380600214004517,-0.12052035331726074,0.22082561254501343,-0.12433093786239624,0.254909873008728,-0.12364274263381958,0.13228881359100342,-0.059827327728271484,0.19958192110061646,-0.07703548669815063,0.24444293975830078,-0.08799797296524048,0.28344982862472534,-0.093147873878479,0.12576472759246826,-0.009989678859710693,0.1404440999031067,-0.031343281269073486,0.09424012899398804,-0.04074627161026001,0.06265914440155029,-0.04069584608078003,0.11165642738342285,0.03770339488983154,0.12270975112915039,0.009060084819793701,0.08924293518066406,-0.0036849379539489746,0.06566637754440308,-0.0064830780029296875
0.0,0.0,0.017955750226974487,-0.07299184799194336,0.05891641974449158,-0.11533820629119873,0.10018596053123474,-0.11114335060119629,0.1351076066493988,-0.10368740558624268,0.12742361426353455,-0.1072472333908081,0.1855129897594452,-0.12193602323532104,0.22260186076164246,-0.1252443790435791,0.25648072361946106,-0.12435388565063477,0.1342395842075348,-0.06074470281600952,0.20140710473060608,-0.07863670587539673,0.24660983681678772,-0.08892172574996948,0.2859141528606415,-0.09377193450927734,0.12795433402061462,-0.010346710681915283,0.1419457495212555,-0.031005680561065674,0.09585192799568176,-0.037785887718200684,0.06466743350028992,-0.03670281171798706,0.11409690976142883,0.038188934326171875,0.12307462096214294,0.010281503200531006,0.08953258395195007,-0.002343297004699707,0.06618443131446838,-0.005557239055633545
0.0,0.0,0.016988307237625122,-0.07331323623657227,0.05737605690956116,-0.11557430028915405,0.09825894236564636,-0.11285567283630371,0.13200709223747253,-0.10645204782485962,0.1268095076084137,-0.10695540904998779,0.18496230244636536,-0.1222497820854187,0.2221490442752838,-0.12538844347000122,0.25621238350868225,-0.12472760677337646,0.1339665949344635,-0.06074291467666626,0.20036396384239197,-0.07954275608062744,0.24529173970222473,-0.08964204788208008,0.2841833531856537,-0.09461712837219238,0.12808993458747864,-0.01067739725112915,0.14096912741661072,-0.03128921985626221,0.09548434615135193,-0.038603007793426514,0.06312230229377747,-0.038687825202941895,0.11449095606803894,0.03777146339416504,0.1252131164073944,0.012877345085144043,0.09350147843360901,-0.0005727410316467285,0.06946095824241638,-0.005974113941192627
0.0,0.0,0.015990465879440308,-0.07139670848846436,0.0563371479511261,-0.11356997489929199,0.09760800004005432,-0.11131107807159424,0.1329154670238495,-0.1069185733795166,0.12781652808189392,-0.106295645236969,0.18631747364997864,-0.12213611602783203,0.2240711748600006,-0.1259012222290039,0.25852444767951965,-0.12538647651672363,0.13438722491264343,-0.05938065052032471,0.20199403166770935,-0.0774848461151123,0.24690064787864685,-0.08802175521850586,0.28578999638557434,-0.09294509887695312,0.1275688111782074,-0.009056627750396729,0.1403363049030304,-0.030463576316833496,0.09406217932701111,-0.037691354751586914,0.06269839406013489,-0.03670477867126465,0.11305961012840271,0.03860509395599365,0.12355038523674011,0.01196378469467163,0.09097865223884583,-0.0006572604179382324,0.0677202045917511,-0.004079341888427734
0.0,0.0,0.017421066761016846,-0.0711221694946289,0.0568920373916626,-0.11305224895477295,0.09877055883407593,-0.10953199863433838,0.13398993015289307,-0.10024762153625488,0.12604957818984985,-0.1069943904876709,0.18516629934310913,-0.1222650408744812,0.2231888771057129,-0.12523579597473145,0.2576643228530884,-0.12474870681762695,0.13387006521224976,-0.060461580753326416,0.20281684398651123,-0.07781893014907837,0.2482730746269226,-0.08622550964355469,0.28722238540649414,-0.09064722061157227,0.1285790205001831,-0.010112285614013672,0.14087682962417603,-0.02805483341217041,0.09652620553970337,-0.03593677282333374,0.06458425521850586,-0.0372273325920105,0.11530900001525879,0.03787606954574585,0.12338811159133911,0.014715015888214111,0.09124583005905151,0.0001774430274963379,0.06645423173904419,-0.0067105889320373535
0.0,0.0,0.016653895378112793,-0.07305622100830078,0.05634647607803345,-0.11509048938751221,0.09786659479141235,-0.112759530544281,0.1335444450378418,-0.10605329275131226,0.12693500518798828,-0.10818570852279663,0.18630003929138184,-0.1221928596496582,0.22403484582901,-0.12503182888031006,0.2585078477859497,-0.12393486499786377,0.1347740888595581,-0.06150788068771362,0.20292949676513672,-0.07835716009140015,0.24847209453582764,-0.08735716342926025,0.2875751256942749,-0.09154367446899414,0.12898510694503784,-0.01136237382888794,0.1417338252067566,-0.029381871223449707,0.09723329544067383,-0.036937832832336426,0.06593430042266846,-0.03682994842529297,0.11481893062591553,0.03604501485824585,0.12283962965011597,0.011922955513000488,0.09000277519226074,-0.0013442039489746094,0.0658465027809143,-0.005728542804718018
0.0,0.0,0.01753944158554077,-0.07116806507110596,0.05742591619491577,-0.11228400468826294,0.09805703163146973,-0.11034190654754639,0.13246774673461914,-0.10444438457489014,0.12846559286117554,-0.1064179539680481,0.18674993515014648,-0.12016630172729492,0.22397774457931519,-0.12269896268844604,0.25844019651412964,-0.12139379978179932,0.13605564832687378,-0.060225069522857666,0.20357197523117065,-0.07737243175506592,0.24904370307922363,-0.0856783390045166,0.28841930627822876,-0.08889508247375488,0.13055050373077393,-0.010367274284362793,0.14176076650619507,-0.027668654918670654,0.09611457586288452,-0.034609198570251465,0.06438028812408447,-0.034773826599121094,0.11723291873931885,0.03713524341583252,0.1264159083366394,0.01397007703781128,0.09351122379302979,0.0009343624114990234,0.06934952735900879,-0.004519999027252197
0.0,0.0,0.01639014482498169,-0.07151645421981812,0.05572777986526489,-0.11241590976715088,0.09658575057983398,-0.10873907804489136,0.13235849142074585,-0.10232508182525635,0.1256183385848999,-0.10773128271102905,0.1842537522315979,-0.12146222591400146,0.22132760286331177,-0.12470138072967529,0.2559809684753418,-0.12337559461593628,0.1337394118309021,-0.0607452392578125,0.20173466205596924,-0.0783345103263855,0.24697881937026978,-0.08746540546417236,0.28582316637039185,-0.09100502729415894,0.12874466180801392,-0.010249435901641846,0.14026695489883423,-0.029133141040802002,0.0945538878440857,-0.035421013832092285,0.06349915266036987,-0.03383517265319824,0.11619240045547485,0.037006497383117676,0.12444955110549927,0.011629343032836914,0.09023743867874146,0.00023871660232543945,0.06624346971511841,-0.002142488956451416
0.0,0.0,0.018508851528167725,-0.0717548131942749,0.058871567249298096,-0.11287325620651245,0.09934991598129272,-0.10884720087051392,0.1332242488861084,-0.10038256645202637,0.12775260210037231,-0.104961097240448,0.18558144569396973,-0.11939680576324463,0.22237128019332886,-0.12249547243118286,0.2565677762031555,-0.12134921550750732,0.13466978073120117,-0.058652520179748535,0.20137149095535278,-0.07731616497039795,0.24649953842163086,-0.08684200048446655,0.2859431505203247,-0.09040898084640503,0.1287691593170166,-0.008477270603179932,0.14026516675949097,-0.027776658535003662,0.09446966648101807,-0.0348857045173645,0.06330865621566772,-0.034176766872406006,0.11573523283004761,0.03889596462249756,0.12611091136932373,0.013123929500579834,0.09403073787689209,0.0012346506118774414,0.07141381502151489,-0.001670539379119873
0.0,0.0,0.017479300498962402,-0.06893360614776611,0.056843101978302,-0.1093587875366211,0.09720093011856079,-0.10725009441375732,0.13220548629760742,-0.10064572095870972,0.12705940008163452,-0.10369980335235596,0.18515115976333618,-0.11693418025970459,0.22234928607940674,-0.1199108362197876,0.25674211978912354,-0.11915171146392822,0.13418716192245483,-0.05757927894592285,0.20180797576904297,-0.0741276741027832,0.24689018726348877,-0.08253377676010132,0.28623485565185547,-0.08604604005813599,0.12829428911209106,-0.007734239101409912,0.14067018032073975,-0.025438964366912842,0.094573974609375,-0.03307288885116577,0.06321203708648682,-0.033340394496917725,0.11449587345123291,0.0394749641418457,0.12480378150939941,0.014631688594818115,0.0912523865699768,0.002345860004425049,0.0673060417175293,-0.0015891790390014648
0.0,0.0,0.01796606183052063,-0.06971675157546997,0.05732819437980652,-0.11134308576583862,0.0981733500957489,-0.11007148027420044,0.1345188319683075,-0.10547173023223877,0.12854692339897156,-0.105893075466156,0.1867210566997528,-0.12010252475738525,0.2243296205997467,-0.12366324663162231,0.2587564289569855,-0.12250316143035889,0.1353987753391266,-0.059114933013916016,0.20292869210243225,-0.07583993673324585,0.24769189953804016,-0.08631175756454468,0.2873094379901886,-0.09139978885650635,0.1285911500453949,-0.008592784404754639,0.14050111174583435,-0.030021190643310547,0.09435591101646423,-0.038397789001464844,0.06449201703071594,-0.03761017322540283,0.1133439838886261,0.03883856534957886,0.12037917971611023,0.01043766736984253,0.08794423937797546,-0.0018006563186645508,0.06706932187080383,-0.0038573741912841797
0.0,0.0,0.01702326536178589,-0.0703313946723938,0.0562480092048645,-0.11270344257354736,0.0981263518333435,-0.1118239164352417,0.13492190837860107,-0.10714435577392578,0.1267451047897339,-0.10530751943588257,0.18697935342788696,-0.11997586488723755,0.22516244649887085,-0.12344318628311157,0.2602991461753845,-0.1224210262298584,0.13468897342681885,-0.058834195137023926,0.20418447256088257,-0.07633507251739502,0.24997574090957642,-0.08497858047485352,0.28952986001968384,-0.08832478523254395,0.12919294834136963,-0.008730530738830566,0.14174777269363403,-0.027325153350830078,0.09681195020675659,-0.0353967547416687,0.06546229124069214,-0.035613179206848145,0.11584466695785522,0.038784027099609375,0.12460708618164062,0.013178765773773193,0.09183621406555176,-6.693601608276367e-05,0.06817072629928589,-0.004813432693481445
0.0,0.0,0.017864376306533813,-0.07156801223754883,0.0590919554233551,-0.11275297403335571,0.09983620047569275,-0.10818332433700562,0.13408198952674866,-0.09841674566268921,0.12844499945640564,-0.10765880346298218,0.18764296174049377,-0.1194605827331543,0.22594168782234192,-0.12164604663848877,0.26032862067222595,-0.1199997067451477,0.1361505091190338,-0.06060338020324707,0.20440831780433655,-0.0760042667388916,0.2506789267063141,-0.08458149433135986,0.29021790623664856,-0.08843123912811279,0.1301247775554657,-0.010231375694274902,0.14056655764579773,-0.02877485752105713,0.0951211154460907,-0.034759581089019775,0.06531992554664612,-0.033653080463409424,0.11610177159309387,0.03683954477310181,0.12002459168434143,0.010628879070281982,0.08678856492042542,-0.00046306848526000977,0.06522002816200256,-0.0023090243339538574
0.0,0.0,0.018067479133605957,-0.07371807098388672,0.05874365568161011,-0.1159089207649231,0.10060298442840576,-0.11327636241912842,0.13726037740707397,-0.10911834239959717,0.1293763518333435,-0.11132758855819702,0.18904459476470947,-0.12506455183029175,0.2275933027267456,-0.1276533603668213,0.26260435581207275,-0.12579834461212158,0.13734924793243408,-0.0638548731803894,0.20653563737869263,-0.08032619953155518,0.25312018394470215,-0.08899939060211182,0.29329848289489746,-0.09220528602600098,0.1312042474746704,-0.012922406196594238,0.14409005641937256,-0.03313338756561279,0.09754210710525513,-0.03935438394546509,0.06655991077423096,-0.0377083420753479,0.11717772483825684,0.03541058301925659,0.12315505743026733,0.007532894611358643,0.08998095989227295,-0.003711104393005371,0.06812649965286255,-0.005686461925506592
0.0,0.0,0.018395543098449707,-0.07396727800369263,0.06085968017578125,-0.11684799194335938,0.10307931900024414,-0.11279159784317017,0.1382228136062622,-0.1033778190612793,0.131661057472229,-0.11022734642028809,0.1908702254295349,-0.12291252613067627,0.22932219505310059,-0.12489736080169678,0.264076828956604,-0.12268644571304321,0.1388537883758545,-0.06329816579818726,0.20674169063568115,-0.07837456464767456,0.25344932079315186,-0.08587825298309326,0.29337096214294434,-0.08868652582168579,0.1322196125984192,-0.012525796890258789,0.144473135471344,-0.03010934591293335,0.09822362661361694,-0.03859388828277588,0.06594884395599365,-0.03996652364730835,0.1171196699142456,0.035627901554107666,0.12326192855834961,0.008717656135559082,0.08973538875579834,-0.004889786243438721,0.06567114591598511,-0.009692668914794922
0.0,0.0,0.017383873462677002,-0.07116818428039551,0.05810892581939697,-0.1122589111328125,0.09981900453567505,-0.10989272594451904,0.13575291633605957,-0.10468775033950806,0.12986785173416138,-0.10619068145751953,0.189891517162323,-0.11899662017822266,0.22799140214920044,-0.12222892045974731,0.2627825140953064,-0.12126535177230835,0.136582612991333,-0.05957382917404175,0.20528483390808105,-0.0755881667137146,0.2516428232192993,-0.0841103196144104,0.29142922163009644,-0.08768141269683838,0.13031721115112305,-0.009337902069091797,0.1424618363380432,-0.027785539627075195,0.09679639339447021,-0.03559064865112305,0.06596183776855469,-0.03555411100387573,0.11641353368759155,0.03826248645782471,0.1245538592338562,0.011295557022094727,0.09091615676879883,0.0007178187370300293,0.0682876706123352,-0.0005096793174743652
0.0,0.0,0.019249677658081055,-0.07332223653793335,0.0606684684753418,-0.1147347092628479,0.10266470909118652,-0.11019492149353027,0.13785284757614136,-0.10223054885864258,0.13148868083953857,-0.10793334245681763,0.19094431400299072,-0.12127268314361572,0.22856509685516357,-0.1237480640411377,0.26325541734695435,-0.12233203649520874,0.13825052976608276,-0.0609055757522583,0.20700603723526,-0.07733750343322754,0.25295376777648926,-0.08589005470275879,0.2923179864883423,-0.08948850631713867,0.13200914859771729,-0.009876430034637451,0.14329743385314941,-0.02872103452682495,0.09670716524124146,-0.03700059652328491,0.06462717056274414,-0.03723973035812378,0.11817276477813721,0.03858983516693115,0.12553304433822632,0.01255124807357788,0.09249252080917358,6.145238876342773e-05,0.06969434022903442,-0.0034355521202087402
0.0,0.0,0.01788771152496338,-0.07142418622970581,0.05915349721908569,-0.11241823434829712,0.10191071033477783,-0.11005735397338867,0.13762718439102173,-0.10340416431427002,0.13022774457931519,-0.10637295246124268,0.18940240144729614,-0.1193198561668396,0.22658294439315796,-0.12230640649795532,0.2608874440193176,-0.12203985452651978,0.136821448802948,-0.05939841270446777,0.20661985874176025,-0.07509821653366089,0.25208449363708496,-0.08378130197525024,0.2911919951438904,-0.08821439743041992,0.12996673583984375,-0.008360624313354492,0.14480799436569214,-0.025683999061584473,0.09847897291183472,-0.03308308124542236,0.06646209955215454,-0.03305250406265259,0.11478358507156372,0.04041248559951782,0.12825459241867065,0.015923142433166504,0.09559714794158936,0.004055380821228027,0.07204359769821167,0.0006393790245056152
0.0,0.0,0.017817556858062744,-0.07062435150146484,0.06147414445877075,-0.11057662963867188,0.10451626777648926,-0.1063680648803711,0.1385364532470703,-0.0978548526763916,0.13001179695129395,-0.10366851091384888,0.18945753574371338,-0.11635315418243408,0.2269350290298462,-0.11915600299835205,0.26124173402786255,-0.11838752031326294,0.13640820980072021,-0.056589484214782715,0.20557647943496704,-0.07287561893463135,0.2508235573768616,-0.0813741683959961,0.2902289628982544,-0.08532309532165527,0.12988728284835815,-0.005174756050109863,0.14367026090621948,-0.023021280765533447,0.09704560041427612,-0.03015315532684326,0.06579017639160156,-0.030087530612945557,0.11525851488113403,0.04394960403442383,0.1252564787864685,0.018703579902648926,0.0915985107421875,0.006615996360778809,0.06862014532089233,0.0031189322471618652
0.0,0.0,0.016178995370864868,-0.07149320840835571,0.058656007051467896,-0.11243551969528198,0.1012636125087738,-0.10936236381530762,0.1363181173801422,-0.1032024621963501,0.12879076600074768,-0.10544157028198242,0.1884361207485199,-0.1186363697052002,0.22634729743003845,-0.12216895818710327,0.2609855830669403,-0.12163001298904419,0.1351669728755951,-0.05829125642776489,0.20523932576179504,-0.074288010597229,0.25089511275291443,-0.0830642580986023,0.29044947028160095,-0.08683770895004272,0.12850669026374817,-0.00745624303817749,0.1426399052143097,-0.026542067527770996,0.09559032320976257,-0.03402972221374512,0.06464609503746033,-0.033536672592163086,0.1140565574169159,0.04071342945098877,0.1247912347316742,0.01436525583267212,0.09088888764381409,0.0027849674224853516,0.06812348961830139,0.00011724233627319336
0.0,0.0,0.01728987693786621,-0.07088786363601685,0.059422850608825684,-0.11274874210357666,0.10071933269500732,-0.11202168464660645,0.13554620742797852,-0.10570597648620605,0.12912708520889282,-0.10496312379837036,0.18912190198898315,-0.11763119697570801,0.22698849439620972,-0.1202390193939209,0.261343777179718,-0.11903619766235352,0.13531678915023804,-0.05801576375961304,0.20547044277191162,-0.07421916723251343,0.2514358162879944,-0.08296185731887817,0.29127222299575806,-0.08678555488586426,0.12929058074951172,-0.0069831013679504395,0.1437450647354126,-0.027004361152648926,0.096282958984375,-0.03185015916824341,0.06501638889312744,-0.02963709831237793,0.1160050630569458,0.04216277599334717,0.12780660390853882,0.014413237571716309,0.09415328502655029,0.004781126976013184,0.07180774211883545,0.003470301628112793
0.0,0.0,0.017894774675369263,-0.07501298189163208,0.05891069769859314,-0.11562532186508179,0.09908267855644226,-0.11090236902236938,0.1343485414981842,-0.10535353422164917,0.1287982165813446,-0.1090884804725647,0.18763962388038635,-0.12141603231430054,0.22555997967720032,-0.12395405769348145,0.26073089241981506,-0.12203556299209595,0.1348380744457245,-0.06108206510543823,0.2036941945552826,-0.07756668329238892,0.2506537139415741,-0.08681225776672363,0.290117472410202,-0.09034538269042969,0.12834390997886658,-0.00954359769821167,0.14076760411262512,-0.02707827091217041,0.09395721554756165,-0.03348958492279053,0.06333348155021667,-0.033632874488830566,0.11589929461479187,0.038596510887145996,0.12506714463233948,0.015604078769683838,0.09080728888511658,0.003934979438781738,0.0681399405002594,-0.0007526874542236328
0.0,0.0,0.01701664924621582,-0.07112115621566772,0.05794799327850342,-0.11253315210342407,0.09887027740478516,-0.11086589097976685,0.13487160205841064,-0.10375714302062988,0.13042300939559937,-0.10672980546951294,0.19061774015426636,-0.1196596622467041,0.22857296466827393,-0.12266916036605835,0.26350927352905273,-0.12157148122787476,0.1367729902267456,-0.05860990285873413,0.20622920989990234,-0.07509011030197144,0.2518690824508667,-0.08438217639923096,0.29143524169921875,-0.08885866403579712,0.1303197741508484,-0.006712973117828369,0.14166176319122314,-0.025612831115722656,0.09456175565719604,-0.03266167640686035,0.0639769434928894,-0.03232574462890625,0.1162986159324646,0.04240870475769043,0.12417852878570557,0.016227900981903076,0.08934170007705688,0.004777133464813232,0.06685912609100342,0.002072930335998535
0.0,0.0,0.016843944787979126,-0.07125061750411987,0.057991474866867065,-0.11281377077102661,0.0989854633808136,-0.11172962188720703,0.13568207621574402,-0.10691159963607788,0.13149723410606384,-0.10725075006484985,0.19154706597328186,-0.12090426683425903,0.2295655906200409,-0.12394273281097412,0.2644956409931183,-0.1226189136505127,0.13777795433998108,-0.05919414758682251,0.20786729454994202,-0.07566583156585693,0.253632515668869,-0.08491486310958862,0.29313012957572937,-0.08925145864486694,0.13121524453163147,-0.0075147151947021484,0.14394840598106384,-0.027445852756500244,0.09615036845207214,-0.03411144018173218,0.06473121047019958,-0.03306984901428223,0.11716458201408386,0.04131186008453369,0.12673982977867126,0.014818012714385986,0.09157666563987732,0.0032146573066711426,0.06783202290534973,0.00027048587799072266
0.0,0.0,0.01738560199737549,-0.07207828760147095,0.05942833423614502,-0.11359292268753052,0.10169392824172974,-0.11204582452774048,0.13656413555145264,-0.10340762138366699,0.13154715299606323,-0.1066899299621582,0.19243067502975464,-0.11899542808532715,0.23067986965179443,-0.12130612134933472,0.26573747396469116,-0.11979269981384277,0.13744276762008667,-0.0584295392036438,0.20822066068649292,-0.0743398666381836,0.25483906269073486,-0.08254748582839966,0.29474425315856934,-0.08636462688446045,0.1307927370071411,-0.006160318851470947,0.1443353295326233,-0.024525225162506104,0.09743916988372803,-0.03191220760345459,0.06518548727035522,-0.0324854850769043,0.11642271280288696,0.04353690147399902,0.1266310214996338,0.01813262701034546,0.0927358865737915,0.006407022476196289,0.06890994310379028,0.0025667548179626465
0.0,0.0,0.016089171171188354,-0.0722123384475708,0.058645933866500854,-0.1141890287399292,0.10112163424491882,-0.11199134588241577,0.13777676224708557,-0.10613453388214111,0.12895289063453674,-0.10771989822387695,0.1903226673603058,-0.11999964714050293,0.22904083132743835,-0.12238067388534546,0.26482120156288147,-0.12046408653259277,0.13521400094032288,-0.05936264991760254,0.2069893181324005,-0.07586437463760376,0.25351569056510925,-0.0840301513671875,0.29370418190956116,-0.0869176983833313,0.12935897707939148,-0.007119596004486084,0.1436980664730072,-0.02643829584121704,0.09582498669624329,-0.03275609016418457,0.06432023644447327,-0.03201228380203247,0.11682966351509094,0.042563557624816895,0.1279914677143097,0.016386747360229492,0.09250929951667786,0.005166471004486084,0.06869962811470032,0.0017440319061279297
0.0,0.0,0.016755759716033936,-0.07398653030395508,0.05923867225646973,-0.11473339796066284,0.10091882944107056,-0.11060178279876709,0.13718539476394653,-0.10556060075759888,0.12859314680099487,-0.10770642757415771,0.18918192386627197,-0.11876815557479858,0.22776299715042114,-0.12091982364654541,0.2634807229042053,-0.11870032548904419,0.13485592603683472,-0.05915170907974243,0.2056950330734253,-0.07512444257736206,0.25217169523239136,-0.08348715305328369,0.29220515489578247,-0.0863683819770813,0.12871098518371582,-0.00696486234664917,0.14106523990631104,-0.025877773761749268,0.09335130453109741,-0.033410072326660156,0.06296145915985107,-0.033404529094696045,0.11610245704650879,0.04199439287185669,0.1251227855682373,0.01586771011352539,0.08965903520584106,0.004711270332336426,0.06713420152664185,0.0019555091857910156
0.0,0.0,0.017355799674987793,-0.07313251495361328,0.05964326858520508,-0.11423122882843018,0.10080009698867798,-0.11248970031738281,0.13644206523895264,-0.11036598682403564,0.12972968816757202,-0.10699933767318726,0.19116955995559692,-0.11932015419006348,0.23007827997207642,-0.12167119979858398,0.26568251848220825,-0.11981910467147827,0.13498932123184204,-0.05932515859603882,0.20582222938537598,-0.07657414674758911,0.2523418664932251,-0.08446645736694336,0.292913019657135,-0.08660995960235596,0.1287115216255188,-0.007382810115814209,0.14308911561965942,-0.02586650848388672,0.09543991088867188,-0.03223377466201782,0.06442230939865112,-0.03164470195770264,0.11603015661239624,0.042885661125183105,0.1267087459564209,0.018099725246429443,0.09282368421554565,0.006874024868011475,0.0708586573600769,0.003126800060272217
0.0,0.0,0.017361044883728027,-0.07191735506057739,0.06031763553619385,-0.11312299966812134,0.10233068466186523,-0.1111040711402893,0.13703566789627075,-0.10463327169418335,0.13011997938156128,-0.10744678974151611,0.19072282314300537,-0.11937171220779419,0.22925841808319092,-0.12135517597198486,0.2642815113067627,-0.11938720941543579,0.1363651156425476,-0.059183359146118164,0.2060391902923584,-0.07547628879547119,0.2523622512817383,-0.08331209421157837,0.2923489212989807,-0.08601522445678711,0.1309393048286438,-0.0071942806243896484,0.14313280582427979,-0.025197982788085938,0.09595745801925659,-0.03173917531967163,0.06452113389968872,-0.03116399049758911,0.11836391687393188,0.04228365421295166,0.12710481882095337,0.017035245895385742,0.09189563989639282,0.005975246429443359,0.06817257404327393,0.0033680200576782227
0.0,0.0,0.01631462574005127,-0.07142716646194458,0.05891585350036621,-0.11298191547393799,0.10093677043914795,-0.1101677417755127,0.1356203556060791,-0.1014440655708313,0.12918591499328613,-0.10559159517288208,0.19033241271972656,-0.11847561597824097,0.22881615161895752,-0.12222784757614136,0.26419925689697266,-0.12117677927017212,0.1351550817489624,-0.05777251720428467,0.20445603132247925,-0.07562732696533203,0.2501763701438904,-0.08501064777374268,0.28974246978759766,-0.08863174915313721,0.12935376167297363,-0.006119906902313232,0.14204257726669312,-0.02537989616394043,0.09443110227584839,-0.03281831741333008,0.06280964612960815,-0.03268927335739136,0.11667472124099731,0.04269874095916748,0.1263694167137146,0.015409111976623535,0.09064656496047974,0.00428164005279541,0.06687015295028687,0.0019045472145080566
0.0,0.0,0.014929622411727905,-0.07453835010528564,0.05602934956550598,-0.11654859781265259,0.09818693995475769,-0.1151047945022583,0.13666704297065735,-0.11049968004226685,0.12734678387641907,-0.11061841249465942,0.18838223814964294,-0.12342369556427002,0.22808101773262024,-0.12686550617218018,0.2650040090084076,-0.12514960765838623,0.13356640934944153,-0.06155121326446533,0.20478299260139465,-0.07725930213928223,0.2516140639781952,-0.08638268709182739,0.2917790114879608,-0.0895344614982605,0.12755367159843445,-0.009022533893585205,0.14259955286979675,-0.02529144287109375,0.09377434849739075,-0.03154212236404419,0.062311381101608276,-0.03142577409744263,0.11547848582267761,0.04003119468688965,0.12643590569496155,0.016711115837097168,0.08928605914115906,0.005767345428466797,0.06458452343940735,0.0006466507911682129
0.0,0.0,0.01696637272834778,-0.07534092664718628,0.06036338210105896,-0.11709529161453247,0.10284265875816345,-0.11332488059997559,0.1392233669757843,-0.10755401849746704,0.13035592436790466,-0.1109350323677063,0.1923660933971405,-0.12308794260025024,0.2319309413433075,-0.12547236680984497,0.2680455148220062,-0.12371420860290527,0.13623079657554626,-0.06169170141220093,0.20821800827980042,-0.07775270938873291,0.2552123963832855,-0.08561265468597412,0.2952553927898407,-0.08831769227981567,0.1301572024822235,-0.008797645568847656,0.14443376660346985,-0.02677971124649048,0.09609213471412659,-0.03325289487838745,0.06416335701942444,-0.033376991748809814,0.1177542507648468,0.041372478008270264,0.12842503190040588,0.01771491765975952,0.09259727597236633,0.006052851676940918,0.06836643815040588,0.0014336109161376953
0.0,0.0,0.016778379678726196,-0.07475441694259644,0.05991050601005554,-0.11695653200149536,0.1026851236820221,-0.11449241638183594,0.13801363110542297,-0.10880404710769653,0.12906864285469055,-0.10978841781616211,0.1904297173023224,-0.12262463569641113,0.22926345467567444,-0.1258334517478943,0.26501014828681946,-0.12436914443969727,0.13518711924552917,-0.06089299917221069,0.20520499348640442,-0.07887744903564453,0.25172606110572815,-0.08742892742156982,0.2916795313358307,-0.09009909629821777,0.12976190447807312,-0.00794142484664917,0.14206650853157043,-0.02634143829345703,0.09388366341590881,-0.033173441886901855,0.061932116746902466,-0.03360641002655029,0.11825969815254211,0.04256695508956909,0.126571923494339,0.017441511154174805,0.09067192673683167,0.006176650524139404,0.06685921549797058,0.0017619132995605469
0.0,0.0,0.017197608947753906,-0.072054922580719,0.06058686971664429,-0.11274319887161255,0.10438722372055054,-0.11018210649490356,0.1400126814842224,-0.1033245325088501,0.1303783655166626,-0.10790479183197021,0.1917874813079834,-0.1202043890953064,0.23072385787963867,-0.12220311164855957,0.26681268215179443,-0.12039077281951904,0.13697367906570435,-0.05923116207122803,0.2075819969177246,-0.07637214660644531,0.2542368173599243,-0.0834687352180481,0.29514533281326294,-0.08585113286972046,0.131436288356781,-0.006310760974884033,0.1461741328239441,-0.02389460802078247,0.09768658876419067,-0.031262755393981934,0.06412792205810547,-0.03200531005859375,0.11832863092422485,0.0445367693901062,0.13004064559936523,0.019848227500915527,0.09440100193023682,0.006875455379486084,0.06831669807434082,0.0013825297355651855
0.0,0.0,0.016941368579864502,-0.0727149248123169,0.05863457918167114,-0.11386114358901978,0.10142886638641357,-0.11207807064056396,0.1371365785598755,-0.1079285740852356,0.13040286302566528,-0.10881364345550537,0.19177144765853882,-0.12074792385101318,0.23047882318496704,-0.12322729825973511,0.26651960611343384,-0.1214674711227417,0.13730114698410034,-0.06006664037704468,0.20738816261291504,-0.07717502117156982,0.25349825620651245,-0.08457106351852417,0.29368239641189575,-0.08678543567657471,0.1316620111465454,-0.007262468338012695,0.14481419324874878,-0.02354377508163452,0.0962374210357666,-0.030589282512664795,0.06352591514587402,-0.0310593843460083,0.1182512640953064,0.04293555021286011,0.1254291534423828,0.019968271255493164,0.08931988477706909,0.007656991481781006,0.06462383270263672,0.0024799704551696777
0.0,0.0,0.016211211681365967,-0.07258260250091553,0.05856752395629883,-0.11360359191894531,0.10059529542922974,-0.11079376935958862,0.13624882698059082,-0.10780096054077148,0.12999838590621948,-0.10788512229919434,0.1909129023551941,-0.119282066822052,0.23037934303283691,-0.1214134693145752,0.2666149139404297,-0.11872696876525879,0.13628900051116943,-0.05906325578689575,0.2068183422088623,-0.07610774040222168,0.253232479095459,-0.08349531888961792,0.2937581539154053,-0.08464622497558594,0.13001513481140137,-0.006032824516296387,0.14260077476501465,-0.023378431797027588,0.09356224536895752,-0.030476093292236328,0.062185466289520264,-0.030325710773468018,0.11654126644134521,0.04401201009750366,0.12404704093933105,0.018798112869262695,0.08838099241256714,0.007291257381439209,0.0658307671546936,0.0038031935691833496
0.0,0.0,0.017147719860076904,-0.07307714223861694,0.060392141342163086,-0.11412280797958374,0.10352975130081177,-0.11205905675888062,0.13776689767837524,-0.1096232533454895,0.13002151250839233,-0.10888957977294922,0.19195222854614258,-0.12142437696456909,0.23182982206344604,-0.12398350238800049,0.2682068347930908,-0.12212848663330078,0.13684344291687012,-0.06061685085296631,0.20732808113098145,-0.07730221748352051,0.25429922342300415,-0.08459305763244629,0.29458844661712646,-0.08638626337051392,0.13183140754699707,-0.00820469856262207,0.1456688642501831,-0.024607300758361816,0.09810364246368408,-0.03169131278991699,0.06525272130966187,-0.032187044620513916,0.11951220035552979,0.0418550968170166,0.12876856327056885,0.018217742443084717,0.09372186660766602,0.006823420524597168,0.06908524036407471,0.002583622932434082
0.0,0.0,0.017256706953048706,-0.07164502143859863,0.06065109372138977,-0.1122051477432251,0.10387066006660461,-0.1087293028831482,0.1377762258052826,-0.10336905717849731,0.1307278573513031,-0.10509669780731201,0.19276663661003113,-0.11749732494354248,0.23255214095115662,-0.11900240182876587,0.26863864064216614,-0.11723637580871582,0.13637855648994446,-0.05684930086135864,0.20777633786201477,-0.07378602027893066,0.25464674830436707,-0.08052664995193481,0.29457446932792664,-0.08271932601928711,0.1304025948047638,-0.004719793796539307,0.14528003334999084,-0.021294355392456055,0.09683647751808167,-0.028435587882995605,0.0626966655254364,-0.02976161241531372,0.11724498867988586,0.04548633098602295,0.13137927651405334,0.024180829524993896,0.09667018055915833,0.010987937450408936,0.07025405764579773,0.0036035776138305664
0.0,0.0,0.017473340034484863,-0.07215946912765503,0.06055927276611328,-0.11226677894592285,0.10278034210205078,-0.10982614755630493,0.13695937395095825,-0.10647433996200562,0.13086074590682983,-0.10573220252990723,0.19268983602523804,-0.11828464269638062,0.2323896288871765,-0.12086218595504761,0.2684650421142578,-0.1196940541267395,0.1366470456123352,-0.057453811168670654,0.20627421140670776,-0.0743151307106018,0.2531455159187317,-0.08197653293609619,0.29332292079925537,-0.08450204133987427,0.13077449798583984,-0.004998683929443359,0.14483100175857544,-0.022044718265533447,0.09637719392776489,-0.0297124981880188,0.06320405006408691,-0.03135126829147339,0.11821681261062622,0.04555165767669678,0.1296992301940918,0.023479700088500977,0.09448856115341187,0.01002413034439087,0.06920582056045532,0.0024437904357910156
0.0,0.0,0.017797350883483887,-0.07349377870559692,0.06035512685775757,-0.11419153213500977,0.10441011190414429,-0.11115264892578125,0.13998723030090332,-0.10617434978485107,0.1310291290283203,-0.10833168029785156,0.19349098205566406,-0.12025439739227295,0.23348748683929443,-0.12201690673828125,0.2704177498817444,-0.11988836526870728,0.13700759410858154,-0.05936276912689209,0.20854872465133667,-0.07620197534561157,0.2558131217956543,-0.08315098285675049,0.29627007246017456,-0.08514058589935303,0.131056547164917,-0.006137967109680176,0.14723825454711914,-0.021849215030670166,0.09946078062057495,-0.02990645170211792,0.06562411785125732,-0.03179258108139038,0.11769795417785645,0.044933855533599854,0.13037234544754028,0.022529661655426025,0.09455215930938721,0.00835198163986206,0.06759428977966309,0.0003771781921386719
0.0,0.0,0.017777353525161743,-0.07426416873931885,0.06000545620918274,-0.11437851190567017,0.10155430436134338,-0.11030018329620361,0.13570663332939148,-0.10578262805938721,0.1295330822467804,-0.10936695337295532,0.1914055049419403,-0.12208998203277588,0.23103252053260803,-0.12526088953018188,0.26742807030677795,-0.12357276678085327,0.13564983010292053,-0.06075543165206909,0.20541837811470032,-0.07955026626586914,0.2529372274875641,-0.08763742446899414,0.2932738959789276,-0.08958345651626587,0.1303814947605133,-0.00774228572845459,0.14407029747962952,-0.024051010608673096,0.09601101279258728,-0.031084537506103516,0.0635729730129242,-0.03199183940887451,0.11904409527778625,0.0423053503036499,0.12675783038139343,0.02026468515396118,0.0909794270992279,0.008195459842681885,0.06650039553642273,0.002590954303741455
0.0,0.0,0.016541779041290283,-0.07311129570007324,0.05893516540527344,-0.11447620391845703,0.10136169195175171,-0.11385786533355713,0.13583296537399292,-0.10817277431488037,0.13096219301223755,-0.11036825180053711,0.19182848930358887,-0.12410503625869751,0.23029065132141113,-0.12747246026992798,0.26615750789642334,-0.12684255838394165,0.13774317502975464,-0.061251163482666016,0.2076575756072998,-0.07957196235656738,0.25346362590789795,-0.08885574340820312,0.29309725761413574,-0.09247207641601562,0.13250380754470825,-0.008014678955078125,0.1458207368850708,-0.022475898265838623,0.09715849161148071,-0.028051435947418213,0.06469964981079102,-0.02788698673248291,0.11990749835968018,0.042600035667419434,0.130246102809906,0.022221863269805908,0.09374779462814331,0.011449098587036133,0.0686381459236145,0.0069051384925842285
0.0,0.0,0.015115886926651001,-0.07683217525482178,0.056857913732528687,-0.11940759420394897,0.0995652973651886,-0.11723065376281738,0.13569477200508118,-0.1107071042060852,0.12904420495033264,-0.11490374803543091,0.18970653414726257,-0.12775015830993652,0.2293587028980255,-0.13085442781448364,0.2665773928165436,-0.1288166642189026,0.1361360251903534,-0.06560295820236206,0.20660832524299622,-0.08199679851531982,0.25330159068107605,-0.09039908647537231,0.29393890500068665,-0.09269487857818604,0.13140550255775452,-0.012171328067779541,0.14677855372428894,-0.027063369750976562,0.09671339392662048,-0.03359782695770264,0.06350520253181458,-0.033928632736206055,0.12020054459571838,0.038315534591674805,0.12978330254554749,0.016419529914855957,0.09160789847373962,0.005520343780517578,0.06568756699562073,0.00032007694244384766
0.0,0.0,0.018110334873199463,-0.07209789752960205,0.060083866119384766,-0.11256194114685059,0.10228759050369263,-0.1089017391204834,0.13729405403137207,-0.10430938005447388,0.1318303942680359,-0.10703688859939575,0.19422805309295654,-0.11954021453857422,0.23371821641921997,-0.12189376354217529,0.27019327878952026,-0.12024587392807007,0.13759344816207886,-0.05781424045562744,0.20912808179855347,-0.0749807357788086,0.2563246488571167,-0.08244973421096802,0.29635530710220337,-0.08478152751922607,0.13180887699127197,-0.004514813423156738,0.14645272493362427,-0.020290255546569824,0.09779047966003418,-0.026689469814300537,0.0640718936920166,-0.02753382921218872,0.1195266842842102,0.04615134000778198,0.1335679292678833,0.026208341121673584,0.09839946031570435,0.013313829898834229,0.07230353355407715,0.005982697010040283
0.0,0.0,0.01799502968788147,-0.07415163516998291,0.05885991454124451,-0.11407715082168579,0.10094484686851501,-0.11082106828689575,0.1372574269771576,-0.10717576742172241,0.13079902529716492,-0.10726118087768555,0.19361785054206848,-0.12027418613433838,0.23405739665031433,-0.12354111671447754,0.27157077193260193,-0.12180346250534058,0.13686391711235046,-0.057668447494506836,0.20774421095848083,-0.07546544075012207,0.25593480467796326,-0.0833749771118164,0.2967732846736908,-0.08554786443710327,0.13081392645835876,-0.004102885723114014,0.1460069715976715,-0.020017266273498535,0.09790953993797302,-0.027485787868499756,0.06435468792915344,-0.029062628746032715,0.11856874823570251,0.04576188325881958,0.13236811757087708,0.025666475296020508,0.09698495268821716,0.011282205581665039,0.07045623660087585,0.002847433090209961
0.0,0.0,0.016314685344696045,-0.07700049877166748,0.05889648199081421,-0.1185312271118164,0.10340982675552368,-0.11041641235351562,0.13958746194839478,-0.10111558437347412,0.130679190158844,-0.11146557331085205,0.19345688819885254,-0.12419748306274414,0.2345549464225769,-0.12566536664962769,0.27197521924972534,-0.12302857637405396,0.13582617044448853,-0.061647653579711914,0.20792442560195923,-0.07732707262039185,0.25675612688064575,-0.08447623252868652,0.29728662967681885,-0.08669096231460571,0.12942028045654297,-0.0080338716506958,0.14474523067474365,-0.02370506525039673,0.09701168537139893,-0.030727088451385498,0.06321853399276733,-0.03270554542541504,0.11747211217880249,0.042870283126831055,0.13167589902877808,0.02306121587753296,0.09715145826339722,0.008760988712310791,0.07102584838867188,-0.0008775591850280762
0.0,0.0,0.01823800802230835,-0.07425367832183838,0.061142563819885254,-0.11485368013381958,0.10465264320373535,-0.1096200942993164,0.13932329416275024,-0.1006576418876648,0.13314712047576904,-0.10936737060546875,0.19574373960494995,-0.12122827768325806,0.23583775758743286,-0.12300765514373779,0.27250343561172485,-0.12123119831085205,0.138685405254364,-0.05944925546646118,0.20958548784255981,-0.07524377107620239,0.2575293183326721,-0.08285671472549438,0.29786747694015503,-0.08582305908203125,0.13223624229431152,-0.005637705326080322,0.14714837074279785,-0.019584953784942627,0.0992019772529602,-0.02802443504333496,0.06512212753295898,-0.03099435567855835,0.11853998899459839,0.0453149676322937,0.13118261098861694,0.026726067066192627,0.09563440084457397,0.012813150882720947,0.06871944665908813,0.004983842372894287
0.0,0.0,0.01805979013442993,-0.07583636045455933,0.06087028980255127,-0.11589318513870239,0.10437244176864624,-0.10964721441268921,0.13958871364593506,-0.103324294090271,0.13328903913497925,-0.10801064968109131,0.19532179832458496,-0.12043708562850952,0.2356777787208557,-0.12185966968536377,0.272347092628479,-0.11943256855010986,0.13846814632415771,-0.05729550123214722,0.20885974168777466,-0.07273000478744507,0.25714874267578125,-0.08003753423690796,0.2970540523529053,-0.08262860774993896,0.13165003061294556,-0.003354191780090332,0.14690113067626953,-0.018013834953308105,0.09916853904724121,-0.027088940143585205,0.0657394528388977,-0.031213700771331787,0.11839413642883301,0.047753751277923584,0.13126099109649658,0.029604792594909668,0.09575420618057251,0.01390773057937622,0.06922775506973267,0.0029698610305786133
0.0,0.0,0.016438454389572144,-0.07414412498474121,0.05847826600074768,-0.11536449193954468,0.10215982794761658,-0.11212104558944702,0.13787296414375305,-0.10888570547103882,0.1342678964138031,-0.1096343994140625,0.19631579518318176,-0.12168771028518677,0.23621919751167297,-0.12260997295379639,0.27227166295051575,-0.1207018494606018,0.13941910862922668,-0.059785544872283936,0.2099795639514923,-0.0748106837272644,0.2574290335178375,-0.08173257112503052,0.2973124086856842,-0.08467495441436768,0.13242009282112122,-0.006350338459014893,0.14681920409202576,-0.020052731037139893,0.09840705990791321,-0.027326881885528564,0.0647566020488739,-0.03040337562561035,0.11823084950447083,0.045275092124938965,0.1319621503353119,0.027631163597106934,0.0975901186466217,0.01263439655303955,0.07175889611244202,0.0014229416847229004
0.0,0.0,0.016116172075271606,-0.07467854022979736,0.0582008957862854,-0.1150086522102356,0.10248458385467529,-0.10811644792556763,0.13792747259140015,-0.10297513008117676,0.13178116083145142,-0.1094977855682373,0.1931774616241455,-0.12250947952270508,0.233758807182312,-0.12452107667922974,0.27099424600601196,-0.12325406074523926,0.13832056522369385,-0.05961596965789795,0.2086356282234192,-0.07532447576522827,0.25630950927734375,-0.08246129751205444,0.29724830389022827,-0.08506524562835693,0.13244658708572388,-0.0060765743255615234,0.14487498998641968,-0.01738595962524414,0.097525954246521,-0.027294278144836426,0.06387591361999512,-0.03234630823135376,0.11892449855804443,0.04530256986618042,0.12923860549926758,0.02765446901321411,0.0942273736000061,0.012103378772735596,0.06749594211578369,0.000781714916229248
0.0,0.0,0.01829811930656433,-0.07269024848937988,0.06112188100814819,-0.11341005563735962,0.10407978296279907,-0.10805618762969971,0.13843458890914917,-0.09694170951843262,0.13529884815216064,-0.10721248388290405,0.1981179118156433,-0.12001091241836548,0.23831331729888916,-0.12183606624603271,0.2746574282646179,-0.11998707056045532,0.1400836706161499,-0.05669999122619629,0.21085870265960693,-0.07347309589385986,0.2583625912666321,-0.08112448453903198,0.2987315058708191,-0.0840461254119873,0.13309425115585327,-0.0025585293769836426,0.14848065376281738,-0.01794421672821045,0.0994802713394165,-0.026627957820892334,0.06516110897064209,-0.02935129404067993,0.11856043338775635,0.04859888553619385,0.13223224878311157,0.028847455978393555,0.09614318609237671,0.01445615291595459,0.06898671388626099,0.0066078901290893555
