0.0,0.0,-0.04952442646026611,-0.03874242305755615,-0.07916954159736633,-0.11352860927581787,-0.08123758435249329,-0.17403709888458252,-0.06270211935043335,-0.208479642868042,-0.061764150857925415,-0.19484597444534302,-0.05694076418876648,-0.24700379371643066,-0.059898585081100464,-0.2004820704460144,-0.06154802441596985,-0.16388851404190063,-0.03135517239570618,-0.19448351860046387,-0.027577728033065796,-0.2365702986717224,-0.03385353088378906,-0.18442589044570923,-0.03916865587234497,-0.14883559942245483,0.0002764463424682617,-0.1888045072555542,0.0008362233638763428,-0.22033488750457764,-0.00782102346420288,-0.17067372798919678,-0.01349756121635437,-0.13628441095352173,0.030878514051437378,-0.18045377731323242,0.04285937547683716,-0.2506890892982483,0.04672613739967346,-0.2915446162223816,0.049318909645080566,-0.3289271593093872
0.0,0.0,-0.04045307636260986,-0.03153270483016968,-0.06763669848442078,-0.10373806953430176,-0.048834145069122314,-0.16953706741333008,-0.006713807582855225,-0.20029699802398682,-0.07958340644836426,-0.154757559299469,-0.08052131533622742,-0.2105281949043274,-0.0694291889667511,-0.16472917795181274,-0.06447276473045349,-0.13626432418823242,-0.04423266649246216,-0.16492390632629395,-0.04257369041442871,-0.21584057807922363,-0.03680497407913208,-0.1607099175453186,-0.034732669591903687,-0.1322646141052246,-0.010132372379302979,-0.16687840223312378,-0.00481647253036499,-0.21251797676086426,-0.007046222686767578,-0.15717417001724243,-0.009344041347503662,-0.11468404531478882,0.022677481174468994,-0.16527360677719116,0.020905494689941406,-0.22577959299087524,0.019896745681762695,-0.265414834022522,0.018810808658599854,-0.3040602207183838
0.0,0.0,-0.04044884443283081,-0.03815293312072754,-0.06377831101417542,-0.10926294326782227,-0.045676231384277344,-0.17265629768371582,-0.010724782943725586,-0.1985568404197693,-0.08284646272659302,-0.15557318925857544,-0.07458162307739258,-0.20926964282989502,-0.06284570693969727,-0.16730624437332153,-0.060387760400772095,-0.14110970497131348,-0.04616594314575195,-0.16301685571670532,-0.03844916820526123,-0.21332985162734985,-0.03040677309036255,-0.16012603044509888,-0.029492437839508057,-0.1285417079925537,-0.011472463607788086,-0.1661520004272461,-0.004544198513031006,-0.2057057023048401,-0.003959476947784424,-0.15776962041854858,-0.006615936756134033,-0.12018328905105591,0.019614458084106445,-0.16655325889587402,0.018586456775665283,-0.22427880764007568,0.02023547887802124,-0.25985288619995117,0.021257340908050537,-0.29284051060676575
0.0,0.0,-0.04288530349731445,-0.03680229187011719,-0.06572332978248596,-0.11058920621871948,-0.04284358024597168,-0.17333555221557617,-0.004754066467285156,-0.19492769241333008,-0.08146059513092041,-0.15642648935317993,-0.0760086178779602,-0.20734697580337524,-0.06525856256484985,-0.16594547033309937,-0.06262773275375366,-0.13901835680007935,-0.044956326484680176,-0.16288363933563232,-0.039860665798187256,-0.21321213245391846,-0.03128272294998169,-0.15894478559494019,-0.02936685085296631,-0.12506628036499023,-0.010649919509887695,-0.1644558310508728,-0.0066765546798706055,-0.20723730325698853,-0.006313025951385498,-0.16615915298461914,-0.008190512657165527,-0.1328495740890503,0.02081078290939331,-0.16317534446716309,0.019630491733551025,-0.2199007272720337,0.021145343780517578,-0.25342196226119995,0.02164614200592041,-0.2859484553337097
0.0,0.0,-0.044154345989227295,-0.03221195936203003,-0.07367917895317078,-0.09935665130615234,-0.05662742257118225,-0.16341632604599,-0.017391443252563477,-0.19234108924865723,-0.08707323670387268,-0.1486525535583496,-0.08398443460464478,-0.19931745529174805,-0.07005751132965088,-0.15726107358932495,-0.06574100255966187,-0.13186711072921753,-0.051576077938079834,-0.1591796875,-0.04724627733230591,-0.20627349615097046,-0.03641456365585327,-0.1529126763343811,-0.033187270164489746,-0.12323552370071411,-0.0181809663772583,-0.1630803942680359,-0.013151764869689941,-0.203549325466156,-0.01118624210357666,-0.15822583436965942,-0.012206554412841797,-0.12339293956756592,0.013013601303100586,-0.16312426328659058,0.01162189245223999,-0.21790635585784912,0.012408614158630371,-0.2522558569908142,0.011703550815582275,-0.28646665811538696
0.0,0.0,-0.04375523328781128,-0.026932895183563232,-0.07641527056694031,-0.0879889726638794,-0.06582850217819214,-0.15237957239151,-0.029111385345458984,-0.1864161491394043,-0.09131842851638794,-0.14158689975738525,-0.09139275550842285,-0.19104433059692383,-0.07810857892036438,-0.14742755889892578,-0.07255867123603821,-0.12192094326019287,-0.05772596597671509,-0.15536576509475708,-0.05663838982582092,-0.20173436403274536,-0.04640299081802368,-0.14910036325454712,-0.04141134023666382,-0.1216278076171875,-0.024775326251983643,-0.16238301992416382,-0.022772490978240967,-0.20477348566055298,-0.022657930850982666,-0.1609950065612793,-0.024090290069580078,-0.12836551666259766,0.006372928619384766,-0.16501545906066895,0.00293886661529541,-0.22075408697128296,0.0017971992492675781,-0.25484541058540344,-0.0006108283996582031,-0.28845471143722534
0.0,0.0,-0.04446148872375488,-0.02612072229385376,-0.08115655183792114,-0.08250892162322998,-0.07667472958564758,-0.14355117082595825,-0.040918052196502686,-0.1785411834716797,-0.09252208471298218,-0.1370498538017273,-0.0971333384513855,-0.18544286489486694,-0.07949057221412659,-0.14734375476837158,-0.07023048400878906,-0.12108492851257324,-0.05994623899459839,-0.15151214599609375,-0.0616317093372345,-0.19759857654571533,-0.04656064510345459,-0.14896512031555176,-0.038301050662994385,-0.11831796169281006,-0.027660727500915527,-0.15897804498672485,-0.026894569396972656,-0.19665908813476562,-0.022235095500946045,-0.15023916959762573,-0.019851326942443848,-0.1122434139251709,0.004132986068725586,-0.16218644380569458,0.0009287595748901367,-0.21961963176727295,0.0016935467720031738,-0.25596246123313904,0.0010337233543395996,-0.2893046438694
0.0,0.0,-0.048918068408966064,-0.021343648433685303,-0.0865071713924408,-0.07620823383331299,-0.07914084196090698,-0.13840574026107788,-0.04415467381477356,-0.17317229509353638,-0.09436541795730591,-0.1260555386543274,-0.10283723473548889,-0.17703819274902344,-0.08571085333824158,-0.1389743685722351,-0.07557320594787598,-0.11031949520111084,-0.06229695677757263,-0.1436619758605957,-0.06806376576423645,-0.19111418724060059,-0.05264127254486084,-0.14341765642166138,-0.042893797159194946,-0.11095744371414185,-0.030712366104125977,-0.15406793355941772,-0.03392845392227173,-0.19709569215774536,-0.029343843460083008,-0.15018600225448608,-0.02566283941268921,-0.10997337102890015,0.0007700920104980469,-0.15941309928894043,-0.0019701123237609863,-0.21476787328720093,-0.001759648323059082,-0.25090134143829346,-0.0029085278511047363,-0.28510111570358276
0.0,0.0,-0.045796990394592285,-0.018413007259368896,-0.08484029769897461,-0.06961256265640259,-0.08387386798858643,-0.13034170866012573,-0.052875638008117676,-0.16876673698425293,-0.09470707178115845,-0.12372070550918579,-0.10295853018760681,-0.17183178663253784,-0.08342665433883667,-0.1382959485054016,-0.07081404328346252,-0.11060875654220581,-0.06372979283332825,-0.14142495393753052,-0.0683240294456482,-0.18663477897644043,-0.05136492848396301,-0.1406126618385315,-0.04043018817901611,-0.10734450817108154,-0.03318774700164795,-0.1513679027557373,-0.0349462628364563,-0.19372069835662842,-0.028751790523529053,-0.14968127012252808,-0.02330225706100464,-0.11148452758789062,-0.002068638801574707,-0.15549594163894653,-0.003206610679626465,-0.21061813831329346,-0.002709031105041504,-0.24606692790985107,-0.0035312771797180176,-0.280373752117157
0.0,0.0,-0.047142624855041504,-0.019743740558624268,-0.08613723516464233,-0.0717657208442688,-0.08282813429832458,-0.13155418634414673,-0.050239503383636475,-0.16589748859405518,-0.0918470025062561,-0.12512058019638062,-0.10132026672363281,-0.17067188024520874,-0.08421337604522705,-0.13439923524856567,-0.07333651185035706,-0.10836660861968994,-0.061224400997161865,-0.1424773931503296,-0.0678945779800415,-0.18571919202804565,-0.05318039655685425,-0.13911616802215576,-0.04397064447402954,-0.11168038845062256,-0.030216753482818604,-0.15121889114379883,-0.033240318298339844,-0.19599127769470215,-0.028370022773742676,-0.14845556020736694,-0.023694097995758057,-0.10959339141845703,0.0018805265426635742,-0.15462958812713623,0.0006378889083862305,-0.21024459600448608,0.0011570453643798828,-0.2459700107574463,0.00033277273178100586,-0.28187599778175354
0.0,0.0,-0.04674208164215088,-0.017408668994903564,-0.08613303303718567,-0.06743407249450684,-0.08459779620170593,-0.12628519535064697,-0.054131776094436646,-0.1632862687110901,-0.09162530303001404,-0.1223105788230896,-0.10209670662879944,-0.16722947359085083,-0.08337211608886719,-0.1311686635017395,-0.07120239734649658,-0.10401630401611328,-0.06156936287879944,-0.13934212923049927,-0.06738197803497314,-0.18181854486465454,-0.05085742473602295,-0.1341928243637085,-0.04064178466796875,-0.10461157560348511,-0.03129321336746216,-0.14831995964050293,-0.032989680767059326,-0.19094109535217285,-0.027061641216278076,-0.14118361473083496,-0.022288262844085693,-0.1010022759437561,0.00033164024353027344,-0.1520633101463318,-0.002333343029022217,-0.20619237422943115,-0.0017025470733642578,-0.24151566624641418,-0.0021146535873413086,-0.2769849896430969
0.0,0.0,-0.046124160289764404,-0.01768636703491211,-0.08510440587997437,-0.06612145900726318,-0.08221006393432617,-0.12406498193740845,-0.051143527030944824,-0.1596682071685791,-0.09080931544303894,-0.12305009365081787,-0.09882721304893494,-0.16707074642181396,-0.08091291785240173,-0.13151240348815918,-0.06947222352027893,-0.10377806425094604,-0.06004330515861511,-0.13950419425964355,-0.06479963660240173,-0.1813603639602661,-0.04889172315597534,-0.13451755046844482,-0.03885543346405029,-0.1040145754814148,-0.029458284378051758,-0.14797312021255493,-0.030513465404510498,-0.18908029794692993,-0.024510324001312256,-0.14062780141830444,-0.01950925588607788,-0.10074484348297119,0.0021284818649291992,-0.15063828229904175,-0.00016885995864868164,-0.20472770929336548,0.0006036758422851562,-0.239909827709198,0.00042939186096191406,-0.2746766209602356
0.0,0.0,-0.04782932996749878,-0.018122076988220215,-0.08562785387039185,-0.06829708814620972,-0.08098989725112915,-0.12819373607635498,-0.05045562982559204,-0.16418278217315674,-0.09273296594619751,-0.12325799465179443,-0.10110610723495483,-0.16838908195495605,-0.0838923454284668,-0.1307472586631775,-0.07290861010551453,-0.10214090347290039,-0.06190502643585205,-0.1399793028831482,-0.06761887669563293,-0.18230396509170532,-0.05162400007247925,-0.13431334495544434,-0.04116404056549072,-0.10458862781524658,-0.03090798854827881,-0.14919090270996094,-0.03337663412094116,-0.18965357542037964,-0.027068912982940674,-0.1388724446296692,-0.021502673625946045,-0.0981636643409729,0.0010302066802978516,-0.1531408429145813,-0.002795994281768799,-0.20817989110946655,-0.002112865447998047,-0.24417215585708618,-0.0022272467613220215,-0.27946412563323975
0.0,0.0,-0.047739624977111816,-0.019617557525634766,-0.08706140518188477,-0.07234817743301392,-0.0833953320980072,-0.1341688632965088,-0.05045163631439209,-0.17041748762130737,-0.09449136257171631,-0.12855368852615356,-0.1043580174446106,-0.17282354831695557,-0.0862569808959961,-0.1355488896369934,-0.07479500770568848,-0.10866057872772217,-0.0630720853805542,-0.1461087465286255,-0.06971514225006104,-0.18891382217407227,-0.053407132625579834,-0.13957124948501587,-0.043917715549468994,-0.11122989654541016,-0.03153359889984131,-0.1549881100654602,-0.034831106662750244,-0.19766956567764282,-0.02854633331298828,-0.14456301927566528,-0.022726893424987793,-0.10217159986495972,0.0015553832054138184,-0.1586008071899414,-0.0017510652542114258,-0.2155771255493164,-0.0011612772941589355,-0.2538069784641266,-0.0020838379859924316,-0.29217976331710815
0.0,0.0,-0.04877972602844238,-0.019636213779449463,-0.08777236938476562,-0.06836038827896118,-0.08547994494438171,-0.1294298768043518,-0.05276232957839966,-0.16596680879592896,-0.09129196405410767,-0.12578094005584717,-0.10329371690750122,-0.17018938064575195,-0.08631101250648499,-0.13360810279846191,-0.07457047700881958,-0.10528838634490967,-0.060956716537475586,-0.14356106519699097,-0.06959760189056396,-0.18546563386917114,-0.05273330211639404,-0.1370840072631836,-0.0432279109954834,-0.10943806171417236,-0.030533909797668457,-0.15255457162857056,-0.03438371419906616,-0.1951180100440979,-0.02830713987350464,-0.14344936609268188,-0.02273237705230713,-0.10138612985610962,0.002335667610168457,-0.1564326286315918,-0.00026541948318481445,-0.21307116746902466,0.0014262795448303223,-0.25051233172416687,0.0014606118202209473,-0.28711748123168945
0.0,0.0,-0.04944455623626709,-0.022455334663391113,-0.08701404929161072,-0.07097893953323364,-0.08339229226112366,-0.13133561611175537,-0.04931521415710449,-0.16537690162658691,-0.09070917963981628,-0.1266884207725525,-0.10130736231803894,-0.17077332735061646,-0.08363598585128784,-0.13507503271102905,-0.07197865843772888,-0.1069822907447815,-0.060110628604888916,-0.14506137371063232,-0.06795379519462585,-0.1862078309059143,-0.05084282159805298,-0.13729852437973022,-0.042133986949920654,-0.1112181544303894,-0.029558300971984863,-0.15408533811569214,-0.03218334913253784,-0.19687491655349731,-0.02641928195953369,-0.1443811058998108,-0.02148604393005371,-0.1018296480178833,0.003248453140258789,-0.1570512056350708,0.0016120672225952148,-0.21378076076507568,0.0038784146308898926,-0.25104820728302,0.004366576671600342,-0.28756049275398254
0.0,0.0,-0.04894310235977173,-0.02088099718093872,-0.08850714564323425,-0.0710405707359314,-0.0872456431388855,-0.13094806671142578,-0.05337923765182495,-0.16661864519119263,-0.09162914752960205,-0.12731724977493286,-0.10297054052352905,-0.17189472913742065,-0.08610451221466064,-0.13577371835708618,-0.07463666796684265,-0.10824793577194214,-0.06073200702667236,-0.14545315504074097,-0.06822532415390015,-0.18756169080734253,-0.05234968662261963,-0.1397545337677002,-0.042984724044799805,-0.11213475465774536,-0.0292930006980896,-0.154666006565094,-0.032491981983184814,-0.19933193922042847,-0.026881277561187744,-0.1470291018486023,-0.021293997764587402,-0.1040918231010437,0.0041397809982299805,-0.1579483151435852,0.003498673439025879,-0.2150249481201172,0.005415558815002441,-0.25310593843460083,0.005879878997802734,-0.29082632064819336
0.0,0.0,-0.05001354217529297,-0.02063775062561035,-0.08784863352775574,-0.07085561752319336,-0.08516356348991394,-0.13150018453598022,-0.05542707443237305,-0.16742128133773804,-0.09292212128639221,-0.12847661972045898,-0.10396242141723633,-0.17333626747131348,-0.0857713520526886,-0.13884079456329346,-0.072673499584198,-0.10875016450881958,-0.0613703727722168,-0.1468539834022522,-0.06859010457992554,-0.18880051374435425,-0.05147677659988403,-0.14176839590072632,-0.04142773151397705,-0.1124715805053711,-0.029879629611968994,-0.15596336126327515,-0.03217196464538574,-0.19925570487976074,-0.02664923667907715,-0.1498509645462036,-0.021789729595184326,-0.10871201753616333,0.0031660795211791992,-0.15856420993804932,0.0022126436233520508,-0.21627283096313477,0.004342913627624512,-0.2536812424659729,0.00478053092956543,-0.2907487750053406
0.0,0.0,-0.0505712628364563,-0.018571853637695312,-0.09066897630691528,-0.07024681568145752,-0.08837184309959412,-0.13215547800064087,-0.05708533525466919,-0.16911041736602783,-0.09596461057662964,-0.12903475761413574,-0.10796627402305603,-0.17416834831237793,-0.09094303846359253,-0.13749295473098755,-0.0796840488910675,-0.10932356119155884,-0.06374627351760864,-0.14767473936080933,-0.07195186614990234,-0.19031089544296265,-0.054987192153930664,-0.14138609170913696,-0.046023666858673096,-0.11301922798156738,-0.03143107891082764,-0.1563395857810974,-0.03450876474380493,-0.19959241151809692,-0.028690099716186523,-0.14677292108535767,-0.023728549480438232,-0.10403406620025635,0.003405928611755371,-0.15962213277816772,0.0027329325675964355,-0.2176295518875122,0.0052419304847717285,-0.25604385137557983,0.005575597286224365,-0.2949367165565491
0.0,0.0,-0.05143570899963379,-0.02309596538543701,-0.09037318825721741,-0.07115590572357178,-0.09077787399291992,-0.13175618648529053,-0.06291353702545166,-0.17077761888504028,-0.09811410307884216,-0.13077521324157715,-0.10787180066108704,-0.17526143789291382,-0.091788649559021,-0.13650929927825928,-0.08260738849639893,-0.10512566566467285,-0.06472045183181763,-0.1510533094406128,-0.07240572571754456,-0.1897299885749817,-0.05599868297576904,-0.13852256536483765,-0.049948692321777344,-0.11437737941741943,-0.031546175479888916,-0.1604936718940735,-0.034939348697662354,-0.20316559076309204,-0.029218435287475586,-0.14854496717453003,-0.02485436201095581,-0.10467875003814697,0.003723323345184326,-0.16268020868301392,0.00212937593460083,-0.22088462114334106,0.0050209760665893555,-0.2594289481639862,0.00532299280166626,-0.2976759076118469
0.0,0.0,-0.053678810596466064,-0.023221850395202637,-0.0936802327632904,-0.07239609956741333,-0.09228968620300293,-0.13479173183441162,-0.060967862606048584,-0.17194831371307373,-0.09746986627578735,-0.1317625641822815,-0.11072319746017456,-0.17702049016952515,-0.09379664063453674,-0.13994014263153076,-0.08312255144119263,-0.10968667268753052,-0.0649707019329071,-0.15244382619857788,-0.07535389065742493,-0.1919819712638855,-0.05750608444213867,-0.14041107892990112,-0.05062371492385864,-0.1155511736869812,-0.033010661602020264,-0.16216278076171875,-0.03782254457473755,-0.20535904169082642,-0.03202003240585327,-0.151594877243042,-0.027212977409362793,-0.10822373628616333,0.0023517608642578125,-0.165702223777771,0.0007816553115844727,-0.22416138648986816,0.0040364861488342285,-0.2619282007217407,0.0045659542083740234,-0.29953572154045105
0.0,0.0,-0.050800621509552,-0.024744927883148193,-0.08945250511169434,-0.07618200778961182,-0.08889052271842957,-0.13889765739440918,-0.05824774503707886,-0.17418837547302246,-0.09186705946922302,-0.13269352912902832,-0.10633575916290283,-0.17733359336853027,-0.09123319387435913,-0.14220070838928223,-0.08120214939117432,-0.11136049032211304,-0.06010976433753967,-0.15353959798812866,-0.07201525568962097,-0.19277530908584595,-0.0558512806892395,-0.1408839225769043,-0.05572915077209473,-0.1279720664024353,-0.029768526554107666,-0.16232627630233765,-0.035250186920166016,-0.20444953441619873,-0.02890312671661377,-0.14905864000320435,-0.02339351177215576,-0.10615384578704834,0.004713773727416992,-0.16487997770309448,0.0031515955924987793,-0.2251955270767212,0.006001293659210205,-0.2648375630378723,0.006461918354034424,-0.3037900924682617
0.0,0.0,-0.05239075422286987,-0.021218419075012207,-0.09239459037780762,-0.07124108076095581,-0.09106746315956116,-0.13434827327728271,-0.05722469091415405,-0.17133277654647827,-0.09510037302970886,-0.12942534685134888,-0.10874933004379272,-0.17654836177825928,-0.09214931726455688,-0.13971036672592163,-0.08012652397155762,-0.11043679714202881,-0.06317293643951416,-0.1495668888092041,-0.07281908392906189,-0.19429421424865723,-0.056300580501556396,-0.14524143934249878,-0.04779410362243652,-0.11852824687957764,-0.03083813190460205,-0.15992850065231323,-0.03510981798171997,-0.20495069026947021,-0.028543472290039062,-0.14896780252456665,-0.022388219833374023,-0.10368692874908447,0.004317224025726318,-0.16438955068588257,0.0034711360931396484,-0.22349655628204346,0.006256580352783203,-0.26272159814834595,0.0064511895179748535,-0.30187657475471497
0.0,0.0,-0.05103832483291626,-0.02364528179168701,-0.09089821577072144,-0.07386338710784912,-0.09021508693695068,-0.13665568828582764,-0.058884650468826294,-0.17243415117263794,-0.09258279204368591,-0.13252675533294678,-0.10679236054420471,-0.17840933799743652,-0.09060811996459961,-0.14040911197662354,-0.08022212982177734,-0.10943222045898438,-0.060515761375427246,-0.15350091457366943,-0.07118654251098633,-0.19341504573822021,-0.053564608097076416,-0.13817811012268066,-0.05075240135192871,-0.12041968107223511,-0.029589951038360596,-0.16284090280532837,-0.03332144021987915,-0.2064049243927002,-0.0272638201713562,-0.1494152545928955,-0.02304297685623169,-0.10647308826446533,0.005499005317687988,-0.16571766138076782,0.0037474632263183594,-0.2257007360458374,0.007181346416473389,-0.26462996006011963,0.0077231526374816895,-0.3040544390678406
0.0,0.0,-0.051467180252075195,-0.021899521350860596,-0.09259438514709473,-0.07265758514404297,-0.09199818968772888,-0.13582217693328857,-0.05830496549606323,-0.17277705669403076,-0.09459003806114197,-0.1320081353187561,-0.10955849289894104,-0.17879915237426758,-0.0920579731464386,-0.14208954572677612,-0.08028450608253479,-0.11280333995819092,-0.06283542513847351,-0.15290337800979614,-0.0732446014881134,-0.19479072093963623,-0.055841267108917236,-0.14464300870895386,-0.04927855730056763,-0.12189215421676636,-0.03113245964050293,-0.16183733940124512,-0.035318076610565186,-0.20583266019821167,-0.02876877784729004,-0.15080887079238892,-0.02303338050842285,-0.10703575611114502,0.0037029385566711426,-0.16480082273483276,0.002902209758758545,-0.22402334213256836,0.005770742893218994,-0.2625466585159302,0.005967974662780762,-0.3015955686569214
0.0,0.0,-0.048815369606018066,-0.026320815086364746,-0.08666875958442688,-0.0759153962135315,-0.08924546837806702,-0.13867992162704468,-0.05817371606826782,-0.17592281103134155,-0.08790135383605957,-0.1347481608390808,-0.10402452945709229,-0.17899662256240845,-0.08933436870574951,-0.14318758249282837,-0.07876315712928772,-0.11339324712753296,-0.05697864294052124,-0.15549778938293457,-0.07096385955810547,-0.19415056705474854,-0.05366933345794678,-0.13885021209716797,-0.0541803240776062,-0.12972486019134521,-0.02757030725479126,-0.16382116079330444,-0.03515976667404175,-0.20395278930664062,-0.028760194778442383,-0.14934170246124268,-0.023400723934173584,-0.10995233058929443,0.006408870220184326,-0.16580796241760254,0.004608631134033203,-0.2273392677307129,0.007959067821502686,-0.266664981842041,0.008798778057098389,-0.30499178171157837
0.0,0.0,-0.05465900897979736,-0.02449941635131836,-0.09372425079345703,-0.07310986518859863,-0.08994036912918091,-0.13871771097183228,-0.05459237098693848,-0.17338460683822632,-0.09217384457588196,-0.1322317123413086,-0.1085069477558136,-0.17840343713760376,-0.09377521276473999,-0.14207029342651367,-0.08306542038917542,-0.1116977334022522,-0.060434430837631226,-0.15395987033843994,-0.0741107165813446,-0.19388431310653687,-0.05687671899795532,-0.14044725894927979,-0.053372859954833984,-0.12438732385635376,-0.030176818370819092,-0.1632811427116394,-0.036679208278656006,-0.20622104406356812,-0.030500292778015137,-0.1517382264137268,-0.02486807107925415,-0.11029571294784546,0.0046479105949401855,-0.16563314199447632,0.0037121176719665527,-0.2252686619758606,0.007306694984436035,-0.26406586170196533,0.008075416088104248,-0.3028528392314911
0.0,0.0,-0.05068928003311157,-0.0254971981048584,-0.08960792422294617,-0.07833594083786011,-0.09028312563896179,-0.1434469223022461,-0.057415932416915894,-0.178230881690979,-0.08741578459739685,-0.13511496782302856,-0.10406515002250671,-0.1792505979537964,-0.09034934639930725,-0.14520800113677979,-0.07888573408126831,-0.1141393780708313,-0.05736944079399109,-0.1554301381111145,-0.07160571217536926,-0.19622665643692017,-0.05511218309402466,-0.14156192541122437,-0.05574220418930054,-0.1333690881729126,-0.028741538524627686,-0.16398918628692627,-0.03659236431121826,-0.2059984803199768,-0.0291098952293396,-0.14964574575424194,-0.02180534601211548,-0.10792136192321777,0.005156755447387695,-0.16604512929916382,0.003977715969085693,-0.22768187522888184,0.006971895694732666,-0.26790809631347656,0.007926344871520996,-0.3077101707458496
0.0,0.0,-0.04757767915725708,-0.023806273937225342,-0.08629670739173889,-0.07207489013671875,-0.08580756187438965,-0.1333896517753601,-0.05289071798324585,-0.16937530040740967,-0.08598363399505615,-0.1323564052581787,-0.09946945309638977,-0.17520982027053833,-0.08451482653617859,-0.1407148838043213,-0.07309079170227051,-0.10957014560699463,-0.05562514066696167,-0.15059107542037964,-0.0662756860256195,-0.19101101160049438,-0.050388455390930176,-0.14004063606262207,-0.04573744535446167,-0.11650341749191284,-0.02596038579940796,-0.15832221508026123,-0.032113075256347656,-0.20078414678573608,-0.025613367557525635,-0.14688384532928467,-0.01975613832473755,-0.10389816761016846,0.00719141960144043,-0.15974009037017822,0.007239282131195068,-0.21870803833007812,0.010837972164154053,-0.2572118639945984,0.011246085166931152,-0.29590195417404175
0.0,0.0,-0.04938417673110962,-0.024905800819396973,-0.08863604068756104,-0.07550579309463501,-0.0871792733669281,-0.13916456699371338,-0.05275243520736694,-0.17527353763580322,-0.08855199813842773,-0.1358744502067566,-0.10162165760993958,-0.18208420276641846,-0.08707135915756226,-0.1449601650238037,-0.07771256566047668,-0.1156356930732727,-0.057835280895233154,-0.15515398979187012,-0.06790521740913391,-0.19514328241348267,-0.0524066686630249,-0.14287811517715454,-0.05023998022079468,-0.12621837854385376,-0.027305543422698975,-0.1625956892967224,-0.032035768032073975,-0.20621633529663086,-0.025643348693847656,-0.1512463092803955,-0.02081245183944702,-0.10929089784622192,0.006900370121002197,-0.16370880603790283,0.00580286979675293,-0.2235751748085022,0.00914984941482544,-0.2629651427268982,0.009464740753173828,-0.30267637968063354
0.0,0.0,-0.053646087646484375,-0.023160159587860107,-0.09161597490310669,-0.07431280612945557,-0.08842933177947998,-0.13656938076019287,-0.05714455246925354,-0.17241883277893066,-0.0895126461982727,-0.1341555118560791,-0.1029016375541687,-0.17904680967330933,-0.0870678722858429,-0.14292144775390625,-0.07461199164390564,-0.11235207319259644,-0.057629406452178955,-0.15205299854278564,-0.06779804825782776,-0.19394630193710327,-0.05157744884490967,-0.14291024208068848,-0.04310715198516846,-0.11410033702850342,-0.026087939739227295,-0.1606731414794922,-0.031749606132507324,-0.20521128177642822,-0.02631157636642456,-0.15121233463287354,-0.020969092845916748,-0.10739338397979736,0.008334040641784668,-0.16312986612319946,0.007648110389709473,-0.2212342619895935,0.010449528694152832,-0.2591107487678528,0.010497033596038818,-0.29783421754837036
0.0,0.0,-0.04924517869949341,-0.03023815155029297,-0.08545035123825073,-0.08095568418502808,-0.08796834945678711,-0.14421790838241577,-0.057435691356658936,-0.18042224645614624,-0.08209630846977234,-0.1410539150238037,-0.09725144505500793,-0.1858229637145996,-0.08405479788780212,-0.1516696810722351,-0.07328015565872192,-0.12116891145706177,-0.05102628469467163,-0.15869587659835815,-0.06437397003173828,-0.20014464855194092,-0.04898107051849365,-0.14643609523773193,-0.05022388696670532,-0.13678890466690063,-0.021832585334777832,-0.16514825820922852,-0.029033541679382324,-0.20651304721832275,-0.023363828659057617,-0.15243107080459595,-0.018245160579681396,-0.111411452293396,0.011833786964416504,-0.16488289833068848,0.012828230857849121,-0.22698974609375,0.01725226640701294,-0.2667158842086792,0.019267380237579346,-0.30523747205734253
0.0,0.0,-0.05397883057594299,-0.023449420928955078,-0.09213998913764954,-0.07553482055664062,-0.0900406539440155,-0.13688290119171143,-0.06143456697463989,-0.17419970035552979,-0.09166690707206726,-0.1369025707244873,-0.10330861806869507,-0.1827106475830078,-0.0875055193901062,-0.1427668333053589,-0.07750469446182251,-0.11289358139038086,-0.05852913856506348,-0.1541992425918579,-0.06788918375968933,-0.1969960331916809,-0.05269885063171387,-0.1459028720855713,-0.04687148332595825,-0.11963480710983276,-0.026054978370666504,-0.16158169507980347,-0.030603468418121338,-0.20267164707183838,-0.025180399417877197,-0.14675331115722656,-0.020589172840118408,-0.10327887535095215,0.009457409381866455,-0.16371536254882812,0.009493589401245117,-0.22303742170333862,0.013114571571350098,-0.2615770697593689,0.013641297817230225,-0.30024391412734985
0.0,0.0,-0.0513419508934021,-0.020230472087860107,-0.09241506457328796,-0.06775158643722534,-0.09255418181419373,-0.1297065019607544,-0.06233757734298706,-0.16945171356201172,-0.09711113572120667,-0.12710386514663696,-0.10956555604934692,-0.17581284046173096,-0.0899239182472229,-0.1397988200187683,-0.07596322894096375,-0.1095116138458252,-0.06469765305519104,-0.1454717516899109,-0.07245677709579468,-0.1912686824798584,-0.05496102571487427,-0.14253520965576172,-0.04407668113708496,-0.11022078990936279,-0.03222513198852539,-0.1555088758468628,-0.03632915019989014,-0.19956105947494507,-0.02998906373977661,-0.14807671308517456,-0.02378261089324951,-0.10573172569274902,0.001388847827911377,-0.15929138660430908,0.0006410479545593262,-0.21857577562332153,0.00173264741897583,-0.25668925046920776,0.0010758042335510254,-0.2937909960746765
0.0,0.0,-0.047769010066986084,-0.029074370861053467,-0.08690690994262695,-0.08614873886108398,-0.08316805958747864,-0.1493014693260193,-0.04676169157028198,-0.18475395441055298,-0.08652132749557495,-0.14477431774139404,-0.095915287733078,-0.19210487604141235,-0.07962006330490112,-0.15186774730682373,-0.06860852241516113,-0.1238710880279541,-0.05276978015899658,-0.15919780731201172,-0.05792194604873657,-0.2053675651550293,-0.04473167657852173,-0.15145236253738403,-0.036882638931274414,-0.12045717239379883,-0.0187494158744812,-0.16466230154037476,-0.02134460210800171,-0.21207374334335327,-0.018125712871551514,-0.1547793745994568,-0.014385998249053955,-0.10975944995880127,0.0165594220161438,-0.1640278697013855,0.018625736236572266,-0.22510820627212524,0.022556662559509277,-0.2658956050872803,0.024779558181762695,-0.30770769715309143
0.0,0.0,-0.053222835063934326,-0.03341776132583618,-0.08936145901679993,-0.08611267805099487,-0.08550629019737244,-0.1496518850326538,-0.05251967906951904,-0.18649375438690186,-0.084748774766922,-0.143596351146698,-0.09961280226707458,-0.19298017024993896,-0.08706864714622498,-0.1549130082130432,-0.07861769199371338,-0.12364614009857178,-0.05183953046798706,-0.16323822736740112,-0.06585323810577393,-0.2069704532623291,-0.05085313320159912,-0.1510864496231079,-0.05078333616256714,-0.13966166973114014,-0.021577298641204834,-0.1703176498413086,-0.0283968448638916,-0.21418142318725586,-0.024439573287963867,-0.15985095500946045,-0.019705355167388916,-0.11869102716445923,0.01360177993774414,-0.17023080587387085,0.015012264251708984,-0.23604655265808105,0.020022928714752197,-0.27631068229675293,0.022545218467712402,-0.3146044909954071
0.0,0.0,-0.054018616676330566,-0.033409953117370605,-0.09069055318832397,-0.08952558040618896,-0.08148634433746338,-0.15464800596237183,-0.04590880870819092,-0.19061678647994995,-0.08541417121887207,-0.14842188358306885,-0.09872859716415405,-0.19874167442321777,-0.0845799446105957,-0.15998220443725586,-0.07494831085205078,-0.12799662351608276,-0.05199557542800903,-0.1666046380996704,-0.06276571750640869,-0.21187353134155273,-0.048794686794281006,-0.15794026851654053,-0.044776201248168945,-0.1368621587753296,-0.02026134729385376,-0.17284411191940308,-0.024070143699645996,-0.218375563621521,-0.021456360816955566,-0.16370445489883423,-0.017182588577270508,-0.11979258060455322,0.01431739330291748,-0.17197149991989136,0.017375648021697998,-0.2358710765838623,0.022487521171569824,-0.27745765447616577,0.025958120822906494,-0.3175649642944336
0.0,0.0,-0.05240112543106079,-0.028864264488220215,-0.09187805652618408,-0.08545053005218506,-0.08576053380966187,-0.14991474151611328,-0.05021238327026367,-0.18674474954605103,-0.09008771181106567,-0.1467808485031128,-0.10212850570678711,-0.1994418501853943,-0.08673906326293945,-0.15586084127426147,-0.07664579153060913,-0.12317085266113281,-0.05634284019470215,-0.16394829750061035,-0.06477171182632446,-0.21060693264007568,-0.04956626892089844,-0.1557111144065857,-0.04139226675033569,-0.12615543603897095,-0.02293837070465088,-0.1703561544418335,-0.025795817375183105,-0.21659010648727417,-0.02281254529953003,-0.16258525848388672,-0.01964747905731201,-0.11952465772628784,0.012255430221557617,-0.1700853705406189,0.016132891178131104,-0.23224925994873047,0.02185291051864624,-0.2714906334877014,0.024525165557861328,-0.31074801087379456
0.0,0.0,-0.05001413822174072,-0.0273970365524292,-0.08963072299957275,-0.0844883918762207,-0.08336663246154785,-0.1495758295059204,-0.04465281963348389,-0.18498539924621582,-0.08781945705413818,-0.14327144622802734,-0.10144507884979248,-0.19522994756698608,-0.08754521608352661,-0.15456336736679077,-0.07870858907699585,-0.12567031383514404,-0.05461400747299194,-0.1617363691329956,-0.06406313180923462,-0.20782315731048584,-0.05006200075149536,-0.1529909372329712,-0.04680788516998291,-0.13468849658966064,-0.02227264642715454,-0.16777968406677246,-0.025329113006591797,-0.21689575910568237,-0.022260010242462158,-0.16146880388259888,-0.019041359424591064,-0.11875855922698975,0.012821793556213379,-0.16727864742279053,0.014928758144378662,-0.2278752326965332,0.01890254020690918,-0.26834017038345337,0.020363986492156982,-0.3099266290664673
0.0,0.0,-0.05027860403060913,-0.030718982219696045,-0.08837270736694336,-0.08854985237121582,-0.08279204368591309,-0.15586239099502563,-0.04482126235961914,-0.18937933444976807,-0.08462834358215332,-0.14585429430007935,-0.09816890954971313,-0.1972101330757141,-0.08548223972320557,-0.15871655941009521,-0.0766037106513977,-0.12622737884521484,-0.052046120166778564,-0.16575473546981812,-0.06470507383346558,-0.21096444129943848,-0.049082040786743164,-0.1534724235534668,-0.050326764583587646,-0.1450430154800415,-0.022050917148590088,-0.17249780893325806,-0.028545141220092773,-0.21942853927612305,-0.022498250007629395,-0.1627550721168518,-0.016442477703094482,-0.11943817138671875,0.012212693691253662,-0.17157280445098877,0.012588143348693848,-0.2371581792831421,0.015711069107055664,-0.2789945602416992,0.016518473625183105,-0.319202721118927
0.0,0.0,-0.04697859287261963,-0.02794402837753296,-0.08518481254577637,-0.08588701486587524,-0.08001363277435303,-0.1528465747833252,-0.04223012924194336,-0.18759441375732422,-0.07864850759506226,-0.13990193605422974,-0.09368711709976196,-0.18838846683502197,-0.08290302753448486,-0.1575184464454651,-0.07260572910308838,-0.12467890977859497,-0.04882502555847168,-0.1592085361480713,-0.0625159740447998,-0.20638507604599,-0.0497206449508667,-0.15628588199615479,-0.054936766624450684,-0.1570841670036316,-0.020571768283843994,-0.16717398166656494,-0.028860270977020264,-0.21507400274276733,-0.02131599187850952,-0.16027671098709106,-0.013701558113098145,-0.11720991134643555,0.012593686580657959,-0.16679757833480835,0.013549387454986572,-0.23246586322784424,0.015207648277282715,-0.2753310799598694,0.014702558517456055,-0.31623685359954834
0.0,0.0,-0.0482293963432312,-0.024302423000335693,-0.08796149492263794,-0.08231419324874878,-0.0851980447769165,-0.149804949760437,-0.048873841762542725,-0.1842229962348938,-0.08319675922393799,-0.13999444246292114,-0.09816500544548035,-0.18877887725830078,-0.08762264251708984,-0.15603458881378174,-0.0784217119216919,-0.12271302938461304,-0.05296671390533447,-0.1587771773338318,-0.06725353002548218,-0.20582956075668335,-0.05471813678741455,-0.1542797088623047,-0.06046098470687866,-0.15215563774108887,-0.02439814805984497,-0.1667281985282898,-0.03347140550613403,-0.21278798580169678,-0.026337146759033203,-0.15813982486724854,-0.019227802753448486,-0.11539983749389648,0.009344279766082764,-0.1677873134613037,0.008655250072479248,-0.2331310510635376,0.008919000625610352,-0.27572953701019287,0.007650136947631836,-0.31672585010528564
0.0,0.0,-0.04482722282409668,-0.024477005004882812,-0.08400887250900269,-0.08596324920654297,-0.08124613761901855,-0.1540544033050537,-0.043502867221832275,-0.18832367658615112,-0.07893973588943481,-0.14213234186172485,-0.09366941452026367,-0.19139385223388672,-0.08348095417022705,-0.15915101766586304,-0.07346421480178833,-0.12708091735839844,-0.04889214038848877,-0.15936589241027832,-0.06186264753341675,-0.20652323961257935,-0.04897570610046387,-0.15287482738494873,-0.0569911003112793,-0.16136705875396729,-0.020209431648254395,-0.16518568992614746,-0.0282289981842041,-0.21581649780273438,-0.020847618579864502,-0.15945470333099365,-0.013934612274169922,-0.11723732948303223,0.0137404203414917,-0.16412675380706787,0.012948453426361084,-0.23055392503738403,0.013717293739318848,-0.2753664255142212,0.012289702892303467,-0.31964486837387085
0.0,0.0,-0.046440184116363525,-0.028892040252685547,-0.08512473106384277,-0.08734500408172607,-0.08130961656570435,-0.1551898717880249,-0.042979538440704346,-0.19008708000183105,-0.07752615213394165,-0.1441759467124939,-0.09282517433166504,-0.1922186017036438,-0.0833967924118042,-0.15955370664596558,-0.07387828826904297,-0.12614166736602783,-0.04760044813156128,-0.16127663850784302,-0.061202168464660645,-0.20783162117004395,-0.0485224723815918,-0.15273118019104004,-0.05502617359161377,-0.1554323434829712,-0.019013047218322754,-0.16746282577514648,-0.0280417799949646,-0.21743202209472656,-0.02122485637664795,-0.16081476211547852,-0.013769686222076416,-0.1175125241279602,0.014967083930969238,-0.16545861959457397,0.014109015464782715,-0.23382389545440674,0.014491856098175049,-0.27827370166778564,0.013570666313171387,-0.32104408740997314
0.0,0.0,-0.04687231779098511,-0.027549326419830322,-0.08501297235488892,-0.08742320537567139,-0.08113974332809448,-0.15521693229675293,-0.042887747287750244,-0.18856680393218994,-0.07717162370681763,-0.14331966638565063,-0.09280622005462646,-0.19350534677505493,-0.08315920829772949,-0.15995001792907715,-0.07389450073242188,-0.1264944076538086,-0.046748995780944824,-0.15983939170837402,-0.06123143434524536,-0.20792251825332642,-0.04784888029098511,-0.15160882472991943,-0.05361795425415039,-0.15245580673217773,-0.018192589282989502,-0.16549193859100342,-0.02798175811767578,-0.215406596660614,-0.021018266677856445,-0.15814167261123657,-0.013650178909301758,-0.11396294832229614,0.01593118906021118,-0.1637781262397766,0.014875233173370361,-0.2324015498161316,0.015758395195007324,-0.27746886014938354,0.01485741138458252,-0.32089465856552124
0.0,0.0,-0.052990615367889404,-0.02733433246612549,-0.09143334627151489,-0.08354514837265015,-0.08217424154281616,-0.14804208278656006,-0.04313504695892334,-0.17948275804519653,-0.08832722902297974,-0.14148497581481934,-0.09929510951042175,-0.19045722484588623,-0.08348113298416138,-0.153794527053833,-0.07323950529098511,-0.12157505750656128,-0.05556190013885498,-0.15872299671173096,-0.06390148401260376,-0.20518600940704346,-0.047245144844055176,-0.15450352430343628,-0.03988927602767944,-0.12445902824401855,-0.023402869701385498,-0.16556978225708008,-0.026198387145996094,-0.21050643920898438,-0.020808279514312744,-0.15622806549072266,-0.01653069257736206,-0.11081796884536743,0.01147991418838501,-0.1663198471069336,0.01176530122756958,-0.22729843854904175,0.015022993087768555,-0.26750046014785767,0.015828192234039307,-0.3069300353527069
0.0,0.0,-0.0500679612159729,-0.02219444513320923,-0.08974295854568481,-0.07740408182144165,-0.08540993928909302,-0.14415067434310913,-0.048662424087524414,-0.17762356996536255,-0.08463966846466064,-0.1344929337501526,-0.09784555435180664,-0.18221676349639893,-0.08590057492256165,-0.14820587635040283,-0.076046884059906,-0.11631602048873901,-0.05414050817489624,-0.15375298261642456,-0.06603819131851196,-0.2003985047340393,-0.05258941650390625,-0.14889943599700928,-0.05213308334350586,-0.13489985466003418,-0.024896621704101562,-0.16240566968917847,-0.03185749053955078,-0.21055161952972412,-0.02612602710723877,-0.15710335969924927,-0.020080864429473877,-0.11453777551651001,0.008763432502746582,-0.16407465934753418,0.00948101282119751,-0.22505372762680054,0.011109113693237305,-0.2654764652252197,0.009531855583190918,-0.306770384311676
0.0,0.0,-0.04801642894744873,-0.022068321704864502,-0.08726358413696289,-0.07530868053436279,-0.08253872394561768,-0.13930630683898926,-0.04708749055862427,-0.1760413646697998,-0.0878862738609314,-0.135156512260437,-0.10024067759513855,-0.1820065975189209,-0.08523717522621155,-0.14434772729873657,-0.07461732625961304,-0.11290889978408813,-0.05610477924346924,-0.15373820066452026,-0.06581604480743408,-0.19946926832199097,-0.05040210485458374,-0.14806115627288818,-0.043786585330963135,-0.12059885263442993,-0.02476632595062256,-0.16137725114822388,-0.029221951961517334,-0.20729976892471313,-0.02411109209060669,-0.15072250366210938,-0.019313037395477295,-0.10526442527770996,0.009504258632659912,-0.16291308403015137,0.00937187671661377,-0.22202545404434204,0.011752903461456299,-0.2609117031097412,0.010840356349945068,-0.30100134015083313
0.0,0.0,-0.04896789789199829,-0.02723938226699829,-0.08697754144668579,-0.08296293020248413,-0.08365973830223083,-0.14830249547958374,-0.04617828130722046,-0.18339985609054565,-0.08841004967689514,-0.14163744449615479,-0.10050928592681885,-0.19093990325927734,-0.085228830575943,-0.15385717153549194,-0.07605981826782227,-0.12347930669784546,-0.055763065814971924,-0.16062778234481812,-0.06525695323944092,-0.20608001947402954,-0.04943728446960449,-0.15501481294631958,-0.0469549298286438,-0.13478457927703857,-0.023682594299316406,-0.1675623059272766,-0.02862370014190674,-0.21113497018814087,-0.022059142589569092,-0.15431708097457886,-0.017719805240631104,-0.10988008975982666,0.01127690076828003,-0.16831433773040771,0.009571254253387451,-0.22991877794265747,0.012157857418060303,-0.27064067125320435,0.011114239692687988,-0.3106427788734436
0.0,0.0,-0.04979509115219116,-0.024048328399658203,-0.0893644392490387,-0.07830089330673218,-0.08475300669670105,-0.14355158805847168,-0.04732716083526611,-0.1783149242401123,-0.0886906087398529,-0.13749641180038452,-0.10154440999031067,-0.1850128173828125,-0.08696579933166504,-0.149708092212677,-0.07729846239089966,-0.1199268102645874,-0.05627721548080444,-0.1566353440284729,-0.06614851951599121,-0.20110875368118286,-0.05194544792175293,-0.15299123525619507,-0.04942971467971802,-0.13352763652801514,-0.024516522884368896,-0.16400694847106934,-0.02910614013671875,-0.21000587940216064,-0.02325761318206787,-0.1541181206703186,-0.018316686153411865,-0.10881990194320679,0.010485827922821045,-0.1652207374572754,0.008989095687866211,-0.22530215978622437,0.010991930961608887,-0.2654653787612915,0.00982058048248291,-0.306292861700058
0.0,0.0,-0.04828047752380371,-0.028829872608184814,-0.08444264531135559,-0.08446496725082397,-0.0813334584236145,-0.15024572610855103,-0.04423224925994873,-0.18159401416778564,-0.08265817165374756,-0.14072757959365845,-0.09605637192726135,-0.18904471397399902,-0.08357688784599304,-0.15354353189468384,-0.07583853602409363,-0.12272781133651733,-0.05041533708572388,-0.15874475240707397,-0.06157773733139038,-0.20263546705245972,-0.04728299379348755,-0.15231996774673462,-0.05046820640563965,-0.1442716121673584,-0.019384562969207764,-0.1649375557899475,-0.02627241611480713,-0.2094665765762329,-0.01940608024597168,-0.1527554988861084,-0.014586389064788818,-0.1090320348739624,0.015650808811187744,-0.16479885578155518,0.013461828231811523,-0.22690236568450928,0.015739619731903076,-0.2681647539138794,0.014893114566802979,-0.3086990714073181
0.0,0.0,-0.05066043138504028,-0.027067184448242188,-0.08845451474189758,-0.08355939388275146,-0.08203703165054321,-0.14953219890594482,-0.04154467582702637,-0.18014419078826904,-0.08807939291000366,-0.14136922359466553,-0.10007321834564209,-0.18923979997634888,-0.08492618799209595,-0.15186941623687744,-0.07582545280456543,-0.12188351154327393,-0.05521368980407715,-0.1594017744064331,-0.06461364030838013,-0.20475298166275024,-0.04933047294616699,-0.15458709001541138,-0.04561209678649902,-0.1319732666015625,-0.02272564172744751,-0.16570580005645752,-0.02756565809249878,-0.21156442165374756,-0.02216804027557373,-0.15598446130752563,-0.01822519302368164,-0.11123645305633545,0.01275557279586792,-0.1663297414779663,0.011705875396728516,-0.22712063789367676,0.014207243919372559,-0.2673121690750122,0.013050973415374756,-0.3076157569885254
0.0,0.0,-0.04898262023925781,-0.028696835041046143,-0.08547550439834595,-0.08318102359771729,-0.08242776989936829,-0.14887148141860962,-0.04775303602218628,-0.18357384204864502,-0.08323001861572266,-0.13924217224121094,-0.0969575047492981,-0.18899011611938477,-0.08363386988639832,-0.15410149097442627,-0.07463610172271729,-0.121654212474823,-0.05123037099838257,-0.15794038772583008,-0.06289452314376831,-0.20296430587768555,-0.047589659690856934,-0.15024971961975098,-0.050186216831207275,-0.140697181224823,-0.021105527877807617,-0.1645810604095459,-0.02697700262069702,-0.21042388677597046,-0.021089673042297363,-0.15467548370361328,-0.016527414321899414,-0.1115989089012146,0.013841032981872559,-0.16435015201568604,0.01357412338256836,-0.2268834114074707,0.016736745834350586,-0.2676142454147339,0.016491055488586426,-0.30765700340270996
0.0,0.0,-0.048967719078063965,-0.030916810035705566,-0.08460071682929993,-0.08635067939758301,-0.08138564229011536,-0.15134000778198242,-0.04626744985580444,-0.1842324137687683,-0.08253592252731323,-0.1449933648109436,-0.09532761573791504,-0.19240373373031616,-0.08232608437538147,-0.155350923538208,-0.07394847273826599,-0.12314462661743164,-0.050063371658325195,-0.16220062971115112,-0.0619884729385376,-0.20564699172973633,-0.04666656255722046,-0.1507866382598877,-0.048545122146606445,-0.13890260457992554,-0.01919609308242798,-0.1681925654411316,-0.02660536766052246,-0.21337074041366577,-0.020024359226226807,-0.1573009490966797,-0.01485830545425415,-0.11417752504348755,0.01578885316848755,-0.1676672101020813,0.01441645622253418,-0.23118388652801514,0.016260862350463867,-0.2720779776573181,0.014970839023590088,-0.3120570778846741
0.0,0.0,-0.04908323287963867,-0.027586162090301514,-0.08605378866195679,-0.08268219232559204,-0.08461236953735352,-0.14884400367736816,-0.047924578189849854,-0.18306249380111694,-0.08416122198104858,-0.14270353317260742,-0.09843915700912476,-0.18926042318344116,-0.08404719829559326,-0.15349149703979492,-0.07421237230300903,-0.12346041202545166,-0.0524941086769104,-0.16109901666641235,-0.06498515605926514,-0.20381850004196167,-0.04959946870803833,-0.15328192710876465,-0.05037420988082886,-0.14062410593032837,-0.02187478542327881,-0.16789311170578003,-0.03010714054107666,-0.21110045909881592,-0.022654592990875244,-0.15470600128173828,-0.01657724380493164,-0.11143136024475098,0.013277173042297363,-0.16855865716934204,0.010992288589477539,-0.23021548986434937,0.012877047061920166,-0.2706865072250366,0.011501014232635498,-0.3110167384147644
0.0,0.0,-0.04736936092376709,-0.025889813899993896,-0.08639466762542725,-0.08382904529571533,-0.08698520064353943,-0.15149492025375366,-0.05126243829727173,-0.18830567598342896,-0.08193403482437134,-0.14083784818649292,-0.09765958786010742,-0.188818097114563,-0.0870237946510315,-0.15476900339126587,-0.07667005062103271,-0.12172293663024902,-0.05220687389373779,-0.1596086025238037,-0.06577074527740479,-0.20704293251037598,-0.05260223150253296,-0.15427851676940918,-0.05938225984573364,-0.155894935131073,-0.023085713386535645,-0.1673799753189087,-0.03232073783874512,-0.21571868658065796,-0.02378898859024048,-0.15838474035263062,-0.015586376190185547,-0.11486530303955078,0.011948049068450928,-0.16739755868911743,0.010567903518676758,-0.2322559952735901,0.01118934154510498,-0.27527862787246704,0.009834349155426025,-0.3177490830421448
0.0,0.0,-0.05142331123352051,-0.02849435806274414,-0.08901327848434448,-0.082538902759552,-0.08430680632591248,-0.1484583020210266,-0.04820221662521362,-0.18410128355026245,-0.08644479513168335,-0.1428505778312683,-0.09947070479393005,-0.19230687618255615,-0.08637687563896179,-0.15655595064163208,-0.07782304286956787,-0.12371718883514404,-0.054454267024993896,-0.16121971607208252,-0.06584089994430542,-0.20701569318771362,-0.05179142951965332,-0.15766137838363647,-0.05167621374130249,-0.14083194732666016,-0.02341407537460327,-0.16846108436584473,-0.030026257038116455,-0.21409517526626587,-0.024134337902069092,-0.15802401304244995,-0.019137978553771973,-0.11317729949951172,0.011655986309051514,-0.1692003607749939,0.010829448699951172,-0.23154288530349731,0.0128554105758667,-0.27244091033935547,0.011623740196228027,-0.31299567222595215
0.0,0.0,-0.04747110605239868,-0.02678382396697998,-0.08535522222518921,-0.08527833223342896,-0.08388707041740417,-0.15307343006134033,-0.046559810638427734,-0.18771648406982422,-0.08105206489562988,-0.1420643925666809,-0.09547668695449829,-0.19131362438201904,-0.0857636034488678,-0.15782195329666138,-0.07660722732543945,-0.12596487998962402,-0.050843894481658936,-0.16040164232254028,-0.06340551376342773,-0.20810717344284058,-0.0520663857460022,-0.15859556198120117,-0.05936199426651001,-0.1616637110710144,-0.02146977186203003,-0.16768336296081543,-0.02978891134262085,-0.2176561951637268,-0.022773385047912598,-0.16065198183059692,-0.016127347946166992,-0.11716926097869873,0.013309121131896973,-0.16815602779388428,0.012576282024383545,-0.23206114768981934,0.013558387756347656,-0.27458059787750244,0.012049376964569092,-0.31697559356689453
0.0,0.0,-0.046765685081481934,-0.024597525596618652,-0.08562856912612915,-0.08438050746917725,-0.08557349443435669,-0.1518317461013794,-0.049024879932403564,-0.18649303913116455,-0.08160892128944397,-0.14114069938659668,-0.09554728865623474,-0.18864834308624268,-0.0857875645160675,-0.1545528769493103,-0.07621151208877563,-0.12151634693145752,-0.051939547061920166,-0.15913277864456177,-0.0637516975402832,-0.20643752813339233,-0.052434563636779785,-0.15573716163635254,-0.05960726737976074,-0.15869271755218506,-0.022829651832580566,-0.1662730574607849,-0.03053826093673706,-0.21472322940826416,-0.023483455181121826,-0.15704554319381714,-0.01658785343170166,-0.11337625980377197,0.01181095838546753,-0.16662126779556274,0.011581659317016602,-0.23026692867279053,0.012730300426483154,-0.2730093002319336,0.011558115482330322,-0.31573063135147095
0.0,0.0,-0.04780924320220947,-0.025371074676513672,-0.08573082089424133,-0.0857158899307251,-0.08502060174942017,-0.15446269512176514,-0.04789239168167114,-0.18951106071472168,-0.08045059442520142,-0.14169389009475708,-0.09656313061714172,-0.18963664770126343,-0.08690327405929565,-0.15718889236450195,-0.0767858624458313,-0.12512296438217163,-0.05114668607711792,-0.1600169539451599,-0.06507140398025513,-0.20763635635375977,-0.05249673128128052,-0.15665024518966675,-0.06026291847229004,-0.1636948585510254,-0.022512733936309814,-0.16712045669555664,-0.03200429677963257,-0.216630220413208,-0.023504197597503662,-0.15871763229370117,-0.01525646448135376,-0.11529374122619629,0.012151181697845459,-0.16721570491790771,0.01094675064086914,-0.23136985301971436,0.011799812316894531,-0.2748787999153137,0.010480940341949463,-0.3182251453399658
0.0,0.0,-0.04703569412231445,-0.024183988571166992,-0.08540812134742737,-0.08458876609802246,-0.0851481556892395,-0.15279090404510498,-0.047299742698669434,-0.18685901165008545,-0.07968103885650635,-0.1411319375038147,-0.0942053496837616,-0.18751978874206543,-0.08507871627807617,-0.15590155124664307,-0.07536298036575317,-0.1234138011932373,-0.050438106060028076,-0.15873175859451294,-0.06360626220703125,-0.20575380325317383,-0.05229759216308594,-0.1561151146888733,-0.06007152795791626,-0.16162294149398804,-0.022008299827575684,-0.16528576612472534,-0.03147447109222412,-0.21446740627288818,-0.023400604724884033,-0.1574597954750061,-0.015141725540161133,-0.114005446434021,0.012103617191314697,-0.16525393724441528,0.011568009853363037,-0.22936302423477173,0.01233452558517456,-0.2731403112411499,0.010724186897277832,-0.3166211247444153
0.0,0.0,-0.04655158519744873,-0.024725139141082764,-0.08601927757263184,-0.08414441347122192,-0.08685505390167236,-0.15235871076583862,-0.049340784549713135,-0.1881014108657837,-0.08053013682365417,-0.14013755321502686,-0.09655937552452087,-0.18761014938354492,-0.08801019191741943,-0.15446937084197998,-0.07855343818664551,-0.12320882081985474,-0.051272571086883545,-0.15870016813278198,-0.06557923555374146,-0.20637601613998413,-0.05377739667892456,-0.1533886194229126,-0.061714887619018555,-0.16093814373016357,-0.02247786521911621,-0.16608262062072754,-0.03241914510726929,-0.21656161546707153,-0.025039255619049072,-0.15980768203735352,-0.017147839069366455,-0.11792778968811035,0.011914670467376709,-0.16628479957580566,0.011618733406066895,-0.2317821979522705,0.012575328350067139,-0.27525174617767334,0.011728048324584961,-0.3181532621383667
0.0,0.0,-0.046640992164611816,-0.026273727416992188,-0.08560836315155029,-0.08568704128265381,-0.08497458696365356,-0.15451723337173462,-0.04569113254547119,-0.1878775954246521,-0.07890257239341736,-0.14237064123153687,-0.09426859021186829,-0.19028759002685547,-0.08513224124908447,-0.15628582239151,-0.0755346417427063,-0.12447893619537354,-0.049165546894073486,-0.15978384017944336,-0.06253868341445923,-0.20693528652191162,-0.05080282688140869,-0.15513694286346436,-0.05731099843978882,-0.15847432613372803,-0.020412087440490723,-0.165932297706604,-0.029998600482940674,-0.2161405086517334,-0.02221226692199707,-0.15775787830352783,-0.014580249786376953,-0.1141619086265564,0.013800203800201416,-0.16554617881774902,0.013444244861602783,-0.22999787330627441,0.014870762825012207,-0.2727862596511841,0.013700604438781738,-0.3155399262905121
0.0,0.0,-0.046520233154296875,-0.028378069400787354,-0.08369407057762146,-0.0866209864616394,-0.08446255326271057,-0.15456902980804443,-0.04709601402282715,-0.18909722566604614,-0.07829663157463074,-0.1414862871170044,-0.09459313750267029,-0.1884496808052063,-0.0848400890827179,-0.1547059416770935,-0.07462060451507568,-0.12021178007125854,-0.04882746934890747,-0.15941309928894043,-0.06361865997314453,-0.20604699850082397,-0.05019783973693848,-0.15092259645462036,-0.05757802724838257,-0.1556096076965332,-0.020301103591918945,-0.1657634973526001,-0.030471503734588623,-0.21454960107803345,-0.021978318691253662,-0.15610593557357788,-0.013526737689971924,-0.1123998761177063,0.014658093452453613,-0.16448885202407837,0.013783872127532959,-0.2308596968650818,0.0150260329246521,-0.2743011713027954,0.014147400856018066,-0.3169712424278259
0.0,0.0,-0.047184884548187256,-0.025886833667755127,-0.08658009767532349,-0.08659470081329346,-0.0855950117111206,-0.15518295764923096,-0.04725205898284912,-0.18902438879013062,-0.07946902513504028,-0.14390414953231812,-0.09527835249900818,-0.18907976150512695,-0.0860636830329895,-0.15644580125808716,-0.07636690139770508,-0.12363284826278687,-0.04968452453613281,-0.160724937915802,-0.06376230716705322,-0.20680415630340576,-0.052074134349823,-0.15443694591522217,-0.059840619564056396,-0.1600438356399536,-0.020894110202789307,-0.16608399152755737,-0.03101867437362671,-0.21475523710250854,-0.023189127445220947,-0.15688544511795044,-0.014952659606933594,-0.1136367917060852,0.013963758945465088,-0.16467291116714478,0.013639867305755615,-0.23077136278152466,0.014713287353515625,-0.27504223585128784,0.013417661190032959,-0.31901758909225464
0.0,0.0,-0.04594916105270386,-0.026002943515777588,-0.08572646975517273,-0.08459222316741943,-0.08662784099578857,-0.1546880006790161,-0.048278629779815674,-0.18889987468719482,-0.08104261755943298,-0.14564228057861328,-0.09492510557174683,-0.19139480590820312,-0.08362463116645813,-0.1589444875717163,-0.07336574792861938,-0.12575411796569824,-0.05064809322357178,-0.1621280312538147,-0.06320852041244507,-0.20890110731124878,-0.05039030313491821,-0.15794891119003296,-0.05606281757354736,-0.15587615966796875,-0.021222412586212158,-0.16730505228042603,-0.03060436248779297,-0.21666961908340454,-0.021667838096618652,-0.15856963396072388,-0.014147758483886719,-0.11406522989273071,0.013753771781921387,-0.16606324911117554,0.01280522346496582,-0.23077642917633057,0.014961481094360352,-0.27387917041778564,0.013983368873596191,-0.31737661361694336
0.0,0.0,-0.046514809131622314,-0.02771514654159546,-0.0856812596321106,-0.08867067098617554,-0.08520206809043884,-0.15638750791549683,-0.04659140110015869,-0.19037044048309326,-0.07693451642990112,-0.14505040645599365,-0.09357661008834839,-0.19146698713302612,-0.08325889706611633,-0.15885227918624878,-0.07285267114639282,-0.12767910957336426,-0.04707908630371094,-0.16143637895584106,-0.062193989753723145,-0.2091394066810608,-0.05003547668457031,-0.1574922800064087,-0.05605393648147583,-0.15963423252105713,-0.01798778772354126,-0.16685861349105835,-0.02938288450241089,-0.21629542112350464,-0.021342217922210693,-0.1590149998664856,-0.013002336025238037,-0.11550366878509521,0.016663968563079834,-0.16534829139709473,0.01551884412765503,-0.23291754722595215,0.01624506711959839,-0.2774732708930969,0.015100717544555664,-0.3216095268726349
0.0,0.0,-0.04697936773300171,-0.027996063232421875,-0.08574178814888,-0.08805704116821289,-0.0851479172706604,-0.15588921308517456,-0.0459865927696228,-0.18919092416763306,-0.0767669677734375,-0.14426642656326294,-0.0924491286277771,-0.19099432229995728,-0.08427959680557251,-0.15902966260910034,-0.07438033819198608,-0.12670683860778809,-0.04658764600753784,-0.1602674126625061,-0.0615917444229126,-0.20786458253860474,-0.05047327280044556,-0.15520834922790527,-0.057437777519226074,-0.16015863418579102,-0.017635703086853027,-0.1655186414718628,-0.02897435426712036,-0.2159501314163208,-0.021553397178649902,-0.15745824575424194,-0.012896478176116943,-0.1131446361541748,0.016892731189727783,-0.16424643993377686,0.015950679779052734,-0.23178821802139282,0.016222119331359863,-0.2771735191345215,0.01510530710220337,-0.3217005729675293
0.0,0.0,-0.04754894971847534,-0.025651216506958008,-0.08602634072303772,-0.08547002077102661,-0.08430016040802002,-0.15335863828659058,-0.046543776988983154,-0.18758165836334229,-0.07886439561843872,-0.1425216794013977,-0.09483173489570618,-0.19113928079605103,-0.08504968881607056,-0.15792006254196167,-0.0747649073600769,-0.12491178512573242,-0.04897516965866089,-0.15926909446716309,-0.06308102607727051,-0.20803183317184448,-0.050830304622650146,-0.15596330165863037,-0.05562257766723633,-0.15523916482925415,-0.0198056697845459,-0.165757954120636,-0.0304146409034729,-0.21641331911087036,-0.022361457347869873,-0.1591460108757019,-0.013557493686676025,-0.11500179767608643,0.014962494373321533,-0.1650301218032837,0.014166831970214844,-0.23040103912353516,0.015020191669464111,-0.27386438846588135,0.013501882553100586,-0.3173711597919464
0.0,0.0,-0.04707878828048706,-0.025416135787963867,-0.08665868639945984,-0.08643233776092529,-0.08712625503540039,-0.15583133697509766,-0.04931354522705078,-0.19063878059387207,-0.0804404616355896,-0.1446826457977295,-0.09549584984779358,-0.19352394342422485,-0.08584415912628174,-0.16123515367507935,-0.07587206363677979,-0.12808477878570557,-0.05038660764694214,-0.1619541049003601,-0.06325185298919678,-0.2103530764579773,-0.05190300941467285,-0.16142183542251587,-0.057716965675354004,-0.16188406944274902,-0.020994365215301514,-0.16827303171157837,-0.03054112195968628,-0.21974098682403564,-0.02240157127380371,-0.16274750232696533,-0.014245212078094482,-0.11850708723068237,0.0139426589012146,-0.1680317521095276,0.01285463571548462,-0.23296797275543213,0.013996720314025879,-0.2770112156867981,0.012107312679290771,-0.32141101360321045
0.0,0.0,-0.04677635431289673,-0.02700662612915039,-0.08535915613174438,-0.08658218383789062,-0.08576181530952454,-0.15522301197052002,-0.04912066459655762,-0.19099825620651245,-0.07874837517738342,-0.14439350366592407,-0.09383690357208252,-0.1941717267036438,-0.08409494161605835,-0.1611606478691101,-0.07386535406112671,-0.12672913074493408,-0.048918724060058594,-0.16107553243637085,-0.06184220314025879,-0.2100650668144226,-0.049550533294677734,-0.15837490558624268,-0.05510735511779785,-0.15828388929367065,-0.019536912441253662,-0.16771674156188965,-0.02973538637161255,-0.21966910362243652,-0.021625041961669922,-0.161626935005188,-0.01356804370880127,-0.11625128984451294,0.015256822109222412,-0.16695982217788696,0.01431363821029663,-0.23215800523757935,0.015524089336395264,-0.2758787274360657,0.013970434665679932,-0.31961435079574585
0.0,0.0,-0.04663193225860596,-0.026201725006103516,-0.08529022336006165,-0.08782684803009033,-0.08510705828666687,-0.15667754411697388,-0.04609715938568115,-0.1908552050590515,-0.07832333445549011,-0.14576417207717896,-0.09313294291496277,-0.1948566436767578,-0.08390489220619202,-0.15996527671813965,-0.0742577314376831,-0.1271483302116394,-0.04845905303955078,-0.1618627905845642,-0.06171315908432007,-0.2105148434638977,-0.050011634826660156,-0.15766042470932007,-0.05552828311920166,-0.15840530395507812,-0.019163429737091064,-0.16765141487121582,-0.029644370079040527,-0.21935606002807617,-0.02161163091659546,-0.16035938262939453,-0.013137400150299072,-0.11552798748016357,0.01555722951889038,-0.16663622856140137,0.01434868574142456,-0.23272550106048584,0.015090346336364746,-0.27680617570877075,0.013549327850341797,-0.3209931254386902
0.0,0.0,-0.046394407749176025,-0.025924205780029297,-0.08580517768859863,-0.08673691749572754,-0.08525025844573975,-0.15648216009140015,-0.046772003173828125,-0.1908831000328064,-0.07867071032524109,-0.1447855830192566,-0.0937618613243103,-0.19306087493896484,-0.08459088206291199,-0.15902167558670044,-0.07525372505187988,-0.12636059522628784,-0.04828447103500366,-0.16137486696243286,-0.06202292442321777,-0.2096402645111084,-0.05020040273666382,-0.15646672248840332,-0.05743926763534546,-0.16063648462295532,-0.019078373908996582,-0.16702955961227417,-0.029413044452667236,-0.21810102462768555,-0.021331191062927246,-0.15974366664886475,-0.013139426708221436,-0.1157904863357544,0.015831172466278076,-0.16585713624954224,0.014964401721954346,-0.23148739337921143,0.01591658592224121,-0.2753642797470093,0.014302253723144531,-0.31941574811935425
0.0,0.0,-0.04645085334777832,-0.025958776473999023,-0.0859423279762268,-0.08447730541229248,-0.085113525390625,-0.15349262952804565,-0.047640860080718994,-0.1888071894645691,-0.0806228518486023,-0.14470869302749634,-0.09356409311294556,-0.19416195154190063,-0.08235785365104675,-0.1594095230102539,-0.07272708415985107,-0.1244848370552063,-0.049518048763275146,-0.16117578744888306,-0.061184704303741455,-0.20988643169403076,-0.047865331172943115,-0.15575635433197021,-0.05049961805343628,-0.14609408378601074,-0.019593894481658936,-0.16721433401107788,-0.02861255407333374,-0.21731621026992798,-0.020759403705596924,-0.15897679328918457,-0.013137221336364746,-0.11303353309631348,0.015113234519958496,-0.1658990979194641,0.014269232749938965,-0.23123562335968018,0.015792489051818848,-0.2742910385131836,0.01417386531829834,-0.3172796964645386
0.0,0.0,-0.04665273427963257,-0.026175737380981445,-0.08571720123291016,-0.08674943447113037,-0.08627903461456299,-0.15629184246063232,-0.04744911193847656,-0.1900935173034668,-0.07910197973251343,-0.14496946334838867,-0.0934532880783081,-0.19357424974441528,-0.08377978205680847,-0.16147857904434204,-0.07447868585586548,-0.1273871660232544,-0.04879790544509888,-0.16174036264419556,-0.062360167503356934,-0.2103598713874817,-0.050070226192474365,-0.1584702730178833,-0.05646103620529175,-0.15900379419326782,-0.01977550983428955,-0.16704702377319336,-0.030329465866088867,-0.21789830923080444,-0.022166132926940918,-0.1601179838180542,-0.014656484127044678,-0.11523014307022095,0.0150565505027771,-0.1647462248802185,0.013657033443450928,-0.2311098575592041,0.015018105506896973,-0.2749124765396118,0.013004541397094727,-0.3185359239578247
0.0,0.0,-0.048052191734313965,-0.027667701244354248,-0.0858602225780487,-0.0881502628326416,-0.08500972390174866,-0.15811508893966675,-0.04645228385925293,-0.19082576036453247,-0.07894173264503479,-0.14656585454940796,-0.09313434362411499,-0.1965017318725586,-0.08415454626083374,-0.16143906116485596,-0.0754045844078064,-0.1277918815612793,-0.04850524663925171,-0.16212499141693115,-0.062239885330200195,-0.21067070960998535,-0.049480557441711426,-0.15595442056655884,-0.055134713649749756,-0.1571732759475708,-0.019254684448242188,-0.1671903133392334,-0.03024512529373169,-0.21887028217315674,-0.02251332998275757,-0.16036784648895264,-0.014871001243591309,-0.11607033014297485,0.015739500522613525,-0.16517817974090576,0.014043569564819336,-0.23165613412857056,0.015192925930023193,-0.2754133939743042,0.013738691806793213,-0.3190693259239197
0.0,0.0,-0.046893298625946045,-0.02834320068359375,-0.0858544111251831,-0.08808428049087524,-0.08304083347320557,-0.15705269575119019,-0.04403328895568848,-0.18972182273864746,-0.076984703540802,-0.14837205410003662,-0.09015199542045593,-0.19685441255569458,-0.0810408890247345,-0.16038864850997925,-0.07289201021194458,-0.12675321102142334,-0.045954108238220215,-0.16306543350219727,-0.059449970722198486,-0.2109605073928833,-0.04674208164215088,-0.1535746455192566,-0.050658464431762695,-0.14906108379364014,-0.016437768936157227,-0.167677640914917,-0.027125895023345947,-0.21886014938354492,-0.019980251789093018,-0.1605718731880188,-0.012831032276153564,-0.11618310213088989,0.018183887004852295,-0.16477841138839722,0.016587793827056885,-0.23193788528442383,0.017517387866973877,-0.27540719509124756,0.01603788137435913,-0.3186439871788025
0.0,0.0,-0.0467301607131958,-0.027619481086730957,-0.0860358476638794,-0.08862990140914917,-0.08546492457389832,-0.15742981433868408,-0.047256648540496826,-0.19094336032867432,-0.07734262943267822,-0.14870470762252808,-0.09177666902542114,-0.1951543092727661,-0.082917720079422,-0.16061705350875854,-0.07430148124694824,-0.12752461433410645,-0.04655402898788452,-0.16400814056396484,-0.06027841567993164,-0.2112349271774292,-0.0493931770324707,-0.15862244367599487,-0.05529308319091797,-0.15780997276306152,-0.016788363456726074,-0.1686323881149292,-0.027496278285980225,-0.21894550323486328,-0.020404696464538574,-0.1613759994506836,-0.013065755367279053,-0.11726647615432739,0.01854020357131958,-0.16658157110214233,0.01752418279647827,-0.23319381475448608,0.018649280071258545,-0.27715516090393066,0.016964435577392578,-0.3215051293373108
0.0,0.0,-0.04591381549835205,-0.028327226638793945,-0.08390456438064575,-0.08992063999176025,-0.08376181125640869,-0.15874582529067993,-0.04366964101791382,-0.19080203771591187,-0.07490772008895874,-0.14783912897109985,-0.08970803022384644,-0.1952037215232849,-0.08023175597190857,-0.1612311601638794,-0.07111227512359619,-0.1295742392539978,-0.044735491275787354,-0.16259747743606567,-0.05856597423553467,-0.21090996265411377,-0.04683297872543335,-0.15870875120162964,-0.052788734436035156,-0.15847361087799072,-0.015651702880859375,-0.16688597202301025,-0.02645212411880493,-0.21808087825775146,-0.01846832036972046,-0.1600327491760254,-0.010850906372070312,-0.11570215225219727,0.019127964973449707,-0.1647295355796814,0.016898274421691895,-0.23210984468460083,0.01757657527923584,-0.27699553966522217,0.015931904315948486,-0.3216669261455536
0.0,0.0,-0.04710125923156738,-0.029041409492492676,-0.08448779582977295,-0.08987903594970703,-0.08470109105110168,-0.15763592720031738,-0.04541897773742676,-0.1891716718673706,-0.075675368309021,-0.14752674102783203,-0.08979091048240662,-0.19811052083969116,-0.07922101020812988,-0.16232812404632568,-0.07002246379852295,-0.13003826141357422,-0.04560154676437378,-0.16204512119293213,-0.058012306690216064,-0.21238672733306885,-0.04534578323364258,-0.15731877088546753,-0.04951810836791992,-0.15261298418045044,-0.016564369201660156,-0.16733139753341675,-0.026017963886260986,-0.21887779235839844,-0.01899939775466919,-0.1600695252418518,-0.01245427131652832,-0.11515063047409058,0.01775723695755005,-0.16540753841400146,0.013058960437774658,-0.23263317346572876,0.012389838695526123,-0.2757498621940613,0.009985506534576416,-0.31783634424209595
0.0,0.0,-0.04614788293838501,-0.028982341289520264,-0.08325791358947754,-0.09044915437698364,-0.0841057300567627,-0.15870201587677002,-0.045118093490600586,-0.18987399339675903,-0.07427138090133667,-0.14618778228759766,-0.08982956409454346,-0.19545572996139526,-0.07874906063079834,-0.1611030101776123,-0.06880557537078857,-0.12915140390396118,-0.045019328594207764,-0.1609863042831421,-0.05879122018814087,-0.2102094292640686,-0.04542970657348633,-0.15502285957336426,-0.05160623788833618,-0.15840089321136475,-0.016993939876556396,-0.16624528169631958,-0.02777087688446045,-0.21740376949310303,-0.01943737268447876,-0.15855646133422852,-0.011952638626098633,-0.11459660530090332,0.016302943229675293,-0.1640549898147583,0.011180758476257324,-0.23163801431655884,0.009279727935791016,-0.27508115768432617,0.006137192249298096,-0.31690526008605957
0.0,0.0,-0.046366751194000244,-0.02809828519821167,-0.08393988013267517,-0.08953475952148438,-0.08291807770729065,-0.15874707698822021,-0.04348349571228027,-0.1896384358406067,-0.0768628716468811,-0.14743375778198242,-0.09003111720085144,-0.19745945930480957,-0.07933485507965088,-0.16110855340957642,-0.07050067186355591,-0.12865960597991943,-0.04655861854553223,-0.16234201192855835,-0.05843538045883179,-0.21139705181121826,-0.04476076364517212,-0.15517079830169678,-0.049439966678619385,-0.15200930833816528,-0.01753312349319458,-0.1675010323524475,-0.027081549167633057,-0.21849149465560913,-0.019052445888519287,-0.15931850671768188,-0.011907875537872314,-0.11441826820373535,0.016895771026611328,-0.1659647822380066,0.012456715106964111,-0.23237788677215576,0.01213538646697998,-0.27480220794677734,0.01001429557800293,-0.3163926601409912
0.0,0.0,-0.047982752323150635,-0.027060389518737793,-0.0875818133354187,-0.08729678392410278,-0.08762434124946594,-0.15697109699249268,-0.04772692918777466,-0.18829882144927979,-0.08050918579101562,-0.14849692583084106,-0.09350258111953735,-0.19816428422927856,-0.08189862966537476,-0.16002440452575684,-0.07367163896560669,-0.12899631261825562,-0.04934483766555786,-0.1632351279258728,-0.06168627738952637,-0.21176719665527344,-0.04772120714187622,-0.1544407606124878,-0.0519680380821228,-0.1492558717727661,-0.0196114182472229,-0.1678905487060547,-0.029122591018676758,-0.21871787309646606,-0.021706759929656982,-0.15879762172698975,-0.015748679637908936,-0.11462783813476562,0.015492677688598633,-0.16611415147781372,0.00985628366470337,-0.23318660259246826,0.009328842163085938,-0.27529746294021606,0.006393849849700928,-0.3173695206642151
0.0,0.0,-0.04798460006713867,-0.026107072830200195,-0.0864362120628357,-0.08713483810424805,-0.08552145957946777,-0.1560657024383545,-0.04726815223693848,-0.18803811073303223,-0.07937270402908325,-0.14636659622192383,-0.09288245439529419,-0.19708538055419922,-0.08248096704483032,-0.16125160455703735,-0.07454878091812134,-0.1292436718940735,-0.04868191480636597,-0.16194134950637817,-0.06139206886291504,-0.2121230959892273,-0.04867064952850342,-0.15891599655151367,-0.05416882038116455,-0.1561679244041443,-0.018980205059051514,-0.16732347011566162,-0.02880072593688965,-0.21900880336761475,-0.021092593669891357,-0.16051459312438965,-0.014409303665161133,-0.1160469651222229,0.016210496425628662,-0.16601449251174927,0.011510729789733887,-0.23237603902816772,0.010987997055053711,-0.2754821181297302,0.008148014545440674,-0.31848597526550293
0.0,0.0,-0.04643529653549194,-0.027705132961273193,-0.08455544710159302,-0.09149235486984253,-0.08551782369613647,-0.16125404834747314,-0.04660266637802124,-0.1932033896446228,-0.07478278875350952,-0.14780104160308838,-0.09030413627624512,-0.19633466005325317,-0.08115869760513306,-0.16319584846496582,-0.07291549444198608,-0.13242721557617188,-0.04518955945968628,-0.16318738460540771,-0.059718310832977295,-0.2128816843032837,-0.04705303907394409,-0.15687823295593262,-0.05556035041809082,-0.16472303867340088,-0.016695797443389893,-0.16821616888046265,-0.028149306774139404,-0.2213854193687439,-0.020210087299346924,-0.1642574667930603,-0.012675881385803223,-0.1218268871307373,0.017857730388641357,-0.16606110334396362,0.01406174898147583,-0.23509198427200317,0.012756824493408203,-0.27956444025039673,0.010107815265655518,-0.3226776719093323
0.0,0.0,-0.04739558696746826,-0.028963088989257812,-0.08423811197280884,-0.09045881032943726,-0.08432656526565552,-0.15822076797485352,-0.047419607639312744,-0.1908528208732605,-0.0751221776008606,-0.148243248462677,-0.09051606059074402,-0.19639647006988525,-0.0811988115310669,-0.16208332777023315,-0.07263725996017456,-0.12960118055343628,-0.045384109020233154,-0.16274142265319824,-0.0595819354057312,-0.21182185411453247,-0.047260284423828125,-0.15687662363052368,-0.05518287420272827,-0.16226071119308472,-0.01667875051498413,-0.16774427890777588,-0.02788257598876953,-0.2187209129333496,-0.02014780044555664,-0.16099649667739868,-0.012913346290588379,-0.11771184206008911,0.018030285835266113,-0.1657276749610901,0.01414114236831665,-0.23377740383148193,0.013296246528625488,-0.2777585983276367,0.011004984378814697,-0.320531964302063
0.0,0.0,-0.047009408473968506,-0.0269739031791687,-0.08507382869720459,-0.0887594223022461,-0.08558672666549683,-0.15705549716949463,-0.047883689403533936,-0.1900290846824646,-0.07746094465255737,-0.14682209491729736,-0.0919249951839447,-0.19767725467681885,-0.08270353078842163,-0.1618151068687439,-0.07444256544113159,-0.1295568346977234,-0.04708379507064819,-0.16240453720092773,-0.06018412113189697,-0.21281945705413818,-0.04815620183944702,-0.15788370370864868,-0.054814279079437256,-0.15914511680603027,-0.01773935556411743,-0.1681094765663147,-0.02825915813446045,-0.22100412845611572,-0.02108597755432129,-0.163263201713562,-0.01417917013168335,-0.1196102499961853,0.017258822917938232,-0.1668299436569214,0.013705968856811523,-0.2337765097618103,0.01325070858001709,-0.27732986211776733,0.010942637920379639,-0.32036280632019043
0.0,0.0,-0.04786837100982666,-0.028697192668914795,-0.08581840991973877,-0.08798450231552124,-0.08430665731430054,-0.15609997510910034,-0.04602426290512085,-0.18919479846954346,-0.07929098606109619,-0.14888179302215576,-0.0915212333202362,-0.19980186223983765,-0.0789678692817688,-0.16148042678833008,-0.07066893577575684,-0.12924015522003174,-0.047945261001586914,-0.16351771354675293,-0.058840274810791016,-0.2138761281967163,-0.04533374309539795,-0.15740329027175903,-0.04614442586898804,-0.14030253887176514,-0.01780843734741211,-0.16839468479156494,-0.02564173936843872,-0.22010529041290283,-0.019906997680664062,-0.1616295576095581,-0.015276849269866943,-0.116702139377594,0.01722121238708496,-0.1664220690727234,0.01283937692642212,-0.23316633701324463,0.013514697551727295,-0.2749057412147522,0.011434376239776611,-0.31666237115859985
0.0,0.0,-0.046845972537994385,-0.0258520245552063,-0.08612346649169922,-0.0865296721458435,-0.08650320768356323,-0.1557149887084961,-0.04727667570114136,-0.18873441219329834,-0.07759606838226318,-0.14652109146118164,-0.09213322401046753,-0.19479328393936157,-0.08061051368713379,-0.16085338592529297,-0.07110697031021118,-0.1302456259727478,-0.04684567451477051,-0.1618703007698059,-0.05933481454849243,-0.2115427851676941,-0.0466122031211853,-0.15798592567443848,-0.05093705654144287,-0.1503031849861145,-0.01745551824569702,-0.16689854860305786,-0.027111709117889404,-0.21828973293304443,-0.019800901412963867,-0.16040867567062378,-0.01320737600326538,-0.11608237028121948,0.017529606819152832,-0.16538995504379272,0.013821542263031006,-0.23271143436431885,0.013783276081085205,-0.27590155601501465,0.011296331882476807,-0.31913578510284424
0.0,0.0,-0.04766809940338135,-0.026939451694488525,-0.0858723521232605,-0.08792173862457275,-0.08581787347793579,-0.15652334690093994,-0.04743891954421997,-0.18964308500289917,-0.0783846378326416,-0.14697414636611938,-0.09245085716247559,-0.1971186399459839,-0.08210867643356323,-0.1607884168624878,-0.07370632886886597,-0.1295185089111328,-0.048205673694610596,-0.16284453868865967,-0.060857534408569336,-0.2128269076347351,-0.048711299896240234,-0.15901398658752441,-0.053985595703125,-0.15572816133499146,-0.018805325031280518,-0.16864925622940063,-0.028981566429138184,-0.21994584798812866,-0.021538972854614258,-0.1608576774597168,-0.014697551727294922,-0.1166805624961853,0.01610630750656128,-0.16762220859527588,0.012655436992645264,-0.2338058352470398,0.012453854084014893,-0.27638012170791626,0.009829461574554443,-0.3189800977706909
0.0,0.0,-0.04768204689025879,-0.02724367380142212,-0.0860137939453125,-0.087807297706604,-0.08632844686508179,-0.15535473823547363,-0.04818308353424072,-0.18709176778793335,-0.07729774713516235,-0.14596545696258545,-0.09227654337882996,-0.19400817155838013,-0.08321428298950195,-0.1590084433555603,-0.0749707818031311,-0.12709122896194458,-0.047047972679138184,-0.1607080101966858,-0.060918986797332764,-0.20929419994354248,-0.04868203401565552,-0.15365666151046753,-0.05530649423599243,-0.15569812059402466,-0.017677366733551025,-0.16601669788360596,-0.02849477529525757,-0.21729201078414917,-0.021145403385162354,-0.15946155786514282,-0.013979732990264893,-0.11637216806411743,0.017178654670715332,-0.16446137428283691,0.013752162456512451,-0.23181045055389404,0.013153314590454102,-0.27531659603118896,0.011017680168151855,-0.31828516721725464
0.0,0.0,-0.04889321327209473,-0.028165102005004883,-0.08692070841789246,-0.08726745843887329,-0.08472806215286255,-0.1552492380142212,-0.045930445194244385,-0.18866145610809326,-0.08182621002197266,-0.1473790407180786,-0.0928591787815094,-0.1980491280555725,-0.08078283071517944,-0.1591118574142456,-0.07266503572463989,-0.12640094757080078,-0.049671292304992676,-0.16363829374313354,-0.05957132577896118,-0.21236872673034668,-0.046019673347473145,-0.15714967250823975,-0.04543858766555786,-0.13921791315078735,-0.018666505813598633,-0.16948151588439941,-0.025532841682434082,-0.2218967080116272,-0.01955890655517578,-0.1623184084892273,-0.014303028583526611,-0.11587709188461304,0.016695916652679443,-0.16856378316879272,0.012966632843017578,-0.23251545429229736,0.013836860656738281,-0.2741542458534241,0.011981785297393799,-0.3164992332458496
0.0,0.0,-0.04802370071411133,-0.03040778636932373,-0.08436107635498047,-0.09157758951187134,-0.08521613478660583,-0.15936440229415894,-0.04877293109893799,-0.19111740589141846,-0.0783047080039978,-0.15050286054611206,-0.0908241868019104,-0.199323832988739,-0.08150750398635864,-0.16234415769577026,-0.07467567920684814,-0.1309475302696228,-0.048006296157836914,-0.16545116901397705,-0.05990415811538696,-0.21256178617477417,-0.04690980911254883,-0.15539509057998657,-0.05385923385620117,-0.15764403343200684,-0.018253326416015625,-0.16993916034698486,-0.027550578117370605,-0.2209598422050476,-0.02017587423324585,-0.16159778833389282,-0.014421463012695312,-0.11812013387680054,0.01689314842224121,-0.16772675514221191,0.012908935546875,-0.23393523693084717,0.013489484786987305,-0.2764418125152588,0.011343419551849365,-0.31871575117111206
0.0,0.0,-0.04773354530334473,-0.02690225839614868,-0.08575773239135742,-0.08946448564529419,-0.08583882451057434,-0.1577606201171875,-0.04784971475601196,-0.19057554006576538,-0.07829374074935913,-0.14849954843521118,-0.09204217791557312,-0.197279155254364,-0.08283352851867676,-0.1608007550239563,-0.07518106698989868,-0.1297648549079895,-0.04795563220977783,-0.16434109210968018,-0.060592830181121826,-0.21301931142807007,-0.04936063289642334,-0.15714401006698608,-0.056539058685302734,-0.15933233499526978,-0.01865684986114502,-0.16976934671401978,-0.028411686420440674,-0.22117489576339722,-0.022022128105163574,-0.16231769323349,-0.015689849853515625,-0.11934810876846313,0.01640075445175171,-0.16859108209609985,0.013683557510375977,-0.23492491245269775,0.013560652732849121,-0.27752870321273804,0.010976016521453857,-0.3203555941581726
0.0,0.0,-0.0467301607131958,-0.028871595859527588,-0.08421331644058228,-0.08938288688659668,-0.08433890342712402,-0.1581931710243225,-0.04709947109222412,-0.1911790370941162,-0.07839947938919067,-0.15037751197814941,-0.09007084369659424,-0.20020610094070435,-0.0794135332107544,-0.16320276260375977,-0.07185536623001099,-0.13137787580490112,-0.04721951484680176,-0.16583317518234253,-0.05769532918930054,-0.21369844675064087,-0.044762492179870605,-0.15750867128372192,-0.04875725507736206,-0.15113359689712524,-0.016977667808532715,-0.1703711748123169,-0.024619340896606445,-0.2221408486366272,-0.018520236015319824,-0.16251075267791748,-0.013926506042480469,-0.11769765615463257,0.01815640926361084,-0.16799098253250122,0.013968288898468018,-0.23354411125183105,0.014846384525299072,-0.2760702967643738,0.012653112411499023,-0.3189172148704529
0.0,0.0,-0.04810124635696411,-0.028157532215118408,-0.08565551042556763,-0.0891997218132019,-0.08539420366287231,-0.15831005573272705,-0.04672837257385254,-0.19134247303009033,-0.07920652627944946,-0.1496298909187317,-0.09150925278663635,-0.20100277662277222,-0.07992708683013916,-0.16311806440353394,-0.07173711061477661,-0.1313096284866333,-0.048418521881103516,-0.1652020812034607,-0.05867612361907959,-0.21521127223968506,-0.04583239555358887,-0.16009187698364258,-0.04776608943939209,-0.14835125207901,-0.018081247806549072,-0.17041069269180298,-0.02546250820159912,-0.22342360019683838,-0.019538164138793945,-0.16353005170822144,-0.01482158899307251,-0.1182936429977417,0.017184078693389893,-0.16895610094070435,0.013343751430511475,-0.23429018259048462,0.014049232006072998,-0.2762538194656372,0.011576950550079346,-0.31882375478744507
0.0,0.0,-0.04780477285385132,-0.029752135276794434,-0.08611422777175903,-0.08922815322875977,-0.08437269926071167,-0.15738606452941895,-0.045919597148895264,-0.18982869386672974,-0.08137798309326172,-0.15248388051986694,-0.0917847752571106,-0.2031611204147339,-0.07907038927078247,-0.16330981254577637,-0.07156527042388916,-0.1307981014251709,-0.04889404773712158,-0.1673007607460022,-0.0583767294883728,-0.2160373330116272,-0.044107258319854736,-0.1584392786026001,-0.04385066032409668,-0.13936465978622437,-0.017769813537597656,-0.17176216840744019,-0.024361848831176758,-0.22337597608566284,-0.01898890733718872,-0.1637362837791443,-0.01499927043914795,-0.11730343103408813,0.01763617992401123,-0.16966670751571655,0.013577163219451904,-0.23565691709518433,0.014859139919281006,-0.27733373641967773,0.013133704662322998,-0.3192933201789856
0.0,0.0,-0.051563382148742676,-0.02927917242050171,-0.08893543481826782,-0.08891665935516357,-0.08399063348770142,-0.15810692310333252,-0.04510229825973511,-0.19032961130142212,-0.08183753490447998,-0.15048998594284058,-0.09380340576171875,-0.20140445232391357,-0.08119797706604004,-0.1617395281791687,-0.07307952642440796,-0.12988656759262085,-0.04939514398574829,-0.1669744849205017,-0.06026268005371094,-0.21463751792907715,-0.04592615365982056,-0.15635013580322266,-0.04644256830215454,-0.14172512292861938,-0.01844620704650879,-0.17296326160430908,-0.025736570358276367,-0.22382962703704834,-0.019950509071350098,-0.16430670022964478,-0.014753103256225586,-0.11980485916137695,0.0174560546875,-0.1723446249961853,0.014937400817871094,-0.23681581020355225,0.015575587749481201,-0.27738916873931885,0.013170778751373291,-0.31873250007629395
0.0,0.0,-0.049657464027404785,-0.031090915203094482,-0.08744829893112183,-0.0927777886390686,-0.08485227823257446,-0.1613953709602356,-0.04441678524017334,-0.19374102354049683,-0.08210337162017822,-0.15733367204666138,-0.09155821800231934,-0.2062724232673645,-0.07888901233673096,-0.16516083478927612,-0.07230937480926514,-0.13465994596481323,-0.0492132306098938,-0.17223340272903442,-0.05695146322250366,-0.21948248147964478,-0.04277998208999634,-0.16190111637115479,-0.042299747467041016,-0.14021998643875122,-0.0170099139213562,-0.1762569546699524,-0.02252286672592163,-0.22716307640075684,-0.016909003257751465,-0.1662406325340271,-0.013666749000549316,-0.11959326267242432,0.019453883171081543,-0.17404699325561523,0.01598966121673584,-0.23918259143829346,0.018017470836639404,-0.2805356979370117,0.01614367961883545,-0.3229188919067383
0.0,0.0,-0.05036568641662598,-0.03070998191833496,-0.08800137042999268,-0.09224599599838257,-0.08518975973129272,-0.16084074974060059,-0.044955670833587646,-0.1935405731201172,-0.07951045036315918,-0.15327006578445435,-0.09147757291793823,-0.20365655422210693,-0.07939577102661133,-0.16395443677902222,-0.07140117883682251,-0.13270962238311768,-0.04773062467575073,-0.16861706972122192,-0.05786782503128052,-0.21854573488235474,-0.044732093811035156,-0.16079550981521606,-0.04574829339981079,-0.14562958478927612,-0.0168759822845459,-0.17361211776733398,-0.023624300956726074,-0.2265779972076416,-0.018236517906188965,-0.1655026078224182,-0.013769984245300293,-0.11963880062103271,0.019358515739440918,-0.1719728708267212,0.01668184995651245,-0.23800110816955566,0.01805293560028076,-0.27961647510528564,0.016179144382476807,-0.3224579691886902
