0.0,0.0,0.02351844310760498,-0.009045541286468506,0.028058767318725586,-0.016759872436523438,0.020250439643859863,-0.001233220100402832,0.011851787567138672,0.019036829471588135,-0.0050754547119140625,-0.11352229118347168,-0.03958812355995178,-0.10753506422042847,-0.04974466562271118,-0.05936574935913086,-0.05037015676498413,-0.01196831464767456,-0.03921240568161011,-0.10902509093284607,-0.07279136776924133,-0.10673919320106506,-0.07771041989326477,-0.059575676918029785,-0.07047194242477417,-0.012285351753234863,-0.06719166040420532,-0.09241238236427307,-0.09653270244598389,-0.07570159435272217,-0.0949956476688385,-0.030894815921783447,-0.0854124128818512,0.005107223987579346,-0.08733448386192322,-0.06770753860473633,-0.10688033699989319,-0.03743386268615723,-0.10676702857017517,0.010362803936004639,-0.09973487257957458,0.04843252897262573
0.0,0.0,0.001979231834411621,0.0004113912582397461,0.018533170223236084,0.0008567571640014648,0.03885442018508911,0.035031914710998535,0.0603177547454834,0.07821232080459595,0.0630078911781311,-0.06668063998222351,0.046223461627960205,-0.013775050640106201,0.03134232759475708,0.013517558574676514,0.031031548976898193,0.018346667289733887,0.05792135000228882,-0.06786802411079407,0.040403664112091064,-0.00948953628540039,0.025059223175048828,0.013181149959564209,0.025573253631591797,0.010886013507843018,0.04641610383987427,-0.061062753200531006,0.029763221740722656,-0.0066642165184021,0.019288957118988037,0.011689901351928711,0.02197730541229248,0.006846249103546143,0.032202184200286865,-0.049588918685913086,0.021727025508880615,-0.009275317192077637,0.01355510950088501,0.008253693580627441,0.015561997890472412,0.010316193103790283
0.0,0.0,-0.05309298634529114,-0.0031245946884155273,-0.08899727463722229,0.02075892686843872,-0.09994262456893921,0.06881529092788696,-0.09179985523223877,0.11264151334762573,-0.05507427453994751,-0.052111685276031494,-0.07780325412750244,0.010916650295257568,-0.08241447806358337,0.046183228492736816,-0.07951366901397705,0.07305037975311279,-0.013042867183685303,-0.031658709049224854,-0.04040151834487915,0.05346024036407471,-0.04805278778076172,0.05900639295578003,-0.04188644886016846,0.05092012882232666,0.018633902072906494,0.0019416213035583496,-0.002018749713897705,0.08410555124282837,-0.009705662727355957,0.08319681882858276,-0.008242666721343994,0.06662392616271973,0.03977012634277344,0.03812968730926514,0.03620654344558716,0.11681854724884033,0.0404854416847229,0.16383373737335205,0.04752272367477417,0.1954514980316162
0.0,0.0,-0.03384852409362793,-0.008240938186645508,-0.05524325370788574,-0.016311347484588623,-0.05498167872428894,0.03170311450958252,-0.03955945372581482,0.09184491634368896,-0.030272632837295532,-0.11351132392883301,-0.05950009822845459,-0.02819150686264038,-0.058812230825424194,0.027256488800048828,-0.04689979553222656,0.0483015775680542,0.00730055570602417,-0.10387393832206726,-0.013558924198150635,-0.017897307872772217,-0.019644737243652344,0.010021805763244629,-0.015325188636779785,0.0014423131942749023,0.03687751293182373,-0.07222023606300354,0.020348548889160156,0.0075095295906066895,0.0022410154342651367,0.028140783309936523,-0.0008206367492675781,0.012951970100402832,0.05974602699279785,-0.033170223236083984,0.04402202367782593,0.03151792287826538,0.028405427932739258,0.049553751945495605,0.026272237300872803,0.043225109577178955
0.0,0.0,-0.032556504011154175,-0.012818336486816406,-0.05525219440460205,-0.029818952083587646,-0.0600166916847229,0.0030968785285949707,-0.04997909069061279,0.05092066526412964,-0.027257800102233887,-0.12067866325378418,-0.056531280279159546,-0.049628227949142456,-0.05383291840553284,0.012371718883514404,-0.04219996929168701,0.04559427499771118,0.012004852294921875,-0.11087840795516968,-0.007932305335998535,-0.03704965114593506,-0.013462841510772705,0.001394510269165039,-0.012066960334777832,0.006691336631774902,0.04238921403884888,-0.08090901374816895,0.023697733879089355,-0.010288774967193604,0.00924527645111084,0.02036464214324951,0.006532430648803711,0.01753997802734375,0.06420695781707764,-0.04596266150474548,0.04600280523300171,0.01399928331375122,0.03222167491912842,0.04112732410430908,0.03046393394470215,0.04465848207473755
0.0,0.0,0.0011995434761047363,0.010075926780700684,0.012171328067779541,0.01321423053741455,0.03494060039520264,0.0462031364440918,0.05814051628112793,0.08092957735061646,0.019730210304260254,-0.09600728750228882,-0.007957875728607178,-0.04154706001281738,-0.02082565426826477,0.0006170868873596191,-0.02026742696762085,0.010609030723571777,0.02695828676223755,-0.09526875615119934,0.005392313003540039,-0.022699594497680664,-0.008288800716400146,0.012771308422088623,-0.009221643209457397,0.007416367530822754,0.029959261417388916,-0.07673656940460205,0.010449409484863281,-0.008900821208953857,-0.00494760274887085,0.019222259521484375,-0.008295238018035889,0.010901689529418945,0.029713451862335205,-0.050678908824920654,0.01017463207244873,0.007986128330230713,-0.0047838687896728516,0.02931380271911621,-0.007834076881408691,0.0252038836479187
0.0,0.0,-0.02793586254119873,-0.010308146476745605,-0.04680570960044861,-0.033923983573913574,-0.0473233163356781,-0.046409547328948975,-0.042790770530700684,-0.050106704235076904,-0.01818948984146118,-0.11825597286224365,-0.03926524519920349,-0.1251327097415924,-0.05152463912963867,-0.12160351872444153,-0.058312028646469116,-0.11606290936470032,0.013469576835632324,-0.11675393581390381,-0.011834263801574707,-0.05569225549697876,-0.029328644275665283,-0.012819468975067139,-0.031823188066482544,0.0017741918563842773,0.03706425428390503,-0.08896380662918091,0.015317320823669434,-0.027570903301239014,-0.005220174789428711,0.004492640495300293,-0.01130002737045288,0.012273788452148438,0.05461007356643677,-0.053189605474472046,0.03724396228790283,-0.004913210868835449,0.02040928602218628,0.020890235900878906,0.015903472900390625,0.03047853708267212
0.0,0.0,-0.05228474736213684,-0.008140891790390015,-0.08647111058235168,-0.008108586072921753,-0.0924270749092102,0.0442277193069458,-0.07685470581054688,0.09955418109893799,-0.04969671368598938,-0.08538985252380371,-0.07378876209259033,-0.020004481077194214,-0.06935900449752808,0.036216557025909424,-0.05599945783615112,0.05247777700424194,-0.0031427741050720215,-0.07317078113555908,-0.024271219968795776,-0.001139521598815918,-0.035559237003326416,0.03808861970901489,-0.03627851605415344,0.025968194007873535,0.03341609239578247,-0.03976428508758545,0.012537002563476562,0.0250360369682312,-0.007918328046798706,0.05365121364593506,-0.011719614267349243,0.040978312492370605,0.0564233660697937,-0.003665328025817871,0.03763502836227417,0.05491560697555542,0.01894599199295044,0.08297234773635864,0.01708883047103882,0.08501380681991577
0.0,0.0,-0.03694024682044983,-0.011181056499481201,-0.06076139211654663,-0.02039584517478943,-0.06796807050704956,0.021928012371063232,-0.05962732434272766,0.0762338638305664,-0.024989306926727295,-0.1092396080493927,-0.050183385610580444,-0.0509682297706604,-0.05083543062210083,0.012692928314208984,-0.04173627495765686,0.043427348136901855,0.014626920223236084,-0.0929429829120636,-0.007996022701263428,-0.01839691400527954,-0.020150870084762573,0.019318759441375732,-0.020153313875198364,0.0130196213722229,0.04379737377166748,-0.05525800585746765,0.02771991491317749,0.010794758796691895,0.007544964551925659,0.03626328706741333,0.0024547278881073,0.02634739875793457,0.06188911199569702,-0.014932692050933838,0.053016483783721924,0.044142186641693115,0.04260683059692383,0.07054460048675537,0.04355984926223755,0.07517802715301514
0.0,0.0,-0.038378119468688965,-0.010175079107284546,-0.06355077028274536,-0.018910735845565796,-0.0695144534111023,0.030656814575195312,-0.05958962440490723,0.09098231792449951,-0.027068138122558594,-0.10418656468391418,-0.04644268751144409,-0.037618279457092285,-0.04487648606300354,0.020264744758605957,-0.035698771476745605,0.04021894931793213,0.013752102851867676,-0.08780449628829956,-0.0073802173137664795,-0.009233325719833374,-0.0183526873588562,0.020894885063171387,-0.018467754125595093,0.01100081205368042,0.04405486583709717,-0.05132150650024414,0.02590566873550415,0.018239915370941162,0.005960613489151001,0.039060354232788086,0.001621156930923462,0.026203632354736328,0.06341928243637085,-0.012355446815490723,0.0525439977645874,0.051563143730163574,0.04335927963256836,0.07989221811294556,0.046218931674957275,0.08626312017440796
0.0,0.0,-0.03310933709144592,-0.005650639533996582,-0.057950347661972046,-0.010770827531814575,-0.0686553418636322,0.03985953330993652,-0.0628993809223175,0.09613579511642456,-0.02769380807876587,-0.1034436821937561,-0.0464995801448822,-0.02260574698448181,-0.045235008001327515,0.02158796787261963,-0.0354045033454895,0.036324262619018555,0.013630539178848267,-0.09125065803527832,-0.009880214929580688,0.011582136154174805,-0.01703295111656189,0.02280557155609131,-0.014552175998687744,0.0039061903953552246,0.04454532265663147,-0.05624982714653015,0.022591382265090942,0.036347925662994385,0.007389485836029053,0.03679579496383667,0.007493346929550171,0.012258470058441162,0.06522431969642639,-0.018167704343795776,0.051481276750564575,0.06150984764099121,0.04584506154060364,0.08144164085388184,0.0528167188167572,0.081748366355896
0.0,0.0,-0.03982296586036682,-0.0061799585819244385,-0.06545066833496094,-0.009319335222244263,-0.07562777400016785,0.044171035289764404,-0.07055658102035522,0.10930901765823364,-0.026982158422470093,-0.1015157401561737,-0.04103285074234009,-0.0144137442111969,-0.04393318295478821,0.016692817211151123,-0.04067012667655945,0.014082252979278564,0.014758467674255371,-0.08624634146690369,-0.00566333532333374,0.006521165370941162,-0.014477699995040894,0.023317992687225342,-0.014490008354187012,0.005087554454803467,0.04568511247634888,-0.051227867603302,0.02837270498275757,0.0328751802444458,0.014129489660263062,0.04304009675979614,0.01258137822151184,0.02356886863708496,0.06517219543457031,-0.012791186571121216,0.05736011266708374,0.06521522998809814,0.053853750228881836,0.09937912225723267,0.060045838356018066,0.11098408699035645
0.0,0.0,-0.03676551580429077,-0.0036809444427490234,-0.06424650549888611,-0.00464862585067749,-0.07381966710090637,0.04623907804489136,-0.06519323587417603,0.10350966453552246,-0.028940051794052124,-0.09376600384712219,-0.04278087615966797,-0.0128040611743927,-0.04564642906188965,0.02283376455307007,-0.040630042552948,0.03263974189758301,0.013736069202423096,-0.08152198791503906,-0.009335607290267944,0.017520010471343994,-0.019408583641052246,0.02661299705505371,-0.01935318112373352,0.008546411991119385,0.04584181308746338,-0.04765257239341736,0.023523569107055664,0.04164719581604004,0.0044203996658325195,0.041366636753082275,0.0011053085327148438,0.01976102590560913,0.0662502646446228,-0.010971128940582275,0.05200397968292236,0.06412851810455322,0.04282355308532715,0.08135628700256348,0.046163856983184814,0.08313262462615967
0.0,0.0,-0.04021760821342468,-0.0033576786518096924,-0.0688631534576416,-0.0018131732940673828,-0.0776207447052002,0.04964613914489746,-0.06848132610321045,0.10786616802215576,-0.030447810888290405,-0.09213924407958984,-0.04648074507713318,0.0014679431915283203,-0.05353266000747681,0.035538554191589355,-0.04889926314353943,0.032992422580718994,0.012093961238861084,-0.07946401834487915,-0.012109488248825073,0.025398433208465576,-0.024539172649383545,0.03639698028564453,-0.022148460149765015,0.011862874031066895,0.043663084506988525,-0.046101003885269165,0.021065592765808105,0.047265470027923584,-0.00015151500701904297,0.048578083515167236,-0.0029939115047454834,0.02404266595840454,0.06337946653366089,-0.009599566459655762,0.04855459928512573,0.06869447231292725,0.038213133811950684,0.08402448892593384,0.04123955965042114,0.08244431018829346
0.0,0.0,-0.041059672832489014,-0.001960158348083496,-0.07097825407981873,-0.0019345283508300781,-0.08070191740989685,0.05217385292053223,-0.06870266795158386,0.11808842420578003,-0.03789988160133362,-0.0907135009765625,-0.06185781955718994,0.005429387092590332,-0.059372127056121826,0.04012000560760498,-0.048645734786987305,0.039335012435913086,0.0053695738315582275,-0.07704120874404907,-0.024220913648605347,0.025213658809661865,-0.02896183729171753,0.030264079570770264,-0.024393796920776367,0.0038025379180908203,0.037305593490600586,-0.041885554790496826,0.012627363204956055,0.047712743282318115,-0.0028421878814697266,0.04993671178817749,-0.002830803394317627,0.029559075832366943,0.05752229690551758,-0.002682805061340332,0.045657575130462646,0.07767754793167114,0.0440671443939209,0.10372781753540039,0.052677273750305176,0.1126173734664917
0.0,0.0,-0.038841843605041504,-0.005256950855255127,-0.06767362356185913,-0.002066671848297119,-0.0777418315410614,0.05309253931045532,-0.06953850388526917,0.11396247148513794,-0.028186500072479248,-0.08638027310371399,-0.04383930563926697,0.008913218975067139,-0.052825331687927246,0.03166228532791138,-0.049930840730667114,0.02680283784866333,0.014456063508987427,-0.07291379570960999,-0.012303471565246582,0.034840166568756104,-0.02439790964126587,0.03829789161682129,-0.022980302572250366,0.01669490337371826,0.0456920862197876,-0.039939671754837036,0.019113272428512573,0.05457592010498047,-0.001116037368774414,0.050077617168426514,-0.003637075424194336,0.027724742889404297,0.06450963020324707,-0.005228281021118164,0.047743141651153564,0.071042001247406,0.03676795959472656,0.08184325695037842,0.03838926553726196,0.08077603578567505
0.0,0.0,-0.04240185022354126,-0.0068374574184417725,-0.07136887311935425,-0.002013981342315674,-0.07976466417312622,0.056813716888427734,-0.0700211226940155,0.12587851285934448,-0.03772550821304321,-0.08530911803245544,-0.05878153443336487,0.007080495357513428,-0.05690881609916687,0.048025548458099365,-0.04902857542037964,0.05200231075286865,0.006950348615646362,-0.06648418307304382,-0.017789065837860107,0.02560734748840332,-0.02773025631904602,0.04593926668167114,-0.029338181018829346,0.0292665958404541,0.03982973098754883,-0.029422372579574585,0.018861472606658936,0.051322221755981445,-0.0007700026035308838,0.062419593334198,-0.007256299257278442,0.04694640636444092,0.05910986661911011,0.010067462921142578,0.049413979053497314,0.08172810077667236,0.04366379976272583,0.1120489239692688,0.0465354323387146,0.12497276067733765
0.0,0.0,-0.042484164237976074,-0.005076110363006592,-0.07699435949325562,-0.006332993507385254,-0.08361086249351501,0.04660499095916748,-0.06838223338127136,0.11046701669692993,-0.03429737687110901,-0.0860123336315155,-0.05106434226036072,0.008672773838043213,-0.05176648497581482,0.03553569316864014,-0.04192820191383362,0.02429831027984619,0.011166870594024658,-0.06782367825508118,-0.011420518159866333,0.029548943042755127,-0.023840487003326416,0.03672760725021362,-0.02268153429031372,0.01197284460067749,0.04364541172981262,-0.03260722756385803,0.020070701837539673,0.05863761901855469,-0.0017578601837158203,0.05580013990402222,-0.00467228889465332,0.03096640110015869,0.06453689932823181,0.004668295383453369,0.042521923780441284,0.07896113395690918,0.024154633283615112,0.0937390923500061,0.019833356142044067,0.09439069032669067
0.0,0.0,-0.043934404850006104,-0.003262937068939209,-0.080054372549057,-0.00015276670455932617,-0.08792835474014282,0.05436950922012329,-0.0722428560256958,0.11330747604370117,-0.04021868109703064,-0.08551329374313354,-0.06021076440811157,0.0162925124168396,-0.056450217962265015,0.03538912534713745,-0.044830650091171265,0.01947629451751709,0.0065174400806427,-0.06807225942611694,-0.018885672092437744,0.03839468955993652,-0.025345146656036377,0.038164734840393066,-0.02268671989440918,0.01033031940460205,0.04028975963592529,-0.03282621502876282,0.014438629150390625,0.0657702088356018,-0.002543717622756958,0.05743861198425293,-0.00359538197517395,0.030344843864440918,0.06153303384780884,0.00541996955871582,0.03679549694061279,0.0863722562789917,0.021228492259979248,0.1077088713645935,0.019611775875091553,0.11536872386932373
0.0,0.0,-0.042629241943359375,-0.003409862518310547,-0.07666850090026855,-0.0019140839576721191,-0.08115935325622559,0.05360078811645508,-0.06509506702423096,0.11198282241821289,-0.03942468762397766,-0.09007683396339417,-0.05581921339035034,0.01290804147720337,-0.052681565284729004,0.04450339078903198,-0.04187759757041931,0.029949486255645752,0.007841646671295166,-0.07377311587333679,-0.014926373958587646,0.0294644832611084,-0.024374037981033325,0.04230266809463501,-0.021371304988861084,0.014154970645904541,0.04311108589172363,-0.03889554738998413,0.0190887451171875,0.05641829967498779,-0.0012156665325164795,0.05586022138595581,-0.0017711520195007324,0.026358366012573242,0.06640452146530151,-0.00176161527633667,0.04267382621765137,0.06883591413497925,0.022362172603607178,0.08253395557403564,0.018603742122650146,0.07991933822631836
0.0,0.0,-0.04251238703727722,-0.005748391151428223,-0.07707113027572632,-0.003209412097930908,-0.08592110872268677,0.04883980751037598,-0.07045716047286987,0.10297286510467529,-0.038023144006729126,-0.08830612897872925,-0.0554347038269043,0.008787214756011963,-0.05666768550872803,0.035518527030944824,-0.04869231581687927,0.018802940845489502,0.0076634883880615234,-0.07228386402130127,-0.015408545732498169,0.02710670232772827,-0.02570784091949463,0.04309183359146118,-0.023352771997451782,0.015893399715423584,0.04153367877006531,-0.038484007120132446,0.018499284982681274,0.05417954921722412,-0.0006302893161773682,0.06023174524307251,-0.0027196407318115234,0.0333213210105896,0.06348153948783875,-0.00016516447067260742,0.04030272364616394,0.08012419939041138,0.02513602375984192,0.1009598970413208,0.023672670125961304,0.09976053237915039
0.0,0.0,-0.04337698221206665,-0.004321277141571045,-0.07693067193031311,-0.002291083335876465,-0.08295509219169617,0.05160027742385864,-0.06913533806800842,0.10871785879135132,-0.03303191065788269,-0.0847044587135315,-0.047377318143844604,0.010823667049407959,-0.05323818325996399,0.035584211349487305,-0.049876242876052856,0.025401592254638672,0.011214286088943481,-0.06740409135818481,-0.013443052768707275,0.03323650360107422,-0.025857508182525635,0.039791107177734375,-0.026151686906814575,0.018702805042266846,0.04387989640235901,-0.032967835664749146,0.01601538062095642,0.05717504024505615,-0.0034604668617248535,0.056724488735198975,-0.006110966205596924,0.03455227613449097,0.0647866427898407,0.003827810287475586,0.038601070642471313,0.07863110303878784,0.02130112051963806,0.0982021689414978,0.01831957697868347,0.1037682294845581
0.0,0.0,-0.043968766927719116,-0.003760695457458496,-0.07835894823074341,0.0011668801307678223,-0.08601424098014832,0.05622512102127075,-0.07026591897010803,0.11237519979476929,-0.040282756090164185,-0.08606702089309692,-0.05759510397911072,0.01732802391052246,-0.05755561590194702,0.04178589582443237,-0.049041420221328735,0.02359449863433838,0.006159007549285889,-0.06855818629264832,-0.018147915601730347,0.035604000091552734,-0.02705514430999756,0.044860899448394775,-0.02486187219619751,0.018053948879241943,0.04085478186607361,-0.03353238105773926,0.013488620519638062,0.0621834397315979,-0.002882331609725952,0.061316072940826416,-0.0024938881397247314,0.03331601619720459,0.06318065524101257,0.004239559173583984,0.037521928548812866,0.08585816621780396,0.02435871958732605,0.11116766929626465,0.02529236674308777,0.11831581592559814
0.0,0.0,-0.044340819120407104,-0.005991578102111816,-0.07880353927612305,-0.003825068473815918,-0.08516204357147217,0.049195706844329834,-0.0681549608707428,0.10663646459579468,-0.036383211612701416,-0.08620402216911316,-0.05293518304824829,0.0153275728225708,-0.0559232234954834,0.03379601240158081,-0.04863491654396057,0.014256477355957031,0.007906019687652588,-0.06820935010910034,-0.015623301267623901,0.03326660394668579,-0.025822073221206665,0.04071450233459473,-0.023661315441131592,0.015481114387512207,0.04123157262802124,-0.03524848818778992,0.015014052391052246,0.05955076217651367,-0.00338137149810791,0.06009107828140259,-0.00463828444480896,0.03549599647521973,0.06326049566268921,0.0007143020629882812,0.0404508113861084,0.08404523134231567,0.029921531677246094,0.11309951543807983,0.03225821256637573,0.12413603067398071
0.0,0.0,-0.04475659132003784,-0.0024611353874206543,-0.08115881681442261,0.0023018717765808105,-0.08823993802070618,0.057959556579589844,-0.07376253604888916,0.11646908521652222,-0.035087913274765015,-0.07706654071807861,-0.05261164903640747,0.029476940631866455,-0.05737709999084473,0.045176029205322266,-0.05006691813468933,0.02421194314956665,0.008927702903747559,-0.059266895055770874,-0.017089426517486572,0.0495721697807312,-0.02740272879600525,0.052218496799468994,-0.024302273988723755,0.023178279399871826,0.04149806499481201,-0.02714318037033081,0.013507872819900513,0.07534724473953247,-0.0034206509590148926,0.06983387470245361,-0.003228485584259033,0.040642380714416504,0.06304633617401123,0.007157444953918457,0.03713589906692505,0.09304004907608032,0.024335265159606934,0.11740142107009888,0.02542334794998169,0.12331336736679077
0.0,0.0,-0.0417613685131073,-0.010157465934753418,-0.08322158455848694,-0.0064844489097595215,-0.1022639274597168,0.05538672208786011,-0.0932578444480896,0.11606484651565552,-0.0399872362613678,-0.08568680286407471,-0.08641135692596436,0.01474529504776001,-0.08386480808258057,0.05313044786453247,-0.06894868612289429,0.056808292865753174,0.006793498992919922,-0.05943244695663452,-0.04615339636802673,0.05468928813934326,-0.04760083556175232,0.050805747509002686,-0.03469446301460266,0.01591867208480835,0.04027339816093445,-0.01643642783164978,-0.015263378620147705,0.08681517839431763,-0.023782819509506226,0.06694585084915161,-0.011557340621948242,0.030299603939056396,0.06016024947166443,0.025283515453338623,0.013030141592025757,0.10296303033828735,0.00430983304977417,0.08455020189285278,0.01343238353729248,0.052565038204193115
0.0,0.0,-0.0548931360244751,-0.013817667961120605,-0.09911063313484192,0.0015308856964111328,-0.12151244282722473,0.06955599784851074,-0.117534339427948,0.13255822658538818,-0.05174359679222107,-0.06448420882225037,-0.09592476487159729,0.027771949768066406,-0.09770479798316956,0.060374438762664795,-0.08895596861839294,0.06375002861022949,-0.0060294270515441895,-0.04085621237754822,-0.05522686243057251,0.07124221324920654,-0.05532839894294739,0.06907963752746582,-0.04761022329330444,0.03831356763839722,0.028714746236801147,-0.0010391473770141602,-0.024222880601882935,0.10525643825531006,-0.029550909996032715,0.09323257207870483,-0.02127090096473694,0.060737788677215576,0.049394816160202026,0.03893023729324341,0.0031196773052215576,0.13206177949905396,-0.014005929231643677,0.1396675705909729,-0.016930073499679565,0.1333419680595398
0.0,0.0,-0.053354471921920776,-0.011837601661682129,-0.09846323728561401,0.002986729145050049,-0.12144050002098083,0.07329419255256653,-0.11327853798866272,0.13786080479621887,-0.04747742414474487,-0.05967077612876892,-0.09361162781715393,0.03995749354362488,-0.09844055771827698,0.07216259837150574,-0.09175768494606018,0.07736483216285706,-0.0030212700366973877,-0.03537914156913757,-0.052829086780548096,0.08270195126533508,-0.05398064851760864,0.0753723680973053,-0.046404749155044556,0.043136388063430786,0.03173676133155823,0.0029751956462860107,-0.021298885345458984,0.11316415667533875,-0.028581440448760986,0.09714058041572571,-0.02239525318145752,0.06265398859977722,0.05261078476905823,0.04078897833824158,0.007504194974899292,0.13210073113441467,-0.006125450134277344,0.1279345452785492,-0.00635075569152832,0.10936775803565979
0.0,0.0,-0.058376044034957886,-0.01885908842086792,-0.09948134422302246,-0.0027107596397399902,-0.1187782883644104,0.06332603096961975,-0.1230577826499939,0.12638351321220398,-0.049800366163253784,-0.06357839703559875,-0.0958903431892395,0.02066764235496521,-0.11269915103912354,0.07439079880714417,-0.11685627698898315,0.10971584916114807,-0.009074479341506958,-0.034424155950546265,-0.05736169219017029,0.07898721098899841,-0.05761626362800598,0.07631418108940125,-0.05141967535018921,0.04859808087348938,0.023195922374725342,0.006136268377304077,-0.030170202255249023,0.11756369471549988,-0.03242221474647522,0.10087016224861145,-0.026695609092712402,0.06539508700370789,0.043293774127960205,0.04540243744850159,-0.0014376044273376465,0.13997778296470642,-0.012118637561798096,0.13441947102546692,-0.011384189128875732,0.11063817143440247
0.0,0.0,-0.05660933256149292,-0.018813252449035645,-0.09944561123847961,-0.003972113132476807,-0.12264901399612427,0.061283886432647705,-0.12146180868148804,0.12157946825027466,-0.04890018701553345,-0.0663948655128479,-0.09789657592773438,0.02630436420440674,-0.11025461554527283,0.06851881742477417,-0.10850268602371216,0.08981180191040039,-0.007419079542160034,-0.038497328758239746,-0.058970123529434204,0.07530570030212402,-0.05770495533943176,0.06542396545410156,-0.0502379834651947,0.03740411996841431,0.02408549189567566,0.0037995576858520508,-0.03285476565361023,0.11128205060958862,-0.033016711473464966,0.0928153395652771,-0.024153798818588257,0.0609244704246521,0.04393932223320007,0.045960307121276855,-0.0045715272426605225,0.13939106464385986,-0.016885459423065186,0.1555328369140625,-0.016646236181259155,0.1602238416671753
0.0,0.0,-0.0638781189918518,-0.016139745712280273,-0.10579821467399597,0.0010280609130859375,-0.12494191527366638,0.06097227334976196,-0.13199707865715027,0.12228089570999146,-0.05612599849700928,-0.06825122237205505,-0.10435342788696289,0.022208690643310547,-0.11660712957382202,0.06590938568115234,-0.11540871858596802,0.093941330909729,-0.014665812253952026,-0.04089215397834778,-0.0632195770740509,0.08017808198928833,-0.059354186058044434,0.07153171300888062,-0.05046597123146057,0.04228353500366211,0.01794421672821045,0.002555251121520996,-0.036225855350494385,0.11875230073928833,-0.033449649810791016,0.09847861528396606,-0.023762434720993042,0.06382393836975098,0.040716469287872314,0.045704424381256104,-0.003418952226638794,0.1427856683731079,-0.014102250337600708,0.15949398279190063,-0.012656331062316895,0.16267192363739014
0.0,0.0,-0.06428158283233643,-0.025324881076812744,-0.10953569412231445,-0.017384469509124756,-0.1342107057571411,0.0421450138092041,-0.1407860815525055,0.10249269008636475,-0.05988031625747681,-0.08790361881256104,-0.1115185022354126,0.00341188907623291,-0.12231478095054626,0.048610687255859375,-0.12030202150344849,0.07236993312835693,-0.018223464488983154,-0.060402095317840576,-0.07151076197624207,0.053587913513183594,-0.06794372200965881,0.052651166915893555,-0.06019023060798645,0.024959802627563477,0.013139724731445312,-0.016901612281799316,-0.04279452562332153,0.09251409769058228,-0.041645556688308716,0.07869142293930054,-0.03276965022087097,0.045699477195739746,0.033178627490997314,0.02715432643890381,-0.012584269046783447,0.12150931358337402,-0.025909900665283203,0.14657127857208252,-0.02664211392402649,0.1560611128807068
0.0,0.0,-0.06193727254867554,-0.020138025283813477,-0.10179957747459412,-0.008780419826507568,-0.1236453652381897,0.05173379182815552,-0.13010665774345398,0.11087781190872192,-0.05614772439002991,-0.0748673677444458,-0.10504445433616638,0.013434529304504395,-0.11929050087928772,0.06467491388320923,-0.12252098321914673,0.09473907947540283,-0.014222264289855957,-0.04418957233428955,-0.06363651156425476,0.06015998125076294,-0.06124088168144226,0.06003981828689575,-0.05495119094848633,0.03311365842819214,0.01697564125061035,-2.8789043426513672e-05,-0.036861807107925415,0.0996781587600708,-0.035647809505462646,0.08736801147460938,-0.02704489231109619,0.05594295263290405,0.036531925201416016,0.04377877712249756,-0.006060540676116943,0.13093644380569458,-0.018890053033828735,0.15669333934783936,-0.018964380025863647,0.1686488389968872
0.0,0.0,-0.06407320499420166,-0.019469410181045532,-0.10482347011566162,-0.0076332688331604,-0.12427115440368652,0.04937410354614258,-0.13267186284065247,0.10851156711578369,-0.057927221059799194,-0.07822433114051819,-0.10297620296478271,0.004462480545043945,-0.117317795753479,0.05536860227584839,-0.11883395910263062,0.08889824151992798,-0.016712427139282227,-0.051140546798706055,-0.061498552560806274,0.06071031093597412,-0.05998581647872925,0.06358957290649414,-0.05212664604187012,0.03855782747268677,0.0159304141998291,-0.007898330688476562,-0.03422743082046509,0.09954243898391724,-0.03704249858856201,0.08971560001373291,-0.0299854576587677,0.06059390306472778,0.03834104537963867,0.03475344181060791,-0.0018061995506286621,0.12540000677108765,-0.016949057579040527,0.14767956733703613,-0.01895672082901001,0.1543378233909607
0.0,0.0,-0.06493261456489563,-0.020527929067611694,-0.10682353377342224,-0.009016215801239014,-0.12747931480407715,0.050855934619903564,-0.13360711932182312,0.11074179410934448,-0.05608260631561279,-0.07163980603218079,-0.10200130939483643,0.012222468852996826,-0.11775422096252441,0.0683864951133728,-0.12154561281204224,0.1050790548324585,-0.01429775357246399,-0.04203024506568909,-0.06112128496170044,0.06448900699615479,-0.06117653846740723,0.07003194093704224,-0.055866539478302,0.048127591609954834,0.016899466514587402,0.0013294219970703125,-0.03517898917198181,0.10391390323638916,-0.03771704435348511,0.09695369005203247,-0.031572937965393066,0.07001650333404541,0.036588847637176514,0.043941617012023926,-0.00434565544128418,0.13453471660614014,-0.01829928159713745,0.16137272119522095,-0.019941985607147217,0.17208856344223022
0.0,0.0,-0.06559780240058899,-0.01727670431137085,-0.10818123817443848,-0.0014417767524719238,-0.12784728407859802,0.05991864204406738,-0.13378119468688965,0.12036031484603882,-0.05680075287818909,-0.06991222500801086,-0.10444760322570801,0.02200096845626831,-0.11803236603736877,0.07002830505371094,-0.118903249502182,0.10082918405532837,-0.014921128749847412,-0.04241335391998291,-0.06325200200080872,0.0748702883720398,-0.05958062410354614,0.06884461641311646,-0.051334530115127563,0.04118889570236206,0.01754629611968994,-0.0002802610397338867,-0.03690075874328613,0.11299639940261841,-0.03538903594017029,0.09565955400466919,-0.026900410652160645,0.062002599239349365,0.039914727210998535,0.04193371534347534,-0.003684699535369873,0.1399518847465515,-0.015310078859329224,0.16320675611495972,-0.014940649271011353,0.17111116647720337
0.0,0.0,-0.06321790814399719,-0.01342722773551941,-0.10693126916885376,0.008151471614837646,-0.12591388821601868,0.0730733871459961,-0.1303199827671051,0.1363677978515625,-0.0555194616317749,-0.05714082717895508,-0.10002046823501587,0.035942792892456055,-0.10463371872901917,0.07074028253555298,-0.09575635194778442,0.08459383249282837,-0.011909425258636475,-0.02972915768623352,-0.059364110231399536,0.08682698011398315,-0.056551575660705566,0.08031666278839111,-0.04909157752990723,0.05064523220062256,0.02115088701248169,0.011932015419006348,-0.030356168746948242,0.12467730045318604,-0.030323803424835205,0.10795241594314575,-0.022846251726150513,0.07310789823532104,0.04407072067260742,0.05275624990463257,0.0018832683563232422,0.15009355545043945,-0.009322285652160645,0.1739862561225891,-0.008527576923370361,0.18188929557800293
0.0,0.0,-0.06499633193016052,-0.01839214563369751,-0.1069718599319458,-0.005161285400390625,-0.12816518545150757,0.05923569202423096,-0.13365048170089722,0.11956733465194702,-0.06027117371559143,-0.07507830858230591,-0.10581406950950623,0.011246681213378906,-0.12104982137680054,0.06824946403503418,-0.12481561303138733,0.1023830771446228,-0.01709088683128357,-0.047854483127593994,-0.060019612312316895,0.051406800746917725,-0.06248503923416138,0.06781381368637085,-0.06183627247810364,0.04931145906448364,0.015995919704437256,-0.006368398666381836,-0.03046146035194397,0.08918094635009766,-0.03590536117553711,0.09296399354934692,-0.033918946981430054,0.07071936130523682,0.03672140836715698,0.03525573015213013,0.0008181333541870117,0.1235278844833374,-0.014374852180480957,0.15806269645690918,-0.01839926838874817,0.1733260154724121
0.0,0.0,-0.06443014740943909,-0.018301010131835938,-0.10598757863044739,2.008676528930664e-05,-0.12612944841384888,0.06530541181564331,-0.13250258564949036,0.12758785486221313,-0.054848164319992065,-0.061569035053253174,-0.10259056091308594,0.02675110101699829,-0.12026295065879822,0.08230787515640259,-0.12459459900856018,0.12174069881439209,-0.012959450483322144,-0.030840635299682617,-0.06039813160896301,0.08143472671508789,-0.058282047510147095,0.0785488486289978,-0.050590693950653076,0.05303257703781128,0.019156217575073242,0.013256251811981201,-0.03441131114959717,0.12120664119720459,-0.03358334302902222,0.10571515560150146,-0.024858474731445312,0.07267212867736816,0.04073035717010498,0.056170880794525146,-0.0021758079528808594,0.15164798498153687,-0.013307750225067139,0.17534053325653076,-0.011296331882476807,0.18372821807861328
0.0,0.0,-0.06107044219970703,-0.020693063735961914,-0.10255050659179688,0.008746117353439331,-0.12480872869491577,0.07693317532539368,-0.1391637623310089,0.12866106629371643,-0.05910107493400574,-0.04740089178085327,-0.10225918889045715,0.0338844358921051,-0.11958786845207214,0.09136393666267395,-0.12128126621246338,0.13921883702278137,-0.011903166770935059,-0.012044697999954224,-0.06126442551612854,0.0913342535495758,-0.058458566665649414,0.08463361859321594,-0.050212353467941284,0.05693355202674866,0.020743727684020996,0.031668275594711304,-0.0279388427734375,0.13316962122917175,-0.0273188054561615,0.11068764328956604,-0.018478691577911377,0.07405880093574524,0.04353976249694824,0.07075515389442444,0.003983855247497559,0.1680629551410675,-0.01035773754119873,0.20315447449684143,-0.009252160787582397,0.22219648957252502
0.0,0.0,-0.061757683753967285,-0.023236751556396484,-0.10609012842178345,0.009129226207733154,-0.1278848648071289,0.08139151334762573,-0.1412712037563324,0.13529855012893677,-0.06260237097740173,-0.053630441427230835,-0.10607495903968811,0.022600531578063965,-0.12597930431365967,0.0795278549194336,-0.12850329279899597,0.13057070970535278,-0.016303330659866333,-0.018966376781463623,-0.06753736734390259,0.083343505859375,-0.06064695119857788,0.07536959648132324,-0.04954436421394348,0.04606270790100098,0.0158730149269104,0.025413215160369873,-0.03553345799446106,0.1269513964653015,-0.031921833753585815,0.10307776927947998,-0.021145761013031006,0.06420612335205078,0.03821176290512085,0.06658661365509033,-0.0027886033058166504,0.164284348487854,-0.01566818356513977,0.1995362639427185,-0.014051109552383423,0.2168697714805603
0.0,0.0,-0.06772828102111816,-0.012382596731185913,-0.11037927865982056,0.01307445764541626,-0.13009512424468994,0.07382035255432129,-0.14472681283950806,0.12370222806930542,-0.07105058431625366,-0.05860498547554016,-0.11324769258499146,0.02058202028274536,-0.12926548719406128,0.08322441577911377,-0.13217759132385254,0.13811421394348145,-0.02378520369529724,-0.028645038604736328,-0.06925415992736816,0.08136862516403198,-0.05746886134147644,0.07725059986114502,-0.04599675536155701,0.05114704370498657,0.01172935962677002,0.015011727809906006,-0.037096500396728516,0.12737810611724854,-0.03003746271133423,0.10574102401733398,-0.018990814685821533,0.0706491470336914,0.03735631704330444,0.05713224411010742,-0.0036126375198364258,0.16437000036239624,-0.014529407024383545,0.19938218593597412,-0.012740492820739746,0.21732181310653687
0.0,0.0,-0.05879703164100647,-0.01566508412361145,-0.10051891207695007,0.013890117406845093,-0.12135237455368042,0.07956263422966003,-0.13435626029968262,0.1293085515499115,-0.061033040285110474,-0.04970318078994751,-0.10337680578231812,0.02095934748649597,-0.12131005525588989,0.08214601874351501,-0.12458595633506775,0.13563570380210876,-0.015584111213684082,-0.016894131898880005,-0.061950892210006714,0.08172807097434998,-0.057346194982528687,0.08343973755836487,-0.047447651624679565,0.06054696440696716,0.017398357391357422,0.027853399515151978,-0.030112773180007935,0.12668898701667786,-0.03016442060470581,0.11531493067741394,-0.02297791838645935,0.08576205372810364,0.04042458534240723,0.07005366683006287,0.0032862424850463867,0.16742482781410217,-0.010317981243133545,0.20572194457054138,-0.011688649654388428,0.22428098320960999
0.0,0.0,-0.06698659062385559,-0.021981894969940186,-0.1095772385597229,-0.014532983303070068,-0.1315348744392395,0.04194444417953491,-0.13849103450775146,0.09886020421981812,-0.06523430347442627,-0.08705741167068481,-0.11309224367141724,-0.0002346634864807129,-0.12186497449874878,0.05273252725601196,-0.1178511381149292,0.08458375930786133,-0.022842496633529663,-0.057823896408081055,-0.06780186295509338,0.04815661907196045,-0.06227859854698181,0.05466097593307495,-0.053577423095703125,0.03272449970245361,0.010271966457366943,-0.012271642684936523,-0.03829753398895264,0.08827906847000122,-0.03709492087364197,0.083701491355896,-0.030668795108795166,0.056224942207336426,0.03248178958892822,0.03369492292404175,-0.004835307598114014,0.12347745895385742,-0.015089035034179688,0.15234440565109253,-0.015823304653167725,0.1621677279472351
0.0,0.0,-0.06595340371131897,-0.020463228225708008,-0.10800498723983765,-0.01159125566482544,-0.12938794493675232,0.046982526779174805,-0.1365412473678589,0.1046326756477356,-0.0682820975780487,-0.08606037497520447,-0.11325055360794067,-0.00033795833587646484,-0.123676598072052,0.056948840618133545,-0.1238030195236206,0.09167283773422241,-0.024179279804229736,-0.05926710367202759,-0.06628686189651489,0.03992056846618652,-0.06443896889686584,0.05470013618469238,-0.06041702628135681,0.036753058433532715,0.010269403457641602,-0.017142117023468018,-0.035275936126708984,0.07774382829666138,-0.036814600229263306,0.07912975549697876,-0.03199133276939392,0.056635916233062744,0.0323830246925354,0.02639949321746826,-0.0036569833755493164,0.11470091342926025,-0.015666425228118896,0.1496579647064209,-0.016910254955291748,0.16497772932052612
0.0,0.0,-0.06532162427902222,-0.018635094165802002,-0.10571050643920898,-0.00466078519821167,-0.12533694505691528,0.05715900659561157,-0.12763339281082153,0.11556857824325562,-0.061700016260147095,-0.07670509815216064,-0.10687768459320068,0.012513160705566406,-0.11992102861404419,0.0689660906791687,-0.12120431661605835,0.10474437475204468,-0.017596125602722168,-0.04805266857147217,-0.05839022994041443,0.05566000938415527,-0.05671289563179016,0.06482481956481934,-0.05224251747131348,0.0454220175743103,0.016482055187225342,-0.004898548126220703,-0.02940547466278076,0.09450685977935791,-0.02996256947517395,0.09238684177398682,-0.025178134441375732,0.06870728731155396,0.03882402181625366,0.03841811418533325,0.003245413303375244,0.13017874956130981,-0.007874071598052979,0.1627744436264038,-0.009709358215332031,0.17748534679412842
0.0,0.0,-0.06397572159767151,-0.02382451295852661,-0.10593003034591675,-0.014410912990570068,-0.13076093792915344,0.0471993088722229,-0.13743841648101807,0.10797882080078125,-0.05984252691268921,-0.08148810267448425,-0.10915270447731018,0.00924062728881836,-0.1220068633556366,0.06442123651504517,-0.12243044376373291,0.0989493727684021,-0.017638593912124634,-0.051656365394592285,-0.06562590599060059,0.052702128887176514,-0.06537964940071106,0.05832338333129883,-0.061063945293426514,0.039827942848205566,0.014137744903564453,-0.00793391466140747,-0.03729093074798584,0.0919654369354248,-0.038826555013656616,0.08512979745864868,-0.03340524435043335,0.06020146608352661,0.03424042463302612,0.03533703088760376,-0.0044550299644470215,0.12695908546447754,-0.013933062553405762,0.1546686291694641,-0.01360708475112915,0.166284441947937
0.0,0.0,-0.06412315368652344,-0.006395995616912842,-0.10382029414176941,0.01569056510925293,-0.12023666501045227,0.07912993431091309,-0.12297293543815613,0.13881582021713257,-0.05511060357093811,-0.04819419980049133,-0.0971342921257019,0.04199421405792236,-0.1054806113243103,0.09116202592849731,-0.1006145179271698,0.11797016859054565,-0.010458886623382568,-0.022324681282043457,-0.049656689167022705,0.08284735679626465,-0.05001711845397949,0.08993160724639893,-0.0461297333240509,0.06897950172424316,0.023620903491973877,0.017992258071899414,-0.019858092069625854,0.12048310041427612,-0.024200737476348877,0.11663365364074707,-0.02063170075416565,0.09024572372436523,0.04621976613998413,0.05810791254043579,0.012133359909057617,0.1555626392364502,0.000708460807800293,0.18863731622695923,0.0006641149520874023,0.2028968334197998
0.0,0.0,-0.06309208273887634,-0.01652216911315918,-0.10370823740959167,-0.0007436871528625488,-0.12330374121665955,0.06035935878753662,-0.1291608214378357,0.11874526739120483,-0.05488809943199158,-0.06412345170974731,-0.09605231881141663,0.01958376169204712,-0.1075335443019867,0.07632911205291748,-0.10698670148849487,0.1113465428352356,-0.011433660984039307,-0.03638681769371033,-0.05010172724723816,0.06739914417266846,-0.05211403965950012,0.07629674673080444,-0.04872143268585205,0.05903303623199463,0.02209228277206421,0.005774497985839844,-0.023582488298416138,0.10562413930892944,-0.029736846685409546,0.10366177558898926,-0.02708849310874939,0.0813935399055481,0.04353898763656616,0.04680657386779785,0.009876132011413574,0.13209468126296997,-0.001578211784362793,0.15687578916549683,-0.0020659565925598145,0.16525447368621826
0.0,0.0,-0.06192326545715332,-0.015518009662628174,-0.10300931334495544,0.0008725523948669434,-0.12324190139770508,0.0662955641746521,-0.12682011723518372,0.13201582431793213,-0.05222359299659729,-0.059018462896347046,-0.09723329544067383,0.02791726589202881,-0.11026301980018616,0.07657063007354736,-0.1099754273891449,0.10459613800048828,-0.00955250859260559,-0.030789822340011597,-0.052160412073135376,0.07415014505386353,-0.05548739433288574,0.07837027311325073,-0.05359804630279541,0.05324310064315796,0.022412776947021484,0.010044097900390625,-0.025033295154571533,0.1102215051651001,-0.030497431755065918,0.10365563631057739,-0.026377439498901367,0.07685607671737671,0.04231369495391846,0.050109148025512695,0.0076792240142822266,0.14001452922821045,-0.003870725631713867,0.16777056455612183,-0.003560781478881836,0.1798122525215149
0.0,0.0,-0.0639650821685791,-0.022807002067565918,-0.10517287254333496,-0.011220991611480713,-0.126212477684021,0.05229860544204712,-0.13238376379013062,0.11316859722137451,-0.056589484214782715,-0.07272890210151672,-0.10175681114196777,0.01961207389831543,-0.11834198236465454,0.07561260461807251,-0.12469565868377686,0.11033666133880615,-0.013875395059585571,-0.043844133615493774,-0.058605849742889404,0.06766444444656372,-0.05759748816490173,0.06988084316253662,-0.05408072471618652,0.045648276805877686,0.0181923508644104,-0.0010831356048583984,-0.03182554244995117,0.10755562782287598,-0.03274354338645935,0.09688758850097656,-0.027507662773132324,0.06736278533935547,0.03820610046386719,0.04128509759902954,-0.0012203454971313477,0.13849103450775146,-0.014755785465240479,0.16408807039260864,-0.017203807830810547,0.17374247312545776
0.0,0.0,-0.06432974338531494,-0.029546380043029785,-0.10899963974952698,-0.025588572025299072,-0.13367611169815063,0.035606443881988525,-0.1398112177848816,0.10004603862762451,-0.05696117877960205,-0.09128940105438232,-0.11230859160423279,0.0049918293952941895,-0.12810519337654114,0.04938971996307373,-0.12864208221435547,0.07482242584228516,-0.017122864723205566,-0.05901068449020386,-0.0719362199306488,0.059195101261138916,-0.06661605834960938,0.05049103498458862,-0.05648043751716614,0.02097010612487793,0.013791203498840332,-0.012938499450683594,-0.04626473784446716,0.09893333911895752,-0.04364243149757385,0.08099961280822754,-0.03449490666389465,0.04649120569229126,0.034018099308013916,0.0329166054725647,-0.017048537731170654,0.1304193139076233,-0.029334276914596558,0.14621508121490479,-0.02981826663017273,0.14752161502838135
0.0,0.0,-0.06441834568977356,-0.02956533432006836,-0.11250010132789612,-0.02833622694015503,-0.14001905918121338,0.028870463371276855,-0.14842766523361206,0.08826005458831787,-0.05637475848197937,-0.09947937726974487,-0.11309671401977539,-0.01205909252166748,-0.1268388032913208,0.026762008666992188,-0.12551844120025635,0.04342383146286011,-0.016318142414093018,-0.06690993905067444,-0.07476013898849487,0.04727983474731445,-0.06881207227706909,0.044820308685302734,-0.05837935209274292,0.01602238416671753,0.013873100280761719,-0.018419623374938965,-0.049931228160858154,0.09201395511627197,-0.047525227069854736,0.07903438806533813,-0.040346235036849976,0.044430315494537354,0.03359496593475342,0.02945244312286377,-0.02459174394607544,0.1281159520149231,-0.04020014405250549,0.14630991220474243,-0.04495382308959961,0.14694541692733765
0.0,0.0,-0.06446626782417297,-0.03016415238380432,-0.11081838607788086,-0.012963593006134033,-0.1372702419757843,0.044451892375946045,-0.15389734506607056,0.10406947135925293,-0.04255172610282898,-0.061052411794662476,-0.10502660274505615,0.02410149574279785,-0.12366649508476257,0.052011847496032715,-0.12510645389556885,0.0659673810005188,-0.002349257469177246,-0.014371931552886963,-0.0693604052066803,0.08743822574615479,-0.06651419401168823,0.07428610324859619,-0.056728750467300415,0.042416274547576904,0.02145284414291382,0.04019349813461304,-0.04713347554206848,0.13893795013427734,-0.045129209756851196,0.11541008949279785,-0.03498944640159607,0.07718890905380249,0.03631758689880371,0.0880175232887268,-0.02533620595932007,0.18029814958572388,-0.04895266890525818,0.19708549976348877,-0.05854412913322449,0.20222783088684082
0.0,0.0,-0.06275907158851624,-0.04129588603973389,-0.11705973744392395,-0.026302218437194824,-0.15228110551834106,0.03269881010055542,-0.17522570490837097,0.08089619874954224,-0.06708815693855286,-0.08371645212173462,-0.12464886903762817,-0.0077340006828308105,-0.144919753074646,0.034309327602386475,-0.1499376893043518,0.07010656595230103,-0.02577275037765503,-0.0328485369682312,-0.09116029739379883,0.059237539768218994,-0.08069035410881042,0.046777307987213135,-0.06615281105041504,0.01704782247543335,0.0004642009735107422,0.02355659008026123,-0.06960541009902954,0.1158180832862854,-0.058140724897384644,0.0874553918838501,-0.041161298751831055,0.04677194356918335,0.016528785228729248,0.07273387908935547,-0.047714054584503174,0.15914255380630493,-0.06706938147544861,0.17834538221359253,-0.07126548886299133,0.18441033363342285
0.0,0.0,-0.07047700881958008,-0.047522157430648804,-0.13164842128753662,-0.030807912349700928,-0.1703195571899414,0.03126835823059082,-0.189347505569458,0.08563655614852905,-0.07783752679824829,-0.0868065357208252,-0.14291557669639587,-0.007033288478851318,-0.15854999423027039,0.03327834606170654,-0.15712714195251465,0.0642470121383667,-0.036427855491638184,-0.039584577083587646,-0.10935911536216736,0.0576937198638916,-0.0941433310508728,0.04864758253097534,-0.07861948013305664,0.017993628978729248,-0.010150372982025146,0.01479339599609375,-0.08490228652954102,0.10610872507095337,-0.07050660252571106,0.08202600479125977,-0.05111938714981079,0.044178545475006104,0.006309568881988525,0.06447947025299072,-0.05808284878730774,0.1421782374382019,-0.08431917428970337,0.16946280002593994,-0.09620732069015503,0.18622857332229614
0.0,0.0,-0.06650173664093018,-0.043933749198913574,-0.12490418553352356,-0.02371954917907715,-0.16060715913772583,0.03897923231124878,-0.17844966053962708,0.09538984298706055,-0.0679689347743988,-0.07801082730293274,-0.1333666741847992,0.0001518726348876953,-0.1528402864933014,0.041512370109558105,-0.15314877033233643,0.07474476099014282,-0.028054773807525635,-0.031736552715301514,-0.10106906294822693,0.06794857978820801,-0.09122210741043091,0.058717310428619385,-0.07666540145874023,0.02863246202468872,-0.0031422972679138184,0.02198004722595215,-0.0773584246635437,0.11689150333404541,-0.06656181812286377,0.09248620271682739,-0.04806560277938843,0.05467236042022705,0.012405812740325928,0.07090121507644653,-0.051070451736450195,0.1537710428237915,-0.0760449767112732,0.17811286449432373,-0.08578246831893921,0.19110697507858276
0.0,0.0,-0.06041547656059265,-0.0314764678478241,-0.1060362160205841,-0.009143292903900146,-0.13417479395866394,0.04922211170196533,-0.15379643440246582,0.09765911102294922,-0.05080774426460266,-0.06718996167182922,-0.10594254732131958,0.00869518518447876,-0.12481987476348877,0.051234543323516846,-0.12678346037864685,0.08570951223373413,-0.009035110473632812,-0.0190163254737854,-0.07388108968734741,0.07873046398162842,-0.070336252450943,0.06774306297302246,-0.057763099670410156,0.04032433032989502,0.01742863655090332,0.03305178880691528,-0.050704002380371094,0.13041776418685913,-0.04490172863006592,0.10542762279510498,-0.030184447765350342,0.06708180904388428,0.03398561477661133,0.07763373851776123,-0.02755296230316162,0.16730785369873047,-0.04375407099723816,0.18179798126220703,-0.04339751601219177,0.18171650171279907
0.0,0.0,-0.0607433021068573,-0.024584591388702393,-0.10767704248428345,-0.02250462770462036,-0.1356857717037201,0.02524566650390625,-0.15432560443878174,0.07515984773635864,-0.057384341955184937,-0.09470131993293762,-0.10651978850364685,-0.013586044311523438,-0.11701267957687378,0.013581335544586182,-0.11552107334136963,0.022989988327026367,-0.019388973712921143,-0.06451255083084106,-0.07596629858016968,0.05072993040084839,-0.07140880823135376,0.04289478063583374,-0.06026622653007507,0.012578010559082031,0.010525405406951904,-0.017407774925231934,-0.05282551050186157,0.0912122130393982,-0.05113750696182251,0.07652419805526733,-0.04201814532279968,0.043304622173309326,0.032407164573669434,0.02774149179458618,-0.028037667274475098,0.12183135747909546,-0.04627236723899841,0.13677763938903809,-0.051667869091033936,0.13574570417404175
0.0,0.0,-0.06184113025665283,-0.02951449155807495,-0.11059904098510742,-0.028441667556762695,-0.1400354504585266,0.022978127002716064,-0.15871959924697876,0.0782511830329895,-0.05136871337890625,-0.08822491765022278,-0.10955315828323364,-0.0099867582321167,-0.12481018900871277,0.01979959011077881,-0.12564271688461304,0.035336196422576904,-0.014568209648132324,-0.05117723345756531,-0.07925471663475037,0.05891907215118408,-0.07440093159675598,0.04690825939178467,-0.06286230683326721,0.016501009464263916,0.012208819389343262,-0.0005228519439697266,-0.05797940492630005,0.10282361507415771,-0.05365854501724243,0.0832977294921875,-0.041875600814819336,0.04827690124511719,0.030209600925445557,0.04609757661819458,-0.03462386131286621,0.13397425413131714,-0.050962746143341064,0.14561963081359863,-0.054022789001464844,0.1439300775527954
0.0,0.0,-0.05769166350364685,-0.02320164442062378,-0.10292801260948181,-0.01011762022972107,-0.12883853912353516,0.044565558433532715,-0.14514511823654175,0.10101163387298584,-0.039469122886657715,-0.05869853496551514,-0.1008809506893158,0.02419072389602661,-0.11323726177215576,0.05135810375213623,-0.11028128862380981,0.06346583366394043,-0.0010758638381958008,-0.01757773756980896,-0.06876018643379211,0.0889405608177185,-0.06544235348701477,0.07664692401885986,-0.056386977434158325,0.04512912034988403,0.025112271308898926,0.03209221363067627,-0.04600688815116882,0.13431215286254883,-0.04286682605743408,0.11463266611099243,-0.03235986828804016,0.07917016744613647,0.04172402620315552,0.07665503025054932,-0.021792054176330566,0.16774779558181763,-0.03614380955696106,0.17746120691299438,-0.03795239329338074,0.17282801866531372
0.0,0.0,-0.06516820192337036,-0.02844524383544922,-0.11352306604385376,-0.028607189655303955,-0.1442336142063141,0.018969058990478516,-0.16261643171310425,0.07270389795303345,-0.050963759422302246,-0.09127983450889587,-0.11288014054298401,-0.011256575584411621,-0.12479066848754883,0.01574045419692993,-0.12190347909927368,0.026240050792694092,-0.013522565364837646,-0.05397459864616394,-0.08163344860076904,0.05671054124832153,-0.07551103830337524,0.04815208911895752,-0.06291648745536804,0.018421649932861328,0.011747777462005615,-0.001510918140411377,-0.05962127447128296,0.10450327396392822,-0.05469217896461487,0.08527171611785889,-0.04306468367576599,0.04912245273590088,0.027993440628051758,0.04772591590881348,-0.038131117820739746,0.1404339075088501,-0.05765387415885925,0.15789425373077393,-0.06508567929267883,0.1620134711265564
0.0,0.0,-0.06003153324127197,-0.03382819890975952,-0.10751873254776001,-0.025143802165985107,-0.1366991102695465,0.026728332042694092,-0.15668809413909912,0.08010649681091309,-0.04748520255088806,-0.0805705189704895,-0.10529032349586487,0.00286710262298584,-0.12058597803115845,0.03145194053649902,-0.12156912684440613,0.04692047834396362,-0.010488569736480713,-0.036447227001190186,-0.07156524062156677,0.07519590854644775,-0.06531795859336853,0.05736386775970459,-0.05527907609939575,0.023719429969787598,0.015741407871246338,0.017032146453857422,-0.05152001976966858,0.12478423118591309,-0.04509627819061279,0.09819823503494263,-0.03230220079421997,0.05930757522583008,0.03372597694396973,0.06523728370666504,-0.03015744686126709,0.1597510576248169,-0.04595601558685303,0.16655147075653076,-0.04726722836494446,0.16001272201538086
0.0,0.0,-0.06062045693397522,-0.03195267915725708,-0.10863924026489258,-0.02220088243484497,-0.1368565559387207,0.02918243408203125,-0.15631768107414246,0.08404475450515747,-0.04860430955886841,-0.07765239477157593,-0.10869863629341125,0.007399439811706543,-0.1231701672077179,0.034136950969696045,-0.12316545844078064,0.046362996101379395,-0.009573400020599365,-0.03348898887634277,-0.07441723346710205,0.07691603899002075,-0.06873422861099243,0.05996984243392944,-0.0583476722240448,0.026959478855133057,0.01758134365081787,0.019423365592956543,-0.0529724657535553,0.12559479475021362,-0.047540366649627686,0.10054117441177368,-0.03515303134918213,0.06286084651947021,0.035671889781951904,0.0669744610786438,-0.02941995859146118,0.15892595052719116,-0.04272535443305969,0.1643962264060974,-0.04208934307098389,0.15639454126358032
0.0,0.0,-0.061595380306243896,-0.031001389026641846,-0.1062910258769989,-0.04089611768722534,-0.1348138153553009,0.002970099449157715,-0.15175700187683105,0.05524235963821411,-0.05499950051307678,-0.12092640995979309,-0.1064087450504303,-0.04592704772949219,-0.12558752298355103,-0.005053400993347168,-0.1306914985179901,0.018893539905548096,-0.017314136028289795,-0.09083446860313416,-0.07043185830116272,0.020459353923797607,-0.06781402230262756,0.021140217781066895,-0.05783146619796753,-0.0028083324432373047,0.012810587882995605,-0.043355345726013184,-0.04791507124900818,0.06378692388534546,-0.04730802774429321,0.0529932975769043,-0.03865361213684082,0.02196979522705078,0.03421217203140259,0.0030887722969055176,-0.027853071689605713,0.09720343351364136,-0.048718005418777466,0.11889010667800903,-0.05472084879875183,0.12419754266738892
0.0,0.0,-0.05147308111190796,-0.03501391410827637,-0.09366953372955322,-0.045063018798828125,-0.1243252158164978,-0.0009705126285552979,-0.14029648900032043,0.05276969075202942,-0.04894736409187317,-0.1138659119606018,-0.10106468200683594,-0.03761744499206543,-0.11641654372215271,-0.0020665526390075684,-0.11927640438079834,0.011720865964889526,-0.011609673500061035,-0.08532360196113586,-0.06841865181922913,0.01703670620918274,-0.06602519750595093,0.01655784249305725,-0.05493307113647461,-0.011007696390151978,0.017851173877716064,-0.04119265079498291,-0.04145866632461548,0.05659183859825134,-0.043755918741226196,0.0473954975605011,-0.03473109006881714,0.01843765377998352,0.036553263664245605,0.002743542194366455,-0.014869451522827148,0.08038553595542908,-0.027492761611938477,0.07930240035057068,-0.0251847505569458,0.06420561671257019
0.0,0.0,-0.05591478943824768,-0.033119142055511475,-0.09464460611343384,-0.04661989212036133,-0.12275135517120361,-0.00803905725479126,-0.12879908084869385,0.047290921211242676,-0.04446086287498474,-0.11204200983047485,-0.09710383415222168,-0.04000881314277649,-0.11271026730537415,-0.003545105457305908,-0.11519503593444824,0.012020677328109741,-0.004667103290557861,-0.0848427414894104,-0.06041964888572693,0.0072494447231292725,-0.06047973036766052,0.013030409812927246,-0.051170676946640015,-0.005054891109466553,0.024973690509796143,-0.040898919105529785,-0.033463239669799805,0.04546046257019043,-0.03705352544784546,0.038975298404693604,-0.026965737342834473,0.013676762580871582,0.04207038879394531,0.0029646754264831543,-0.012917637825012207,0.07501077651977539,-0.035667479038238525,0.09386509656906128,-0.03981548547744751,0.1016695499420166
0.0,0.0,-0.050628483295440674,-0.03665173053741455,-0.09147968888282776,-0.050765544176101685,-0.12119293212890625,-0.012959957122802734,-0.13118547201156616,0.03729924559593201,-0.04554745554924011,-0.11674350500106812,-0.10005202889442444,-0.043406933546066284,-0.1105978786945343,-0.009185165166854858,-0.1108020544052124,0.0023584365844726562,-0.006792247295379639,-0.08663174510002136,-0.06629252433776855,0.0029748380184173584,-0.06357318162918091,0.0068245530128479,-0.05270686745643616,-0.014195352792739868,0.02094501256942749,-0.0399039089679718,-0.04025346040725708,0.04143980145454407,-0.043837547302246094,0.036274343729019165,-0.034324824810028076,0.012783169746398926,0.037435710430145264,0.006780266761779785,-0.016673266887664795,0.074372798204422,-0.03568685054779053,0.0875525176525116,-0.0382540225982666,0.0894865095615387
0.0,0.0,-0.048589110374450684,-0.03368210792541504,-0.08793768286705017,-0.044962793588638306,-0.11759388446807861,-0.006660163402557373,-0.12346619367599487,0.04107850790023804,-0.040307581424713135,-0.10419338941574097,-0.08980464935302734,-0.02577635645866394,-0.09240591526031494,-0.000985473394393921,-0.08561667799949646,-0.008357226848602295,0.0006590485572814941,-0.07395458221435547,-0.05353415012359619,0.008098483085632324,-0.05480867624282837,0.018049001693725586,-0.047050535678863525,-0.0015806853771209717,0.028360068798065186,-0.03106212615966797,-0.02449733018875122,0.043797850608825684,-0.028183341026306152,0.04405015707015991,-0.020123004913330078,0.024433553218841553,0.04440075159072876,0.011500120162963867,-0.0036773681640625,0.07518815994262695,-0.02873241901397705,0.10035735368728638,-0.040720582008361816,0.1145932674407959
0.0,0.0,-0.04867479205131531,-0.033386021852493286,-0.08936566114425659,-0.04821452498435974,-0.12168842554092407,-0.011603444814682007,-0.1252763867378235,0.0405135452747345,-0.03739696741104126,-0.10980585217475891,-0.0902826189994812,-0.03224077820777893,-0.09226715564727783,-0.0023249387741088867,-0.08259442448616028,-0.004555851221084595,0.004399001598358154,-0.07831397652626038,-0.05414748191833496,0.004664033651351929,-0.05548027157783508,0.013861507177352905,-0.045644611120224,-0.005561649799346924,0.03217571973800659,-0.03395351767539978,-0.025478899478912354,0.0415671169757843,-0.030480504035949707,0.04118219017982483,-0.021202147006988525,0.021035104990005493,0.047544658184051514,0.010689467191696167,-0.0016660690307617188,0.0730314552783966,-0.023621022701263428,0.09612438082695007,-0.031227052211761475,0.10959669947624207
0.0,0.0,-0.046369343996047974,-0.030045777559280396,-0.08416509628295898,-0.04282808303833008,-0.11323466897010803,-0.008425146341323853,-0.12243837118148804,0.034710437059402466,-0.03726789355278015,-0.11101427674293518,-0.0762452781200409,-0.04927673935890198,-0.0816737711429596,-0.012996584177017212,-0.07839474081993103,-0.0072386860847473145,0.003594338893890381,-0.0841107964515686,-0.03628897666931152,-0.015841931104660034,-0.04979795217514038,0.014151245355606079,-0.05048587918281555,0.008201003074645996,0.03157716989517212,-0.04197734594345093,-0.0031768083572387695,0.01809757947921753,-0.02068805694580078,0.04012557864189148,-0.024894237518310547,0.03721746802330017,0.04711329936981201,0.0033375024795532227,0.01460719108581543,0.06243744492530823,-0.014877021312713623,0.09799155592918396,-0.03339648246765137,0.11793568730354309
0.0,0.0,-0.03819882869720459,-0.03255435824394226,-0.07374781370162964,-0.04628589749336243,-0.10404092073440552,-0.020578473806381226,-0.11542943120002747,0.01679292321205139,-0.027769804000854492,-0.12946996092796326,-0.07482200860977173,-0.06272321939468384,-0.08054167032241821,-0.024263083934783936,-0.07442232966423035,-0.01965421438217163,0.011798322200775146,-0.09740939736366272,-0.03955340385437012,-0.028506070375442505,-0.04996076226234436,-0.0036796927452087402,-0.0477062463760376,-0.009075134992599487,0.037821948528289795,-0.05178174376487732,-0.007394552230834961,0.008032739162445068,-0.022502541542053223,0.02527672052383423,-0.024858057498931885,0.020254850387573242,0.052947044372558594,-0.003142714500427246,0.018144607543945312,0.049364447593688965,-0.003454148769378662,0.07926034927368164,-0.016498923301696777,0.09543269872665405
0.0,0.0,-0.03768503665924072,-0.03237864375114441,-0.07253289222717285,-0.045798540115356445,-0.10195890069007874,-0.019935280084609985,-0.11327475309371948,0.01684945821762085,-0.025092482566833496,-0.12503939867019653,-0.07060879468917847,-0.06282129883766174,-0.08329153060913086,-0.018228262662887573,-0.0861411988735199,0.001221001148223877,0.014754712581634521,-0.09124743938446045,-0.029433608055114746,-0.032640814781188965,-0.04539865255355835,-0.003698378801345825,-0.05083116888999939,0.0005778670310974121,0.04043012857437134,-0.04455992579460144,0.00461423397064209,0.005226701498031616,-0.016265809535980225,0.028096109628677368,-0.026795923709869385,0.032610565423965454,0.05338233709335327,0.005917727947235107,0.023071587085723877,0.051882535219192505,-0.00022125244140625,0.08357742428779602,-0.01653367280960083,0.10364547371864319
0.0,0.0,-0.036153942346572876,-0.03071463108062744,-0.06974032521247864,-0.043437302112579346,-0.097349613904953,-0.015511751174926758,-0.10460150241851807,0.027049273252487183,-0.021832644939422607,-0.12165588140487671,-0.06157749891281128,-0.06318867206573486,-0.0687430202960968,-0.019607186317443848,-0.06560596823692322,-0.009803444147109985,0.017256200313568115,-0.08541619777679443,-0.023616671562194824,-0.028730422258377075,-0.040106117725372314,0.005539625883102417,-0.04241606593132019,0.005940079689025879,0.04230308532714844,-0.036034733057022095,0.01019221544265747,0.009286820888519287,-0.012337923049926758,0.03427383303642273,-0.0208742618560791,0.03706786036491394,0.05463212728500366,0.015333086252212524,0.028349697589874268,0.058777838945388794,0.0036571621894836426,0.0882168710231781,-0.011876225471496582,0.10516175627708435
0.0,0.0,-0.03940516710281372,-0.03129690885543823,-0.07396036386489868,-0.04388359189033508,-0.10361924767494202,-0.014685481786727905,-0.11103075742721558,0.03234362602233887,-0.024444222450256348,-0.11456316709518433,-0.07410907745361328,-0.04755258560180664,-0.08146196603775024,-0.008580029010772705,-0.07752466201782227,0.0026446282863616943,0.014419615268707275,-0.07890892028808594,-0.03444850444793701,-0.015705525875091553,-0.044576019048690796,0.006741732358932495,-0.04304710030555725,0.003336697816848755,0.03926050662994385,-0.03153952956199646,-0.003200054168701172,0.02323371171951294,-0.0179632306098938,0.036482155323028564,-0.02055990695953369,0.030531466007232666,0.0521695613861084,0.01786026358604431,0.02117156982421875,0.06763023138046265,0.0010501742362976074,0.10003769397735596,-0.009693264961242676,0.12147152423858643
0.0,0.0,-0.03785160183906555,-0.03016793727874756,-0.07196298241615295,-0.04386785626411438,-0.10015925765037537,-0.014556914567947388,-0.10424688458442688,0.03391730785369873,-0.019990861415863037,-0.1170855462551117,-0.06362685561180115,-0.05377727746963501,-0.06850367784500122,-0.015013933181762695,-0.06124916672706604,-0.015929102897644043,0.019025146961212158,-0.0793076753616333,-0.027002334594726562,-0.017713844776153564,-0.04267868399620056,0.013043373823165894,-0.041728079319000244,0.003845691680908203,0.04391813278198242,-0.030191272497177124,0.005743741989135742,0.021419942378997803,-0.014549076557159424,0.039399564266204834,-0.018186569213867188,0.03084665536880493,0.055709004402160645,0.017688512802124023,0.02828836441040039,0.07080554962158203,0.010928750038146973,0.10591936111450195,0.005097091197967529,0.12380725145339966
0.0,0.0,-0.03996986150741577,-0.02947258949279785,-0.07404455542564392,-0.0405731201171875,-0.10320460796356201,-0.009665817022323608,-0.11055940389633179,0.03888705372810364,-0.02449619770050049,-0.11279478669166565,-0.06695783138275146,-0.05225786566734314,-0.07515078783035278,-0.009607791900634766,-0.0730869472026825,-0.00046181678771972656,0.014294147491455078,-0.07563230395317078,-0.02785855531692505,-0.016919583082199097,-0.044587016105651855,0.015508651733398438,-0.048557132482528687,0.014078319072723389,0.039572834968566895,-0.02654889225959778,0.005979418754577637,0.02281627058982849,-0.014978766441345215,0.04225906729698181,-0.022904634475708008,0.03761735558509827,0.05137944221496582,0.022046774625778198,0.02735722064971924,0.0719817578792572,0.010143160820007324,0.10764524340629578,0.0022929906845092773,0.12765565514564514
0.0,0.0,-0.03671365976333618,-0.02699333429336548,-0.06976392865180969,-0.040220946073532104,-0.09791380167007446,-0.010784685611724854,-0.10491454601287842,0.0340006947517395,-0.020896434783935547,-0.11828649044036865,-0.06339156627655029,-0.05321025848388672,-0.0726880431175232,-0.008934468030929565,-0.07191833853721619,0.0014896690845489502,0.01866888999938965,-0.08319932222366333,-0.023655235767364502,-0.01952502131462097,-0.04121997952461243,0.011730611324310303,-0.04493677616119385,0.007862865924835205,0.04468482732772827,-0.035591185092926025,0.011252403259277344,0.01810002326965332,-0.01148998737335205,0.038564980030059814,-0.020373284816741943,0.03333103656768799,0.057981789112091064,0.012700855731964111,0.032877445220947266,0.06605273485183716,0.01383066177368164,0.1033293604850769,0.004524528980255127,0.12324804067611694
0.0,0.0,-0.041597217321395874,-0.03493219614028931,-0.07602763175964355,-0.05034986138343811,-0.10438701510429382,-0.02096375823020935,-0.11164093017578125,0.02518269419670105,-0.024175167083740234,-0.12378743290901184,-0.07316499948501587,-0.06166869401931763,-0.08034694194793701,-0.01756685972213745,-0.07453984022140503,-0.008079946041107178,0.015148282051086426,-0.08611911535263062,-0.0326390266418457,-0.0261460542678833,-0.04716792702674866,0.004477769136428833,-0.046279311180114746,0.0008599758148193359,0.03981584310531616,-0.035818278789520264,-0.0006818175315856934,0.013318389654159546,-0.0195886492729187,0.033884137868881226,-0.023163676261901855,0.03093162178993225,0.051991403102874756,0.015560537576675415,0.020299196243286133,0.06404754519462585,-0.0028200149536132812,0.09483304619789124,-0.014872729778289795,0.11167719960212708
0.0,0.0,-0.045243680477142334,-0.035844236612319946,-0.08370348811149597,-0.05263727903366089,-0.11580529808998108,-0.020055174827575684,-0.12094324827194214,0.02855992317199707,-0.02750498056411743,-0.11572211980819702,-0.07570269703865051,-0.04921761155128479,-0.08248353004455566,-0.013112366199493408,-0.07512396574020386,-0.012431234121322632,0.013406813144683838,-0.07833340764045715,-0.03790724277496338,-0.01006472110748291,-0.05183306336402893,0.013743400573730469,-0.049445539712905884,0.001748204231262207,0.038879454135894775,-0.029542148113250732,-0.0075789690017700195,0.031726062297821045,-0.024413883686065674,0.04419213533401489,-0.024661540985107422,0.03200411796569824,0.05097651481628418,0.01848083734512329,0.011485755443572998,0.0753105878829956,-0.013475120067596436,0.10688823461532593,-0.02556055784225464,0.1239057183265686
0.0,0.0,-0.048450082540512085,-0.03823864459991455,-0.08888369798660278,-0.058851033449172974,-0.1199827790260315,-0.028866559267044067,-0.12317198514938354,0.01968938112258911,-0.029703378677368164,-0.12648636102676392,-0.07475531101226807,-0.05980685353279114,-0.08232387900352478,-0.02172642946243286,-0.07422083616256714,-0.026225656270980835,0.012735843658447266,-0.0899437963962555,-0.03991514444351196,-0.017342209815979004,-0.055822789669036865,0.009394705295562744,-0.04984322190284729,-0.010799974203109741,0.03994530439376831,-0.04073995351791382,-0.01141345500946045,0.026205897331237793,-0.03161942958831787,0.039031267166137695,-0.027900993824005127,0.01943516731262207,0.0539630651473999,0.00717848539352417,0.008202731609344482,0.06453090906143188,-0.01819092035293579,0.0836525559425354,-0.024813354015350342,0.08583498001098633
0.0,0.0,-0.0440831184387207,-0.034803807735443115,-0.08402016758918762,-0.04986777901649475,-0.11602824926376343,-0.0175321102142334,-0.12129205465316772,0.030639946460723877,-0.029337584972381592,-0.12204521894454956,-0.07861074805259705,-0.04476001858711243,-0.08496713638305664,-0.010792046785354614,-0.07610714435577393,-0.01867729425430298,0.01202547550201416,-0.08461904525756836,-0.04349339008331299,-0.008878260850906372,-0.05737680196762085,0.013932287693023682,-0.052220433950424194,-0.008148521184921265,0.039752423763275146,-0.03554880619049072,-0.012160837650299072,0.031453073024749756,-0.03092169761657715,0.04358011484146118,-0.028661906719207764,0.024089157581329346,0.05535280704498291,0.012921154499053955,0.012560367584228516,0.06860965490341187,-0.011409938335418701,0.08671152591705322,-0.0184822678565979,0.08803856372833252
0.0,0.0,-0.04516831040382385,-0.03613141179084778,-0.08458560705184937,-0.051578521728515625,-0.11718979477882385,-0.02037009596824646,-0.12459927797317505,0.02582108974456787,-0.029789984226226807,-0.1191851794719696,-0.07493144273757935,-0.05390143394470215,-0.08426105976104736,-0.013034015893936157,-0.07887756824493408,-0.010654062032699585,0.010854959487915039,-0.08357635140419006,-0.03964954614639282,-0.016191810369491577,-0.05586475133895874,0.015184521675109863,-0.0536690354347229,0.0047762393951416016,0.03698092699050903,-0.03617733716964722,-0.00976264476776123,0.02429288625717163,-0.02991539239883423,0.04453623294830322,-0.030987560749053955,0.03485667705535889,0.0505748987197876,0.011374890804290771,0.010335803031921387,0.06803947687149048,-0.015582561492919922,0.09748995304107666,-0.02731478214263916,0.11053287982940674
0.0,0.0,-0.04399356245994568,-0.03527885675430298,-0.08324378728866577,-0.05014824867248535,-0.11562460660934448,-0.017441511154174805,-0.12475442886352539,0.03029453754425049,-0.02700483798980713,-0.11540526151657104,-0.0790349543094635,-0.047373026609420776,-0.08837956190109253,-0.010368764400482178,-0.08342131972312927,-0.00765615701675415,0.013047099113464355,-0.07711842656135559,-0.04258278012275696,-0.006056874990463257,-0.05677679181098938,0.016476690769195557,-0.05501532554626465,0.0037856101989746094,0.038623154163360596,-0.028393924236297607,-0.011367619037628174,0.033380210399627686,-0.028332054615020752,0.044575512409210205,-0.028728783130645752,0.03063380718231201,0.05186408758163452,0.019778788089752197,0.01238870620727539,0.07386267185211182,-0.010858774185180664,0.10347521305084229,-0.021217823028564453,0.11936444044113159
0.0,0.0,-0.045025259256362915,-0.03436097502708435,-0.08355712890625,-0.04822692275047302,-0.11458441615104675,-0.016320616006851196,-0.12172278761863708,0.03116762638092041,-0.027447998523712158,-0.11892640590667725,-0.07746198773384094,-0.050898969173431396,-0.08488857746124268,-0.011697947978973389,-0.07865029573440552,-0.008962631225585938,0.013097286224365234,-0.08154505491256714,-0.03929108381271362,-0.014705061912536621,-0.05428197979927063,0.013804137706756592,-0.05272302031517029,0.003552854061126709,0.03904169797897339,-0.032831043004989624,-0.0070629119873046875,0.024839043617248535,-0.026304781436920166,0.04347431659698486,-0.02814614772796631,0.034950196743011475,0.0521584153175354,0.016175448894500732,0.016142964363098145,0.0686299204826355,-0.009033262729644775,0.09965312480926514,-0.021831929683685303,0.11602991819381714
0.0,0.0,-0.04340764880180359,-0.034319400787353516,-0.08183857798576355,-0.051928192377090454,-0.11343833804130554,-0.02003788948059082,-0.12052720785140991,0.028694212436676025,-0.026754438877105713,-0.12288179993629456,-0.07545784115791321,-0.05459219217300415,-0.08277487754821777,-0.01761573553085327,-0.07547810673713684,-0.018708795309066772,0.013311922550201416,-0.08536010980606079,-0.04130634665489197,-0.016682177782058716,-0.05607369542121887,0.00881427526473999,-0.05369412899017334,-0.004306435585021973,0.03859299421310425,-0.03668937087059021,-0.010454058647155762,0.022762060165405273,-0.029220521450042725,0.03841590881347656,-0.030546367168426514,0.02686232328414917,0.05187177658081055,0.011496186256408691,0.011352062225341797,0.06880241632461548,-0.012657642364501953,0.09914255142211914,-0.024329066276550293,0.11281132698059082
0.0,0.0,-0.04263085126876831,-0.033865779638290405,-0.081735759973526,-0.05143153667449951,-0.11403471231460571,-0.020243406295776367,-0.12035351991653442,0.028686583042144775,-0.026660621166229248,-0.11857631802558899,-0.0728568434715271,-0.050959378480911255,-0.08201518654823303,-0.012499421834945679,-0.07706278562545776,-0.010856568813323975,0.013988018035888672,-0.08164072036743164,-0.03801053762435913,-0.014477014541625977,-0.055215299129486084,0.013277292251586914,-0.05511438846588135,0.002460479736328125,0.03964883089065552,-0.03404515981674194,-0.008159458637237549,0.025444388389587402,-0.028180718421936035,0.04266822338104248,-0.03059297800064087,0.03205835819244385,0.053116679191589355,0.01309192180633545,0.011844038963317871,0.07089394330978394,-0.011936962604522705,0.10358041524887085,-0.022901952266693115,0.11904603242874146
0.0,0.0,-0.043677449226379395,-0.035128623247146606,-0.08188295364379883,-0.05024340748786926,-0.1131085753440857,-0.020600080490112305,-0.12061357498168945,0.025169849395751953,-0.026103854179382324,-0.11673587560653687,-0.07000097632408142,-0.05258321762084961,-0.07947048544883728,-0.013622462749481201,-0.07628127932548523,-0.010768383741378784,0.014774322509765625,-0.08042064309120178,-0.03294903039932251,-0.017612040042877197,-0.051588207483291626,0.014629006385803223,-0.05381527543067932,0.007396817207336426,0.04067414999008179,-0.03306347131729126,-0.0011203885078430176,0.02246248722076416,-0.023673057556152344,0.04397082328796387,-0.029276609420776367,0.03714191913604736,0.05345839262008667,0.015285313129425049,0.017361342906951904,0.06908553838729858,-0.00866091251373291,0.10253047943115234,-0.022637248039245605,0.11952078342437744
0.0,0.0,-0.04536080360412598,-0.03385823965072632,-0.08502379059791565,-0.04845193028450012,-0.11677110195159912,-0.01416093111038208,-0.12041813135147095,0.036803603172302246,-0.03047114610671997,-0.11695343255996704,-0.0835866630077362,-0.04010891914367676,-0.08549773693084717,-0.008392393589019775,-0.07426366209983826,-0.01656895875930786,0.010959625244140625,-0.08129149675369263,-0.048809438943862915,-0.005038797855377197,-0.05641287565231323,0.013432085514068604,-0.05018329620361328,-0.004665195941925049,0.037915170192718506,-0.03434956073760986,-0.016657590866088867,0.03260999917984009,-0.02838999032974243,0.04228663444519043,-0.024388492107391357,0.02647554874420166,0.053080618381500244,0.012830913066864014,0.010695815086364746,0.07041186094284058,-0.010202586650848389,0.10005003213882446,-0.018686771392822266,0.11645162105560303
0.0,0.0,-0.04570508003234863,-0.0326991081237793,-0.08612239360809326,-0.046335041522979736,-0.11848801374435425,-0.013422757387161255,-0.12262260913848877,0.03463447093963623,-0.03099578619003296,-0.11865362524986267,-0.08058679103851318,-0.0462280809879303,-0.08380964398384094,-0.011774033308029175,-0.07350027561187744,-0.01945585012435913,0.010971784591674805,-0.0843505859375,-0.04488265514373779,-0.00898084044456482,-0.05546993017196655,0.017095863819122314,-0.0494573712348938,-0.0008199214935302734,0.03821086883544922,-0.037444889545440674,-0.012213647365570068,0.028749525547027588,-0.027651667594909668,0.04410666227340698,-0.02514493465423584,0.029795348644256592,0.05298036336898804,0.009758055210113525,0.01244884729385376,0.06725436449050903,-0.011243224143981934,0.0965995192527771,-0.021022439002990723,0.11066442728042603
0.0,0.0,-0.04162082076072693,-0.03244170546531677,-0.08154124021530151,-0.0480046272277832,-0.1140698492527008,-0.013861417770385742,-0.12295883893966675,0.034726500511169434,-0.031158030033111572,-0.12287446856498718,-0.08338534832000732,-0.051812827587127686,-0.09076178073883057,-0.011461138725280762,-0.08272925019264221,-0.007248401641845703,0.010486125946044922,-0.08838745951652527,-0.047057658433914185,-0.013721942901611328,-0.05939769744873047,0.009232401847839355,-0.055127233266830444,-0.0037088990211486816,0.03756600618362427,-0.04114934802055359,-0.01472240686416626,0.024819016456604004,-0.03148472309112549,0.037312865257263184,-0.03078329563140869,0.024749040603637695,0.05288571119308472,0.006478250026702881,0.009583115577697754,0.06663614511489868,-0.01338893175125122,0.09713780879974365,-0.022964000701904297,0.11274397373199463
0.0,0.0,-0.04378014802932739,-0.033625394105911255,-0.08444416522979736,-0.04878011345863342,-0.11510556936264038,-0.012643158435821533,-0.11919474601745605,0.03951531648635864,-0.027553796768188477,-0.11678975820541382,-0.07501813769340515,-0.04947364330291748,-0.08257091045379639,-0.01229238510131836,-0.07529014348983765,-0.013392716646194458,0.013955354690551758,-0.0798051655292511,-0.041872620582580566,-0.006481587886810303,-0.05541330575942993,0.020146310329437256,-0.05204656720161438,0.006247997283935547,0.04069274663925171,-0.03169804811477661,-0.011913597583770752,0.03390979766845703,-0.028109967708587646,0.04954260587692261,-0.027061402797698975,0.03678387403488159,0.05495423078536987,0.01587522029876709,0.00946664810180664,0.077323317527771,-0.012371838092803955,0.11046963930130005,-0.021105170249938965,0.126606285572052
0.0,0.0,-0.04616504907608032,-0.033388108015060425,-0.08847549557685852,-0.047805219888687134,-0.12028276920318604,-0.012266010046005249,-0.12407642602920532,0.038216590881347656,-0.02958691120147705,-0.11321443319320679,-0.07597249746322632,-0.05035308003425598,-0.08449983596801758,-0.011389374732971191,-0.07958832383155823,-0.007544398307800293,0.01247936487197876,-0.07754510641098022,-0.0414082407951355,-0.006236851215362549,-0.05564209818840027,0.02292853593826294,-0.05344834923744202,0.013506114482879639,0.03911525011062622,-0.02966761589050293,-0.011002004146575928,0.03167605400085449,-0.027776002883911133,0.05037820339202881,-0.027957022190093994,0.04230159521102905,0.05310159921646118,0.018365979194641113,0.009967505931854248,0.07663333415985107,-0.014862239360809326,0.10937368869781494,-0.027360737323760986,0.12631285190582275
0.0,0.0,-0.04658561944961548,-0.03293076157569885,-0.08879441022872925,-0.04684820771217346,-0.12275108695030212,-0.009722650051116943,-0.12752145528793335,0.04168570041656494,-0.031331002712249756,-0.11325868964195251,-0.08079057931900024,-0.04277348518371582,-0.0873396098613739,-0.005989730358123779,-0.07974016666412354,-0.006984353065490723,0.011014938354492188,-0.0764780342578888,-0.046518296003341675,0.0017185807228088379,-0.05794611573219299,0.024736404418945312,-0.05309659242630005,0.00683140754699707,0.037687599658966064,-0.02794826030731201,-0.017496168613433838,0.040983378887176514,-0.03064262866973877,0.05336415767669678,-0.02698075771331787,0.038107454776763916,0.05140805244445801,0.019519269466400146,0.004032313823699951,0.08365488052368164,-0.018132030963897705,0.11535048484802246,-0.026691019535064697,0.13047409057617188
0.0,0.0,-0.050075531005859375,-0.03175225853919983,-0.0916638970375061,-0.042054057121276855,-0.12395346164703369,-0.005021274089813232,-0.12918096780776978,0.04458707571029663,-0.03480499982833862,-0.10896459221839905,-0.08475440740585327,-0.03773459792137146,-0.09178653359413147,-0.001499474048614502,-0.0854371190071106,0.0011622309684753418,0.007052421569824219,-0.07360076904296875,-0.046970218420028687,0.004829287528991699,-0.05792996287345886,0.026470839977264404,-0.0538443922996521,0.01279449462890625,0.033821821212768555,-0.026743799448013306,-0.016707956790924072,0.042868852615356445,-0.030022799968719482,0.05516892671585083,-0.027486562728881836,0.04302871227264404,0.04812133312225342,0.01938009262084961,0.006251513957977295,0.08229714632034302,-0.016371190547943115,0.1150200366973877,-0.025554895401000977,0.13383716344833374
0.0,0.0,-0.0481562614440918,-0.031753212213516235,-0.08917844295501709,-0.04646387696266174,-0.11937913298606873,-0.01086491346359253,-0.12345623970031738,0.039898037910461426,-0.031136810779571533,-0.1153613030910492,-0.07793554663658142,-0.046453773975372314,-0.08433523774147034,-0.006266236305236816,-0.07634100317955017,-0.006314992904663086,0.011087656021118164,-0.07954162359237671,-0.04208001494407654,-0.007875204086303711,-0.05645290017127991,0.02350527048110962,-0.05232095718383789,0.010418415069580078,0.038153886795043945,-0.032595694065093994,-0.011110365390777588,0.031299054622650146,-0.029276728630065918,0.05158090591430664,-0.02792835235595703,0.04095327854156494,0.05218672752380371,0.014038681983947754,0.009073972702026367,0.07393276691436768,-0.015422940254211426,0.1096566915512085,-0.024934470653533936,0.12745577096939087
0.0,0.0,-0.04255804419517517,-0.03136029839515686,-0.08254912495613098,-0.04636397957801819,-0.11265778541564941,-0.011624276638031006,-0.11708420515060425,0.03971743583679199,-0.026932477951049805,-0.11838331818580627,-0.07579299807548523,-0.047555118799209595,-0.08281993865966797,-0.01091831922531128,-0.07382616400718689,-0.012841999530792236,0.014432191848754883,-0.08175978064537048,-0.04097622632980347,-0.006046891212463379,-0.055552393198013306,0.017286300659179688,-0.05251419544219971,0.0019878745079040527,0.041191935539245605,-0.03364980220794678,-0.01043933629989624,0.0344158411026001,-0.028212368488311768,0.044798851013183594,-0.027012526988983154,0.028292417526245117,0.05568879842758179,0.013685822486877441,0.011048316955566406,0.07598310708999634,-0.010318458080291748,0.10835069417953491,-0.016757965087890625,0.12393349409103394
0.0,0.0,-0.04769539833068848,-0.03298509120941162,-0.08860024809837341,-0.04760187864303589,-0.11944004893302917,-0.013800740242004395,-0.12296438217163086,0.03723788261413574,-0.030125439167022705,-0.11217695474624634,-0.08031195402145386,-0.043129414319992065,-0.08541128039360046,-0.005355477333068848,-0.07618263363838196,-0.006113767623901367,0.011283516883850098,-0.07566577196121216,-0.04451790452003479,-0.0017495155334472656,-0.05634337663650513,0.024899780750274658,-0.052176833152770996,0.011709868907928467,0.03783738613128662,-0.028714299201965332,-0.014666616916656494,0.03725677728652954,-0.02993088960647583,0.05392444133758545,-0.02765512466430664,0.04288303852081299,0.05204051733016968,0.017070770263671875,0.006533443927764893,0.07776772975921631,-0.015930771827697754,0.11246740818023682,-0.024299979209899902,0.13067954778671265
0.0,0.0,-0.0458296537399292,-0.032924801111221313,-0.08700209856033325,-0.04834631085395813,-0.1191752552986145,-0.014868438243865967,-0.12189605832099915,0.03404301404953003,-0.031634628772735596,-0.11351147294044495,-0.07755810022354126,-0.04604381322860718,-0.0829271674156189,-0.01020592451095581,-0.07518348097801208,-0.013324141502380371,0.010415196418762207,-0.07848432660102844,-0.04357984662055969,-0.004457652568817139,-0.05551484227180481,0.021717369556427002,-0.051474690437316895,0.006261587142944336,0.03760296106338501,-0.03234550356864929,-0.013633489608764648,0.03450125455856323,-0.02739506959915161,0.0498085618019104,-0.024754464626312256,0.03714871406555176,0.052340030670166016,0.012999415397644043,0.007733523845672607,0.07678693532943726,-0.013531684875488281,0.11246246099472046,-0.021985769271850586,0.13073867559432983
0.0,0.0,-0.048507899045944214,-0.0333670973777771,-0.09004127979278564,-0.04833036661148071,-0.12481769919395447,-0.01275622844696045,-0.1312415599822998,0.03651052713394165,-0.033127009868621826,-0.1173454225063324,-0.08030542731285095,-0.060316264629364014,-0.0905749499797821,-0.016434192657470703,-0.08561241626739502,-0.005018651485443115,0.008042693138122559,-0.08436256647109985,-0.045767396688461304,-0.01219397783279419,-0.05895540118217468,0.01751023530960083,-0.053902387619018555,0.007874667644500732,0.034768879413604736,-0.03720441460609436,-0.016951262950897217,0.028092503547668457,-0.03293484449386597,0.047337234020233154,-0.03024953603744507,0.03823906183242798,0.048945605754852295,0.009958803653717041,0.004256188869476318,0.07285821437835693,-0.02023446559906006,0.10765618085861206,-0.029024243354797363,0.12611377239227295
