0.0,0.0,-0.03771594166755676,-0.04650449752807617,-0.04770103096961975,-0.12784802913665771,-0.029628396034240723,-0.19334369897842407,-0.023877352476119995,-0.24623310565948486,-0.03617182374000549,-0.17320048809051514,-0.05083313584327698,-0.23952901363372803,-0.06310346722602844,-0.2841053009033203,-0.07490843534469604,-0.32440483570098877,0.0015260279178619385,-0.16665118932724,0.012733876705169678,-0.2264481782913208,0.01566573977470398,-0.26162511110305786,0.017569690942764282,-0.29351896047592163,0.035996586084365845,-0.14263713359832764,0.030891895294189453,-0.15873384475708008,0.01558983325958252,-0.12097513675689697,0.007710903882980347,-0.09216588735580444,0.0676535964012146,-0.10876476764678955,0.059177249670028687,-0.12715351581573486,0.04082325100898743,-0.10509616136550903,0.028694242238998413,-0.08535724878311157
0.0,0.0,-0.03686240315437317,-0.05122143030166626,-0.04532697796821594,-0.12029695510864258,-0.0298919677734375,-0.17567920684814453,-0.021174192428588867,-0.2201169729232788,-0.029768824577331543,-0.15492773056030273,-0.04794114828109741,-0.21903198957443237,-0.05876797437667847,-0.2593701481819153,-0.06772097945213318,-0.29514819383621216,0.003533780574798584,-0.15220916271209717,0.012619346380233765,-0.22047007083892822,0.020622670650482178,-0.2659202218055725,0.027819842100143433,-0.3042002320289612,0.03362679481506348,-0.13475924730300903,0.019264578819274902,-0.15191131830215454,0.004659533500671387,-0.10679984092712402,-0.0016744732856750488,-0.06988131999969482,0.06167769432067871,-0.11087691783905029,0.04987993836402893,-0.1363651156425476,0.027432352304458618,-0.12183177471160889,0.010655432939529419,-0.10595470666885376
0.0,0.0,-0.034671664237976074,-0.045735955238342285,-0.04257825016975403,-0.10648632049560547,-0.026950359344482422,-0.15774625539779663,-0.022268205881118774,-0.19765543937683105,-0.03307342529296875,-0.14287418127059937,-0.050350189208984375,-0.19818788766860962,-0.05978408455848694,-0.2365870475769043,-0.06693863868713379,-0.26993870735168457,-0.0006321966648101807,-0.1421547532081604,0.009148180484771729,-0.20536202192306519,0.018435537815093994,-0.24850893020629883,0.027565330266952515,-0.28464025259017944,0.028580069541931152,-0.12494468688964844,0.02070903778076172,-0.14477604627609253,0.006814628839492798,-0.1031150221824646,0.0005025267601013184,-0.07013535499572754,0.056010156869888306,-0.10009562969207764,0.047615110874176025,-0.12719428539276123,0.028070718050003052,-0.11597955226898193,0.01298859715461731,-0.10413354635238647
0.0,0.0,-0.03448787331581116,-0.04990202188491821,-0.04059240221977234,-0.11011707782745361,-0.02462083101272583,-0.16079241037368774,-0.018440812826156616,-0.19569289684295654,-0.03158196806907654,-0.13849520683288574,-0.049000084400177,-0.19508695602416992,-0.058756738901138306,-0.23382103443145752,-0.06602957844734192,-0.26774168014526367,-0.00019672513008117676,-0.13966208696365356,0.009805738925933838,-0.20484811067581177,0.019292175769805908,-0.2484809160232544,0.029021888971328735,-0.28560397028923035,0.0279729962348938,-0.12499421834945679,0.021833747625350952,-0.1478666067123413,0.008782505989074707,-0.10761511325836182,0.0032807588577270508,-0.0740172266960144,0.055302441120147705,-0.10371053218841553,0.04899674654006958,-0.13415014743804932,0.031680792570114136,-0.12646019458770752,0.01777726411819458,-0.11583030223846436
0.0,0.0,-0.03402736783027649,-0.047047317028045654,-0.040571749210357666,-0.1082276701927185,-0.024953454732894897,-0.15745598077774048,-0.01868876814842224,-0.19476819038391113,-0.02934679388999939,-0.136277973651886,-0.04646959900856018,-0.19455164670944214,-0.05620726943016052,-0.23340386152267456,-0.06305143237113953,-0.2676551938056946,0.001761704683303833,-0.13766753673553467,0.010161250829696655,-0.20310121774673462,0.019156545400619507,-0.24707168340682983,0.028710633516311646,-0.28421950340270996,0.030559271574020386,-0.12491220235824585,0.02046719193458557,-0.147017240524292,0.008182048797607422,-0.10416358709335327,0.003872424364089966,-0.07012534141540527,0.057734131813049316,-0.10635995864868164,0.04425087571144104,-0.13397401571273804,0.027828752994537354,-0.11292284727096558,0.01863768696784973,-0.0921938419342041
0.0,0.0,-0.03196310997009277,-0.04827219247817993,-0.0397244393825531,-0.10796701908111572,-0.02639979124069214,-0.1585237979888916,-0.02242189645767212,-0.1979871392250061,-0.02658507227897644,-0.13834398984909058,-0.04531028866767883,-0.1934877634048462,-0.05561837553977966,-0.23230421543121338,-0.06255689263343811,-0.2661621570587158,0.004235357046127319,-0.13747507333755493,0.010121166706085205,-0.20024430751800537,0.01825803518295288,-0.2443981170654297,0.026492267847061157,-0.28108280897140503,0.032848209142684937,-0.1227681040763855,0.023360788822174072,-0.14382052421569824,0.010182112455368042,-0.10299152135848999,0.0023154914379119873,-0.06714224815368652,0.06055465340614319,-0.10231536626815796,0.051240116357803345,-0.13300079107284546,0.03225511312484741,-0.12451863288879395,0.015587389469146729,-0.11132180690765381
0.0,0.0,-0.03313446044921875,-0.045360684394836426,-0.04346206784248352,-0.10530656576156616,-0.030839592218399048,-0.15581142902374268,-0.02547428011894226,-0.19668591022491455,-0.02899390459060669,-0.1355341076850891,-0.04749661684036255,-0.19283902645111084,-0.057959407567977905,-0.2320132851600647,-0.06481677293777466,-0.2661598324775696,0.002653181552886963,-0.13525670766830444,0.0059243738651275635,-0.19976043701171875,0.010752975940704346,-0.24338626861572266,0.01654738187789917,-0.27983883023262024,0.03221401572227478,-0.12149637937545776,0.021090447902679443,-0.14250153303146362,0.009263157844543457,-0.10052567720413208,0.003644227981567383,-0.06461673974990845,0.05979767441749573,-0.10198497772216797,0.04911127686500549,-0.1334247589111328,0.030207455158233643,-0.12297821044921875,0.014762431383132935,-0.10819679498672485
0.0,0.0,-0.03699132800102234,-0.04494971036911011,-0.047271549701690674,-0.10523021221160889,-0.035175472497940063,-0.15632003545761108,-0.02941995859146118,-0.1956723928451538,-0.032207638025283813,-0.13283562660217285,-0.05091118812561035,-0.18943333625793457,-0.06117844581604004,-0.22748321294784546,-0.06827577948570251,-0.2603750228881836,-0.001074761152267456,-0.13364064693450928,-0.0010486841201782227,-0.19463986158370972,0.0007179379463195801,-0.23835331201553345,0.0032104551792144775,-0.27460628747940063,0.02803415060043335,-0.12181860208511353,0.014565467834472656,-0.14066845178604126,0.0048125386238098145,-0.09945625066757202,0.00029146671295166016,-0.0637427568435669,0.05610400438308716,-0.10560554265975952,0.04321026802062988,-0.1334715485572815,0.025698542594909668,-0.12179046869277954,0.011347204446792603,-0.10662186145782471
0.0,0.0,-0.03823447227478027,-0.04447805881500244,-0.05024069547653198,-0.10587680339813232,-0.03844854235649109,-0.15679413080215454,-0.03179052472114563,-0.19479596614837646,-0.035597652196884155,-0.13122773170471191,-0.053892821073532104,-0.18703991174697876,-0.06471511721611023,-0.22402632236480713,-0.07197138667106628,-0.2570803761482239,-0.004409819841384888,-0.13478249311447144,-0.00623360276222229,-0.19282078742980957,-0.007517069578170776,-0.2358190417289734,-0.007397174835205078,-0.27275002002716064,0.02539888024330139,-0.12598568201065063,0.011287808418273926,-0.1429409384727478,0.0035994648933410645,-0.10071200132369995,0.0015907883644104004,-0.06575137376785278,0.054176270961761475,-0.11254870891571045,0.0387437641620636,-0.1380864381790161,0.025450527667999268,-0.11753779649734497,0.018135547637939453,-0.09583640098571777
0.0,0.0,-0.04126158356666565,-0.040860891342163086,-0.055688321590423584,-0.1019708514213562,-0.043981850147247314,-0.15351301431655884,-0.03600198030471802,-0.19068467617034912,-0.040166109800338745,-0.1263687014579773,-0.05916470289230347,-0.18278062343597412,-0.07015299797058105,-0.2193775177001953,-0.07781505584716797,-0.25226038694381714,-0.008855551481246948,-0.13070309162139893,-0.011124253273010254,-0.18689918518066406,-0.015025019645690918,-0.2281665802001953,-0.017172694206237793,-0.26454198360443115,0.02124723792076111,-0.12328660488128662,0.007070183753967285,-0.14209020137786865,-0.0005837082862854004,-0.09888643026351929,-0.0016290545463562012,-0.06419259309768677,0.05009961128234863,-0.11096173524856567,0.03385591506958008,-0.13786298036575317,0.022176086902618408,-0.1137092113494873,0.01806175708770752,-0.08998197317123413
0.0,0.0,-0.04112976789474487,-0.04125851392745972,-0.05531910061836243,-0.10272753238677979,-0.044601231813430786,-0.1552332639694214,-0.036735594272613525,-0.19348764419555664,-0.04122835397720337,-0.1298709511756897,-0.0593818724155426,-0.18569892644882202,-0.06998991966247559,-0.22151708602905273,-0.07778206467628479,-0.253923237323761,-0.00985059142112732,-0.13390618562698364,-0.010807335376739502,-0.1892978549003601,-0.012721061706542969,-0.229766845703125,-0.013288229703903198,-0.2652687132358551,0.0201646089553833,-0.12583667039871216,0.006022214889526367,-0.14136755466461182,-0.001911252737045288,-0.09865045547485352,-0.0033856630325317383,-0.06468784809112549,0.04891479015350342,-0.11287081241607666,0.03350722789764404,-0.1392122507095337,0.021813243627548218,-0.11552000045776367,0.016907960176467896,-0.09209966659545898
0.0,0.0,-0.038796037435531616,-0.04244589805603027,-0.052068859338760376,-0.10128778219223022,-0.040529847145080566,-0.15193408727645874,-0.03396889567375183,-0.18794262409210205,-0.03726264834403992,-0.12867945432662964,-0.056614696979522705,-0.18425506353378296,-0.06781584024429321,-0.22057819366455078,-0.07550999522209167,-0.25326594710350037,-0.00617644190788269,-0.1323903203010559,-0.0035524964332580566,-0.19263052940368652,0.00011357665061950684,-0.23650825023651123,0.004263013601303101,-0.2729702591896057,0.02350163459777832,-0.12286663055419922,0.009860128164291382,-0.13924509286880493,-0.00027558207511901855,-0.09814959764480591,-0.004228383302688599,-0.06224179267883301,0.052479058504104614,-0.1089896559715271,0.038118958473205566,-0.13619261980056763,0.02422460913658142,-0.12099725008010864,0.01503792405128479,-0.10184139013290405
0.0,0.0,-0.031714797019958496,-0.048796772956848145,-0.03808283805847168,-0.10974633693695068,-0.021523118019104004,-0.1595546007156372,-0.0168420672416687,-0.19667458534240723,-0.02799740433692932,-0.14133727550506592,-0.0444796085357666,-0.2000441551208496,-0.054070860147476196,-0.23887115716934204,-0.06072872877120972,-0.2735273838043213,0.0039505064487457275,-0.13951736688613892,0.014916718006134033,-0.20301121473312378,0.025546163320541382,-0.24732643365859985,0.03602880239486694,-0.2846180200576782,0.032802730798721313,-0.12223923206329346,0.02629607915878296,-0.14307564496994019,0.010910093784332275,-0.10325664281845093,0.00314447283744812,-0.06991750001907349,0.06082510948181152,-0.09935444593429565,0.052465081214904785,-0.1292394995689392,0.0342845618724823,-0.11217421293258667,0.02129298448562622,-0.09308600425720215
0.0,0.0,-0.031114548444747925,-0.05541884899139404,-0.03558185696601868,-0.11938333511352539,-0.01665070652961731,-0.17283368110656738,-0.006368786096572876,-0.2136075496673584,-0.02241608500480652,-0.14906400442123413,-0.03656095266342163,-0.2129673957824707,-0.045460671186447144,-0.25472399592399597,-0.051362842321395874,-0.2923409938812256,0.009506940841674805,-0.14670222997665405,0.02208152413368225,-0.2134084701538086,0.03329393267631531,-0.25916287302970886,0.045042484998703,-0.2969819903373718,0.03699252009391785,-0.12764960527420044,0.035433679819107056,-0.15246492624282837,0.018661022186279297,-0.11115443706512451,0.009587883949279785,-0.075725257396698,0.0624786913394928,-0.10171866416931152,0.06526890397071838,-0.13590306043624878,0.04700025916099548,-0.12415838241577148,0.03146103024482727,-0.10734087228775024
0.0,0.0,-0.033376485109329224,-0.055619776248931885,-0.036616623401641846,-0.1249624490737915,-0.013149946928024292,-0.18226736783981323,0.0037707388401031494,-0.2208895981311798,-0.024082839488983154,-0.1532193422317505,-0.03780683875083923,-0.21781128644943237,-0.04582488536834717,-0.26059776544570923,-0.05176463723182678,-0.2993202209472656,0.009419828653335571,-0.15183615684509277,0.02273467183113098,-0.218988835811615,0.03557384014129639,-0.2638533115386963,0.0474851131439209,-0.3003263473510742,0.036987900733947754,-0.133625328540802,0.03476184606552124,-0.15996259450912476,0.018054276704788208,-0.11749458312988281,0.007908374071121216,-0.08040207624435425,0.06205129623413086,-0.10899245738983154,0.063343346118927,-0.1407402753829956,0.04471331834793091,-0.13085544109344482,0.02843940258026123,-0.11595314741134644
0.0,0.0,-0.03221967816352844,-0.057404398918151855,-0.034746527671813965,-0.12493264675140381,-0.010654628276824951,-0.17976027727127075,0.007697165012359619,-0.21664416790008545,-0.021595388650894165,-0.15119999647140503,-0.03536105155944824,-0.21507340669631958,-0.04327362775802612,-0.25901782512664795,-0.04796957969665527,-0.2985137701034546,0.011215835809707642,-0.14902472496032715,0.025562196969985962,-0.21631187200546265,0.037499457597732544,-0.2615657150745392,0.05036744475364685,-0.29839274287223816,0.03849563002586365,-0.1295037865638733,0.03859725594520569,-0.16144633293151855,0.01934412121772766,-0.11945730447769165,0.008711189031600952,-0.0808754563331604,0.06382670998573303,-0.10331273078918457,0.06779447197914124,-0.14153742790222168,0.04795745015144348,-0.13335710763931274,0.030688971281051636,-0.11761689186096191
0.0,0.0,-0.02786785364151001,-0.05953699350357056,-0.02854028344154358,-0.1247895359992981,-0.006408065557479858,-0.1772412657737732,0.009391367435455322,-0.2153746485710144,-0.01448395848274231,-0.15087902545928955,-0.030620664358139038,-0.2119501233100891,-0.03982028365135193,-0.2543497383594513,-0.04547584056854248,-0.292358934879303,0.01733243465423584,-0.14711445569992065,0.031093567609786987,-0.21336859464645386,0.04071733355522156,-0.25796616077423096,0.052346110343933105,-0.2939640283584595,0.043555617332458496,-0.1252393126487732,0.04409456253051758,-0.15808576345443726,0.023137778043746948,-0.1169741153717041,0.011745810508728027,-0.08056092262268066,0.06866544485092163,-0.09523147344589233,0.07066679000854492,-0.13407647609710693,0.04828387498855591,-0.12675809860229492,0.029680758714675903,-0.1126822829246521
0.0,0.0,-0.03161749243736267,-0.05569201707839966,-0.03379356861114502,-0.12089961767196655,-0.012945801019668579,-0.1724146604537964,0.0011644065380096436,-0.20828843116760254,-0.022069722414016724,-0.14621502161026,-0.0392892062664032,-0.2054429054260254,-0.04934060573577881,-0.247855544090271,-0.05575111508369446,-0.28449490666389465,0.009235799312591553,-0.1445484757423401,0.02018362283706665,-0.2082107663154602,0.029636532068252563,-0.2533954381942749,0.04075831174850464,-0.2898378372192383,0.03574645519256592,-0.12639838457107544,0.034333378076553345,-0.15352922677993774,0.01678881049156189,-0.11259603500366211,0.007435530424118042,-0.07577317953109741,0.06119215488433838,-0.10100603103637695,0.062251389026641846,-0.13774645328521729,0.041448891162872314,-0.12805938720703125,0.02375158667564392,-0.11122041940689087
0.0,0.0,-0.0336877703666687,-0.05000495910644531,-0.04103010892868042,-0.1182815432548523,-0.02273765206336975,-0.17381280660629272,-0.008509993553161621,-0.21299368143081665,-0.030655235052108765,-0.1500335931777954,-0.04683220386505127,-0.2106594443321228,-0.055923283100128174,-0.25314342975616455,-0.06176063418388367,-0.29039931297302246,0.002239793539047241,-0.148310124874115,0.0108872652053833,-0.2136794924736023,0.018443048000335693,-0.25885385274887085,0.027628719806671143,-0.2967590093612671,0.031952500343322754,-0.1311875581741333,0.027236342430114746,-0.15696793794631958,0.01132306456565857,-0.11067360639572144,0.004019886255264282,-0.07269793748855591,0.05929344892501831,-0.1067124605178833,0.05539369583129883,-0.14378291368484497,0.036370038986206055,-0.12576210498809814,0.022098243236541748,-0.10475778579711914
0.0,0.0,-0.033682674169540405,-0.05216938257217407,-0.040531009435653687,-0.11603754758834839,-0.022502392530441284,-0.1715754270553589,-0.00855991244316101,-0.20987480878829956,-0.029071182012557983,-0.14619624614715576,-0.04251760244369507,-0.20632219314575195,-0.05041810870170593,-0.2465806007385254,-0.05581048130989075,-0.2830047011375427,0.0020195841789245605,-0.14505696296691895,0.010339409112930298,-0.2073836326599121,0.017094552516937256,-0.25094515085220337,0.024999648332595825,-0.28753504157066345,0.02986547350883484,-0.1286604404449463,0.02577623724937439,-0.1543540358543396,0.010274767875671387,-0.1111862063407898,0.002511829137802124,-0.07398998737335205,0.05624869465827942,-0.10595816373825073,0.053493767976760864,-0.14176756143569946,0.0350513756275177,-0.1232563853263855,0.02017766237258911,-0.10073322057723999
0.0,0.0,-0.033139824867248535,-0.05055469274520874,-0.039752572774887085,-0.11454486846923828,-0.023302942514419556,-0.1673741340637207,-0.009934097528457642,-0.20570659637451172,-0.025835156440734863,-0.14240819215774536,-0.0403783917427063,-0.20153802633285522,-0.04799702763557434,-0.24117887020111084,-0.05264803767204285,-0.27596986293792725,0.004797607660293579,-0.14055001735687256,0.010589838027954102,-0.20269185304641724,0.017022043466567993,-0.24672865867614746,0.024682968854904175,-0.2825799584388733,0.033078789710998535,-0.12505245208740234,0.025622546672821045,-0.1497422456741333,0.01127883791923523,-0.10779434442520142,0.003803819417953491,-0.07057291269302368,0.05985057353973389,-0.10500186681747437,0.05260258913040161,-0.13966524600982666,0.0343397855758667,-0.1231507658958435,0.01974540948867798,-0.1017192006111145
0.0,0.0,-0.03405067324638367,-0.050578951835632324,-0.04093411564826965,-0.11466825008392334,-0.0239294171333313,-0.16827094554901123,-0.012726932764053345,-0.20852643251419067,-0.028329163789749146,-0.14091742038726807,-0.04351067543029785,-0.2021331787109375,-0.05187326669692993,-0.24301159381866455,-0.05703079700469971,-0.2793017327785492,0.003989100456237793,-0.14026784896850586,0.010807722806930542,-0.203058123588562,0.01809746026992798,-0.24850744009017944,0.026529431343078613,-0.28630462288856506,0.032940447330474854,-0.1252351999282837,0.025416016578674316,-0.14859223365783691,0.01107245683670044,-0.1043696403503418,0.003987818956375122,-0.06645423173904419,0.05979865789413452,-0.10501158237457275,0.051732420921325684,-0.13578224182128906,0.03439140319824219,-0.11635220050811768,0.021553993225097656,-0.09455406665802002
0.0,0.0,-0.03432035446166992,-0.047987520694732666,-0.04153522849082947,-0.11537957191467285,-0.02462497353553772,-0.17147541046142578,-0.013845592737197876,-0.21462595462799072,-0.030670374631881714,-0.14808839559555054,-0.04596260190010071,-0.2110314965248108,-0.05409851670265198,-0.2530001401901245,-0.05974879860877991,-0.2900652289390564,0.0020605623722076416,-0.14676159620285034,0.009210348129272461,-0.211520254611969,0.016226768493652344,-0.25692135095596313,0.024801105260849,-0.2956673502922058,0.03151753544807434,-0.13073545694351196,0.025237590074539185,-0.15301036834716797,0.010370135307312012,-0.10977041721343994,0.004119902849197388,-0.07377219200134277,0.058810800313949585,-0.10898643732070923,0.05173733830451965,-0.13965779542922974,0.03335544466972351,-0.12200057506561279,0.0204181969165802,-0.10195380449295044
0.0,0.0,-0.037012338638305664,-0.04793214797973633,-0.045704931020736694,-0.11486583948135376,-0.027539163827896118,-0.17257308959960938,-0.016311824321746826,-0.21474063396453857,-0.03376099467277527,-0.1455094814300537,-0.049080491065979004,-0.20839720964431763,-0.05799028277397156,-0.250774085521698,-0.06408417224884033,-0.2881510257720947,-0.0007410347461700439,-0.1453973650932312,0.006220012903213501,-0.21119141578674316,0.011545747518539429,-0.25727301836013794,0.018250256776809692,-0.2957705855369568,0.02905288338661194,-0.13052451610565186,0.020954519510269165,-0.1553826928138733,0.007601827383041382,-0.10926657915115356,0.0027086734771728516,-0.07142418622970581,0.05670097470283508,-0.11002093553543091,0.04670962691307068,-0.14311009645462036,0.03017178177833557,-0.11864680051803589,0.020048409700393677,-0.09417134523391724
0.0,0.0,-0.03801718354225159,-0.04553425312042236,-0.04925602674484253,-0.1140131950378418,-0.03197476267814636,-0.17425662279129028,-0.01906973123550415,-0.21926480531692505,-0.035618335008621216,-0.14795470237731934,-0.050556033849716187,-0.21411043405532837,-0.05916634202003479,-0.25781548023223877,-0.06497937440872192,-0.2962166666984558,-0.0018089711666107178,-0.14869558811187744,0.004798680543899536,-0.21717023849487305,0.010175615549087524,-0.26462221145629883,0.017231076955795288,-0.3032582700252533,0.028536885976791382,-0.13366150856018066,0.020172208547592163,-0.1604134440422058,0.006426900625228882,-0.11110621690750122,0.0018926560878753662,-0.07076108455657959,0.056393176317214966,-0.1130949854850769,0.046058863401412964,-0.14641928672790527,0.028425902128219604,-0.12058734893798828,0.017621010541915894,-0.09449392557144165
0.0,0.0,-0.03690057992935181,-0.050896406173706055,-0.045838236808776855,-0.12362420558929443,-0.028971731662750244,-0.183579683303833,-0.016274362802505493,-0.22934991121292114,-0.033047378063201904,-0.15802282094955444,-0.048065364360809326,-0.22437292337417603,-0.05639037489891052,-0.26855218410491943,-0.06291529536247253,-0.30763232707977295,0.001424640417098999,-0.15759044885635376,0.006966710090637207,-0.22438263893127441,0.012105822563171387,-0.2709474563598633,0.018294095993041992,-0.30995112657546997,0.03278517723083496,-0.1414695382118225,0.02161407470703125,-0.16378086805343628,0.007336676120758057,-0.11463510990142822,0.002105891704559326,-0.07573270797729492,0.061572909355163574,-0.11912363767623901,0.04994773864746094,-0.15052145719528198,0.029576480388641357,-0.12817329168319702,0.016033828258514404,-0.1059572696685791
0.0,0.0,-0.03931745886802673,-0.04909658432006836,-0.04906538128852844,-0.12229889631271362,-0.03176546096801758,-0.1847713589668274,-0.020385324954986572,-0.23317950963974,-0.03619140386581421,-0.15825152397155762,-0.05058491230010986,-0.22728466987609863,-0.05840098857879639,-0.27233147621154785,-0.06435319781303406,-0.31238043308258057,-0.0008453428745269775,-0.15732336044311523,0.004803001880645752,-0.22601419687271118,0.009687066078186035,-0.2734495997428894,0.015214502811431885,-0.31311821937561035,0.031027913093566895,-0.14071613550186157,0.020760178565979004,-0.16579186916351318,0.006831228733062744,-0.11564218997955322,0.0014812648296356201,-0.07604783773422241,0.0599856972694397,-0.11825352907180786,0.04874080419540405,-0.15017837285995483,0.028125107288360596,-0.1245989203453064,0.014040350914001465,-0.1004297137260437
0.0,0.0,-0.0369625985622406,-0.050514817237854004,-0.04462325572967529,-0.1235002875328064,-0.026961952447891235,-0.1841515302658081,-0.01611742377281189,-0.23048675060272217,-0.032164961099624634,-0.15684062242507935,-0.0478786826133728,-0.22470611333847046,-0.055688440799713135,-0.2694401741027832,-0.06123405694961548,-0.3085668683052063,0.003256380558013916,-0.15556597709655762,0.009066790342330933,-0.22411906719207764,0.014584541320800781,-0.27159762382507324,0.02068793773651123,-0.3112378716468811,0.03489422798156738,-0.13831859827041626,0.02472233772277832,-0.163690447807312,0.011117994785308838,-0.11384958028793335,0.005829274654388428,-0.07413238286972046,0.06366324424743652,-0.11459529399871826,0.05418753623962402,-0.14740389585494995,0.030794143676757812,-0.1268407702445984,0.012896478176116943,-0.1059795618057251
0.0,0.0,-0.038312822580337524,-0.05311322212219238,-0.04703202843666077,-0.12516242265701294,-0.029758870601654053,-0.18770647048950195,-0.019332557916641235,-0.23444348573684692,-0.036010175943374634,-0.15905362367630005,-0.050354987382888794,-0.22762268781661987,-0.05807974934577942,-0.27142781019210815,-0.06394824385643005,-0.3102290630340576,-0.0018375813961029053,-0.15916162729263306,0.00600665807723999,-0.2298932671546936,0.011240154504776001,-0.27692198753356934,0.01748010516166687,-0.316259503364563,0.029343456029891968,-0.1426314115524292,0.022700875997543335,-0.17167240381240845,0.008495450019836426,-0.1230742335319519,0.0035610198974609375,-0.08464211225509644,0.05832311511039734,-0.11932402849197388,0.04937043786048889,-0.1548786163330078,0.029772192239761353,-0.12993288040161133,0.017113417387008667,-0.10556375980377197
0.0,0.0,-0.03833639621734619,-0.05090600252151489,-0.0467677116394043,-0.1236843466758728,-0.029125243425369263,-0.18468111753463745,-0.018584102392196655,-0.23133212327957153,-0.03386929631233215,-0.15961235761642456,-0.04804840683937073,-0.22784483432769775,-0.05605459213256836,-0.27198678255081177,-0.06236228346824646,-0.31109291315078735,0.00039759278297424316,-0.15761321783065796,0.007298171520233154,-0.22661852836608887,0.011765360832214355,-0.2734679579734802,0.017515718936920166,-0.3127845525741577,0.03137737512588501,-0.13989925384521484,0.02374023199081421,-0.16666340827941895,0.008540540933609009,-0.11777710914611816,0.002559065818786621,-0.078948974609375,0.060127317905426025,-0.11626261472702026,0.05240529775619507,-0.15150487422943115,0.0324474573135376,-0.12738245725631714,0.018745839595794678,-0.10342293977737427
0.0,0.0,-0.03894871473312378,-0.05026000738143921,-0.04769429564476013,-0.12398761510848999,-0.03114950656890869,-0.18580478429794312,-0.02151051163673401,-0.23313188552856445,-0.034800052642822266,-0.1606816053390503,-0.04880526661872864,-0.22893142700195312,-0.057144999504089355,-0.27325010299682617,-0.06422314047813416,-0.3124886155128479,-0.00042760372161865234,-0.1583395004272461,0.0067657530307769775,-0.2263963222503662,0.01109689474105835,-0.273173987865448,0.016421109437942505,-0.3122614622116089,0.03075513243675232,-0.14021611213684082,0.023284941911697388,-0.16373467445373535,0.00800904631614685,-0.1139112114906311,0.002007097005844116,-0.07519030570983887,0.05929085612297058,-0.11618244647979736,0.05199149250984192,-0.14943689107894897,0.03156927227973938,-0.12603247165679932,0.017376869916915894,-0.10343104600906372
0.0,0.0,-0.03842800855636597,-0.05156099796295166,-0.047553449869155884,-0.12517660856246948,-0.03181836009025574,-0.18853402137756348,-0.020098119974136353,-0.23685133457183838,-0.03500950336456299,-0.16316646337509155,-0.0486217737197876,-0.23202472925186157,-0.05652874708175659,-0.2769656777381897,-0.06288141012191772,-0.3170401453971863,-0.00034692883491516113,-0.16054755449295044,0.006818324327468872,-0.22949671745300293,0.011906802654266357,-0.2769826650619507,0.017813801765441895,-0.3165801763534546,0.03091055154800415,-0.1423160433769226,0.024524211883544922,-0.16877394914627075,0.00786590576171875,-0.1186942458152771,-0.00023698806762695312,-0.07837218046188354,0.059886634349823,-0.11877810955047607,0.0540851354598999,-0.1536548137664795,0.03351074457168579,-0.13120490312576294,0.018189072608947754,-0.10780411958694458
0.0,0.0,-0.037103354930877686,-0.05299252271652222,-0.045792222023010254,-0.1258564591407776,-0.02843409776687622,-0.18664896488189697,-0.017084389925003052,-0.23230206966400146,-0.03373301029205322,-0.1645650863647461,-0.04972502589225769,-0.23156309127807617,-0.059643566608428955,-0.27552568912506104,-0.06753790378570557,-0.31433868408203125,0.0011481940746307373,-0.1619235873222351,0.010109305381774902,-0.23067820072174072,0.015336304903030396,-0.2785613536834717,0.022263139486312866,-0.3185185194015503,0.03257444500923157,-0.1426067352294922,0.026292771100997925,-0.1663157343864441,0.008507460355758667,-0.11871248483657837,0.0009766817092895508,-0.07956677675247192,0.061767786741256714,-0.11675518751144409,0.057500213384628296,-0.15308839082717896,0.03683987259864807,-0.13477075099945068,0.02209058403968811,-0.11349761486053467
0.0,0.0,-0.037481486797332764,-0.0496329665184021,-0.046866655349731445,-0.12166869640350342,-0.03131210803985596,-0.1813245415687561,-0.022663503885269165,-0.22648298740386963,-0.03578081727027893,-0.1579332947731018,-0.051779747009277344,-0.22523492574691772,-0.061726152896881104,-0.2687864303588867,-0.06981208920478821,-0.30722206830978394,-0.001935511827468872,-0.15599769353866577,0.006886124610900879,-0.2253096103668213,0.01289433240890503,-0.2718755602836609,0.01984095573425293,-0.31165122985839844,0.028689801692962646,-0.13787049055099487,0.022019624710083008,-0.1642906665802002,0.006281733512878418,-0.11713773012161255,6.300210952758789e-05,-0.07970833778381348,0.05762374401092529,-0.11424386501312256,0.05169177055358887,-0.14996981620788574,0.031929075717926025,-0.13083618879318237,0.018421411514282227,-0.11152929067611694
0.0,0.0,-0.03877189755439758,-0.051737070083618164,-0.04957461357116699,-0.12308919429779053,-0.035203009843826294,-0.18623566627502441,-0.02553379535675049,-0.2335020899772644,-0.03799566626548767,-0.1667792797088623,-0.05296429991722107,-0.23486018180847168,-0.06173872947692871,-0.2785559296607971,-0.06860682368278503,-0.31780117750167847,-0.002789914608001709,-0.16346293687820435,0.006373047828674316,-0.2320847511291504,0.01253432035446167,-0.27937036752700806,0.019826769828796387,-0.3189593553543091,0.028781354427337646,-0.1435399055480957,0.023730337619781494,-0.1682477593421936,0.006144583225250244,-0.11866956949234009,-0.0023875832557678223,-0.07816940546035767,0.058020710945129395,-0.11696809530258179,0.055409014225006104,-0.15384888648986816,0.03516000509262085,-0.1328245997428894,0.019582271575927734,-0.10872089862823486
0.0,0.0,-0.04103660583496094,-0.054200053215026855,-0.05073827505111694,-0.12849414348602295,-0.034643203020095825,-0.19247764348983765,-0.02588367462158203,-0.2392459511756897,-0.04156291484832764,-0.17064404487609863,-0.05663830041885376,-0.23920124769210815,-0.06500321626663208,-0.28223633766174316,-0.07183927297592163,-0.32112395763397217,-0.0063679516315460205,-0.16763198375701904,0.003107428550720215,-0.2387886643409729,0.010041952133178711,-0.2860424518585205,0.018160343170166016,-0.3260310888290405,0.02538996934890747,-0.14874035120010376,0.021205484867095947,-0.17450004816055298,0.00462108850479126,-0.12473112344741821,-0.0025318562984466553,-0.08544844388961792,0.05502098798751831,-0.12357723712921143,0.0507967472076416,-0.1595821976661682,0.03212076425552368,-0.1323801875114441,0.019987106323242188,-0.10483366250991821
0.0,0.0,-0.040416210889816284,-0.05891752243041992,-0.04990914463996887,-0.13131940364837646,-0.03507557511329651,-0.19610047340393066,-0.0278337299823761,-0.2406231164932251,-0.0449640154838562,-0.1718897819519043,-0.06035876274108887,-0.2409803867340088,-0.06823223829269409,-0.2827485203742981,-0.07505905628204346,-0.32067304849624634,-0.009470254182815552,-0.1693042516708374,0.0013753175735473633,-0.2404678463935852,0.01144111156463623,-0.2872840166091919,0.02171546220779419,-0.3257918953895569,0.022308290004730225,-0.14980322122573853,0.020665526390075684,-0.17731332778930664,0.005143940448760986,-0.13086450099945068,-0.0022107958793640137,-0.09298759698867798,0.051785826683044434,-0.12469708919525146,0.04760575294494629,-0.1585623025894165,0.02836453914642334,-0.13382530212402344,0.015356481075286865,-0.10866367816925049
0.0,0.0,-0.04018336534500122,-0.051316261291503906,-0.04956105351448059,-0.12463241815567017,-0.03312438726425171,-0.18648993968963623,-0.02672398090362549,-0.23377728462219238,-0.04108265042304993,-0.16205692291259766,-0.05774468183517456,-0.2308518886566162,-0.06735348701477051,-0.27411162853240967,-0.07628786563873291,-0.3129670023918152,-0.006397128105163574,-0.16126656532287598,0.0037543773651123047,-0.23356300592422485,0.012427926063537598,-0.27934861183166504,0.021575927734375,-0.3188536763191223,0.024306297302246094,-0.14258873462677002,0.018760979175567627,-0.17101246118545532,0.0028315186500549316,-0.1250286102294922,-0.003761976957321167,-0.09062433242797852,0.05311751365661621,-0.11748796701431274,0.047592759132385254,-0.15003401041030884,0.028299689292907715,-0.13107311725616455,0.015474915504455566,-0.11374998092651367
0.0,0.0,-0.040960848331451416,-0.05228978395462036,-0.04998260736465454,-0.12675410509109497,-0.034673213958740234,-0.18983948230743408,-0.029752492904663086,-0.23777079582214355,-0.04307624697685242,-0.16449952125549316,-0.058199137449264526,-0.2348090410232544,-0.06734058260917664,-0.27848827838897705,-0.07508137822151184,-0.3173971176147461,-0.007755756378173828,-0.16576778888702393,0.0015298128128051758,-0.236768901348114,0.009313046932220459,-0.28366297483444214,0.01774895191192627,-0.3243601322174072,0.02381819486618042,-0.15026986598968506,0.017444312572479248,-0.17888158559799194,0.0035379528999328613,-0.12948459386825562,-0.0008678436279296875,-0.09301209449768066,0.05273813009262085,-0.12920016050338745,0.03961259126663208,-0.1580529808998108,0.023338496685028076,-0.12733614444732666,0.016387522220611572,-0.10284829139709473
0.0,0.0,-0.0387151837348938,-0.054215848445892334,-0.046964049339294434,-0.12744206190109253,-0.031475186347961426,-0.1890857219696045,-0.025673985481262207,-0.2352556586265564,-0.03660398721694946,-0.16352546215057373,-0.05251374840736389,-0.23180752992630005,-0.06238296627998352,-0.2763965129852295,-0.07011926174163818,-0.315937876701355,-0.0015983283519744873,-0.16316348314285278,0.008532822132110596,-0.23400354385375977,0.0174638032913208,-0.281885027885437,0.027251243591308594,-0.3225737512111664,0.029515862464904785,-0.14645671844482422,0.02416539192199707,-0.1737731695175171,0.008449971675872803,-0.1264689564704895,0.0017542243003845215,-0.08819735050201416,0.05807894468307495,-0.12371432781219482,0.048616766929626465,-0.1544562578201294,0.029401183128356934,-0.13249260187149048,0.016805589199066162,-0.11049389839172363
0.0,0.0,-0.041356801986694336,-0.054762959480285645,-0.051074594259262085,-0.12701541185379028,-0.03446561098098755,-0.18959778547286987,-0.029383301734924316,-0.23514944314956665,-0.04232382774353027,-0.16501033306121826,-0.0572071373462677,-0.23478329181671143,-0.0658329427242279,-0.27843403816223145,-0.07321658730506897,-0.31731921434402466,-0.007190912961959839,-0.16410809755325317,0.005355566740036011,-0.23980259895324707,0.015561789274215698,-0.2885271906852722,0.025974959135055542,-0.3299689292907715,0.023798733949661255,-0.14701753854751587,0.020062178373336792,-0.17730814218521118,0.005511075258255005,-0.12857532501220703,0.00011658668518066406,-0.09109491109848022,0.052753061056137085,-0.12442678213119507,0.04484805464744568,-0.15841859579086304,0.027953118085861206,-0.13026511669158936,0.01833692193031311,-0.10488468408584595
0.0,0.0,-0.04217579960823059,-0.05385935306549072,-0.05167168378829956,-0.1256006360054016,-0.03640112280845642,-0.1880648136138916,-0.03248140215873718,-0.23398339748382568,-0.043696582317352295,-0.16473662853240967,-0.05931505560874939,-0.23438411951065063,-0.06799396872520447,-0.27822577953338623,-0.07541465759277344,-0.31669294834136963,-0.008604556322097778,-0.16343718767166138,0.0027934908866882324,-0.23817044496536255,0.011980533599853516,-0.28728199005126953,0.021288752555847168,-0.32758966088294983,0.022212326526641846,-0.1462634801864624,0.017772018909454346,-0.17482537031173706,0.003857135772705078,-0.1278936266899109,-0.0014191269874572754,-0.09151005744934082,0.0508083701133728,-0.12410610914230347,0.04242068529129028,-0.15760618448257446,0.026399075984954834,-0.13022905588150024,0.017195820808410645,-0.10538476705551147
0.0,0.0,-0.04253068566322327,-0.051347970962524414,-0.051642030477523804,-0.12501919269561768,-0.03433191776275635,-0.18759280443191528,-0.027977406978607178,-0.2337665557861328,-0.04098176956176758,-0.16303104162216187,-0.056455910205841064,-0.23267900943756104,-0.06558069586753845,-0.27621549367904663,-0.0726938247680664,-0.31504377722740173,-0.005810141563415527,-0.16391068696975708,0.004977285861968994,-0.23754805326461792,0.014334440231323242,-0.28646403551101685,0.02438133955001831,-0.3272251486778259,0.024702847003936768,-0.14868104457855225,0.018726646900177002,-0.17644810676574707,0.005086183547973633,-0.1277030110359192,0.0006787776947021484,-0.09032690525054932,0.05277574062347412,-0.12824511528015137,0.04227936267852783,-0.15886110067367554,0.02682739496231079,-0.1290467381477356,0.01968562602996826,-0.10318499803543091
0.0,0.0,-0.04156509041786194,-0.05379754304885864,-0.05158883333206177,-0.1261383295059204,-0.03482016921043396,-0.18920034170150757,-0.028099387884140015,-0.23569196462631226,-0.03967630863189697,-0.16456276178359985,-0.0551932156085968,-0.2343689203262329,-0.0643371045589447,-0.2792123556137085,-0.07121363282203674,-0.3190126419067383,-0.004508376121520996,-0.1644236445426941,0.005658149719238281,-0.2384645938873291,0.01432865858078003,-0.28817009925842285,0.023764848709106445,-0.32943272590637207,0.026640713214874268,-0.14805084466934204,0.02178633213043213,-0.17827266454696655,0.006193697452545166,-0.13017427921295166,-0.0007557868957519531,-0.09034478664398193,0.055880069732666016,-0.12586629390716553,0.0481036901473999,-0.1606065034866333,0.029659569263458252,-0.13756012916564941,0.016947627067565918,-0.113861083984375
0.0,0.0,-0.04306688904762268,-0.05277305841445923,-0.054306209087371826,-0.1264784336090088,-0.03784492611885071,-0.18905562162399292,-0.030890971422195435,-0.23441165685653687,-0.042356520891189575,-0.16349422931671143,-0.058465927839279175,-0.23253273963928223,-0.06858783960342407,-0.2770891785621643,-0.07643109560012817,-0.31699299812316895,-0.007376372814178467,-0.1644553542137146,0.001177370548248291,-0.23681223392486572,0.008976936340332031,-0.2863618731498718,0.017667770385742188,-0.3276382386684418,0.023769021034240723,-0.1493825912475586,0.01824784278869629,-0.1780523657798767,0.003272533416748047,-0.1303417682647705,-0.00298309326171875,-0.09086847305297852,0.05296963453292847,-0.12901341915130615,0.04325920343399048,-0.1606268286705017,0.027096331119537354,-0.13384491205215454,0.018077313899993896,-0.1076163649559021
0.0,0.0,-0.04230624437332153,-0.05164533853530884,-0.0549640953540802,-0.1240265965461731,-0.04233869910240173,-0.1886272430419922,-0.03413379192352295,-0.23574239015579224,-0.04471641778945923,-0.1622217893600464,-0.06127944588661194,-0.2313966155052185,-0.07137998938560486,-0.2767115831375122,-0.07908537983894348,-0.3170654773712158,-0.010250866413116455,-0.16258347034454346,-0.0015012025833129883,-0.23695087432861328,0.006214916706085205,-0.28750312328338623,0.013886690139770508,-0.32828831672668457,0.021697402000427246,-0.14740920066833496,0.01732051372528076,-0.18067961931228638,0.001997649669647217,-0.13666653633117676,-0.006503105163574219,-0.09661978483200073,0.052340805530548096,-0.12752479314804077,0.045176923274993896,-0.16440677642822266,0.028113365173339844,-0.14149969816207886,0.015342533588409424,-0.11480772495269775
0.0,0.0,-0.04097110033035278,-0.054132044315338135,-0.05287569761276245,-0.12439680099487305,-0.040786564350128174,-0.18798309564590454,-0.03400087356567383,-0.23349565267562866,-0.04267162084579468,-0.16251146793365479,-0.06056299805641174,-0.2304084300994873,-0.07165104150772095,-0.2742050886154175,-0.07993093132972717,-0.31355011463165283,-0.00894838571548462,-0.16338765621185303,-0.0028840303421020508,-0.23609942197799683,0.0038127899169921875,-0.28613895177841187,0.01080411672592163,-0.3259980082511902,0.022648990154266357,-0.14838260412216187,0.018105745315551758,-0.1799638271331787,0.0028015971183776855,-0.1402910351753235,-0.006520569324493408,-0.10191905498504639,0.05304354429244995,-0.1283385157585144,0.04819464683532715,-0.16588056087493896,0.03125572204589844,-0.14894568920135498,0.01713705062866211,-0.1251758337020874
0.0,0.0,-0.040242165327072144,-0.05189996957778931,-0.052890002727508545,-0.12189942598342896,-0.03977173566818237,-0.18644022941589355,-0.034675925970077515,-0.2322867512702942,-0.04274621605873108,-0.16210854053497314,-0.06104755401611328,-0.22695446014404297,-0.07314792275428772,-0.27167409658432007,-0.08229923248291016,-0.3121109902858734,-0.008438706398010254,-0.16210949420928955,-0.00163191556930542,-0.23520398139953613,0.00593036413192749,-0.2855414152145386,0.0146942138671875,-0.32575106620788574,0.023403942584991455,-0.14668244123458862,0.021377265453338623,-0.18134808540344238,0.0051648616790771484,-0.1413276195526123,-0.004610538482666016,-0.10297977924346924,0.0545734167098999,-0.1254597306251526,0.04962128400802612,-0.16583102941513062,0.03301519155502319,-0.14514362812042236,0.019902944564819336,-0.11774355173110962
0.0,0.0,-0.04391130805015564,-0.054412901401519775,-0.055481135845184326,-0.1286795735359192,-0.04045754671096802,-0.1937660574913025,-0.03405621647834778,-0.2398228645324707,-0.042555779218673706,-0.16577225923538208,-0.05993705987930298,-0.23548108339309692,-0.07082021236419678,-0.2804035544395447,-0.07922771573066711,-0.32061684131622314,-0.007401227951049805,-0.1651855707168579,0.0012524724006652832,-0.24054861068725586,0.008617401123046875,-0.2914249300956726,0.016331136226654053,-0.3325256109237671,0.024106740951538086,-0.1489357352256775,0.021042823791503906,-0.18427807092666626,0.00464099645614624,-0.13897943496704102,-0.0047296881675720215,-0.0980609655380249,0.05447578430175781,-0.12900930643081665,0.049052655696868896,-0.17109394073486328,0.031168043613433838,-0.14913678169250488,0.017347395420074463,-0.12230724096298218
0.0,0.0,-0.04152151942253113,-0.05084937810897827,-0.054423898458480835,-0.12266695499420166,-0.0393500030040741,-0.18672627210617065,-0.03214779496192932,-0.2333376407623291,-0.039622992277145386,-0.16300731897354126,-0.057138413190841675,-0.23210442066192627,-0.06850689649581909,-0.27734148502349854,-0.07612371444702148,-0.3176891803741455,-0.005031406879425049,-0.16267669200897217,0.0018323659896850586,-0.23637735843658447,0.00893712043762207,-0.2872614860534668,0.01760035753250122,-0.32801637053489685,0.026512324810028076,-0.14632165431976318,0.022346019744873047,-0.17992526292800903,0.005891263484954834,-0.1334896683692932,-0.0032801032066345215,-0.09169125556945801,0.05698502063751221,-0.12535101175308228,0.04987609386444092,-0.16618216037750244,0.03161114454269409,-0.14299410581588745,0.017080068588256836,-0.11535137891769409
0.0,0.0,-0.042389899492263794,-0.05336356163024902,-0.05509042739868164,-0.12622767686843872,-0.04076245427131653,-0.1897207498550415,-0.03401198983192444,-0.23623669147491455,-0.041173696517944336,-0.16194087266921997,-0.05819985270500183,-0.2319403886795044,-0.06884488463401794,-0.2770347595214844,-0.07625359296798706,-0.3171367645263672,-0.006368845701217651,-0.16135191917419434,-0.0009357929229736328,-0.23224937915802002,0.005150973796844482,-0.28228098154067993,0.012741386890411377,-0.3231622278690338,0.025499343872070312,-0.14585024118423462,0.0189284086227417,-0.17549026012420654,0.004843235015869141,-0.12616652250289917,-0.001734912395477295,-0.0832517147064209,0.05606025457382202,-0.12660109996795654,0.04681503772735596,-0.16461396217346191,0.030585825443267822,-0.13873499631881714,0.019563019275665283,-0.11068987846374512
0.0,0.0,-0.04280272126197815,-0.05055791139602661,-0.05587908625602722,-0.1236565113067627,-0.04258701205253601,-0.18738174438476562,-0.03452056646347046,-0.2336631417274475,-0.04090625047683716,-0.16280919313430786,-0.05734145641326904,-0.2307705283164978,-0.06712374091148376,-0.2752499580383301,-0.07412195205688477,-0.3154199719429016,-0.005898594856262207,-0.16147464513778687,-3.30805778503418e-05,-0.23177999258041382,0.005488932132720947,-0.28070807456970215,0.012216150760650635,-0.3214750289916992,0.025838375091552734,-0.1457722783088684,0.019517719745635986,-0.17400497198104858,0.004227042198181152,-0.12377029657363892,-0.0035993456840515137,-0.08122235536575317,0.05603432655334473,-0.12546813488006592,0.047571778297424316,-0.16381245851516724,0.0309104323387146,-0.13856655359268188,0.01860511302947998,-0.11056375503540039
0.0,0.0,-0.04074057936668396,-0.05191695690155029,-0.052938491106033325,-0.12391465902328491,-0.03940469026565552,-0.18695765733718872,-0.03138989210128784,-0.2336810827255249,-0.0410689115524292,-0.16213339567184448,-0.056748151779174805,-0.23173201084136963,-0.06624197959899902,-0.27703672647476196,-0.07312998175621033,-0.3180900812149048,-0.0062146782875061035,-0.16036659479141235,0.0029921531677246094,-0.23231172561645508,0.010508894920349121,-0.28115248680114746,0.018804073333740234,-0.3219456672668457,0.02554398775100708,-0.14446794986724854,0.02227771282196045,-0.17350775003433228,0.008234381675720215,-0.12534379959106445,0.002039492130279541,-0.08480268716812134,0.05565762519836426,-0.12371951341629028,0.04932457208633423,-0.1632722020149231,0.03431260585784912,-0.13526302576065063,0.024653613567352295,-0.10557031631469727
0.0,0.0,-0.04109656810760498,-0.057003557682037354,-0.051349759101867676,-0.13067656755447388,-0.03678491711616516,-0.19395089149475098,-0.027693241834640503,-0.24049723148345947,-0.03978019952774048,-0.16798102855682373,-0.056393176317214966,-0.23801285028457642,-0.0661834180355072,-0.28350746631622314,-0.07309341430664062,-0.32464799284935,-0.004048049449920654,-0.16680586338043213,0.005035996437072754,-0.23768693208694458,0.013001561164855957,-0.2873610854148865,0.02195364236831665,-0.3283458948135376,0.02831089496612549,-0.15032529830932617,0.023996472358703613,-0.17995822429656982,0.008621573448181152,-0.13037556409835815,0.0012198686599731445,-0.08848237991333008,0.05941140651702881,-0.12907516956329346,0.0526769757270813,-0.16886156797409058,0.035450756549835205,-0.1416725516319275,0.024073302745819092,-0.11205708980560303
0.0,0.0,-0.04113611578941345,-0.05625462532043457,-0.05093574523925781,-0.13141566514968872,-0.03515741229057312,-0.19498682022094727,-0.026756078004837036,-0.2409384846687317,-0.03994670510292053,-0.16762399673461914,-0.05664911866188049,-0.23900067806243896,-0.06697896122932434,-0.28482359647750854,-0.07458245754241943,-0.3259381651878357,-0.003959953784942627,-0.1664738655090332,0.00428462028503418,-0.23736530542373657,0.012331366539001465,-0.2867141366004944,0.021304190158843994,-0.32767874002456665,0.028537213802337646,-0.14992856979370117,0.023715555667877197,-0.1764262318611145,0.008549392223358154,-0.1259651780128479,0.0013263821601867676,-0.08392417430877686,0.059144437313079834,-0.12854629755020142,0.05245637893676758,-0.16490894556045532,0.034666359424591064,-0.1386128067970276,0.022634267807006836,-0.11103153228759766
0.0,0.0,-0.039735376834869385,-0.05931878089904785,-0.04778486490249634,-0.13452798128128052,-0.027491748332977295,-0.19806444644927979,-0.016788601875305176,-0.24396651983261108,-0.03803113102912903,-0.16771811246871948,-0.05374401807785034,-0.23847651481628418,-0.06362864375114441,-0.28487175703048706,-0.07106959819793701,-0.3270556330680847,-0.001709282398223877,-0.16750645637512207,0.007916510105133057,-0.24017333984375,0.01611989736557007,-0.2901074290275574,0.025273621082305908,-0.331148236989975,0.030883371829986572,-0.1505376100540161,0.027447640895843506,-0.18002498149871826,0.011271238327026367,-0.13039898872375488,0.003790557384490967,-0.08879810571670532,0.06149798631668091,-0.12811636924743652,0.05521059036254883,-0.1649354100227356,0.0369715690612793,-0.1388087272644043,0.025449156761169434,-0.11145526170730591
0.0,0.0,-0.04078829288482666,-0.060294926166534424,-0.048940837383270264,-0.13707715272903442,-0.028436362743377686,-0.20139795541763306,-0.01751887798309326,-0.24800223112106323,-0.03803536295890808,-0.16976702213287354,-0.05355250835418701,-0.242259681224823,-0.06378459930419922,-0.28915995359420776,-0.07137531042098999,-0.33192145824432373,-0.0017191767692565918,-0.1693083643913269,0.00812983512878418,-0.24257296323776245,0.01599019765853882,-0.29306870698928833,0.024994373321533203,-0.33462953567504883,0.03090345859527588,-0.15192550420761108,0.027996838092803955,-0.1830647587776184,0.010705649852752686,-0.13333719968795776,0.0021378397941589355,-0.09138500690460205,0.061811625957489014,-0.12969666719436646,0.056213438510894775,-0.16846543550491333,0.03833216428756714,-0.14106500148773193,0.02729254961013794,-0.11259233951568604
0.0,0.0,-0.04226362705230713,-0.05942410230636597,-0.050939470529556274,-0.13526993989944458,-0.03034120798110962,-0.200842022895813,-0.02002924680709839,-0.24802541732788086,-0.039873749017715454,-0.16709846258163452,-0.05536448955535889,-0.24042856693267822,-0.06525671482086182,-0.28765904903411865,-0.07251483201980591,-0.3307388126850128,-0.0036756396293640137,-0.16753309965133667,0.006268501281738281,-0.24225842952728271,0.01400071382522583,-0.29265904426574707,0.023054838180541992,-0.3338424861431122,0.028789997100830078,-0.1511019468307495,0.025650739669799805,-0.1832934021949768,0.009097516536712646,-0.13332146406173706,0.00179290771484375,-0.09152734279632568,0.05936694145202637,-0.12996655702590942,0.0533750057220459,-0.1702803373336792,0.03570634126663208,-0.14201927185058594,0.025106191635131836,-0.11267983913421631
0.0,0.0,-0.041430503129959106,-0.056107938289642334,-0.048736244440078735,-0.13348519802093506,-0.026987075805664062,-0.19721394777297974,-0.016847431659698486,-0.24450457096099854,-0.03853452205657959,-0.16711199283599854,-0.05449911952018738,-0.23979055881500244,-0.0642881989479065,-0.28748619556427,-0.07130709290504456,-0.3302549421787262,-0.0013932585716247559,-0.1678922176361084,0.007670283317565918,-0.2407096028327942,0.01559537649154663,-0.29138195514678955,0.024891436100006104,-0.3328457176685333,0.031448543071746826,-0.15178674459457397,0.02500516176223755,-0.1799842119216919,0.009546279907226562,-0.12719237804412842,0.0037796497344970703,-0.08525669574737549,0.06209844350814819,-0.1304532289505005,0.051548659801483154,-0.16484194993972778,0.034870803356170654,-0.13294273614883423,0.026988089084625244,-0.10426390171051025
0.0,0.0,-0.04252743721008301,-0.056049883365631104,-0.051293790340423584,-0.13326096534729004,-0.03175985813140869,-0.19751989841461182,-0.02045309543609619,-0.24450421333312988,-0.03818318247795105,-0.16600078344345093,-0.05431121587753296,-0.2404869794845581,-0.06397479772567749,-0.28802889585494995,-0.07113948464393616,-0.3301769495010376,-0.0014317035675048828,-0.16731619834899902,0.006898462772369385,-0.24189388751983643,0.014855146408081055,-0.29271286725997925,0.023400723934173584,-0.3340584337711334,0.03159052133560181,-0.1520509123802185,0.021948575973510742,-0.18042927980422974,0.006136298179626465,-0.13128256797790527,-0.0008841156959533691,-0.09062767028808594,0.06274968385696411,-0.1312970519065857,0.050764381885528564,-0.16308921575546265,0.03245288133621216,-0.13789266347885132,0.021318018436431885,-0.11334586143493652
0.0,0.0,-0.04042339324951172,-0.055148422718048096,-0.04819440841674805,-0.13130372762680054,-0.028221428394317627,-0.19552695751190186,-0.018790364265441895,-0.24328047037124634,-0.036689043045043945,-0.16403961181640625,-0.05344149470329285,-0.2366989254951477,-0.06342226266860962,-0.28368592262268066,-0.07120814919471741,-0.3256772756576538,-0.00022608041763305664,-0.16563016176223755,0.009430646896362305,-0.24105477333068848,0.017774999141693115,-0.29098451137542725,0.026770710945129395,-0.33221709728240967,0.03222709894180298,-0.14991509914398193,0.02391582727432251,-0.1798388957977295,0.008946120738983154,-0.13001006841659546,0.003506898880004883,-0.09017103910446167,0.06196331977844238,-0.12845253944396973,0.049863219261169434,-0.16099780797958374,0.03296428918838501,-0.13446897268295288,0.024299919605255127,-0.10977894067764282
0.0,0.0,-0.042744964361190796,-0.05365365743637085,-0.05067339539527893,-0.13042885065078735,-0.03058663010597229,-0.19559741020202637,-0.02138298749923706,-0.24375498294830322,-0.03846856951713562,-0.16386902332305908,-0.05501055717468262,-0.23745262622833252,-0.06505835056304932,-0.2851139307022095,-0.07269135117530823,-0.327619731426239,-0.001654505729675293,-0.16525352001190186,0.00791323184967041,-0.2414485216140747,0.016381919384002686,-0.2921079397201538,0.02550673484802246,-0.3335009813308716,0.030568242073059082,-0.14949196577072144,0.020916879177093506,-0.18010568618774414,0.005639076232910156,-0.12850385904312134,0.0002683401107788086,-0.08738410472869873,0.059947848320007324,-0.1282692551612854,0.045659005641937256,-0.15958529710769653,0.02731698751449585,-0.12934696674346924,0.017782092094421387,-0.10204154253005981
0.0,0.0,-0.041839778423309326,-0.05499333143234253,-0.04965710639953613,-0.13271158933639526,-0.028862744569778442,-0.19786924123764038,-0.020317673683166504,-0.24635076522827148,-0.038186103105545044,-0.16761010885238647,-0.05405700206756592,-0.2410624623298645,-0.06369206309318542,-0.28840887546539307,-0.07108336687088013,-0.3307223320007324,-0.001591801643371582,-0.1685020923614502,0.008314073085784912,-0.24449217319488525,0.0170748233795166,-0.2947232723236084,0.026823103427886963,-0.33613502979278564,0.030424296855926514,-0.1520739197731018,0.02286583185195923,-0.181738018989563,0.007317006587982178,-0.13079535961151123,0.0018637776374816895,-0.09051835536956787,0.0597686767578125,-0.1298801302909851,0.04845470190048218,-0.1623767614364624,0.030776917934417725,-0.13324815034866333,0.02165043354034424,-0.10717529058456421
0.0,0.0,-0.04118800163269043,-0.054608166217803955,-0.04923728108406067,-0.1318206787109375,-0.028997182846069336,-0.19757401943206787,-0.01964592933654785,-0.2461411952972412,-0.03740683197975159,-0.16725635528564453,-0.053407639265060425,-0.2412933111190796,-0.06310206651687622,-0.28910720348358154,-0.0706062912940979,-0.33189857006073,-0.0011525750160217285,-0.1680278182029724,0.008727073669433594,-0.24548059701919556,0.01724904775619507,-0.2959464192390442,0.026935994625091553,-0.33763712644577026,0.030745387077331543,-0.15144950151443481,0.024699807167053223,-0.18288516998291016,0.008955657482147217,-0.13167697191238403,0.00286787748336792,-0.09090662002563477,0.06025111675262451,-0.12894344329833984,0.05033242702484131,-0.16261732578277588,0.032425880432128906,-0.13252276182174683,0.02242368459701538,-0.10494476556777954
0.0,0.0,-0.0421425998210907,-0.055016160011291504,-0.05006086826324463,-0.13234597444534302,-0.02991536259651184,-0.19789832830429077,-0.021571815013885498,-0.24632447957992554,-0.038848936557769775,-0.16757571697235107,-0.05455279350280762,-0.24232745170593262,-0.06410551071166992,-0.29012417793273926,-0.0716051459312439,-0.3326624035835266,-0.002442598342895508,-0.1685856580734253,0.007701754570007324,-0.24544376134872437,0.01663750410079956,-0.2964649200439453,0.026550114154815674,-0.3382166028022766,0.029583513736724854,-0.15222328901290894,0.022688090801239014,-0.18246424198150635,0.0076160430908203125,-0.13034266233444214,0.0024750232696533203,-0.08972513675689697,0.05950653553009033,-0.13009142875671387,0.04825007915496826,-0.16244494915008545,0.03081202507019043,-0.13100755214691162,0.021928787231445312,-0.10364806652069092
0.0,0.0,-0.04131805896759033,-0.055568039417266846,-0.04945221543312073,-0.13279461860656738,-0.030095010995864868,-0.1984318494796753,-0.022266685962677002,-0.24697500467300415,-0.0393730103969574,-0.16965097188949585,-0.054740726947784424,-0.24290555715560913,-0.06447815895080566,-0.28999102115631104,-0.07217460870742798,-0.33209753036499023,-0.002775132656097412,-0.17037546634674072,0.007831096649169922,-0.24591422080993652,0.016925692558288574,-0.2963833808898926,0.026647329330444336,-0.33804216980934143,0.02953237295150757,-0.15370440483093262,0.023254334926605225,-0.18278729915618896,0.007565200328826904,-0.13175982236862183,0.00144881010055542,-0.09161162376403809,0.05973559617996216,-0.13114619255065918,0.04967910051345825,-0.16388988494873047,0.032496094703674316,-0.13299620151519775,0.023410141468048096,-0.10567253828048706
0.0,0.0,-0.04074719548225403,-0.05720508098602295,-0.04888349771499634,-0.13414382934570312,-0.03005412220954895,-0.19861263036727905,-0.02272617816925049,-0.24685192108154297,-0.037500232458114624,-0.16945695877075195,-0.053275614976882935,-0.24355918169021606,-0.06319624185562134,-0.29056793451309204,-0.07131263613700867,-0.33296629786491394,-0.0008785724639892578,-0.169866681098938,0.009671986103057861,-0.24596327543258667,0.018375158309936523,-0.29642194509506226,0.027795135974884033,-0.3388859033584595,0.031585872173309326,-0.15280044078826904,0.024756968021392822,-0.18245398998260498,0.008681237697601318,-0.1331273317337036,0.0021538734436035156,-0.09350651502609253,0.06197863817214966,-0.1299571394920349,0.05278044939041138,-0.16485702991485596,0.0343317985534668,-0.13780653476715088,0.023439228534698486,-0.11163276433944702
0.0,0.0,-0.04063987731933594,-0.05398029088973999,-0.048289597034454346,-0.1335439682006836,-0.02949109673500061,-0.19861549139022827,-0.021049201488494873,-0.24718749523162842,-0.03720274567604065,-0.17194461822509766,-0.05230742692947388,-0.24672049283981323,-0.061843544244766235,-0.29372870922088623,-0.06945976614952087,-0.335679292678833,-0.000349581241607666,-0.17142188549041748,0.010069608688354492,-0.247342050075531,0.019395947456359863,-0.297943651676178,0.02960115671157837,-0.33975547552108765,0.032122254371643066,-0.1536703109741211,0.024962127208709717,-0.18399310111999512,0.008686363697052002,-0.1325058937072754,0.002283930778503418,-0.09261852502822876,0.062208354473114014,-0.13012099266052246,0.05029350519180298,-0.16150212287902832,0.03155750036239624,-0.12916016578674316,0.021581172943115234,-0.10120028257369995
0.0,0.0,-0.04015129804611206,-0.05603682994842529,-0.04804474115371704,-0.134601891040802,-0.03010505437850952,-0.19965201616287231,-0.022138118743896484,-0.24874264001846313,-0.03743165731430054,-0.17194706201553345,-0.05272918939590454,-0.24632936716079712,-0.062340736389160156,-0.2939109802246094,-0.06997686624526978,-0.33662697672843933,-0.0008599758148193359,-0.17206120491027832,0.009067535400390625,-0.2469794750213623,0.018466413021087646,-0.29757100343704224,0.028603315353393555,-0.33992916345596313,0.03194314241409302,-0.1552971601486206,0.024946212768554688,-0.184795081615448,0.00858306884765625,-0.13336873054504395,0.001642763614654541,-0.09259039163589478,0.06262266635894775,-0.1327323317527771,0.05091989040374756,-0.16531580686569214,0.03126615285873413,-0.13517427444458008,0.019731104373931885,-0.10793322324752808
0.0,0.0,-0.0399128794670105,-0.05563420057296753,-0.047642022371292114,-0.1322394609451294,-0.029833734035491943,-0.19795876741409302,-0.02184048295021057,-0.24642020463943481,-0.03717374801635742,-0.17000889778137207,-0.05294385552406311,-0.24345821142196655,-0.06224149465560913,-0.29122376441955566,-0.06933209300041199,-0.33385682106018066,-0.0007455348968505859,-0.16996216773986816,0.008964300155639648,-0.24570190906524658,0.018555879592895508,-0.2968405485153198,0.0288732647895813,-0.3389837145805359,0.03163522481918335,-0.15259522199630737,0.02573227882385254,-0.184037446975708,0.008970141410827637,-0.13314610719680786,0.0011225342750549316,-0.09088432788848877,0.06139683723449707,-0.12902581691741943,0.05141693353652954,-0.16197502613067627,0.030730247497558594,-0.13477754592895508,0.016957342624664307,-0.10762125253677368
0.0,0.0,-0.040654659271240234,-0.05538231134414673,-0.04952740669250488,-0.13066542148590088,-0.03164219856262207,-0.19644123315811157,-0.022781848907470703,-0.24517911672592163,-0.0384640097618103,-0.16880834102630615,-0.05402606725692749,-0.24261289834976196,-0.06341451406478882,-0.28974229097366333,-0.07044512033462524,-0.3319738209247589,-0.002013564109802246,-0.16893714666366577,0.008165299892425537,-0.24555867910385132,0.017087101936340332,-0.2965927720069885,0.026726186275482178,-0.33840882778167725,0.03028017282485962,-0.1518244743347168,0.02491062879562378,-0.1839808225631714,0.00827091932296753,-0.1338607668876648,0.0005750060081481934,-0.0922849178314209,0.06027311086654663,-0.12882018089294434,0.05079782009124756,-0.16186952590942383,0.030958712100982666,-0.133323073387146,0.018266677856445312,-0.10554802417755127
0.0,0.0,-0.03977343440055847,-0.05635476112365723,-0.047473788261413574,-0.13339251279830933,-0.029929697513580322,-0.19874602556228638,-0.022258222103118896,-0.24748098850250244,-0.036366820335388184,-0.16943985223770142,-0.05167904496192932,-0.2432616949081421,-0.0612720251083374,-0.29116082191467285,-0.06843632459640503,-0.33393633365631104,-0.00034612417221069336,-0.1690770387649536,0.009671390056610107,-0.24423879384994507,0.018501877784729004,-0.2955974340438843,0.028390944004058838,-0.338265061378479,0.03146487474441528,-0.15152281522750854,0.026872992515563965,-0.18466532230377197,0.009783327579498291,-0.13387727737426758,0.0019602179527282715,-0.09190624952316284,0.06118398904800415,-0.12826001644134521,0.0536312460899353,-0.16434013843536377,0.03392648696899414,-0.137395977973938,0.02116638422012329,-0.11049968004226685
0.0,0.0,-0.04044422507286072,-0.05728417634963989,-0.04786232113838196,-0.13562226295471191,-0.029935628175735474,-0.20087188482284546,-0.022411346435546875,-0.24905091524124146,-0.03686898946762085,-0.1714652180671692,-0.05188611149787903,-0.24681925773620605,-0.06104332208633423,-0.2943457365036011,-0.06840020418167114,-0.3369130492210388,-0.0005282759666442871,-0.17047470808029175,0.009579896926879883,-0.24590110778808594,0.018467485904693604,-0.2972889542579651,0.028278887271881104,-0.3401814103126526,0.031343162059783936,-0.15226393938064575,0.026728689670562744,-0.18549424409866333,0.009628236293792725,-0.13484537601470947,0.0015129446983337402,-0.09335058927536011,0.06118476390838623,-0.12844043970108032,0.054893672466278076,-0.16517263650894165,0.03519994020462036,-0.13971376419067383,0.022085487842559814,-0.11396980285644531
0.0,0.0,-0.04012754559516907,-0.058386266231536865,-0.04799675941467285,-0.1347031593322754,-0.03056195378303528,-0.19973772764205933,-0.022464483976364136,-0.24815762042999268,-0.03638753294944763,-0.17044365406036377,-0.051790058612823486,-0.24583274126052856,-0.06117451190948486,-0.29382258653640747,-0.06838351488113403,-0.3367351293563843,-0.0004856586456298828,-0.16934984922409058,0.010041236877441406,-0.24551481008529663,0.0187910795211792,-0.296882688999176,0.028605520725250244,-0.3398515582084656,0.03123641014099121,-0.15098947286605835,0.027308642864227295,-0.18587183952331543,0.010414659976959229,-0.13435566425323486,0.002827465534210205,-0.0917818546295166,0.06087923049926758,-0.12668561935424805,0.05504179000854492,-0.16549909114837646,0.03560352325439453,-0.1395689845085144,0.02276921272277832,-0.11265677213668823
0.0,0.0,-0.04037433862686157,-0.05752921104431152,-0.048321306705474854,-0.1351413130760193,-0.030574560165405273,-0.20008832216262817,-0.022151708602905273,-0.24816983938217163,-0.037120521068573,-0.17095190286636353,-0.05205225944519043,-0.2448447346687317,-0.06113871932029724,-0.2917674779891968,-0.06808692216873169,-0.3340626060962677,-0.0005651712417602539,-0.1706770658493042,0.009772956371307373,-0.24609136581420898,0.018642306327819824,-0.2966309189796448,0.028376996517181396,-0.3393351435661316,0.03174656629562378,-0.1532716155052185,0.026891112327575684,-0.1840277910232544,0.010147452354431152,-0.13246673345565796,0.0027313232421875,-0.09095168113708496,0.061769962310791016,-0.13019144535064697,0.053252458572387695,-0.16333675384521484,0.033197224140167236,-0.13516396284103394,0.020735442638397217,-0.10843700170516968
0.0,0.0,-0.040536195039749146,-0.056680142879486084,-0.04914259910583496,-0.13559144735336304,-0.031291693449020386,-0.20023763179779053,-0.021925032138824463,-0.24906665086746216,-0.03683418035507202,-0.1740206480026245,-0.051454365253448486,-0.2482898235321045,-0.06022536754608154,-0.29495495557785034,-0.0668567419052124,-0.3372170031070709,-0.0001671314239501953,-0.173234224319458,0.010003149509429932,-0.24738723039627075,0.01891273260116577,-0.29792141914367676,0.02871847152709961,-0.3405287265777588,0.032600581645965576,-0.15544694662094116,0.025428950786590576,-0.1832897663116455,0.008211970329284668,-0.13175803422927856,0.0007023215293884277,-0.09124606847763062,0.0628892183303833,-0.13136523962020874,0.05149710178375244,-0.16098064184188843,0.03203839063644409,-0.12946480512619019,0.021188318729400635,-0.10157614946365356
0.0,0.0,-0.039766937494277954,-0.05751442909240723,-0.047643959522247314,-0.1363961100578308,-0.030086606740951538,-0.2016785740852356,-0.020996391773223877,-0.25003892183303833,-0.03633764386177063,-0.17469274997711182,-0.05024886131286621,-0.24939072132110596,-0.058730512857437134,-0.29660093784332275,-0.0649229884147644,-0.33925825357437134,0.00016540288925170898,-0.1737714409828186,0.010544955730438232,-0.24672871828079224,0.019794881343841553,-0.2972465753555298,0.03023463487625122,-0.3403157591819763,0.032681047916412354,-0.15632545948028564,0.02726811170578003,-0.1854853630065918,0.0099678635597229,-0.13449591398239136,0.0020830631256103516,-0.09394800662994385,0.06301319599151611,-0.13291782140731812,0.05283021926879883,-0.1646268367767334,0.033369600772857666,-0.13363802433013916,0.021759390830993652,-0.10546767711639404
0.0,0.0,-0.0402047336101532,-0.05741429328918457,-0.048176199197769165,-0.1354413628578186,-0.03075563907623291,-0.20107972621917725,-0.02159857749938965,-0.250632643699646,-0.03589761257171631,-0.1741132140159607,-0.050970643758773804,-0.24916648864746094,-0.059794336557388306,-0.2968648672103882,-0.06654742360115051,-0.3393104076385498,0.0006254315376281738,-0.1728917956352234,0.01020514965057373,-0.24735039472579956,0.01895958185195923,-0.2986030578613281,0.028644561767578125,-0.3410782814025879,0.033051371574401855,-0.15460294485092163,0.026163160800933838,-0.18506956100463867,0.008427977561950684,-0.13357919454574585,2.676248550415039e-05,-0.09144645929336548,0.06346476078033447,-0.13140767812728882,0.05505537986755371,-0.16729092597961426,0.03574025630950928,-0.14318996667861938,0.022999286651611328,-0.11879074573516846
0.0,0.0,-0.04069942235946655,-0.05469793081283569,-0.04885163903236389,-0.13467800617218018,-0.03172022104263306,-0.2005932331085205,-0.021861612796783447,-0.24973785877227783,-0.037106454372406006,-0.17314213514328003,-0.05163213610649109,-0.2482752799987793,-0.059966087341308594,-0.2953789234161377,-0.06641212105751038,-0.33740460872650146,-0.0006288886070251465,-0.17270469665527344,0.00858163833618164,-0.246604323387146,0.017670035362243652,-0.29761260747909546,0.027585089206695557,-0.34016597270965576,0.03160911798477173,-0.15586286783218384,0.023749709129333496,-0.18592429161071777,0.007760584354400635,-0.133489191532135,0.0008043646812438965,-0.09244304895401001,0.061803221702575684,-0.13401347398757935,0.0484805703163147,-0.1653628945350647,0.02851802110671997,-0.13406366109848022,0.017080247402191162,-0.10641640424728394
0.0,0.0,-0.040077388286590576,-0.055563271045684814,-0.049346983432769775,-0.13502466678619385,-0.033039480447769165,-0.20102179050445557,-0.022490471601486206,-0.2501705288887024,-0.03734719753265381,-0.17372393608093262,-0.05237936973571777,-0.24849820137023926,-0.06127738952636719,-0.2952166795730591,-0.06860619783401489,-0.3368147611618042,-0.0011185407638549805,-0.1725509762763977,0.006978034973144531,-0.24663734436035156,0.015080094337463379,-0.29795193672180176,0.024238944053649902,-0.3407926559448242,0.031158387660980225,-0.15434998273849487,0.02438133955001831,-0.1809459924697876,0.008668124675750732,-0.12972009181976318,0.0018527507781982422,-0.08901119232177734,0.06093120574951172,-0.13071119785308838,0.05288577079772949,-0.16344225406646729,0.031412482261657715,-0.13857513666152954,0.016675472259521484,-0.11476105451583862
0.0,0.0,-0.04006528854370117,-0.05544149875640869,-0.04915711283683777,-0.13420790433883667,-0.03294438123703003,-0.1997889280319214,-0.022804826498031616,-0.2498137354850769,-0.03527510166168213,-0.1755657196044922,-0.0505291223526001,-0.2477738857269287,-0.059130847454071045,-0.2956182360649109,-0.06601974368095398,-0.3377147316932678,0.0013456344604492188,-0.17314982414245605,0.007726073265075684,-0.24559754133224487,0.014518678188323975,-0.29683202505111694,0.022336900234222412,-0.3391186594963074,0.03387099504470825,-0.15369880199432373,0.025447726249694824,-0.18022894859313965,0.008850157260894775,-0.12874871492385864,0.0007606148719787598,-0.08686649799346924,0.06372851133346558,-0.1279732584953308,0.05571901798248291,-0.1612609624862671,0.03246361017227173,-0.13840734958648682,0.014700591564178467,-0.11480993032455444
0.0,0.0,-0.041895538568496704,-0.05244702100753784,-0.0516451895236969,-0.13384497165679932,-0.034552037715911865,-0.2009778618812561,-0.02354004979133606,-0.25086861848831177,-0.037694334983825684,-0.17394113540649414,-0.05186259746551514,-0.24758970737457275,-0.06030672788619995,-0.2952336072921753,-0.06758278608322144,-0.3369925618171692,-0.0009710192680358887,-0.1714574098587036,0.006316959857940674,-0.24639344215393066,0.012545347213745117,-0.2976032495498657,0.019870281219482422,-0.3400302529335022,0.031426846981048584,-0.15237993001937866,0.024860501289367676,-0.18013441562652588,0.007543623447418213,-0.12905240058898926,-0.0008257627487182617,-0.0882534384727478,0.06110846996307373,-0.12756699323654175,0.0539434552192688,-0.16192591190338135,0.03171133995056152,-0.13769763708114624,0.015518724918365479,-0.1134156584739685
0.0,0.0,-0.04075631499290466,-0.057727932929992676,-0.04942137002944946,-0.13769912719726562,-0.03218400478363037,-0.2028571367263794,-0.021371424198150635,-0.25269609689712524,-0.03601604700088501,-0.17769747972488403,-0.05012279748916626,-0.2504381537437439,-0.058469295501708984,-0.29788482189178467,-0.0654374361038208,-0.33991116285324097,0.000650942325592041,-0.17541581392288208,0.006262421607971191,-0.24680721759796143,0.011510252952575684,-0.2976822853088379,0.018315553665161133,-0.3406004309654236,0.03347378969192505,-0.15647447109222412,0.02421039342880249,-0.18138855695724487,0.006843984127044678,-0.1313067078590393,-0.000897824764251709,-0.09061861038208008,0.06301331520080566,-0.13158118724822998,0.05353623628616333,-0.16316914558410645,0.030812382698059082,-0.1405344009399414,0.015280544757843018,-0.11792445182800293
0.0,0.0,-0.03994625806808472,-0.055904269218444824,-0.04815998673439026,-0.13617491722106934,-0.03017488121986389,-0.20169395208358765,-0.018870234489440918,-0.25138282775878906,-0.033599138259887695,-0.17707502841949463,-0.047485947608947754,-0.2508787512779236,-0.05514487624168396,-0.29845917224884033,-0.06181487441062927,-0.3404085636138916,0.002888798713684082,-0.17394006252288818,0.00873875617980957,-0.24728620052337646,0.013526618480682373,-0.2977941036224365,0.019486427307128906,-0.3405541181564331,0.03543490171432495,-0.1545621156692505,0.026471614837646484,-0.1822509765625,0.008938729763031006,-0.13048338890075684,0.0006934404373168945,-0.08919960260391235,0.06553494930267334,-0.12988388538360596,0.05602031946182251,-0.16186445951461792,0.031580567359924316,-0.13972949981689453,0.014083683490753174,-0.11857873201370239
0.0,0.0,-0.040518879890441895,-0.056621253490448,-0.04872649908065796,-0.13795709609985352,-0.031407833099365234,-0.2038852572441101,-0.020272433757781982,-0.2537199854850769,-0.03383779525756836,-0.1777171492576599,-0.047617107629776,-0.25208306312561035,-0.05565938353538513,-0.30034375190734863,-0.06233283877372742,-0.3425891399383545,0.00264132022857666,-0.17441296577453613,0.008058011531829834,-0.24710601568222046,0.012400329113006592,-0.2981533408164978,0.018349945545196533,-0.34109723567962646,0.03509622812271118,-0.1548764705657959,0.02690190076828003,-0.18301546573638916,0.009253859519958496,-0.13290101289749146,0.000620722770690918,-0.09203320741653442,0.06529611349105835,-0.13063597679138184,0.05771958827972412,-0.16552793979644775,0.03454244136810303,-0.1431797742843628,0.017827510833740234,-0.12015122175216675
0.0,0.0,-0.04121679067611694,-0.05776941776275635,-0.049405813217163086,-0.13882851600646973,-0.03139027953147888,-0.20463120937347412,-0.01881241798400879,-0.25355392694473267,-0.03410816192626953,-0.17926228046417236,-0.04757314920425415,-0.2532193660736084,-0.055312156677246094,-0.30111217498779297,-0.062025368213653564,-0.34358471632003784,0.002237856388092041,-0.1756564974784851,0.007692098617553711,-0.248454749584198,0.012036740779876709,-0.29913443326950073,0.0179750919342041,-0.3420294523239136,0.03471142053604126,-0.15568560361862183,0.026830434799194336,-0.18389445543289185,0.00822901725769043,-0.13303393125534058,-0.0011667609214782715,-0.09166431427001953,0.06495672464370728,-0.13037866353988647,0.0580211877822876,-0.1650022268295288,0.03390824794769287,-0.14361578226089478,0.015985310077667236,-0.1214529275894165
0.0,0.0,-0.04057133197784424,-0.05658787488937378,-0.049524396657943726,-0.13801157474517822,-0.03208315372467041,-0.20412439107894897,-0.019024431705474854,-0.2539651393890381,-0.033064842224121094,-0.1784067153930664,-0.04663488268852234,-0.253262996673584,-0.05407819151878357,-0.3015669584274292,-0.06071630120277405,-0.3441649079322815,0.003177344799041748,-0.1745821237564087,0.009276092052459717,-0.24808043241500854,0.013702213764190674,-0.2988849878311157,0.019172847270965576,-0.3417995572090149,0.03554129600524902,-0.15456271171569824,0.026261448860168457,-0.18268465995788574,0.008278131484985352,-0.13119077682495117,-0.0007398724555969238,-0.08972054719924927,0.06577086448669434,-0.12923908233642578,0.05830812454223633,-0.1631256341934204,0.034397780895233154,-0.1415708065032959,0.016600072383880615,-0.11982095241546631
0.0,0.0,-0.041368305683135986,-0.05498838424682617,-0.05009746551513672,-0.13665038347244263,-0.03240785002708435,-0.20437371730804443,-0.020681917667388916,-0.2560107111930847,-0.03569668531417847,-0.17930233478546143,-0.04862663149833679,-0.25392061471939087,-0.05575472116470337,-0.30251049995422363,-0.061755239963531494,-0.3451780080795288,0.0008442401885986328,-0.17472398281097412,0.007335543632507324,-0.2486291527748108,0.011475861072540283,-0.2994447946548462,0.017222106456756592,-0.34228724241256714,0.03317594528198242,-0.1543726921081543,0.02650672197341919,-0.1841740608215332,0.007176756858825684,-0.13304752111434937,-0.00255584716796875,-0.0922124981880188,0.0634109377861023,-0.12936484813690186,0.05776923894882202,-0.16697579622268677,0.034533143043518066,-0.14553779363632202,0.017734408378601074,-0.12371790409088135
0.0,0.0,-0.04031440615653992,-0.05721414089202881,-0.0488743782043457,-0.14030438661575317,-0.0319996178150177,-0.20789486169815063,-0.021094083786010742,-0.259105384349823,-0.034533947706222534,-0.18056970834732056,-0.048221200704574585,-0.2558631896972656,-0.05556297302246094,-0.3036591410636902,-0.0617392361164093,-0.34612351655960083,0.0019446611404418945,-0.1765071153640747,0.008051037788391113,-0.25061970949172974,0.01297682523727417,-0.301119327545166,0.01878899335861206,-0.3438461422920227,0.03438693284988403,-0.15584003925323486,0.027988433837890625,-0.1853073239326477,0.009374797344207764,-0.1360909342765808,-0.0007064342498779297,-0.09523159265518188,0.06428450345993042,-0.12985557317733765,0.05752074718475342,-0.1620938777923584,0.032621920108795166,-0.1404239535331726,0.013885021209716797,-0.1183057427406311
0.0,0.0,-0.040408968925476074,-0.05599778890609741,-0.049394577741622925,-0.13889652490615845,-0.033038973808288574,-0.20541006326675415,-0.021652519702911377,-0.2553858757019043,-0.0352499783039093,-0.18011564016342163,-0.04842427372932434,-0.2540375590324402,-0.055403172969818115,-0.30139273405075073,-0.06174477934837341,-0.3435533046722412,0.0007814168930053711,-0.1758686900138855,0.00680088996887207,-0.24728286266326904,0.012215256690979004,-0.29770874977111816,0.0182875394821167,-0.3410450220108032,0.03307873010635376,-0.15629547834396362,0.02574688196182251,-0.18343669176101685,0.008044600486755371,-0.13326096534729004,-0.0017037391662597656,-0.09277963638305664,0.06328630447387695,-0.1322193741798401,0.05496978759765625,-0.16261863708496094,0.03125375509262085,-0.1416001319885254,0.013395249843597412,-0.12107402086257935
0.0,0.0,-0.03967896103858948,-0.06051015853881836,-0.04750877618789673,-0.14093941450119019,-0.0292530357837677,-0.20675748586654663,-0.01777172088623047,-0.2578573226928711,-0.03243952989578247,-0.18179720640182495,-0.044862717390060425,-0.25634175539016724,-0.05192956328392029,-0.3043139576911926,-0.0585656464099884,-0.3469027876853943,0.004474639892578125,-0.17706537246704102,0.012019097805023193,-0.24993109703063965,0.016512155532836914,-0.30105656385421753,0.021817326545715332,-0.34435731172561646,0.037250518798828125,-0.15569305419921875,0.02865666151046753,-0.1834622025489807,0.009665906429290771,-0.13317805528640747,0.00015932321548461914,-0.09103119373321533,0.06725257635116577,-0.12827980518341064,0.061574459075927734,-0.16477465629577637,0.03864985704421997,-0.14679110050201416,0.021600306034088135,-0.1255486011505127
0.0,0.0,-0.04095447063446045,-0.0569269061088562,-0.048436760902404785,-0.14007407426834106,-0.029856622219085693,-0.2070409059524536,-0.018413960933685303,-0.2585570812225342,-0.033231258392333984,-0.18094897270202637,-0.04571327567100525,-0.25599271059036255,-0.052354514598846436,-0.30439549684524536,-0.05816996097564697,-0.34725844860076904,0.003631889820098877,-0.17649662494659424,0.010498344898223877,-0.24746161699295044,0.015643000602722168,-0.2981628179550171,0.02193659543991089,-0.34107309579849243,0.0362018346786499,-0.15631639957427979,0.027439355850219727,-0.18335813283920288,0.008152663707733154,-0.13125813007354736,-0.0011200904846191406,-0.09041345119476318,0.06627142429351807,-0.13119208812713623,0.057323336601257324,-0.16372394561767578,0.03339129686355591,-0.13861465454101562,0.01753324270248413,-0.1151583194732666
0.0,0.0,-0.041680753231048584,-0.05865442752838135,-0.04907238483428955,-0.14234888553619385,-0.03006809949874878,-0.20947325229644775,-0.019489765167236328,-0.26179587841033936,-0.0334470272064209,-0.18432199954986572,-0.045774489641189575,-0.25938183069229126,-0.052144259214401245,-0.30767983198165894,-0.05757206678390503,-0.350974440574646,0.003828585147857666,-0.17888468503952026,0.010755956172943115,-0.25046372413635254,0.016313016414642334,-0.30179762840270996,0.022726714611053467,-0.3450009226799011,0.03632533550262451,-0.15754234790802002,0.028368830680847168,-0.18650245666503906,0.00889962911605835,-0.13433915376663208,-0.0016554594039916992,-0.09184801578521729,0.06649583578109741,-0.13131052255630493,0.06044447422027588,-0.16696715354919434,0.03602755069732666,-0.14294683933258057,0.01786625385284424,-0.11829817295074463
0.0,0.0,-0.04108116030693054,-0.06190139055252075,-0.04874080419540405,-0.14202582836151123,-0.03041362762451172,-0.20878779888153076,-0.019279181957244873,-0.2607627511024475,-0.033007293939590454,-0.18376272916793823,-0.04526689648628235,-0.2606755495071411,-0.051452696323394775,-0.3094366788864136,-0.056775063276290894,-0.3525882363319397,0.003635585308074951,-0.1776403784751892,0.010897040367126465,-0.2490696907043457,0.016983211040496826,-0.30065613985061646,0.023915588855743408,-0.3440338373184204,0.03555220365524292,-0.15558016300201416,0.03064829111099243,-0.18602979183197021,0.010023891925811768,-0.13599169254302979,-0.0023905038833618164,-0.09426093101501465,0.06556761264801025,-0.1284012794494629,0.06381696462631226,-0.16463077068328857,0.03989225625991821,-0.1466386318206787,0.020336449146270752,-0.12608641386032104
0.0,0.0,-0.04036650061607361,-0.062070250511169434,-0.047810256481170654,-0.14271163940429688,-0.029238730669021606,-0.20841878652572632,-0.017955541610717773,-0.26001882553100586,-0.03206053376197815,-0.18368524312973022,-0.04409414529800415,-0.25978022813796997,-0.049939870834350586,-0.308649480342865,-0.05500686168670654,-0.3519855737686157,0.004946470260620117,-0.17716026306152344,0.013360559940338135,-0.24908030033111572,0.018902897834777832,-0.3007342219352722,0.025448918342590332,-0.3439074754714966,0.03735661506652832,-0.15432745218276978,0.031368374824523926,-0.18314296007156372,0.010456860065460205,-0.13124620914459229,-0.0013564229011535645,-0.0890551209449768,0.0677613615989685,-0.12557858228683472,0.06609725952148438,-0.16332918405532837,0.042091190814971924,-0.14546817541122437,0.02260911464691162,-0.1254478096961975
0.0,0.0,-0.04135388135910034,-0.0633893609046936,-0.04870051145553589,-0.14411109685897827,-0.029561400413513184,-0.2107723355293274,-0.016848087310791016,-0.2624291777610779,-0.03163743019104004,-0.1851300597190857,-0.0434546172618866,-0.26213258504867554,-0.04942589998245239,-0.31143295764923096,-0.05424496531486511,-0.3555241823196411,0.005569279193878174,-0.17851263284683228,0.013702094554901123,-0.2503819465637207,0.02051764726638794,-0.30221879482269287,0.027773916721343994,-0.34540724754333496,0.0380406379699707,-0.15573614835739136,0.031828105449676514,-0.18712353706359863,0.011369466781616211,-0.13407498598098755,-0.0007783174514770508,-0.09016746282577515,0.06862229108810425,-0.12804275751113892,0.0665363073348999,-0.1669885516166687,0.04307824373245239,-0.14645600318908691,0.023924648761749268,-0.12361085414886475
0.0,0.0,-0.04102295637130737,-0.06259971857070923,-0.04843693971633911,-0.14457595348358154,-0.02939707040786743,-0.2114856243133545,-0.01777637004852295,-0.2639259099960327,-0.032327234745025635,-0.18837648630142212,-0.04469090700149536,-0.2647600769996643,-0.05095267295837402,-0.31375712156295776,-0.05650988221168518,-0.35808229446411133,0.005200743675231934,-0.18220239877700806,0.013890624046325684,-0.2535333037376404,0.020441532135009766,-0.3044741153717041,0.027542412281036377,-0.34870636463165283,0.038454413414001465,-0.1595778465270996,0.03149139881134033,-0.18822938203811646,0.01095515489578247,-0.1363523006439209,-0.0003574490547180176,-0.09515297412872314,0.06964975595474243,-0.13083285093307495,0.06479012966156006,-0.16622090339660645,0.040686964988708496,-0.14393001794815063,0.022491931915283203,-0.12121868133544922
0.0,0.0,-0.04185307025909424,-0.06258970499038696,-0.050386518239974976,-0.14303308725357056,-0.03159800171852112,-0.2121349573135376,-0.02078014612197876,-0.26481133699417114,-0.03659364581108093,-0.18816423416137695,-0.04831963777542114,-0.2647123336791992,-0.05464690923690796,-0.3125959038734436,-0.05979788303375244,-0.35635489225387573,0.0010967850685119629,-0.18320631980895996,0.009337544441223145,-0.2543376088142395,0.01591622829437256,-0.3057050108909607,0.02391517162322998,-0.34945666790008545,0.03427755832672119,-0.16125458478927612,0.03109508752822876,-0.18874740600585938,0.009480059146881104,-0.1375409960746765,-0.0030952095985412598,-0.09717994928359985,0.06537431478500366,-0.13358372449874878,0.06295013427734375,-0.16840434074401855,0.0400199294090271,-0.14408951997756958,0.022707104682922363,-0.12008923292160034
0.0,0.0,-0.04035156965255737,-0.061788201332092285,-0.04799690842628479,-0.1420760154724121,-0.029370903968811035,-0.2082614302635193,-0.0180547833442688,-0.2594220042228699,-0.03292134404182434,-0.1856628656387329,-0.04492393136024475,-0.26181453466415405,-0.05120265483856201,-0.31004929542541504,-0.05643945932388306,-0.3530147671699524,0.0045204758644104,-0.18005073070526123,0.013398289680480957,-0.25188952684402466,0.019901812076568604,-0.30282098054885864,0.027449071407318115,-0.345683217048645,0.03749191761016846,-0.15782755613327026,0.03242534399032593,-0.18472260236740112,0.011851131916046143,-0.13275718688964844,0.00024825334548950195,-0.0912289023399353,0.06814330816268921,-0.12955981492996216,0.06429558992385864,-0.1633758544921875,0.041420698165893555,-0.13958454132080078,0.024544119834899902,-0.11577540636062622
0.0,0.0,-0.04280748963356018,-0.05998116731643677,-0.052445828914642334,-0.14549916982650757,-0.034044623374938965,-0.2133135199546814,-0.02108001708984375,-0.2661018371582031,-0.035896122455596924,-0.19085156917572021,-0.04863807559013367,-0.26698434352874756,-0.05580192804336548,-0.3158853054046631,-0.061802417039871216,-0.3597952127456665,0.002544581890106201,-0.1846417784690857,0.008859753608703613,-0.25526899099349976,0.014727890491485596,-0.306998074054718,0.02158498764038086,-0.3510107398033142,0.036652207374572754,-0.16328132152557373,0.02631378173828125,-0.18598604202270508,0.005644440650939941,-0.13252466917037964,-0.005392670631408691,-0.08958560228347778,0.06847041845321655,-0.13716107606887817,0.062056124210357666,-0.17130589485168457,0.03804820775985718,-0.14700573682785034,0.020545542240142822,-0.1214672327041626
