0.0,0.0,-0.04982709884643555,-0.0050844550132751465,-0.10599559545516968,-0.041230857372283936,-0.14507585763931274,-0.06933420896530151,-0.1798010915517807,-0.09369707107543945,-0.07833912968635559,-0.16789507865905762,-0.08866271376609802,-0.2470685839653015,-0.09619250893592834,-0.3035348653793335,-0.10418111085891724,-0.3511926531791687,-0.03305882215499878,-0.18531471490859985,-0.04020118713378906,-0.1837632656097412,-0.04192906618118286,-0.10929101705551147,-0.04438316822052002,-0.06186598539352417,0.011284977197647095,-0.17931455373764038,0.0024043619632720947,-0.1423935890197754,-0.001798182725906372,-0.07286292314529419,-0.007925719022750854,-0.0354730486869812,0.05221247673034668,-0.15932810306549072,0.04420700669288635,-0.12654906511306763,0.03529435396194458,-0.0696975588798523,0.026266276836395264,-0.04174351692199707
0.0,0.0,-0.06209719181060791,-0.035841166973114014,-0.11020076274871826,-0.07969695329666138,-0.1554608941078186,-0.11620187759399414,-0.1921519637107849,-0.12976104021072388,-0.0755302906036377,-0.17321640253067017,-0.08301076292991638,-0.25641435384750366,-0.0859312117099762,-0.3024156987667084,-0.0877179503440857,-0.3464001417160034,-0.040205955505371094,-0.17488384246826172,-0.03791874647140503,-0.21273857355117798,-0.03821262717247009,-0.15146785974502563,-0.037682533264160156,-0.10937070846557617,-0.005287259817123413,-0.16423577070236206,-0.004186451435089111,-0.18503797054290771,-0.012132614850997925,-0.1286582350730896,-0.016860008239746094,-0.09391051530838013,0.02665489912033081,-0.14361995458602905,0.030176490545272827,-0.1719912886619568,0.014518797397613525,-0.1327841877937317,0.004601955413818359,-0.10543227195739746
0.0,0.0,-0.06233090162277222,-0.03498488664627075,-0.10963129997253418,-0.07617884874343872,-0.15041279792785645,-0.11146718263626099,-0.1838538944721222,-0.12345260381698608,-0.07208466529846191,-0.16199761629104614,-0.08292186260223389,-0.23604580760002136,-0.08773595094680786,-0.27769890427589417,-0.09026816487312317,-0.31677383184432983,-0.04057398438453674,-0.16481143236160278,-0.04129219055175781,-0.20502406358718872,-0.04283878207206726,-0.14846652746200562,-0.04120674729347229,-0.10339969396591187,-0.009621798992156982,-0.15602880716323853,-0.010844826698303223,-0.180326908826828,-0.017507731914520264,-0.12771695852279663,-0.01937919855117798,-0.09023326635360718,0.02032327651977539,-0.13780754804611206,0.022038012742996216,-0.17297330498695374,0.008707880973815918,-0.1432201862335205,0.002437382936477661,-0.11751776933670044
0.0,0.0,-0.06005546450614929,-0.03534632921218872,-0.10745328664779663,-0.0772513747215271,-0.15100038051605225,-0.11047428846359253,-0.1865631341934204,-0.12013334035873413,-0.07110273838043213,-0.16181933879852295,-0.08231401443481445,-0.2369937300682068,-0.08759316802024841,-0.27989497780799866,-0.09005391597747803,-0.3201925754547119,-0.04050123691558838,-0.1650233268737793,-0.04090571403503418,-0.20369786024093628,-0.04041507840156555,-0.14384400844573975,-0.03733322024345398,-0.09795260429382324,-0.008662372827529907,-0.15645509958267212,-0.009871959686279297,-0.18088951706886292,-0.015035420656204224,-0.12586522102355957,-0.016338258981704712,-0.08899307250976562,0.02119314670562744,-0.13695800304412842,0.023623764514923096,-0.17353284358978271,0.010063737630844116,-0.14130645990371704,0.003912776708602905,-0.11548775434494019
0.0,0.0,-0.06248962879180908,-0.03369307518005371,-0.10905563831329346,-0.07075589895248413,-0.15536874532699585,-0.09828841686248779,-0.19218304753303528,-0.10440939664840698,-0.07645449042320251,-0.1562873125076294,-0.09098628163337708,-0.2294982671737671,-0.0986948311328888,-0.27245402336120605,-0.10311013460159302,-0.3131977915763855,-0.046645015478134155,-0.16150259971618652,-0.04698914289474487,-0.20172014832496643,-0.04528120160102844,-0.14252424240112305,-0.04188397526741028,-0.09685224294662476,-0.014445066452026367,-0.15446949005126953,-0.015241742134094238,-0.17988628149032593,-0.019810348749160767,-0.1260911226272583,-0.021000325679779053,-0.08933645486831665,0.014832794666290283,-0.13522976636886597,0.01827213168144226,-0.17240256071090698,0.004824399948120117,-0.14140665531158447,-0.0009982287883758545,-0.11540818214416504
0.0,0.0,-0.06265011429786682,-0.0325169563293457,-0.11032325029373169,-0.06807869672775269,-0.15808165073394775,-0.09568578004837036,-0.19580963253974915,-0.1020854115486145,-0.0785132348537445,-0.1566048264503479,-0.09312525391578674,-0.22931507229804993,-0.10131314396858215,-0.271329402923584,-0.1058555543422699,-0.31204110383987427,-0.047857314348220825,-0.16311216354370117,-0.04749438166618347,-0.20278644561767578,-0.044647276401519775,-0.14274126291275024,-0.040032655000686646,-0.0983549952507019,-0.015023648738861084,-0.15640825033187866,-0.01573258638381958,-0.18058142066001892,-0.019353240728378296,-0.12427884340286255,-0.020187556743621826,-0.08928519487380981,0.0147133469581604,-0.1373828649520874,0.018209069967269897,-0.17199069261550903,0.00474962592124939,-0.136177659034729,-0.0018437206745147705,-0.11032021045684814
0.0,0.0,-0.06149187684059143,-0.033682167530059814,-0.10926756262779236,-0.07058638334274292,-0.15364080667495728,-0.1002768874168396,-0.1904735565185547,-0.10846030712127686,-0.0755918025970459,-0.15833276510238647,-0.08976146578788757,-0.23082351684570312,-0.09690031409263611,-0.2727435231208801,-0.10077077150344849,-0.3129081428050995,-0.044693708419799805,-0.16324448585510254,-0.04386445879936218,-0.20501402020454407,-0.04295128583908081,-0.14428246021270752,-0.04000478982925415,-0.09808802604675293,-0.012452304363250732,-0.15534573793411255,-0.01325911283493042,-0.18129342794418335,-0.01793310046195984,-0.12422984838485718,-0.019336044788360596,-0.08749961853027344,0.017498373985290527,-0.13616865873336792,0.019394755363464355,-0.1731981635093689,0.006284117698669434,-0.1383538842201233,-3.007054328918457e-05,-0.11204665899276733
0.0,0.0,-0.05904501676559448,-0.029303312301635742,-0.10806310176849365,-0.0687098503112793,-0.15084397792816162,-0.10117709636688232,-0.18761137127876282,-0.11042267084121704,-0.07546186447143555,-0.16090774536132812,-0.08933138847351074,-0.23313474655151367,-0.09592130780220032,-0.2743118405342102,-0.09897476434707642,-0.31434446573257446,-0.04374748468399048,-0.16532668471336365,-0.04128670692443848,-0.20525085926055908,-0.03977036476135254,-0.14628881216049194,-0.03645944595336914,-0.10201090574264526,-0.010999143123626709,-0.15699052810668945,-0.01178044080734253,-0.179695725440979,-0.015652507543563843,-0.12447404861450195,-0.016444474458694458,-0.08960938453674316,0.019093751907348633,-0.13744527101516724,0.02153700590133667,-0.16991597414016724,0.008238941431045532,-0.13427287340164185,0.0016927719116210938,-0.10858386754989624
0.0,0.0,-0.055507123470306396,-0.02795565128326416,-0.10271945595741272,-0.06868338584899902,-0.1459258794784546,-0.10042417049407959,-0.1820841133594513,-0.1119534969329834,-0.07152923941612244,-0.153363436460495,-0.082196444272995,-0.22411853075027466,-0.087319016456604,-0.2656780481338501,-0.08960503339767456,-0.3053237795829773,-0.039612144231796265,-0.15506500005722046,-0.03530573844909668,-0.2005079984664917,-0.036747753620147705,-0.1439371407032013,-0.036181747913360596,-0.09967654943466187,-0.008178412914276123,-0.14572706818580627,-0.0057134926319122314,-0.1700294017791748,-0.01260325312614441,-0.1163681149482727,-0.01571628451347351,-0.07974034547805786,0.021094709634780884,-0.12850064039230347,0.024513155221939087,-0.16040495038032532,0.012503296136856079,-0.1289616823196411,0.00536075234413147,-0.10273712873458862
0.0,0.0,-0.05546751618385315,-0.03262239694595337,-0.10111033916473389,-0.0738036036491394,-0.1469784677028656,-0.10566586256027222,-0.18328818678855896,-0.11449819803237915,-0.07122448086738586,-0.15445229411125183,-0.08304861187934875,-0.2259942591190338,-0.08879342675209045,-0.2672346532344818,-0.09143343567848206,-0.3069423735141754,-0.040217846632003784,-0.15738606452941895,-0.03620794415473938,-0.2019328773021698,-0.036195337772369385,-0.14470162987709045,-0.03571358323097229,-0.10117512941360474,-0.008744210004806519,-0.1485837697982788,-0.006820052862167358,-0.17373859882354736,-0.012618780136108398,-0.12126296758651733,-0.015711158514022827,-0.08562535047531128,0.019595175981521606,-0.13029828667640686,0.02372726798057556,-0.16369518637657166,0.011935502290725708,-0.1346333622932434,0.005651384592056274,-0.11068642139434814
0.0,0.0,-0.056725502014160156,-0.03736138343811035,-0.10055467486381531,-0.07670235633850098,-0.14623749256134033,-0.10904878377914429,-0.18151023983955383,-0.11886772513389587,-0.07067415118217468,-0.1547648310661316,-0.08041936159133911,-0.22534453868865967,-0.08489462733268738,-0.26596158742904663,-0.08741822838783264,-0.3047965466976166,-0.04018521308898926,-0.15850776433944702,-0.036913126707077026,-0.1961774230003357,-0.037231892347335815,-0.14292162656784058,-0.03735768795013428,-0.10397779941558838,-0.008548825979232788,-0.1498071849346161,-0.006013989448547363,-0.17279642820358276,-0.01274225115776062,-0.12621265649795532,-0.01792764663696289,-0.09388065338134766,0.018511980772018433,-0.13008904457092285,0.025397896766662598,-0.15910297632217407,0.010236144065856934,-0.13017147779464722,0.0008512735366821289,-0.10623133182525635
0.0,0.0,-0.05436676740646362,-0.03497737646102905,-0.09846138954162598,-0.0749380886554718,-0.1395282745361328,-0.10592004656791687,-0.17189306020736694,-0.1116502583026886,-0.06276202201843262,-0.15177121758460999,-0.07042214274406433,-0.21997278928756714,-0.07327428460121155,-0.25931674242019653,-0.07433503866195679,-0.29628822207450867,-0.033399343490600586,-0.15426337718963623,-0.033668309450149536,-0.1891072392463684,-0.034686654806137085,-0.13538625836372375,-0.033240169286727905,-0.09502315521240234,-0.003549039363861084,-0.14600566029548645,-0.004541337490081787,-0.16861605644226074,-0.010894864797592163,-0.11886578798294067,-0.01353919506072998,-0.08528169989585876,0.02420520782470703,-0.1281587779521942,0.027641862630844116,-0.15985089540481567,0.013948619365692139,-0.13142311573028564,0.0066640377044677734,-0.10811647772789001
0.0,0.0,-0.056060850620269775,-0.029542922973632812,-0.10555586218833923,-0.07566994428634644,-0.14548081159591675,-0.10726678371429443,-0.17949634790420532,-0.11480569839477539,-0.06388553977012634,-0.15997236967086792,-0.0713643729686737,-0.22979450225830078,-0.07460260391235352,-0.2737959027290344,-0.07683265209197998,-0.3119080662727356,-0.03169029951095581,-0.16080242395401,-0.038096457719802856,-0.19997483491897583,-0.03922116756439209,-0.14101842045783997,-0.03680536150932312,-0.09371846914291382,4.0471553802490234e-05,-0.15164321660995483,-0.00797945261001587,-0.17304116487503052,-0.013882875442504883,-0.11590221524238586,-0.015222638845443726,-0.07688534259796143,0.03192025423049927,-0.1340905725955963,0.026035070419311523,-0.1656874418258667,0.012053996324539185,-0.13199889659881592,0.004830896854400635,-0.10473799705505371
0.0,0.0,-0.06435823440551758,-0.03615748882293701,-0.10951873660087585,-0.07600808143615723,-0.14590835571289062,-0.11240029335021973,-0.17592397332191467,-0.12347882986068726,-0.06740084290504456,-0.16365081071853638,-0.0750817358493805,-0.23345184326171875,-0.07750505208969116,-0.2735995650291443,-0.07890832424163818,-0.3102971315383911,-0.03732055425643921,-0.16734907031059265,-0.04257342219352722,-0.20663747191429138,-0.04249510169029236,-0.14630219340324402,-0.03940430283546448,-0.10168969631195068,-0.006573379039764404,-0.15824279189109802,-0.01419791579246521,-0.18300434947013855,-0.019659698009490967,-0.12395912408828735,-0.019917726516723633,-0.09331488609313965,0.02451440691947937,-0.13682317733764648,0.021825045347213745,-0.16829252243041992,0.006165623664855957,-0.12967687845230103,-8.112192153930664e-05,-0.10839295387268066
0.0,0.0,-0.06617230176925659,-0.038057684898376465,-0.10932469367980957,-0.07700592279434204,-0.14677444100379944,-0.11059540510177612,-0.17916131019592285,-0.11821359395980835,-0.06650581955909729,-0.1640884280204773,-0.07773590087890625,-0.23246151208877563,-0.08177366852760315,-0.27282434701919556,-0.08399444818496704,-0.3096296191215515,-0.03833651542663574,-0.16911926865577698,-0.04370853304862976,-0.21099764108657837,-0.043997228145599365,-0.14937341213226318,-0.04197436571121216,-0.09925544261932373,-0.007725268602371216,-0.16079604625701904,-0.01658526062965393,-0.18894028663635254,-0.021218210458755493,-0.1263546347618103,-0.02171236276626587,-0.09229403734207153,0.022348254919052124,-0.13937681913375854,0.019974499940872192,-0.17321863770484924,0.003994882106781006,-0.13415998220443726,-0.0017425715923309326,-0.11189538240432739
0.0,0.0,-0.05828097462654114,-0.028696537017822266,-0.10754814743995667,-0.06606787443161011,-0.1493520438671112,-0.0979304313659668,-0.18294861912727356,-0.10605919361114502,-0.06835231184959412,-0.16125094890594482,-0.08197659254074097,-0.23479688167572021,-0.0882154107093811,-0.2780582904815674,-0.09347221255302429,-0.31695032119750977,-0.03807315230369568,-0.16426348686218262,-0.047395944595336914,-0.19723179936408997,-0.044562965631484985,-0.13464868068695068,-0.039011359214782715,-0.08930730819702148,-0.0059455037117004395,-0.1564226746559143,-0.01644250750541687,-0.17752641439437866,-0.019144415855407715,-0.11694180965423584,-0.017772316932678223,-0.08075779676437378,0.026504218578338623,-0.13857251405715942,0.021406322717666626,-0.17224258184432983,0.006570249795913696,-0.13432466983795166,-0.00029206275939941406,-0.10754883289337158
0.0,0.0,-0.06524914503097534,-0.03780859708786011,-0.10969913005828857,-0.08040201663970947,-0.14895913004875183,-0.11734998226165771,-0.18361854553222656,-0.12868601083755493,-0.06820040941238403,-0.17100673913955688,-0.08099830150604248,-0.2487318217754364,-0.08654016256332397,-0.2939258813858032,-0.0904783308506012,-0.3352624475955963,-0.03810244798660278,-0.17259091138839722,-0.046673744916915894,-0.2102172076702118,-0.0452597439289093,-0.14389187097549438,-0.04019901156425476,-0.09573495388031006,-0.006519824266433716,-0.1628594994544983,-0.015545547008514404,-0.18997818231582642,-0.02040901780128479,-0.12562698125839233,-0.018547415733337402,-0.08996409177780151,0.026057034730911255,-0.14182037115097046,0.026452749967575073,-0.18264007568359375,0.009626269340515137,-0.1462571620941162,0.0029222965240478516,-0.12201470136642456
0.0,0.0,-0.06626418232917786,-0.03943902254104614,-0.1117444634437561,-0.08142954111099243,-0.1517774760723114,-0.12103790044784546,-0.18813535571098328,-0.132764995098114,-0.06975290179252625,-0.1730579137802124,-0.08423349261283875,-0.25426429510116577,-0.09004226326942444,-0.3015725314617157,-0.09535729885101318,-0.34371858835220337,-0.039959490299224854,-0.17442291975021362,-0.05020585656166077,-0.21284639835357666,-0.04750970005989075,-0.14552462100982666,-0.04181507229804993,-0.09524589776992798,-0.007680654525756836,-0.16519534587860107,-0.017746061086654663,-0.19247591495513916,-0.02148526906967163,-0.1272265911102295,-0.019879072904586792,-0.08839631080627441,0.02510225772857666,-0.1442623734474182,0.022299587726593018,-0.18341821432113647,0.006645172834396362,-0.14526969194412231,0.000696718692779541,-0.11901199817657471
0.0,0.0,-0.06487572193145752,-0.04078233242034912,-0.1088750958442688,-0.08535236120223999,-0.1468525528907776,-0.1252371072769165,-0.18268582224845886,-0.13937532901763916,-0.0662027895450592,-0.17612385749816895,-0.07937368750572205,-0.2580752670764923,-0.08451434969902039,-0.304743230342865,-0.08902820944786072,-0.3470412492752075,-0.03646162152290344,-0.17676210403442383,-0.04773494601249695,-0.21570885181427002,-0.04586690664291382,-0.14868491888046265,-0.03977245092391968,-0.09933483600616455,-0.00486484169960022,-0.1665859818458557,-0.01613163948059082,-0.19343358278274536,-0.02080950140953064,-0.12888741493225098,-0.01928851008415222,-0.09095120429992676,0.02776581048965454,-0.14523446559906006,0.02358195185661316,-0.18462246656417847,0.006448686122894287,-0.1467410922050476,-0.0005332529544830322,-0.11969113349914551
0.0,0.0,-0.06406170129776001,-0.03897988796234131,-0.10850229859352112,-0.08424514532089233,-0.14609283208847046,-0.1251819133758545,-0.18059393763542175,-0.13976895809173584,-0.06610620021820068,-0.17372643947601318,-0.07905596494674683,-0.2562539875507355,-0.08444181084632874,-0.3033450245857239,-0.08916938304901123,-0.3448943495750427,-0.03683355450630188,-0.17473572492599487,-0.04768180847167969,-0.21206623315811157,-0.04711979627609253,-0.14558982849121094,-0.04186210036277771,-0.09643638134002686,-0.0057319700717926025,-0.16531705856323242,-0.01620921492576599,-0.19081991910934448,-0.021915704011917114,-0.12798351049423218,-0.020581215620040894,-0.09070968627929688,0.02662542462348938,-0.14450806379318237,0.024808138608932495,-0.18266797065734863,0.0069997310638427734,-0.14630234241485596,-0.00038868188858032227,-0.11910194158554077
0.0,0.0,-0.062279969453811646,-0.03892010450363159,-0.10487085580825806,-0.08307194709777832,-0.14109796285629272,-0.1239316463470459,-0.17527228593826294,-0.13845860958099365,-0.06296652555465698,-0.1726374626159668,-0.07448703050613403,-0.2525298297405243,-0.07851019501686096,-0.29825133085250854,-0.0819183886051178,-0.3394860625267029,-0.03317224979400635,-0.17176884412765503,-0.042540550231933594,-0.2091141939163208,-0.04240602254867554,-0.14275866746902466,-0.03798261284828186,-0.09459638595581055,-0.0023873448371887207,-0.16089725494384766,-0.01134645938873291,-0.18797260522842407,-0.01787745952606201,-0.12420552968978882,-0.01786103844642639,-0.08654218912124634,0.02923533320426941,-0.139393150806427,0.028166264295578003,-0.17774903774261475,0.010552018880844116,-0.1420513391494751,0.0018991529941558838,-0.11634200811386108
0.0,0.0,-0.05992385745048523,-0.036724090576171875,-0.1040322482585907,-0.08604395389556885,-0.13867083191871643,-0.12983882427215576,-0.17169377207756042,-0.1432141661643982,-0.060478925704956055,-0.17426049709320068,-0.07226192951202393,-0.25373348593711853,-0.07658973336219788,-0.300800085067749,-0.08044704794883728,-0.3417263627052307,-0.030897408723831177,-0.17458397150039673,-0.04206547141075134,-0.2117118239402771,-0.04350253939628601,-0.14744776487350464,-0.039924174547195435,-0.09887063503265381,-0.00015082955360412598,-0.16473925113677979,-0.011491477489471436,-0.19059771299362183,-0.01860848069190979,-0.128578782081604,-0.01900199055671692,-0.09007960557937622,0.031462401151657104,-0.14374428987503052,0.026785224676132202,-0.17849260568618774,0.010098904371261597,-0.14308029413223267,0.002788752317428589,-0.11624819040298462
0.0,0.0,-0.0596257746219635,-0.03690755367279053,-0.10423240065574646,-0.0842447280883789,-0.14084666967391968,-0.12719416618347168,-0.17551857233047485,-0.13912439346313477,-0.05979281663894653,-0.1712867021560669,-0.07157498598098755,-0.2509874701499939,-0.07549124956130981,-0.2978057265281677,-0.07915964722633362,-0.33893445134162903,-0.02985137701034546,-0.17026472091674805,-0.0412483811378479,-0.20732051134109497,-0.041689783334732056,-0.1445642113685608,-0.03717803955078125,-0.0964810848236084,0.0011500120162963867,-0.15932124853134155,-0.010180473327636719,-0.18421167135238647,-0.016647636890411377,-0.12318086624145508,-0.016829311847686768,-0.08366942405700684,0.032895565032958984,-0.1383492350578308,0.028969645500183105,-0.17464911937713623,0.011841386556625366,-0.14208984375,0.0030691921710968018,-0.11446094512939453
0.0,0.0,-0.062439531087875366,-0.03860819339752197,-0.10560339689254761,-0.0846129059791565,-0.14096683263778687,-0.12715482711791992,-0.17393001914024353,-0.13991260528564453,-0.06105932593345642,-0.17190349102020264,-0.07333076000213623,-0.2519121468067169,-0.07759660482406616,-0.2989192008972168,-0.08109012246131897,-0.3398716449737549,-0.03192418813705444,-0.1721518635749817,-0.042650043964385986,-0.21064674854278564,-0.04293161630630493,-0.14662766456604004,-0.0392480194568634,-0.09640353918075562,-0.00122871994972229,-0.16170066595077515,-0.012017011642456055,-0.1882447600364685,-0.017890453338623047,-0.12639033794403076,-0.018256694078445435,-0.08797144889831543,0.03040289878845215,-0.13975000381469727,0.02823507785797119,-0.1761178970336914,0.01096498966217041,-0.14222413301467896,0.002638518810272217,-0.11631929874420166
0.0,0.0,-0.06243741512298584,-0.03973579406738281,-0.10319751501083374,-0.08463317155838013,-0.1365748941898346,-0.12775272130966187,-0.16792961955070496,-0.14768677949905396,-0.05797529220581055,-0.1685483455657959,-0.06736487150192261,-0.24480456113815308,-0.07069388031959534,-0.2892093360424042,-0.07297071814537048,-0.32853204011917114,-0.029170691967010498,-0.16714930534362793,-0.0366348922252655,-0.204329252243042,-0.039763182401657104,-0.14275366067886353,-0.03834107518196106,-0.09439492225646973,0.00023034214973449707,-0.15554368495941162,-0.008272767066955566,-0.182361900806427,-0.01674872636795044,-0.12377756834030151,-0.018211424350738525,-0.08629542589187622,0.030672281980514526,-0.133619487285614,0.031224817037582397,-0.17302602529525757,0.012699216604232788,-0.1441645622253418,0.002721071243286133,-0.12000823020935059
0.0,0.0,-0.05987870693206787,-0.04077744483947754,-0.10010042786598206,-0.08684992790222168,-0.13507074117660522,-0.1316075325012207,-0.16730740666389465,-0.15173518657684326,-0.05628526210784912,-0.17141330242156982,-0.06566634774208069,-0.24968832731246948,-0.06825819611549377,-0.2940704822540283,-0.07023131847381592,-0.333443284034729,-0.027968794107437134,-0.17116916179656982,-0.03659674525260925,-0.20781391859054565,-0.03825497627258301,-0.14493221044540405,-0.036042481660842896,-0.09781944751739502,0.0017850995063781738,-0.159759521484375,-0.0070465803146362305,-0.18495261669158936,-0.014467030763626099,-0.1244809627532959,-0.01604163646697998,-0.08834570646286011,0.03161942958831787,-0.13704454898834229,0.03017580509185791,-0.1702297329902649,0.012451976537704468,-0.13643664121627808,0.0038845837116241455,-0.1128578782081604
0.0,0.0,-0.05985572934150696,-0.040158987045288086,-0.10163930058479309,-0.08272320032119751,-0.13953939080238342,-0.12083518505096436,-0.1744922399520874,-0.12976109981536865,-0.05896642804145813,-0.16560959815979004,-0.07032012939453125,-0.24238860607147217,-0.07416269183158875,-0.2874950170516968,-0.07721105217933655,-0.32786667346954346,-0.030582547187805176,-0.16668349504470825,-0.03941607475280762,-0.20453810691833496,-0.040822118520736694,-0.14224791526794434,-0.03835281729698181,-0.0947185754776001,-0.0005657374858856201,-0.15587353706359863,-0.010963112115859985,-0.18119430541992188,-0.01777741312980652,-0.12103980779647827,-0.01847916841506958,-0.08520573377609253,0.029458671808242798,-0.13317573070526123,0.027151376008987427,-0.16659456491470337,0.00961238145828247,-0.13282757997512817,0.001756906509399414,-0.10919779539108276
0.0,0.0,-0.06369030475616455,-0.04084014892578125,-0.10695594549179077,-0.0821337103843689,-0.1463087499141693,-0.11678850650787354,-0.18160900473594666,-0.11995047330856323,-0.0653073787689209,-0.16509932279586792,-0.08471927046775818,-0.23782214522361755,-0.09461721777915955,-0.27878761291503906,-0.10308367013931274,-0.3160051107406616,-0.03656229376792908,-0.1686440110206604,-0.04645094275474548,-0.20729869604110718,-0.044259071350097656,-0.14654099941253662,-0.03973037004470825,-0.09929120540618896,-0.0054042041301727295,-0.15924978256225586,-0.017337560653686523,-0.18594986200332642,-0.0212116539478302,-0.12725520133972168,-0.020105183124542236,-0.09287625551223755,0.026256591081619263,-0.13717830181121826,0.024183720350265503,-0.17615234851837158,0.005803912878036499,-0.14330792427062988,-0.0031023919582366943,-0.11854654550552368
0.0,0.0,-0.06277629733085632,-0.04216068983078003,-0.10626041889190674,-0.08122944831848145,-0.14474385976791382,-0.11683148145675659,-0.17965248227119446,-0.12452495098114014,-0.06134200096130371,-0.16489416360855103,-0.07739758491516113,-0.24134504795074463,-0.08384788036346436,-0.28457581996917725,-0.08922979235649109,-0.3231567442417145,-0.03281262516975403,-0.16804546117782593,-0.040802717208862305,-0.20682406425476074,-0.03976452350616455,-0.14422428607940674,-0.036062419414520264,-0.09362983703613281,-0.0015631318092346191,-0.15810835361480713,-0.012279748916625977,-0.18162882328033447,-0.015591740608215332,-0.12002456188201904,-0.015181273221969604,-0.08562397956848145,0.0286484956741333,-0.13556790351867676,0.026011884212493896,-0.16715621948242188,0.009303569793701172,-0.1292896866798401,0.00210726261138916,-0.10612857341766357
0.0,0.0,-0.06275784969329834,-0.04611313343048096,-0.10392460227012634,-0.08835172653198242,-0.14134258031845093,-0.1274806261062622,-0.1760568916797638,-0.13771957159042358,-0.05706331133842468,-0.1724414825439453,-0.065405935049057,-0.24928492307662964,-0.06739068031311035,-0.2936602234840393,-0.06929752230644226,-0.33251264691352844,-0.028371155261993408,-0.17199194431304932,-0.03442701697349548,-0.21207928657531738,-0.037506669759750366,-0.1486709713935852,-0.03739503026008606,-0.09797364473342896,0.0019402503967285156,-0.15906602144241333,-0.0063780248165130615,-0.18540364503860474,-0.01403537392616272,-0.12388730049133301,-0.016118168830871582,-0.08747482299804688,0.031419336795806885,-0.13418740034103394,0.032783567905426025,-0.17099899053573608,0.014246642589569092,-0.13763606548309326,0.0050376057624816895,-0.11461329460144043
0.0,0.0,-0.06097149848937988,-0.0459480881690979,-0.10205450654029846,-0.09019815921783447,-0.13826483488082886,-0.13078057765960693,-0.1727791726589203,-0.14319157600402832,-0.05516257882118225,-0.17330527305603027,-0.06203004717826843,-0.25059786438941956,-0.06326156854629517,-0.2946357727050781,-0.06428077816963196,-0.33424854278564453,-0.025719046592712402,-0.172119140625,-0.0306510329246521,-0.21184301376342773,-0.03457826375961304,-0.14877736568450928,-0.03480878472328186,-0.09901231527328491,0.004296660423278809,-0.1585615873336792,-0.0032098889350891113,-0.18442344665527344,-0.01197168231010437,-0.12373530864715576,-0.014848083257675171,-0.08747702836990356,0.03378152847290039,-0.1334647536277771,0.03413558006286621,-0.1676386594772339,0.015795767307281494,-0.13419103622436523,0.006303548812866211,-0.11108517646789551
0.0,0.0,-0.05718684196472168,-0.043073177337646484,-0.09540790319442749,-0.09128332138061523,-0.1324005126953125,-0.13340353965759277,-0.16710707545280457,-0.14444714784622192,-0.05147799849510193,-0.17326116561889648,-0.05901649594306946,-0.2511650025844574,-0.060479938983917236,-0.29568982124328613,-0.06130284070968628,-0.3350251019001007,-0.023242056369781494,-0.17228692770004272,-0.03010663390159607,-0.2094796895980835,-0.03228849172592163,-0.14604711532592773,-0.03049638867378235,-0.09833985567092896,0.006687968969345093,-0.15912890434265137,-0.0011041462421417236,-0.18447166681289673,-0.009469389915466309,-0.12463265657424927,-0.011586248874664307,-0.08825820684432983,0.03548648953437805,-0.13412833213806152,0.03615710139274597,-0.1695374846458435,0.017825573682785034,-0.13665777444839478,0.00893491506576538,-0.11256211996078491
0.0,0.0,-0.055683255195617676,-0.038450658321380615,-0.09827637672424316,-0.08718127012252808,-0.13530319929122925,-0.12976139783859253,-0.170747309923172,-0.14186036586761475,-0.05345943570137024,-0.17152529954910278,-0.06132194399833679,-0.249551922082901,-0.06254768371582031,-0.29466307163238525,-0.0635603666305542,-0.3347451686859131,-0.02323681116104126,-0.17058992385864258,-0.03057873249053955,-0.20631176233291626,-0.03414726257324219,-0.1435091495513916,-0.03343561291694641,-0.09589254856109619,0.007426559925079346,-0.15843963623046875,-0.001901865005493164,-0.17995262145996094,-0.010439902544021606,-0.12076842784881592,-0.013000786304473877,-0.08316034078598022,0.03769412636756897,-0.13649451732635498,0.03398063778877258,-0.16552668809890747,0.016624480485916138,-0.13318467140197754,0.007736623287200928,-0.1089056134223938
0.0,0.0,-0.05842822790145874,-0.04248255491256714,-0.09933224320411682,-0.09169131517410278,-0.1357938051223755,-0.13563185930252075,-0.1712244153022766,-0.1503121256828308,-0.053038597106933594,-0.17639338970184326,-0.06104537844657898,-0.25613775849342346,-0.06262457370758057,-0.30162155628204346,-0.06352350115776062,-0.3426733613014221,-0.02376425266265869,-0.17504996061325073,-0.03106752038002014,-0.21217870712280273,-0.034077614545822144,-0.1470051407814026,-0.03258606791496277,-0.09922915697097778,0.006684422492980957,-0.16158950328826904,-0.002353191375732422,-0.18595349788665771,-0.01115262508392334,-0.12428420782089233,-0.013181447982788086,-0.08867770433425903,0.03666907548904419,-0.13689446449279785,0.034717023372650146,-0.1692655086517334,0.016398191452026367,-0.13456177711486816,0.008013337850570679,-0.11108988523483276
0.0,0.0,-0.05390256643295288,-0.03908848762512207,-0.09729662537574768,-0.08917087316513062,-0.1334362030029297,-0.132562518119812,-0.16707399487495422,-0.1500893235206604,-0.05067688226699829,-0.17270314693450928,-0.05757749080657959,-0.25075268745422363,-0.05898746848106384,-0.29532086849212646,-0.06033340096473694,-0.33593326807022095,-0.020103514194488525,-0.1703115701675415,-0.028456389904022217,-0.20605796575546265,-0.03316289186477661,-0.1425999402999878,-0.032362133264541626,-0.09687763452529907,0.010518193244934082,-0.15711921453475952,6.839632987976074e-05,-0.17933791875839233,-0.009333819150924683,-0.11902499198913574,-0.01113477349281311,-0.08185034990310669,0.040691256523132324,-0.13544291257858276,0.03487265110015869,-0.16510355472564697,0.01728588342666626,-0.13129204511642456,0.00931084156036377,-0.10693126916885376
0.0,0.0,-0.05763712525367737,-0.04122316837310791,-0.09856536984443665,-0.09099453687667847,-0.1330481767654419,-0.13681167364120483,-0.1658511459827423,-0.15545403957366943,-0.050023794174194336,-0.17463576793670654,-0.05768856406211853,-0.2529478073120117,-0.05852046608924866,-0.2983039617538452,-0.059018492698669434,-0.33851727843284607,-0.02059417963027954,-0.1732327938079834,-0.02913573384284973,-0.208146333694458,-0.032664954662323,-0.14369332790374756,-0.0317234992980957,-0.0959322452545166,0.009192138910293579,-0.15975427627563477,-0.0010653138160705566,-0.18142056465148926,-0.010230660438537598,-0.1207389235496521,-0.012277394533157349,-0.08524215221405029,0.039046913385391235,-0.13537073135375977,0.034767717123031616,-0.1646938920021057,0.016646355390548706,-0.1298871636390686,0.008454889059066772,-0.10663294792175293
0.0,0.0,-0.05420216917991638,-0.038353025913238525,-0.0973246693611145,-0.08869880437850952,-0.1324448585510254,-0.13341879844665527,-0.16471010446548462,-0.15267056226730347,-0.04920697212219238,-0.17243093252182007,-0.057278722524642944,-0.25088948011398315,-0.05865830183029175,-0.29636356234550476,-0.059690773487091064,-0.33666500449180603,-0.019227951765060425,-0.1699351668357849,-0.02907600998878479,-0.2036905288696289,-0.03231865167617798,-0.1402571201324463,-0.030177652835845947,-0.09363114833831787,0.011374294757843018,-0.1567690372467041,-0.0005241036415100098,-0.17722254991531372,-0.009387224912643433,-0.11711162328720093,-0.010866612195968628,-0.07914090156555176,0.041718900203704834,-0.13442152738571167,0.03509396314620972,-0.16197645664215088,0.017276346683502197,-0.128648042678833,0.009394258260726929,-0.10447138547897339
0.0,0.0,-0.056897878646850586,-0.04229080677032471,-0.09776538610458374,-0.09213238954544067,-0.13162922859191895,-0.1383070945739746,-0.16355395317077637,-0.15820711851119995,-0.04853221774101257,-0.1754271388053894,-0.05589050054550171,-0.2544456124305725,-0.056927770376205444,-0.2994273900985718,-0.057738691568374634,-0.3399927020072937,-0.019022703170776367,-0.17259925603866577,-0.027952343225479126,-0.208726704120636,-0.031516045331954956,-0.14340007305145264,-0.029831677675247192,-0.09591817855834961,0.01115959882736206,-0.1584247350692749,0.0009624958038330078,-0.18180471658706665,-0.009024858474731445,-0.12020540237426758,-0.011110007762908936,-0.08347058296203613,0.041337549686431885,-0.13393700122833252,0.0378459095954895,-0.1648111343383789,0.01851487159729004,-0.1307775378227234,0.009387850761413574,-0.10712528228759766
0.0,0.0,-0.055173516273498535,-0.04218292236328125,-0.09621328115463257,-0.09055817127227783,-0.128506600856781,-0.1367964744567871,-0.15861240029335022,-0.16060501337051392,-0.04551854729652405,-0.1727352738380432,-0.053054213523864746,-0.25026053190231323,-0.054082393646240234,-0.29511529207229614,-0.05505755543708801,-0.33546194434165955,-0.016532987356185913,-0.17061597108840942,-0.02600926160812378,-0.20483487844467163,-0.030794471502304077,-0.14261507987976074,-0.029984086751937866,-0.09604358673095703,0.01301756501197815,-0.1567019820213318,0.0015905797481536865,-0.17819052934646606,-0.008193671703338623,-0.11871993541717529,-0.010431766510009766,-0.082846999168396,0.042371541261672974,-0.1328379511833191,0.03705182671546936,-0.1625545620918274,0.018399208784103394,-0.1283499002456665,0.009996622800827026,-0.10479080677032471
0.0,0.0,-0.057526350021362305,-0.04642629623413086,-0.09574827551841736,-0.0971289873123169,-0.12863272428512573,-0.14644688367843628,-0.158599853515625,-0.17491430044174194,-0.04599088430404663,-0.17876338958740234,-0.053245753049850464,-0.25861823558807373,-0.05444779992103577,-0.3034331798553467,-0.054893821477890015,-0.34338676929473877,-0.01713135838508606,-0.17472600936889648,-0.024895399808883667,-0.21069777011871338,-0.02943354845046997,-0.14480191469192505,-0.02861204743385315,-0.09774577617645264,0.012423038482666016,-0.15891408920288086,0.004103899002075195,-0.18383097648620605,-0.0074592530727386475,-0.12195456027984619,-0.010419696569442749,-0.08808279037475586,0.04140639305114746,-0.1324262022972107,0.042300403118133545,-0.16599905490875244,0.020916104316711426,-0.1325048804283142,0.010167956352233887,-0.11087363958358765
0.0,0.0,-0.05700033903121948,-0.04596346616744995,-0.09552177786827087,-0.10007250308990479,-0.1261250078678131,-0.15211951732635498,-0.15699845552444458,-0.17922544479370117,-0.046354472637176514,-0.17798632383346558,-0.053040653467178345,-0.2575511634349823,-0.05399632453918457,-0.30239182710647583,-0.0549410879611969,-0.3425644636154175,-0.017425537109375,-0.17496442794799805,-0.02642822265625,-0.20997405052185059,-0.030571311712265015,-0.14583194255828857,-0.029332786798477173,-0.09925973415374756,0.012030035257339478,-0.16053169965744019,0.0022364258766174316,-0.18409395217895508,-0.007566720247268677,-0.12394589185714722,-0.009387612342834473,-0.08713525533676147,0.041641443967819214,-0.13534212112426758,0.03892800211906433,-0.16761267185211182,0.0204792320728302,-0.13388663530349731,0.012255698442459106,-0.10950440168380737
0.0,0.0,-0.05217495560646057,-0.037792861461639404,-0.09357121586799622,-0.09593141078948975,-0.12261068820953369,-0.14719325304031372,-0.15103203058242798,-0.17537301778793335,-0.044446855783462524,-0.17533326148986816,-0.05043625831604004,-0.25220730900764465,-0.051658570766448975,-0.29625213146209717,-0.05234110355377197,-0.3353463411331177,-0.013405084609985352,-0.16980665922164917,-0.023243963718414307,-0.20446115732192993,-0.02992948889732361,-0.1433119773864746,-0.029217272996902466,-0.09854668378829956,0.016575872898101807,-0.15457940101623535,0.006010472774505615,-0.17863404750823975,-0.006864219903945923,-0.1206047534942627,-0.010131895542144775,-0.08194577693939209,0.04714483022689819,-0.1310003399848938,0.04370319843292236,-0.1654956340789795,0.023423433303833008,-0.13795191049575806,0.01143026351928711,-0.11397266387939453
0.0,0.0,-0.05695101618766785,-0.04835623502731323,-0.09499707818031311,-0.10335493087768555,-0.12199494242668152,-0.1571657657623291,-0.14851850271224976,-0.18996191024780273,-0.04612895846366882,-0.18069034814834595,-0.05219569802284241,-0.2618062496185303,-0.05275464057922363,-0.30784767866134644,-0.05397683382034302,-0.3479929566383362,-0.016591280698776245,-0.17811459302902222,-0.02485281229019165,-0.21424472332000732,-0.029849737882614136,-0.14995235204696655,-0.031220853328704834,-0.09994250535964966,0.013687729835510254,-0.16361671686172485,0.0037134289741516113,-0.1879059076309204,-0.006589174270629883,-0.12628179788589478,-0.010822057723999023,-0.08911895751953125,0.04315894842147827,-0.1378973126411438,0.040321528911590576,-0.16761159896850586,0.021209418773651123,-0.13199377059936523,0.011993825435638428,-0.10760223865509033
0.0,0.0,-0.05331861972808838,-0.043614864349365234,-0.09241729974746704,-0.09999382495880127,-0.12002170085906982,-0.15277022123336792,-0.14581704139709473,-0.1849415898323059,-0.04417577385902405,-0.1791861653327942,-0.05040612816810608,-0.2586507201194763,-0.05106738209724426,-0.30383580923080444,-0.05215892195701599,-0.34305185079574585,-0.014430314302444458,-0.17565113306045532,-0.025900840759277344,-0.20959550142288208,-0.029762566089630127,-0.14728718996047974,-0.028938978910446167,-0.10009890794754028,0.015330493450164795,-0.1615932583808899,0.0021591782569885254,-0.1838841438293457,-0.006501734256744385,-0.12415432929992676,-0.00863867998123169,-0.0854642391204834,0.045027196407318115,-0.13734465837478638,0.0380588173866272,-0.16514849662780762,0.020388007164001465,-0.12987267971038818,0.012378275394439697,-0.10345405340194702
0.0,0.0,-0.054141849279403687,-0.04085946083068848,-0.09263750910758972,-0.09748733043670654,-0.11989477276802063,-0.14983516931533813,-0.14561045169830322,-0.18169444799423218,-0.043469637632369995,-0.1778961420059204,-0.04897552728652954,-0.25577813386917114,-0.05009347200393677,-0.30006644129753113,-0.05110234022140503,-0.33930230140686035,-0.01334407925605774,-0.17311948537826538,-0.022539079189300537,-0.20853877067565918,-0.02712494134902954,-0.14586347341537476,-0.026269197463989258,-0.10003101825714111,0.016311347484588623,-0.1581454873085022,0.005708754062652588,-0.18197083473205566,-0.005097895860671997,-0.12210184335708618,-0.00786280632019043,-0.0847557783126831,0.04621553421020508,-0.13354897499084473,0.04086393117904663,-0.1642988920211792,0.02212059497833252,-0.13056814670562744,0.013302326202392578,-0.1052851676940918
0.0,0.0,-0.05689573287963867,-0.046021997928619385,-0.09391012787818909,-0.09933388233184814,-0.12188419699668884,-0.15215075016021729,-0.1479160189628601,-0.1841822862625122,-0.04481211304664612,-0.17800766229629517,-0.05132099986076355,-0.2574528157711029,-0.0520593523979187,-0.30221039056777954,-0.05242013931274414,-0.3424781560897827,-0.016169726848602295,-0.17477941513061523,-0.025126785039901733,-0.20987552404403687,-0.029051899909973145,-0.14476877450942993,-0.02779453992843628,-0.09764093160629272,0.013019263744354248,-0.16035175323486328,0.0029488205909729004,-0.18602794408798218,-0.006985187530517578,-0.1241576075553894,-0.008580237627029419,-0.08807426691055298,0.0415952205657959,-0.1350272297859192,0.03855562210083008,-0.1671229600906372,0.019929945468902588,-0.1308603286743164,0.012903153896331787,-0.10662174224853516
0.0,0.0,-0.05544626712799072,-0.04230588674545288,-0.09207633137702942,-0.0907624363899231,-0.11991757154464722,-0.14118808507919312,-0.14627400040626526,-0.17242431640625,-0.04389938712120056,-0.17083102464675903,-0.05108049511909485,-0.24852895736694336,-0.052102118730545044,-0.2922590970993042,-0.053299158811569214,-0.33079832792282104,-0.015600919723510742,-0.16874724626541138,-0.025050878524780273,-0.19971859455108643,-0.028395891189575195,-0.1382705569267273,-0.02816718816757202,-0.09145408868789673,0.012745827436447144,-0.15595483779907227,0.0023199617862701416,-0.17751097679138184,-0.006233662366867065,-0.1185186505317688,-0.008016258478164673,-0.08191794157028198,0.04116043448448181,-0.1329517960548401,0.03884896636009216,-0.16218101978302002,0.020820945501327515,-0.12895286083221436,0.012740403413772583,-0.10465776920318604
0.0,0.0,-0.05303800106048584,-0.036733925342559814,-0.09530401229858398,-0.08807557821273804,-0.130831778049469,-0.13277673721313477,-0.1642184853553772,-0.1493951678276062,-0.049638062715530396,-0.17085373401641846,-0.05605226755142212,-0.24797287583351135,-0.056744396686553955,-0.2925536036491394,-0.05683872103691101,-0.3325265049934387,-0.01900547742843628,-0.16813623905181885,-0.025250673294067383,-0.20433074235916138,-0.030376404523849487,-0.14298886060714722,-0.030655711889266968,-0.09614050388336182,0.011569440364837646,-0.15471786260604858,0.0033209025859832764,-0.17726433277130127,-0.006602436304092407,-0.11918359994888306,-0.009689927101135254,-0.08159875869750977,0.04185396432876587,-0.13223505020141602,0.03777951002120972,-0.1613832712173462,0.021011829376220703,-0.12875580787658691,0.013023972511291504,-0.10417383909225464
0.0,0.0,-0.062363266944885254,-0.04290550947189331,-0.10324063897132874,-0.08643174171447754,-0.14165747165679932,-0.12354916334152222,-0.17514419555664062,-0.12935304641723633,-0.06162893772125244,-0.17144477367401123,-0.07356885075569153,-0.24938470125198364,-0.07771480083465576,-0.29517996311187744,-0.08049774169921875,-0.3349180221557617,-0.03334346413612366,-0.1709265112876892,-0.03910592198371887,-0.21170949935913086,-0.040053874254226685,-0.15077227354049683,-0.03853636980056763,-0.10118800401687622,-0.0031773746013641357,-0.15960735082626343,-0.009581834077835083,-0.18685883283615112,-0.01595938205718994,-0.12767064571380615,-0.017656266689300537,-0.09027653932571411,0.026476383209228516,-0.1367618441581726,0.028315424919128418,-0.17337250709533691,0.011781513690948486,-0.1417926549911499,0.0036962032318115234,-0.11797469854354858
0.0,0.0,-0.06119173765182495,-0.04087996482849121,-0.10450908541679382,-0.08173048496246338,-0.14391863346099854,-0.11685585975646973,-0.1783170998096466,-0.12169349193572998,-0.06401601433753967,-0.17108434438705444,-0.07664847373962402,-0.24814754724502563,-0.08141389489173889,-0.29286766052246094,-0.08509165048599243,-0.3335491120815277,-0.034758031368255615,-0.17262154817581177,-0.0409260094165802,-0.21348100900650024,-0.041605740785598755,-0.15140116214752197,-0.038781315088272095,-0.10259991884231567,-0.0037177205085754395,-0.16177034378051758,-0.010960668325424194,-0.18807631731033325,-0.017330974340438843,-0.12811720371246338,-0.018651217222213745,-0.09289109706878662,0.026944994926452637,-0.13856691122055054,0.02772742509841919,-0.17471915483474731,0.010126888751983643,-0.13920080661773682,0.001606762409210205,-0.11460590362548828
0.0,0.0,-0.060024648904800415,-0.042098283767700195,-0.10207301378250122,-0.08620721101760864,-0.14207062125205994,-0.1229589581489563,-0.1773877739906311,-0.12941324710845947,-0.06153520941734314,-0.17339807748794556,-0.07273754477500916,-0.2532615065574646,-0.07668939232826233,-0.29871439933776855,-0.07936176657676697,-0.3401119112968445,-0.032102376222610474,-0.17341887950897217,-0.037525326013565063,-0.21149873733520508,-0.03846731781959534,-0.14774614572525024,-0.03580924868583679,-0.09960508346557617,-0.000939100980758667,-0.16197830438613892,-0.006406813859939575,-0.18811064958572388,-0.014211535453796387,-0.12689858675003052,-0.016311585903167725,-0.09100478887557983,0.028886854648590088,-0.13871943950653076,0.031718909740448,-0.1730668544769287,0.013592839241027832,-0.1374230980873108,0.004594683647155762,-0.11273539066314697
0.0,0.0,-0.06085667014122009,-0.04501587152481079,-0.10284295678138733,-0.08880466222763062,-0.14380022883415222,-0.1268242597579956,-0.1784875988960266,-0.13404273986816406,-0.06053745746612549,-0.17482292652130127,-0.07098597288131714,-0.2542971968650818,-0.07476806640625,-0.3004566431045532,-0.07765069603919983,-0.34154289960861206,-0.03144925832748413,-0.1759362816810608,-0.037784039974212646,-0.21456032991409302,-0.0393715500831604,-0.15202510356903076,-0.0373803973197937,-0.10308295488357544,-5.906820297241211e-05,-0.16453397274017334,-0.006935983896255493,-0.1895148754119873,-0.014677047729492188,-0.129705011844635,-0.0173913836479187,-0.09465646743774414,0.029058396816253662,-0.14053785800933838,0.0306473970413208,-0.17220163345336914,0.012057483196258545,-0.13683295249938965,0.0034834742546081543,-0.11363774538040161
0.0,0.0,-0.0583796501159668,-0.043806254863739014,-0.100399911403656,-0.08769100904464722,-0.14009499549865723,-0.12693572044372559,-0.17376500368118286,-0.13721239566802979,-0.05777651071548462,-0.17416465282440186,-0.06723597645759583,-0.2544465661048889,-0.06996512413024902,-0.3005669116973877,-0.07153227925300598,-0.3421363830566406,-0.02827000617980957,-0.17426937818527222,-0.03338199853897095,-0.2102358341217041,-0.03495508432388306,-0.14719122648239136,-0.033652305603027344,-0.09939038753509521,0.003064751625061035,-0.16238659620285034,-0.0029955506324768066,-0.18563193082809448,-0.011244326829910278,-0.12587642669677734,-0.01498153805732727,-0.09063440561294556,0.032093346118927,-0.13855993747711182,0.03268355131149292,-0.16685330867767334,0.014723598957061768,-0.13033729791641235,0.005876421928405762,-0.1067003607749939
0.0,0.0,-0.055468350648880005,-0.040770530700683594,-0.09534010291099548,-0.08333510160446167,-0.1342715620994568,-0.12141448259353638,-0.16918116807937622,-0.13255846500396729,-0.05199074745178223,-0.17115837335586548,-0.06254047155380249,-0.2514877915382385,-0.06559610366821289,-0.29798799753189087,-0.06826126575469971,-0.33917221426963806,-0.023053795099258423,-0.17040634155273438,-0.03049221634864807,-0.20257604122161865,-0.032453447580337524,-0.1403791904449463,-0.03041425347328186,-0.09440261125564575,0.007559418678283691,-0.15796220302581787,0.0003406703472137451,-0.17936736345291138,-0.008743226528167725,-0.12061452865600586,-0.01149478554725647,-0.08560788631439209,0.03613206744194031,-0.13478058576583862,0.03787228465080261,-0.16565454006195068,0.01869794726371765,-0.13161981105804443,0.009320646524429321,-0.10687947273254395
0.0,0.0,-0.05636027455329895,-0.043260157108306885,-0.09801602363586426,-0.0923910140991211,-0.13842087984085083,-0.13266313076019287,-0.17416110634803772,-0.1449684500694275,-0.05448979139328003,-0.17889004945755005,-0.06411772966384888,-0.26018691062927246,-0.06711670756340027,-0.306626558303833,-0.0690731406211853,-0.3489515781402588,-0.02458861470222473,-0.177229642868042,-0.03231477737426758,-0.21244120597839355,-0.03498917818069458,-0.14680373668670654,-0.03248333930969238,-0.10103273391723633,0.006540179252624512,-0.16328215599060059,-0.0010256767272949219,-0.1875443458557129,-0.011735767126083374,-0.1261499524116516,-0.014685451984405518,-0.09071356058120728,0.035295844078063965,-0.1381787657737732,0.0368003249168396,-0.17174887657165527,0.01634448766708374,-0.13597118854522705,0.0063931941986083984,-0.11059033870697021
0.0,0.0,-0.05351880192756653,-0.03780639171600342,-0.0955844521522522,-0.08684194087982178,-0.13486289978027344,-0.1279458999633789,-0.1709468960762024,-0.1412370800971985,-0.05271017551422119,-0.17371118068695068,-0.06216400861740112,-0.2554008364677429,-0.064708411693573,-0.30236825346946716,-0.06694811582565308,-0.34474703669548035,-0.02248331904411316,-0.17256975173950195,-0.029465168714523315,-0.20488184690475464,-0.03248131275177002,-0.13838177919387817,-0.030847281217575073,-0.09310358762741089,0.009077250957489014,-0.1594190001487732,0.0013255476951599121,-0.1804637312889099,-0.009406059980392456,-0.11821424961090088,-0.012547463178634644,-0.08278942108154297,0.03856790065765381,-0.1362352967262268,0.037631988525390625,-0.16515254974365234,0.018217384815216064,-0.12779957056045532,0.009135961532592773,-0.10262668132781982
0.0,0.0,-0.05320128798484802,-0.03785860538482666,-0.09702825546264648,-0.08848214149475098,-0.13504323363304138,-0.1306787133216858,-0.1708701252937317,-0.14313185214996338,-0.05178871750831604,-0.17437654733657837,-0.06139153242111206,-0.25613316893577576,-0.06361439824104309,-0.30318886041641235,-0.06576070189476013,-0.34540924429893494,-0.021312594413757324,-0.1727989912033081,-0.02901005744934082,-0.20588082075119019,-0.033509254455566406,-0.14072686433792114,-0.032686203718185425,-0.09488236904144287,0.010369062423706055,-0.15978360176086426,0.0010936856269836426,-0.18013238906860352,-0.009921401739120483,-0.11950331926345825,-0.01324358582496643,-0.08331382274627686,0.0403369665145874,-0.13694214820861816,0.0372849702835083,-0.16578048467636108,0.01806432008743286,-0.12992006540298462,0.009099483489990234,-0.1041332483291626
0.0,0.0,-0.05521753430366516,-0.04542851448059082,-0.0959080159664154,-0.0977439284324646,-0.13516247272491455,-0.14119631052017212,-0.17143326997756958,-0.15557676553726196,-0.051739126443862915,-0.18218469619750977,-0.060254961252212524,-0.26511499285697937,-0.06206229329109192,-0.31114059686660767,-0.06365004181861877,-0.35294362902641296,-0.022038042545318604,-0.1795492172241211,-0.030032843351364136,-0.21434009075164795,-0.03300595283508301,-0.1475071907043457,-0.030396074056625366,-0.10231167078018188,0.008943617343902588,-0.1654198169708252,0.0022321343421936035,-0.18913984298706055,-0.00926506519317627,-0.1266193985939026,-0.012494981288909912,-0.0912163257598877,0.037413835525512695,-0.14034193754196167,0.039572060108184814,-0.1717919111251831,0.019196033477783203,-0.1357174515724182,0.009711802005767822,-0.11088037490844727
0.0,0.0,-0.05549320578575134,-0.045279860496520996,-0.09807014465332031,-0.09987342357635498,-0.13584697246551514,-0.14420753717422485,-0.17190542817115784,-0.15729111433029175,-0.05197709798812866,-0.18272477388381958,-0.06061103940010071,-0.2665281593799591,-0.06236591935157776,-0.31314826011657715,-0.06375575065612793,-0.35544681549072266,-0.02202048897743225,-0.18026190996170044,-0.02982693910598755,-0.21595972776412964,-0.034124404191970825,-0.14965182542800903,-0.03227347135543823,-0.10362648963928223,0.009186327457427979,-0.1663089394569397,0.0010875463485717773,-0.1890707015991211,-0.010622948408126831,-0.12739038467407227,-0.013672947883605957,-0.0903581976890564,0.0386011004447937,-0.14162582159042358,0.03848695755004883,-0.1727691888809204,0.018180429935455322,-0.1393224000930786,0.00829458236694336,-0.11431372165679932
0.0,0.0,-0.05403056740760803,-0.043248534202575684,-0.09743824601173401,-0.09774124622344971,-0.13448989391326904,-0.14299917221069336,-0.16999101638793945,-0.15892833471298218,-0.050986140966415405,-0.18370836973190308,-0.05910295248031616,-0.26714688539505005,-0.06042429804801941,-0.31398582458496094,-0.06259948015213013,-0.35645031929016113,-0.0205804705619812,-0.18272405862808228,-0.029413580894470215,-0.2136409878730774,-0.03293010592460632,-0.14717453718185425,-0.03173184394836426,-0.10109812021255493,0.010652899742126465,-0.16934627294540405,0.0010473132133483887,-0.18683874607086182,-0.009462863206863403,-0.12516826391220093,-0.012852877378463745,-0.08887636661529541,0.03978687524795532,-0.14461809396743774,0.03631877899169922,-0.16890054941177368,0.01750946044921875,-0.13131964206695557,0.009462058544158936,-0.10543692111968994
0.0,0.0,-0.05468115210533142,-0.04423791170120239,-0.09680500626564026,-0.09926778078079224,-0.1353321671485901,-0.14518898725509644,-0.16987654566764832,-0.16348618268966675,-0.05182573199272156,-0.18548524379730225,-0.060273945331573486,-0.26889103651046753,-0.06252536177635193,-0.31551533937454224,-0.06429630517959595,-0.3585711419582367,-0.02197808027267456,-0.18207710981369019,-0.031149446964263916,-0.21666568517684937,-0.034647464752197266,-0.14877337217330933,-0.03205162286758423,-0.1038365364074707,0.00897979736328125,-0.1678144335746765,0.000804901123046875,-0.19143325090408325,-0.010968893766403198,-0.12807518243789673,-0.013847798109054565,-0.09227216243743896,0.03784364461898804,-0.1431158185005188,0.038542866706848145,-0.17596900463104248,0.01744687557220459,-0.13841277360916138,0.007377147674560547,-0.11190688610076904
0.0,0.0,-0.05470418930053711,-0.04631531238555908,-0.09731009602546692,-0.10157281160354614,-0.13440784811973572,-0.14730095863342285,-0.1683165431022644,-0.1660950779914856,-0.050146788358688354,-0.1854008436203003,-0.05880159139633179,-0.27085280418395996,-0.061055392026901245,-0.31878238916397095,-0.06363025307655334,-0.361602783203125,-0.020290851593017578,-0.1828145980834961,-0.029344141483306885,-0.21711421012878418,-0.03286707401275635,-0.14990001916885376,-0.030571579933166504,-0.10331833362579346,0.011196345090866089,-0.1683000922203064,0.002478986978530884,-0.19238650798797607,-0.008936941623687744,-0.13000136613845825,-0.011956602334976196,-0.09401285648345947,0.0402962863445282,-0.1424826979637146,0.04169991612434387,-0.17718744277954102,0.020005911588668823,-0.14044374227523804,0.009657055139541626,-0.11365407705307007
0.0,0.0,-0.05337163805961609,-0.043762385845184326,-0.09607061743736267,-0.0995216965675354,-0.13422757387161255,-0.14567840099334717,-0.16852742433547974,-0.16680312156677246,-0.050580114126205444,-0.18597036600112915,-0.059079647064208984,-0.2701585292816162,-0.06126973032951355,-0.3174068331718445,-0.06339308619499207,-0.3604232370853424,-0.019690722227096558,-0.18259650468826294,-0.027988970279693604,-0.21630096435546875,-0.03287935256958008,-0.14918768405914307,-0.03114256262779236,-0.10385417938232422,0.012012362480163574,-0.1676977276802063,0.0036803483963012695,-0.18976986408233643,-0.009162187576293945,-0.1275966763496399,-0.012501746416091919,-0.09131753444671631,0.041368961334228516,-0.14270663261413574,0.041473329067230225,-0.17454475164413452,0.019948720932006836,-0.1378096342086792,0.009764552116394043,-0.11082041263580322
0.0,0.0,-0.055860310792922974,-0.04431867599487305,-0.0986703634262085,-0.10077530145645142,-0.13524791598320007,-0.1490246057510376,-0.16921544075012207,-0.17269837856292725,-0.05257546901702881,-0.18608933687210083,-0.06118312478065491,-0.2725355625152588,-0.06285920739173889,-0.3204496502876282,-0.06508725881576538,-0.3641924262046814,-0.022086769342422485,-0.1840696930885315,-0.031049758195877075,-0.21816545724868774,-0.03457111120223999,-0.14948296546936035,-0.0323164165019989,-0.10252141952514648,0.009316742420196533,-0.17047733068466187,-0.00025969743728637695,-0.1910414695739746,-0.010568052530288696,-0.1269465684890747,-0.012330293655395508,-0.09082943201065063,0.039148807525634766,-0.14675235748291016,0.03649777173995972,-0.17456912994384766,0.01692795753479004,-0.13645893335342407,0.00930255651473999,-0.11107778549194336
0.0,0.0,-0.05580708384513855,-0.04531508684158325,-0.09747776389122009,-0.10089284181594849,-0.13326498866081238,-0.14912843704223633,-0.16625648736953735,-0.17135345935821533,-0.05021744966506958,-0.18634569644927979,-0.058773189783096313,-0.27141040563583374,-0.060569971799850464,-0.3179314136505127,-0.062339991331100464,-0.360870361328125,-0.019948124885559082,-0.18326973915100098,-0.02862986922264099,-0.2184232473373413,-0.032375186681747437,-0.14994513988494873,-0.030523359775543213,-0.10329753160476685,0.011054158210754395,-0.16887277364730835,0.00331193208694458,-0.192885160446167,-0.008329629898071289,-0.12848418951034546,-0.011869102716445923,-0.09190624952316284,0.04052448272705078,-0.14352953433990479,0.04057389497756958,-0.1759468913078308,0.019857943058013916,-0.137451171875,0.00995492935180664,-0.11081129312515259
0.0,0.0,-0.05675235390663147,-0.04709428548812866,-0.09805506467819214,-0.10136628150939941,-0.13884419202804565,-0.14890241622924805,-0.17242872714996338,-0.16703063249588013,-0.053643882274627686,-0.1887589693069458,-0.06210795044898987,-0.27320975065231323,-0.0646970272064209,-0.320374071598053,-0.06640303134918213,-0.36372798681259155,-0.024025827646255493,-0.18464642763137817,-0.03186160326004028,-0.2218799591064453,-0.03403973579406738,-0.1539245843887329,-0.031043201684951782,-0.10764908790588379,0.0074713826179504395,-0.17005562782287598,0.0032235383987426758,-0.196679949760437,-0.008745789527893066,-0.13239574432373047,-0.014318704605102539,-0.09577184915542603,0.034767210483551025,-0.1447734832763672,0.039685845375061035,-0.17932766675949097,0.018833637237548828,-0.1409701704978943,0.007966578006744385,-0.1146116852760315
0.0,0.0,-0.05783289670944214,-0.046049416065216064,-0.09986171126365662,-0.09724390506744385,-0.14126735925674438,-0.14150428771972656,-0.17543575167655945,-0.15807652473449707,-0.05479806661605835,-0.18582308292388916,-0.06347760558128357,-0.27035748958587646,-0.06615141034126282,-0.3181499242782593,-0.06828108429908752,-0.36112356185913086,-0.025504082441329956,-0.1831708550453186,-0.03393584489822388,-0.21891909837722778,-0.03653305768966675,-0.1528295874595642,-0.03392145037651062,-0.10651463270187378,0.005856335163116455,-0.16954320669174194,-0.000673830509185791,-0.19466406106948853,-0.011508464813232422,-0.13229787349700928,-0.015508562326431274,-0.09696823358535767,0.03400808572769165,-0.14484190940856934,0.037599921226501465,-0.17936909198760986,0.01669764518737793,-0.14195853471755981,0.006709456443786621,-0.11625564098358154
0.0,0.0,-0.05471909046173096,-0.04254317283630371,-0.09999114274978638,-0.10176247358322144,-0.14083170890808105,-0.1460009217262268,-0.1773422360420227,-0.15891408920288086,-0.05396297574043274,-0.18820524215698242,-0.06045866012573242,-0.272826611995697,-0.06114912033081055,-0.32064875960350037,-0.061648041009902954,-0.3644200265407562,-0.021485745906829834,-0.18552803993225098,-0.02954879403114319,-0.22216272354125977,-0.03436574339866638,-0.15437066555023193,-0.0326613187789917,-0.10764676332473755,0.011004149913787842,-0.17105448246002197,0.001696765422821045,-0.19308525323867798,-0.010294467210769653,-0.12935155630111694,-0.013663768768310547,-0.09183061122894287,0.042012691497802734,-0.1467089056968689,0.038105010986328125,-0.17492300271987915,0.018916547298431396,-0.1372452974319458,0.010454416275024414,-0.110970139503479
0.0,0.0,-0.057073742151260376,-0.04763209819793701,-0.09952208399772644,-0.10359787940979004,-0.14378589391708374,-0.1494951844215393,-0.179948091506958,-0.16284990310668945,-0.055787503719329834,-0.19104403257369995,-0.06378665566444397,-0.27728456258773804,-0.06541517376899719,-0.32654935121536255,-0.06661668419837952,-0.37142783403396606,-0.024895936250686646,-0.18796855211257935,-0.032137542963027954,-0.22304415702819824,-0.03499284386634827,-0.1548910140991211,-0.033097684383392334,-0.1074034571647644,0.007695317268371582,-0.17321717739105225,0.0028237104415893555,-0.19709450006484985,-0.010125219821929932,-0.13379234075546265,-0.016382336616516113,-0.09562695026397705,0.03563570976257324,-0.14721739292144775,0.039228618144989014,-0.17856097221374512,0.0173988938331604,-0.13987863063812256,0.00595623254776001,-0.11178970336914062
0.0,0.0,-0.05505988001823425,-0.04523134231567383,-0.0985918939113617,-0.1032710075378418,-0.13886788487434387,-0.14872437715530396,-0.17650505900382996,-0.16197919845581055,-0.05265584588050842,-0.18931865692138672,-0.060367077589035034,-0.27726006507873535,-0.061452716588974,-0.3265693485736847,-0.06302076578140259,-0.37104010581970215,-0.020986944437026978,-0.185810387134552,-0.029558777809143066,-0.22084641456604004,-0.03360706567764282,-0.15172046422958374,-0.030822843313217163,-0.1039118766784668,0.011623919010162354,-0.17049551010131836,0.003966629505157471,-0.19397872686386108,-0.008966833353042603,-0.13075917959213257,-0.012676715850830078,-0.09271365404129028,0.04186123609542847,-0.14481067657470703,0.04376119375228882,-0.17971521615982056,0.021510004997253418,-0.14331120252609253,0.009789347648620605,-0.11456298828125
0.0,0.0,-0.056650519371032715,-0.045824527740478516,-0.09948110580444336,-0.10254579782485962,-0.13971847295761108,-0.1515413522720337,-0.17722710967063904,-0.1684567928314209,-0.05368894338607788,-0.1924251914024353,-0.06250271201133728,-0.2805851101875305,-0.06339973211288452,-0.33199989795684814,-0.06476500630378723,-0.37757954001426697,-0.02171725034713745,-0.19029080867767334,-0.02793070673942566,-0.22217541933059692,-0.0318601131439209,-0.15289843082427979,-0.03162205219268799,-0.10400176048278809,0.011085331439971924,-0.17548102140426636,0.005371212959289551,-0.19519752264022827,-0.0072942376136779785,-0.13251543045043945,-0.013680458068847656,-0.09371721744537354,0.04021716117858887,-0.14966553449630737,0.041539669036865234,-0.17595911026000977,0.020354270935058594,-0.13714230060577393,0.008769214153289795,-0.10896414518356323
0.0,0.0,-0.05181822180747986,-0.04168647527694702,-0.09691625833511353,-0.10337305068969727,-0.13646623492240906,-0.1497393250465393,-0.17431065440177917,-0.16609615087509155,-0.051613062620162964,-0.19181835651397705,-0.05904263257980347,-0.27783507108688354,-0.060844987630844116,-0.3279014229774475,-0.06329512596130371,-0.3730207681655884,-0.018405109643936157,-0.18759465217590332,-0.029164612293243408,-0.22203314304351807,-0.034530967473983765,-0.15290260314941406,-0.03255957365036011,-0.10443294048309326,0.014816433191299438,-0.17147642374038696,0.003986775875091553,-0.19285809993743896,-0.009335517883300781,-0.12910741567611694,-0.013557106256484985,-0.08893781900405884,0.046640247106552124,-0.1462649703025818,0.043648868799209595,-0.1791335940361023,0.02219441533088684,-0.1403089165687561,0.010515779256820679,-0.10905587673187256
0.0,0.0,-0.05450060963630676,-0.04770594835281372,-0.09737467765808105,-0.10620534420013428,-0.13843756914138794,-0.15447348356246948,-0.17448145151138306,-0.17289823293685913,-0.05114978551864624,-0.19450277090072632,-0.05698800086975098,-0.2821146845817566,-0.0583038330078125,-0.3313729763031006,-0.059508293867111206,-0.37575727701187134,-0.01861444115638733,-0.18866688013076782,-0.025294214487075806,-0.2237967848777771,-0.030451714992523193,-0.15388578176498413,-0.028951972723007202,-0.10699784755706787,0.014170706272125244,-0.17143553495407104,0.009332776069641113,-0.19523072242736816,-0.0057121217250823975,-0.13178175687789917,-0.011885493993759155,-0.09355664253234863,0.043791770935058594,-0.14458274841308594,0.047528743743896484,-0.177479088306427,0.02426016330718994,-0.1391749382019043,0.010888159275054932,-0.11045116186141968
0.0,0.0,-0.057623982429504395,-0.04499828815460205,-0.10134714841842651,-0.1015939712524414,-0.1417674720287323,-0.14998400211334229,-0.17779964208602905,-0.16878068447113037,-0.056846559047698975,-0.19138377904891968,-0.06472137570381165,-0.27975034713745117,-0.06634750962257385,-0.32922911643981934,-0.06750011444091797,-0.3744646906852722,-0.024922698736190796,-0.18867480754852295,-0.028844207525253296,-0.22275042533874512,-0.03327912092208862,-0.15399014949798584,-0.032761961221694946,-0.10557907819747925,0.00823521614074707,-0.17410993576049805,0.004620760679244995,-0.1955738663673401,-0.008378356695175171,-0.13229715824127197,-0.014399707317352295,-0.09489274024963379,0.037628233432769775,-0.1490066647529602,0.040732502937316895,-0.1773403286933899,0.018714725971221924,-0.13828659057617188,0.0069990456104278564,-0.11094003915786743
0.0,0.0,-0.0570375919342041,-0.04803311824798584,-0.09987345337867737,-0.10479724407196045,-0.14321279525756836,-0.151728093624115,-0.17961040139198303,-0.1658773422241211,-0.05497440695762634,-0.19499540328979492,-0.06352877616882324,-0.28238117694854736,-0.0659632682800293,-0.33190733194351196,-0.0681130588054657,-0.37613698840141296,-0.024281203746795654,-0.19127464294433594,-0.03150784969329834,-0.2247387170791626,-0.03337624669075012,-0.15443772077560425,-0.030892491340637207,-0.10685163736343384,0.00833478569984436,-0.17591959238052368,0.003056854009628296,-0.20148396492004395,-0.008062869310379028,-0.1374189853668213,-0.012876451015472412,-0.09925186634063721,0.03643718361854553,-0.14873087406158447,0.04137954115867615,-0.18310195207595825,0.019910961389541626,-0.14436554908752441,0.008546262979507446,-0.11642289161682129
0.0,0.0,-0.05306369066238403,-0.03924959897994995,-0.10022374987602234,-0.10206526517868042,-0.1398583948612213,-0.1487421989440918,-0.17607945203781128,-0.1648065447807312,-0.05635848641395569,-0.19434791803359985,-0.06346368789672852,-0.27972859144210815,-0.06558996438980103,-0.3283366560935974,-0.06790265440940857,-0.37278255820274353,-0.021239012479782104,-0.19046437740325928,-0.028922706842422485,-0.22264450788497925,-0.03289759159088135,-0.15322887897491455,-0.030695557594299316,-0.10742837190628052,0.013001054525375366,-0.1742916703224182,0.00448259711265564,-0.19332116842269897,-0.008271127939224243,-0.1307297945022583,-0.012208998203277588,-0.09426641464233398,0.04550376534461975,-0.14817029237747192,0.04152372479438782,-0.1750878095626831,0.0204789936542511,-0.13582313060760498,0.010465413331985474,-0.10864031314849854
0.0,0.0,-0.05390453338623047,-0.04503333568572998,-0.09797778725624084,-0.1031198501586914,-0.13903570175170898,-0.15018880367279053,-0.1748574674129486,-0.16971009969711304,-0.050744861364364624,-0.193284273147583,-0.058698415756225586,-0.2797843813896179,-0.06004345417022705,-0.3292430341243744,-0.06148868799209595,-0.37359169125556946,-0.01797795295715332,-0.1883905529975891,-0.02734982967376709,-0.22185611724853516,-0.03276655077934265,-0.15190821886062622,-0.031469494104385376,-0.10384362936019897,0.015068113803863525,-0.17183059453964233,0.006458580493927002,-0.19346243143081665,-0.007540881633758545,-0.12999147176742554,-0.012455224990844727,-0.09023189544677734,0.04529154300689697,-0.1454065442085266,0.04525041580200195,-0.17708951234817505,0.022711217403411865,-0.13849961757659912,0.010792672634124756,-0.10835015773773193
0.0,0.0,-0.056576281785964966,-0.046585798263549805,-0.09994179010391235,-0.10531389713287354,-0.14048469066619873,-0.15300869941711426,-0.17653816938400269,-0.17348569631576538,-0.052475929260253906,-0.19312375783920288,-0.05960610508918762,-0.28053516149520874,-0.06127777695655823,-0.3289048373699188,-0.062149375677108765,-0.37349802255630493,-0.02032962441444397,-0.18732547760009766,-0.02746403217315674,-0.2240625023841858,-0.03293609619140625,-0.15364187955856323,-0.031615495681762695,-0.10711878538131714,0.012916207313537598,-0.1705688238143921,0.004940032958984375,-0.1960499882698059,-0.00907886028289795,-0.13119441270828247,-0.013740986585617065,-0.09474331140518188,0.042961716651916504,-0.1438518762588501,0.04324156045913696,-0.17762619256973267,0.02055680751800537,-0.13890880346298218,0.009516119956970215,-0.11193007230758667
0.0,0.0,-0.05616706609725952,-0.04912281036376953,-0.09935528039932251,-0.10831433534622192,-0.14209839701652527,-0.1588413119316101,-0.1779262125492096,-0.17712324857711792,-0.05263504385948181,-0.1974770426750183,-0.060083746910095215,-0.28626739978790283,-0.06259319186210632,-0.33557218313217163,-0.0649246871471405,-0.3802917003631592,-0.021844059228897095,-0.19343405961990356,-0.027860522270202637,-0.22728776931762695,-0.03130394220352173,-0.15735310316085815,-0.03007689118385315,-0.11042535305023193,0.010437220335006714,-0.1776021122932434,0.007077127695083618,-0.20149469375610352,-0.006383746862411499,-0.13700252771377563,-0.013092041015625,-0.10080552101135254,0.03779885172843933,-0.15075057744979858,0.04429122805595398,-0.18161696195602417,0.021410316228866577,-0.14224845170974731,0.008556574583053589,-0.11570566892623901
0.0,0.0,-0.05280333757400513,-0.039660751819610596,-0.09897306561470032,-0.10269522666931152,-0.13682451844215393,-0.15078210830688477,-0.1729794144630432,-0.1709890365600586,-0.051809221506118774,-0.19140076637268066,-0.05923515558242798,-0.27883636951446533,-0.060299426317214966,-0.3284815549850464,-0.06259527802467346,-0.3729947805404663,-0.01908239722251892,-0.18880850076675415,-0.029193758964538574,-0.22183191776275635,-0.03265887498855591,-0.1517001986503601,-0.030422896146774292,-0.10256600379943848,0.013948649168014526,-0.17442739009857178,0.002977609634399414,-0.19171208143234253,-0.00812867283821106,-0.1270166039466858,-0.011480718851089478,-0.08876800537109375,0.04515400528907776,-0.15108507871627808,0.03943219780921936,-0.1735982894897461,0.019758671522140503,-0.1326255202293396,0.010907739400863647,-0.10566192865371704
0.0,0.0,-0.0551455020904541,-0.04387611150741577,-0.10024484992027283,-0.10416978597640991,-0.13937145471572876,-0.15350693464279175,-0.17670059204101562,-0.17512893676757812,-0.053308069705963135,-0.19262170791625977,-0.06098359823226929,-0.27992284297943115,-0.0621892511844635,-0.32929402589797974,-0.06417307257652283,-0.3738486170768738,-0.020546823740005493,-0.18970000743865967,-0.02928861975669861,-0.22238773107528687,-0.03398016095161438,-0.15194058418273926,-0.03264254331588745,-0.10259366035461426,0.013120293617248535,-0.1739494800567627,0.0036779046058654785,-0.19376099109649658,-0.0087813138961792,-0.128287672996521,-0.013103485107421875,-0.08947736024856567,0.044373929500579834,-0.1486946940422058,0.041759192943573,-0.17668229341506958,0.020589232444763184,-0.13638430833816528,0.010413706302642822,-0.10822784900665283
0.0,0.0,-0.05234348773956299,-0.04244053363800049,-0.09679779410362244,-0.1029929518699646,-0.13429224491119385,-0.15104520320892334,-0.1697908639907837,-0.1739599108695984,-0.050350725650787354,-0.19149363040924072,-0.05922055244445801,-0.27737534046173096,-0.061444640159606934,-0.3255413770675659,-0.06468284130096436,-0.3690151572227478,-0.017905771732330322,-0.18925875425338745,-0.028318285942077637,-0.21756768226623535,-0.031542807817459106,-0.1473063826560974,-0.028953343629837036,-0.10097116231918335,0.014710843563079834,-0.17373591661453247,0.00515824556350708,-0.1898036003112793,-0.007425457239151001,-0.12610208988189697,-0.011571764945983887,-0.08979356288909912,0.04531639814376831,-0.14753365516662598,0.04319453239440918,-0.1702721118927002,0.020538270473480225,-0.1306247115135193,0.008965283632278442,-0.10454481840133667
0.0,0.0,-0.050314247608184814,-0.03750663995742798,-0.09447371959686279,-0.10048586130142212,-0.129079669713974,-0.15165787935256958,-0.16259369254112244,-0.17922937870025635,-0.048563241958618164,-0.19068777561187744,-0.05634140968322754,-0.2754576802253723,-0.058368146419525146,-0.324265718460083,-0.061599165201187134,-0.36751705408096313,-0.01509895920753479,-0.1871931552886963,-0.026958167552947998,-0.2150557041168213,-0.03097030520439148,-0.14584976434707642,-0.029024839401245117,-0.09911483526229858,0.01774764060974121,-0.17185038328170776,0.00547105073928833,-0.18637949228286743,-0.006775796413421631,-0.12291824817657471,-0.010598331689834595,-0.08601373434066772,0.04915118217468262,-0.1480383276939392,0.04307156801223755,-0.1696176528930664,0.02172398567199707,-0.1292833685874939,0.01137050986289978,-0.10209673643112183
0.0,0.0,-0.05317303538322449,-0.04221642017364502,-0.09704816341400146,-0.10385757684707642,-0.13363343477249146,-0.1545218825340271,-0.16712361574172974,-0.18094688653945923,-0.050302982330322266,-0.19196951389312744,-0.05759906768798828,-0.2776792645454407,-0.05899232625961304,-0.326016902923584,-0.061362624168395996,-0.3692796230316162,-0.017826706171035767,-0.18897634744644165,-0.026485562324523926,-0.2202090620994568,-0.03145486116409302,-0.15050065517425537,-0.030638664960861206,-0.10330855846405029,0.014820992946624756,-0.17332834005355835,0.0064907073974609375,-0.1918352246284485,-0.006718367338180542,-0.1279590129852295,-0.011712223291397095,-0.09149140119552612,0.045256733894348145,-0.14791369438171387,0.043049514293670654,-0.1729336380958557,0.021123409271240234,-0.13331842422485352,0.009873032569885254,-0.10701650381088257
0.0,0.0,-0.053572654724121094,-0.043071746826171875,-0.0976627767086029,-0.10312986373901367,-0.13692033290863037,-0.15211379528045654,-0.17438310384750366,-0.17379504442214966,-0.053574830293655396,-0.1919587254524231,-0.06134241819381714,-0.2790801525115967,-0.06234163045883179,-0.3280341625213623,-0.06428346037864685,-0.3723295331001282,-0.021264851093292236,-0.18896788358688354,-0.027897924184799194,-0.22379672527313232,-0.0321270227432251,-0.1527838110923767,-0.031377822160720825,-0.10390454530715942,0.012023091316223145,-0.17366594076156616,0.006195962429046631,-0.1957034468650818,-0.006644994020462036,-0.1303151249885559,-0.012112200260162354,-0.09210556745529175,0.04335486888885498,-0.1490083932876587,0.04394608736038208,-0.17950117588043213,0.02265799045562744,-0.1391127109527588,0.010749995708465576,-0.11072611808776855
0.0,0.0,-0.05813610553741455,-0.04815584421157837,-0.10204070806503296,-0.10305929183959961,-0.146877259016037,-0.15121203660964966,-0.1849919557571411,-0.16794008016586304,-0.0602564811706543,-0.19188976287841797,-0.07063016295433044,-0.27919185161590576,-0.07424455881118774,-0.3283553123474121,-0.07677727937698364,-0.3731687664985657,-0.028576046228408813,-0.18927377462387085,-0.03128042817115784,-0.22525030374526978,-0.033038169145584106,-0.15686273574829102,-0.03191781044006348,-0.10778135061264038,0.0052634477615356445,-0.17458289861679077,0.00520557165145874,-0.20034581422805786,-0.006693929433822632,-0.13667434453964233,-0.014199584722518921,-0.09831732511520386,0.03447955846786499,-0.1490076780319214,0.04253184795379639,-0.1811327338218689,0.02112710475921631,-0.14260154962539673,0.008299291133880615,-0.11556720733642578
0.0,0.0,-0.06324025988578796,-0.0448305606842041,-0.1077154278755188,-0.09306210279464722,-0.15290066599845886,-0.1364133358001709,-0.1907254457473755,-0.1483527421951294,-0.06866231560707092,-0.18742477893829346,-0.0831943154335022,-0.273257315158844,-0.08985158801078796,-0.3232147693634033,-0.09471538662910461,-0.36814242601394653,-0.0374760627746582,-0.18605655431747437,-0.042583972215652466,-0.22663307189941406,-0.04207897186279297,-0.15813177824020386,-0.03879505395889282,-0.1070827841758728,-0.0033701658248901367,-0.17346447706222534,-0.006007194519042969,-0.20315402746200562,-0.01457124948501587,-0.13839489221572876,-0.019141167402267456,-0.09742522239685059,0.027111351490020752,-0.14957016706466675,0.0330280065536499,-0.1866086721420288,0.013806343078613281,-0.14810746908187866,0.0027962923049926758,-0.11909008026123047
0.0,0.0,-0.06322792172431946,-0.04363572597503662,-0.10888200998306274,-0.09582996368408203,-0.15269950032234192,-0.14172309637069702,-0.1894589066505432,-0.15435582399368286,-0.06790387630462646,-0.1912301778793335,-0.08123764395713806,-0.27809810638427734,-0.08685764670372009,-0.32822877168655396,-0.09027278423309326,-0.3734872043132782,-0.035138458013534546,-0.18980872631072998,-0.03974047303199768,-0.23086118698120117,-0.0421716570854187,-0.16010606288909912,-0.03959763050079346,-0.10904181003570557,-0.0008823275566101074,-0.17628806829452515,-0.004298388957977295,-0.20571637153625488,-0.014172375202178955,-0.13993889093399048,-0.017301738262176514,-0.10115247964859009,0.030649960041046143,-0.1512776017189026,0.03524017333984375,-0.18994975090026855,0.015572667121887207,-0.15033894777297974,0.006029963493347168,-0.122036874294281
0.0,0.0,-0.06220024824142456,-0.04780173301696777,-0.10920125246047974,-0.10455411672592163,-0.15386763215065002,-0.15604764223098755,-0.19232392311096191,-0.17149049043655396,-0.0637499988079071,-0.20093417167663574,-0.07459321618080139,-0.29022663831710815,-0.07847371697425842,-0.3422439694404602,-0.08141666650772095,-0.3893072307109833,-0.02956053614616394,-0.1979517936706543,-0.03345450758934021,-0.236156165599823,-0.03701278567314148,-0.1645374298095703,-0.0363200306892395,-0.11340928077697754,0.005943119525909424,-0.18216794729232788,0.0037717819213867188,-0.20887643098831177,-0.009520292282104492,-0.14256876707077026,-0.01690348982810974,-0.10130530595779419,0.03762573003768921,-0.15503114461898804,0.04348886013031006,-0.1912361979484558,0.02119886875152588,-0.151106059551239,0.007388293743133545,-0.11996185779571533
0.0,0.0,-0.06194847822189331,-0.04765218496322632,-0.10750311613082886,-0.10800760984420776,-0.15001705288887024,-0.1634613275527954,-0.18984031677246094,-0.18437182903289795,-0.062275320291519165,-0.20597368478775024,-0.06997469067573547,-0.29701289534568787,-0.07265448570251465,-0.3494807481765747,-0.07465481758117676,-0.3970855474472046,-0.027200758457183838,-0.2005079984664917,-0.030700981616973877,-0.24146705865859985,-0.036390066146850586,-0.166479229927063,-0.03756946325302124,-0.11690628528594971,0.007991194725036621,-0.1843801736831665,0.005726277828216553,-0.21372050046920776,-0.008890509605407715,-0.1443069577217102,-0.01564788818359375,-0.10326862335205078,0.04072773456573486,-0.15807628631591797,0.045889854431152344,-0.19624429941177368,0.024298489093780518,-0.1543809175491333,0.011755168437957764,-0.12347137928009033
0.0,0.0,-0.061326563358306885,-0.05320459604263306,-0.10620546340942383,-0.11620825529098511,-0.1514042615890503,-0.1727921962738037,-0.19089818000793457,-0.19542568922042847,-0.060571134090423584,-0.21239399909973145,-0.06933766603469849,-0.30541422963142395,-0.07218647003173828,-0.35814234614372253,-0.07407355308532715,-0.4059755206108093,-0.027049899101257324,-0.2075100541114807,-0.03080916404724121,-0.2484145164489746,-0.03596466779708862,-0.17284518480300903,-0.036123037338256836,-0.12197542190551758,0.007737159729003906,-0.1906183362007141,0.006996572017669678,-0.21922039985656738,-0.008276939392089844,-0.1493355631828308,-0.016017436981201172,-0.10843503475189209,0.038201749324798584,-0.16299009323120117,0.04569506645202637,-0.19907206296920776,0.022443652153015137,-0.15729373693466187,0.009445607662200928,-0.12741374969482422
0.0,0.0,-0.06023406982421875,-0.05075782537460327,-0.10711440443992615,-0.11376935243606567,-0.15188747644424438,-0.17015701532363892,-0.18989312648773193,-0.1963862180709839,-0.06103640794754028,-0.21100419759750366,-0.06956902146339417,-0.3036213517189026,-0.071627676486969,-0.3565294146537781,-0.07315510511398315,-0.40472841262817383,-0.026488661766052246,-0.20683026313781738,-0.030176818370819092,-0.24422770738601685,-0.035028815269470215,-0.16910678148269653,-0.03596830368041992,-0.11818206310272217,0.008958399295806885,-0.1898956298828125,0.006386101245880127,-0.21380013227462769,-0.008304834365844727,-0.1451098918914795,-0.01601642370223999,-0.10416948795318604,0.04030895233154297,-0.16242659091949463,0.045044660568237305,-0.19327348470687866,0.022064268589019775,-0.1512584090232849,0.008965671062469482,-0.1217392086982727
0.0,0.0,-0.06131383776664734,-0.052851080894470215,-0.10637199878692627,-0.11442524194717407,-0.15145140886306763,-0.1717262864112854,-0.18826228380203247,-0.19817626476287842,-0.06018295884132385,-0.21085405349731445,-0.0693364143371582,-0.3026795983314514,-0.07186830043792725,-0.35571950674057007,-0.07384252548217773,-0.4036100506782532,-0.027051866054534912,-0.2061840295791626,-0.03184020519256592,-0.24510228633880615,-0.03563404083251953,-0.17103129625320435,-0.03586310148239136,-0.1196434497833252,0.00810772180557251,-0.1890541911125183,0.006114780902862549,-0.21592336893081665,-0.008633613586425781,-0.14750021696090698,-0.01712697744369507,-0.10600554943084717,0.03777796030044556,-0.16029632091522217,0.0444912314414978,-0.1944175362586975,0.02055191993713379,-0.15237367153167725,0.006752312183380127,-0.12184423208236694
0.0,0.0,-0.060417741537094116,-0.05176520347595215,-0.10636800527572632,-0.11456865072250366,-0.1517658531665802,-0.17126774787902832,-0.18827971816062927,-0.1983330249786377,-0.06215736269950867,-0.21025586128234863,-0.07137948274612427,-0.30329304933547974,-0.07385513186454773,-0.35659053921699524,-0.07641845941543579,-0.40464144945144653,-0.028182625770568848,-0.20581591129302979,-0.033087313175201416,-0.24401754140853882,-0.03753554821014404,-0.17005550861358643,-0.038473308086395264,-0.1192483901977539,0.00752633810043335,-0.18910014629364014,0.005322635173797607,-0.21518820524215698,-0.010084152221679688,-0.14679354429244995,-0.019239842891693115,-0.10543555021286011,0.03815096616744995,-0.1616418957710266,0.04445600509643555,-0.19548851251602173,0.02013552188873291,-0.15319788455963135,0.00511622428894043,-0.1220163106918335
0.0,0.0,-0.060066819190979004,-0.053510844707489014,-0.10475265979766846,-0.11394387483596802,-0.1507616937160492,-0.17083168029785156,-0.1896786391735077,-0.1966821551322937,-0.05948778986930847,-0.20888477563858032,-0.06845888495445251,-0.3028751611709595,-0.07122683525085449,-0.35658392310142517,-0.07349780201911926,-0.40434592962265015,-0.0258561372756958,-0.20442277193069458,-0.029365718364715576,-0.24393177032470703,-0.03416264057159424,-0.1684444546699524,-0.034445881843566895,-0.11680322885513306,0.009701132774353027,-0.1868094801902771,0.009563922882080078,-0.21574091911315918,-0.005829036235809326,-0.14650118350982666,-0.014267385005950928,-0.10508888959884644,0.039608657360076904,-0.15796983242034912,0.04845988750457764,-0.19515490531921387,0.02424311637878418,-0.15277647972106934,0.009998440742492676,-0.12168997526168823
0.0,0.0,-0.06059521436691284,-0.05108898878097534,-0.10515984892845154,-0.11245673894882202,-0.1495785117149353,-0.16611403226852417,-0.18967118859291077,-0.18055331707000732,-0.06082835793495178,-0.20493584871292114,-0.06995761394500732,-0.29652702808380127,-0.07312363386154175,-0.3493414521217346,-0.07573363184928894,-0.3969308137893677,-0.02677476406097412,-0.20160865783691406,-0.03021109104156494,-0.24034810066223145,-0.034726619720458984,-0.16627681255340576,-0.034679412841796875,-0.11526304483413696,0.008249759674072266,-0.18576794862747192,0.0064713358879089355,-0.21199655532836914,-0.007482290267944336,-0.14350199699401855,-0.013775289058685303,-0.10156470537185669,0.03980660438537598,-0.15871334075927734,0.04587984085083008,-0.195609450340271,0.02387869358062744,-0.15389299392700195,0.011654496192932129,-0.12208116054534912
0.0,0.0,-0.06007471680641174,-0.05031168460845947,-0.10597679018974304,-0.11056065559387207,-0.15075170993804932,-0.16270548105239868,-0.19051581621170044,-0.17613548040390015,-0.05946260690689087,-0.20411032438278198,-0.06907516717910767,-0.2953779697418213,-0.07213965058326721,-0.34868693351745605,-0.07459613680839539,-0.3962845802307129,-0.02526712417602539,-0.19989073276519775,-0.029431521892547607,-0.23872530460357666,-0.03458684682846069,-0.16606760025024414,-0.034991055727005005,-0.11463296413421631,0.009842395782470703,-0.1841064691543579,0.00694650411605835,-0.2102554440498352,-0.007778644561767578,-0.14310306310653687,-0.015158414840698242,-0.10037297010421753,0.040610671043395996,-0.15717452764511108,0.04672694206237793,-0.1935582160949707,0.023954451084136963,-0.1545640230178833,0.010206639766693115,-0.12273120880126953
0.0,0.0,-0.05990433692932129,-0.05520671606063843,-0.10559487342834473,-0.11330282688140869,-0.156803697347641,-0.1633870005607605,-0.1955418586730957,-0.17933034896850586,-0.060998767614364624,-0.2097797989845276,-0.0701151192188263,-0.30134403705596924,-0.0734129250049591,-0.3553328812122345,-0.07524147629737854,-0.40318527817726135,-0.027751445770263672,-0.20471841096878052,-0.03228878974914551,-0.2435898780822754,-0.035703182220458984,-0.16968852281570435,-0.03493392467498779,-0.11773073673248291,0.008131206035614014,-0.18766289949417114,0.007112681865692139,-0.2145899534225464,-0.0077356696128845215,-0.1459599733352661,-0.01704883575439453,-0.10384434461593628,0.03625267744064331,-0.15933722257614136,0.04455852508544922,-0.19317322969436646,0.02108675241470337,-0.15161234140396118,0.007464587688446045,-0.12180358171463013
0.0,0.0,-0.059935152530670166,-0.04968225955963135,-0.10764527320861816,-0.10885906219482422,-0.15859362483024597,-0.15199309587478638,-0.200434148311615,-0.16306281089782715,-0.06454455852508545,-0.20518386363983154,-0.07502937316894531,-0.2983742356300354,-0.07874858379364014,-0.3525818884372711,-0.08173570036888123,-0.4021795094013214,-0.028982818126678467,-0.20291268825531006,-0.03425794839859009,-0.24181264638900757,-0.037453293800354004,-0.16835540533065796,-0.036308467388153076,-0.11746609210968018,0.008030891418457031,-0.18674319982528687,0.0007963180541992188,-0.2107211947441101,-0.010736942291259766,-0.14379549026489258,-0.015367269515991211,-0.10473483800888062,0.040333569049835205,-0.15841448307037354,0.04151850938796997,-0.19035643339157104,0.018947124481201172,-0.14980721473693848,0.008344173431396484,-0.12152785062789917
0.0,0.0,-0.06128630042076111,-0.05347239971160889,-0.10965293645858765,-0.11055630445480347,-0.16352605819702148,-0.15115809440612793,-0.2049829363822937,-0.16098129749298096,-0.06577906012535095,-0.20804530382156372,-0.07643401622772217,-0.3011426329612732,-0.08088743686676025,-0.3550229072570801,-0.08402630686759949,-0.403810977935791,-0.03133678436279297,-0.20436972379684448,-0.03558850288391113,-0.24366194009780884,-0.03802698850631714,-0.1711646318435669,-0.036427438259124756,-0.11926978826522827,0.00559234619140625,-0.18793833255767822,0.002921462059020996,-0.2140548825263977,-0.00985419750213623,-0.14718413352966309,-0.017266809940338135,-0.10582423210144043,0.03572314977645874,-0.15926408767700195,0.0431441068649292,-0.19417202472686768,0.0198250412940979,-0.1543026566505432,0.0066220760345458984,-0.12446749210357666
