0.0,0.0,-0.03954008221626282,0.0005699396133422852,-0.0761721134185791,-0.022003233432769775,-0.09531795978546143,-0.04124319553375244,-0.09918451309204102,-0.06264090538024902,-0.05544024705886841,-0.09858661890029907,-0.06786537170410156,-0.08491641283035278,-0.06645524501800537,-0.039630353450775146,-0.059477418661117554,-0.0251883864402771,-0.017857342958450317,-0.10373783111572266,-0.029109656810760498,-0.07695245742797852,-0.032384634017944336,-0.024000883102416992,-0.027554214000701904,-0.01400446891784668,0.01908126473426819,-0.09463411569595337,0.010099560022354126,-0.06808710098266602,0.004417777061462402,-0.015888512134552002,0.006887227296829224,-0.006704092025756836,0.05356651544570923,-0.07791811227798462,0.047335416078567505,-0.0557900071144104,0.03736528754234314,-0.011999964714050293,0.03507053852081299,0.0006464123725891113
0.0,0.0,-0.06302031874656677,-0.015158474445343018,-0.10616254806518555,-0.06663733720779419,-0.10703116655349731,-0.12381011247634888,-0.09310993552207947,-0.16034185886383057,-0.09644389152526855,-0.1331014633178711,-0.11285030841827393,-0.18638187646865845,-0.09778964519500732,-0.1395992636680603,-0.08322590589523315,-0.09874939918518066,-0.060438573360443115,-0.15163224935531616,-0.07553613185882568,-0.20517641305923462,-0.06264716386795044,-0.14145994186401367,-0.051493048667907715,-0.09844768047332764,-0.024220585823059082,-0.1589130163192749,-0.03571614623069763,-0.19930005073547363,-0.028837621212005615,-0.13624101877212524,-0.02170047163963318,-0.09778809547424316,0.015044718980789185,-0.15711766481399536,0.0021644234657287598,-0.1947607398033142,0.00039330124855041504,-0.1505630612373352,0.0018286406993865967,-0.12081897258758545
0.0,0.0,-0.06094124913215637,-0.02195495367050171,-0.10120448470115662,-0.07664096355438232,-0.09802708029747009,-0.1338416337966919,-0.08059871196746826,-0.17085742950439453,-0.08848541975021362,-0.1336073875427246,-0.10443583130836487,-0.18950819969177246,-0.09302458167076111,-0.1472129225730896,-0.08009916543960571,-0.10637211799621582,-0.053343743085861206,-0.1483677625656128,-0.06677401065826416,-0.20302477478981018,-0.05783560872077942,-0.1437883973121643,-0.04899954795837402,-0.0990525484085083,-0.01854473352432251,-0.15315407514572144,-0.030951708555221558,-0.19720757007598877,-0.026728332042694092,-0.13705909252166748,-0.020273268222808838,-0.09604525566101074,0.02031850814819336,-0.14948821067810059,0.00500139594078064,-0.18880417943000793,0.0015671849250793457,-0.14660125970840454,0.003213733434677124,-0.11566215753555298
0.0,0.0,-0.06290724873542786,-0.023999392986297607,-0.10188737511634827,-0.07849115133285522,-0.09856224060058594,-0.13426578044891357,-0.08136579394340515,-0.16797643899917603,-0.08892911672592163,-0.13647043704986572,-0.10377299785614014,-0.19072192907333374,-0.0920194685459137,-0.14601761102676392,-0.0792921781539917,-0.10393351316452026,-0.054241180419921875,-0.15160423517227173,-0.06672027707099915,-0.2041722536087036,-0.05652397871017456,-0.143460214138031,-0.04807937145233154,-0.09747302532196045,-0.0196535587310791,-0.15580177307128906,-0.031766802072525024,-0.1989770531654358,-0.026377201080322266,-0.13812583684921265,-0.019694089889526367,-0.09557068347930908,0.019054532051086426,-0.15082430839538574,0.0038789212703704834,-0.18918228149414062,0.0012301802635192871,-0.14624053239822388,0.0030898749828338623,-0.11451119184494019
0.0,0.0,-0.06339019536972046,-0.025774061679840088,-0.10198968648910522,-0.07538020610809326,-0.1049295961856842,-0.12738436460494995,-0.09517496824264526,-0.15784424543380737,-0.08927038311958313,-0.13500773906707764,-0.10464438796043396,-0.18912923336029053,-0.09115946292877197,-0.1433882713317871,-0.0780157744884491,-0.10234671831130981,-0.055023759603500366,-0.15108388662338257,-0.06814545392990112,-0.20517894625663757,-0.05637621879577637,-0.14275914430618286,-0.04754522442817688,-0.09933334589004517,-0.020923465490341187,-0.15542197227478027,-0.032891273498535156,-0.19956082105636597,-0.026936501264572144,-0.13843584060668945,-0.019611388444900513,-0.098960280418396,0.01743561029434204,-0.15031778812408447,0.0022118687629699707,-0.18699100613594055,-0.00018256902694702148,-0.14371681213378906,0.0021881163120269775,-0.11538577079772949
0.0,0.0,-0.06437811255455017,-0.029369771480560303,-0.10080653429031372,-0.07454925775527954,-0.09669739007949829,-0.1292409896850586,-0.07629561424255371,-0.16122716665267944,-0.0903979241847992,-0.13468295335769653,-0.10350435972213745,-0.18848812580108643,-0.09118825197219849,-0.14386749267578125,-0.07882827520370483,-0.10309803485870361,-0.05445560812950134,-0.15084725618362427,-0.06622424721717834,-0.20243939757347107,-0.05437213182449341,-0.1405094861984253,-0.04631325602531433,-0.09715604782104492,-0.020000994205474854,-0.15481668710708618,-0.030697941780090332,-0.1958330273628235,-0.025566965341567993,-0.13778221607208252,-0.019474506378173828,-0.09825640916824341,0.017925918102264404,-0.14778393507003784,0.0040128231048583984,-0.1832960546016693,0.0019474625587463379,-0.14186334609985352,0.0029851198196411133,-0.11453473567962646
0.0,0.0,-0.06196385622024536,-0.0319557785987854,-0.09318813681602478,-0.08654683828353882,-0.07897618412971497,-0.1405174732208252,-0.05367651581764221,-0.1706724762916565,-0.08333086967468262,-0.13943469524383545,-0.09615540504455566,-0.1921653151512146,-0.08513113856315613,-0.14758938550949097,-0.0731775164604187,-0.10665535926818848,-0.04808869957923889,-0.15255683660507202,-0.05891910195350647,-0.205386221408844,-0.049234598875045776,-0.14312463998794556,-0.041642725467681885,-0.09895157814025879,-0.014299154281616211,-0.15365064144134521,-0.02344048023223877,-0.19775274395942688,-0.020343661308288574,-0.13758420944213867,-0.015289306640625,-0.09674102067947388,0.023069560527801514,-0.14528322219848633,0.010617077350616455,-0.1836472749710083,0.0061759352684021,-0.1430872678756714,0.005716383457183838,-0.11493057012557983
0.0,0.0,-0.05952191352844238,-0.02919977903366089,-0.09183323383331299,-0.08394426107406616,-0.08079656958580017,-0.13752371072769165,-0.05848515033721924,-0.16851449012756348,-0.0802777111530304,-0.13732022047042847,-0.09126338362693787,-0.18926000595092773,-0.08027535676956177,-0.1454758644104004,-0.06968727707862854,-0.10444134473800659,-0.04591560363769531,-0.15021467208862305,-0.05502626299858093,-0.20007401704788208,-0.046893537044525146,-0.14067834615707397,-0.04108089208602905,-0.09676742553710938,-0.012585043907165527,-0.1516321897506714,-0.020840942859649658,-0.19372493028640747,-0.01887834072113037,-0.13497072458267212,-0.015278160572052002,-0.09297245740890503,0.023755908012390137,-0.14364832639694214,0.012461841106414795,-0.1812669038772583,0.00734323263168335,-0.14193958044052124,0.00606083869934082,-0.1116340160369873
0.0,0.0,-0.05775952339172363,-0.03102409839630127,-0.08846098184585571,-0.07818955183029175,-0.08072787523269653,-0.12943357229232788,-0.06181907653808594,-0.15902453660964966,-0.07812866568565369,-0.13437902927398682,-0.08965408802032471,-0.18397748470306396,-0.07807326316833496,-0.14126306772232056,-0.06683233380317688,-0.10188353061676025,-0.04490482807159424,-0.1472802758216858,-0.0547671914100647,-0.19491153955459595,-0.04529088735580444,-0.13512837886810303,-0.03887319564819336,-0.09373414516448975,-0.012820661067962646,-0.14819425344467163,-0.02100735902786255,-0.18878620862960815,-0.018591463565826416,-0.13140243291854858,-0.014438033103942871,-0.09265762567520142,0.022767961025238037,-0.13924860954284668,0.01263129711151123,-0.17568153142929077,0.007876276969909668,-0.13614559173583984,0.005976557731628418,-0.10843801498413086
0.0,0.0,-0.05754682421684265,-0.027601957321166992,-0.0887661874294281,-0.08204227685928345,-0.0777072012424469,-0.13723254203796387,-0.056040167808532715,-0.17026126384735107,-0.08204630017280579,-0.1345374584197998,-0.09457901120185852,-0.18550950288772583,-0.08244302868843079,-0.14106976985931396,-0.0703279972076416,-0.10100162029266357,-0.04880481958389282,-0.1489441990852356,-0.05953708291053772,-0.1989181637763977,-0.049992650747299194,-0.13880980014801025,-0.04292172193527222,-0.09739595651626587,-0.01625913381576538,-0.15165245532989502,-0.025115996599197388,-0.19269627332687378,-0.021793484687805176,-0.13380968570709229,-0.017413854598999023,-0.09521156549453735,0.019853830337524414,-0.14510369300842285,0.008259892463684082,-0.18154364824295044,0.0049073100090026855,-0.14094358682632446,0.00460207462310791,-0.11310470104217529
0.0,0.0,-0.05910855531692505,-0.02681410312652588,-0.09054729342460632,-0.08237713575363159,-0.0773518979549408,-0.13628649711608887,-0.053084224462509155,-0.16779303550720215,-0.07920154929161072,-0.13400137424468994,-0.09274661540985107,-0.18675285577774048,-0.0810123085975647,-0.14251428842544556,-0.06836920976638794,-0.10114425420761108,-0.045698344707489014,-0.14757484197616577,-0.0568159818649292,-0.19961583614349365,-0.047828108072280884,-0.13976693153381348,-0.040036559104919434,-0.0949636697769165,-0.013081967830657959,-0.14989203214645386,-0.02301451563835144,-0.19339102506637573,-0.02009013295173645,-0.13431638479232788,-0.015121757984161377,-0.09302610158920288,0.023538172245025635,-0.1436992883682251,0.010564863681793213,-0.18108230829238892,0.006078183650970459,-0.1414639949798584,0.005990922451019287,-0.1118849515914917
0.0,0.0,-0.057120680809020996,-0.02127683162689209,-0.090781569480896,-0.07520633935928345,-0.08063870668411255,-0.13036298751831055,-0.0575888454914093,-0.16191667318344116,-0.07950484752655029,-0.13275647163391113,-0.09370413422584534,-0.18244785070419312,-0.08258002996444702,-0.13800346851348877,-0.06955063343048096,-0.09777051210403442,-0.046282678842544556,-0.14689099788665771,-0.05824005603790283,-0.1965004801750183,-0.05025157332420349,-0.1371639370918274,-0.042370617389678955,-0.09531408548355103,-0.01373782753944397,-0.1493338942527771,-0.023894131183624268,-0.19033151865005493,-0.021215379238128662,-0.13054883480072021,-0.015871047973632812,-0.09158605337142944,0.02257513999938965,-0.14271056652069092,0.00966101884841919,-0.1785283088684082,0.0047607421875,-0.1369273066520691,0.004852354526519775,-0.10778701305389404
0.0,0.0,-0.06088989973068237,-0.031348466873168945,-0.0973874032497406,-0.07434362173080444,-0.10180175304412842,-0.12516707181930542,-0.09173169732093811,-0.15709799528121948,-0.08192369341850281,-0.13515353202819824,-0.09805026650428772,-0.18433880805969238,-0.08716773986816406,-0.14200949668884277,-0.07469639182090759,-0.10161811113357544,-0.048910051584243774,-0.1497005820274353,-0.062182337045669556,-0.19666600227355957,-0.052632689476013184,-0.13679379224777222,-0.04460042715072632,-0.09334224462509155,-0.016043752431869507,-0.1514594554901123,-0.027227580547332764,-0.1904764175415039,-0.023696571588516235,-0.13168340921401978,-0.01761499047279358,-0.09135103225708008,0.020947277545928955,-0.14361000061035156,0.007630646228790283,-0.17914044857025146,0.0033753514289855957,-0.137811541557312,0.0033319592475891113,-0.10946911573410034
0.0,0.0,-0.05970907211303711,-0.026511073112487793,-0.0954953134059906,-0.08005249500274658,-0.08743667602539062,-0.13214808702468872,-0.0651545524597168,-0.1624143123626709,-0.08352825045585632,-0.13706094026565552,-0.0992116928100586,-0.18832463026046753,-0.08672696352005005,-0.14347320795059204,-0.07336053252220154,-0.10228568315505981,-0.050115346908569336,-0.1504911184310913,-0.06240814924240112,-0.2013838291168213,-0.05289772152900696,-0.1404045820236206,-0.04473969340324402,-0.09512561559677124,-0.016508489847183228,-0.1525605320930481,-0.027852684259414673,-0.19483792781829834,-0.02396133542060852,-0.13397562503814697,-0.01846364140510559,-0.09157216548919678,0.02024543285369873,-0.14558279514312744,0.006083488464355469,-0.18223708868026733,0.0018287897109985352,-0.14033585786819458,0.0024434328079223633,-0.10919207334518433
0.0,0.0,-0.0599384605884552,-0.025456726551055908,-0.09416526556015015,-0.07908594608306885,-0.08493214845657349,-0.13376247882843018,-0.06385987997055054,-0.1650930643081665,-0.08174538612365723,-0.1359243392944336,-0.09678852558135986,-0.1874600052833557,-0.08544299006462097,-0.1431053876876831,-0.0729256272315979,-0.10311013460159302,-0.0487360954284668,-0.1490706205368042,-0.061543673276901245,-0.20173978805541992,-0.05252167582511902,-0.14086371660232544,-0.04490235447883606,-0.09753870964050293,-0.016531169414520264,-0.15131813287734985,-0.02749958634376526,-0.19469499588012695,-0.024040639400482178,-0.13414746522903442,-0.01829436421394348,-0.09365934133529663,0.01991403102874756,-0.145008385181427,0.006517231464385986,-0.1819145679473877,0.002741098403930664,-0.1402568817138672,0.003092646598815918,-0.11094939708709717
0.0,0.0,-0.05525088310241699,-0.02403312921524048,-0.08570116758346558,-0.07851982116699219,-0.06916964054107666,-0.13046741485595703,-0.04242101311683655,-0.157143235206604,-0.07647895812988281,-0.13453441858291626,-0.091118723154068,-0.18643391132354736,-0.07999229431152344,-0.1429576873779297,-0.06795892119407654,-0.1038089394569397,-0.043608278036117554,-0.14697229862213135,-0.0559464693069458,-0.2029399871826172,-0.04807877540588379,-0.1439073085784912,-0.041028767824172974,-0.10321271419525146,-0.011366099119186401,-0.14769530296325684,-0.020046085119247437,-0.19225752353668213,-0.0187990665435791,-0.13257277011871338,-0.015027940273284912,-0.09416782855987549,0.0238153338432312,-0.1389172077178955,0.012553393840789795,-0.1763324737548828,0.006608754396438599,-0.13540542125701904,0.0055612921714782715,-0.10659599304199219
0.0,0.0,-0.05124872922897339,-0.021502971649169922,-0.08092370629310608,-0.08239716291427612,-0.061848074197769165,-0.13928812742233276,-0.03353556990623474,-0.17071640491485596,-0.07238015532493591,-0.1320517659187317,-0.08580607175827026,-0.18489712476730347,-0.07704499363899231,-0.14666813611984253,-0.06408745050430298,-0.10833173990249634,-0.04140809178352356,-0.14532560110092163,-0.05551022291183472,-0.21236422657966614,-0.05232468247413635,-0.16881567239761353,-0.04307219386100769,-0.12996208667755127,-0.009158104658126831,-0.14565300941467285,-0.01627129316329956,-0.18495392799377441,-0.017012804746627808,-0.12462091445922852,-0.01361769437789917,-0.08623665571212769,0.025738120079040527,-0.13671976327896118,0.014427900314331055,-0.17038196325302124,0.0076448917388916016,-0.130163311958313,0.006766557693481445,-0.10247445106506348
0.0,0.0,-0.05489352345466614,-0.02433168888092041,-0.08455753326416016,-0.08615851402282715,-0.06515461206436157,-0.14281153678894043,-0.038131147623062134,-0.1766224503517151,-0.07625409960746765,-0.13583648204803467,-0.0905899703502655,-0.18757694959640503,-0.08066350221633911,-0.1464415192604065,-0.06736582517623901,-0.10688459873199463,-0.044040173292160034,-0.14905518293380737,-0.05762907862663269,-0.2102324366569519,-0.05170160531997681,-0.15814948081970215,-0.04184013605117798,-0.11881798505783081,-0.010699927806854248,-0.15007269382476807,-0.01941785216331482,-0.19397598505020142,-0.018768280744552612,-0.13282954692840576,-0.014307886362075806,-0.09468233585357666,0.025265097618103027,-0.14143675565719604,0.012704789638519287,-0.17937129735946655,0.006636917591094971,-0.13794636726379395,0.00616803765296936,-0.10902637243270874
0.0,0.0,-0.05542004108428955,-0.021095335483551025,-0.0863901674747467,-0.08057039976119995,-0.06814795732498169,-0.13685345649719238,-0.04243546724319458,-0.17138677835464478,-0.07846119999885559,-0.12712466716766357,-0.09427067637443542,-0.17829161882400513,-0.0837126076221466,-0.14008504152297974,-0.06981822848320007,-0.10178351402282715,-0.04726633429527283,-0.14180785417556763,-0.06320825219154358,-0.20284205675125122,-0.055553436279296875,-0.15641289949417114,-0.04452940821647644,-0.11792415380477905,-0.014528036117553711,-0.1449977159500122,-0.023805826902389526,-0.18771111965179443,-0.02056562900543213,-0.12906008958816528,-0.015344470739364624,-0.09052449464797974,0.02120479941368103,-0.1390146017074585,0.007736712694168091,-0.17705309391021729,0.004252970218658447,-0.13670837879180908,0.005497545003890991,-0.10722547769546509
0.0,0.0,-0.05538329482078552,-0.01920849084854126,-0.08646497130393982,-0.07893085479736328,-0.06828626990318298,-0.1357918381690979,-0.041940540075302124,-0.16993868350982666,-0.07909226417541504,-0.12619608640670776,-0.09433925151824951,-0.1782059669494629,-0.0833299458026886,-0.1406775712966919,-0.0689522922039032,-0.1022939682006836,-0.04807981848716736,-0.14092063903808594,-0.06353333592414856,-0.20249754190444946,-0.05592375993728638,-0.15657025575637817,-0.04455399513244629,-0.1181299090385437,-0.015567004680633545,-0.14441180229187012,-0.024072587490081787,-0.18761813640594482,-0.021011799573898315,-0.1281004548072815,-0.015662014484405518,-0.08874458074569702,0.020378917455673218,-0.1389138102531433,0.008098989725112915,-0.17755067348480225,0.0037983357906341553,-0.1370411515235901,0.004173964262008667,-0.1069219708442688
0.0,0.0,-0.05778488516807556,-0.019002914428710938,-0.09044057130813599,-0.07728934288024902,-0.07353290915489197,-0.13311034440994263,-0.048188626766204834,-0.16666120290756226,-0.08228817582130432,-0.12613224983215332,-0.09667158126831055,-0.17792433500289917,-0.08486440777778625,-0.1412246823310852,-0.07088056206703186,-0.10281163454055786,-0.0509813129901886,-0.14210480451583862,-0.06596630811691284,-0.2034139633178711,-0.05718529224395752,-0.15506654977798462,-0.04668518900871277,-0.11484569311141968,-0.018423408269882202,-0.14659756422042847,-0.027215510606765747,-0.18952977657318115,-0.02275034785270691,-0.1301344633102417,-0.016645431518554688,-0.09089457988739014,0.01846015453338623,-0.14195281267166138,0.004900693893432617,-0.1800776720046997,0.002697169780731201,-0.13901692628860474,0.0043378472328186035,-0.10920757055282593
0.0,0.0,-0.060676902532577515,-0.023577630519866943,-0.10625022649765015,-0.06897091865539551,-0.1320348083972931,-0.10541802644729614,-0.1530437171459198,-0.12377458810806274,-0.083157479763031,-0.1315339207649231,-0.09992215037345886,-0.17932122945785522,-0.08837851881980896,-0.13963627815246582,-0.07476747035980225,-0.10176992416381836,-0.05209335684776306,-0.14481431245803833,-0.06811371445655823,-0.2019703984260559,-0.06091040372848511,-0.14994829893112183,-0.04943126440048218,-0.11056584119796753,-0.01953020691871643,-0.1471908688545227,-0.03025791049003601,-0.18986016511917114,-0.02753758430480957,-0.13243061304092407,-0.019875258207321167,-0.0951153039932251,0.016360372304916382,-0.14020103216171265,0.0047810375690460205,-0.1807001829147339,-0.0005531013011932373,-0.14036774635314941,0.001317828893661499,-0.11137920618057251
0.0,0.0,-0.05878371000289917,-0.020027756690979004,-0.09477463364601135,-0.07128769159317017,-0.08999764919281006,-0.12023496627807617,-0.07307225465774536,-0.15166860818862915,-0.08513599634170532,-0.12635958194732666,-0.10117524862289429,-0.17773354053497314,-0.087822824716568,-0.14004302024841309,-0.07288545370101929,-0.10132753849029541,-0.05299109220504761,-0.14337676763534546,-0.07002672553062439,-0.20529556274414062,-0.05909702181816101,-0.15281236171722412,-0.04731595516204834,-0.11121970415115356,-0.019752800464630127,-0.1484106183052063,-0.03234487771987915,-0.19128966331481934,-0.02582690119743347,-0.1308104395866394,-0.01721411943435669,-0.0931546688079834,0.018137991428375244,-0.14472776651382446,0.0020602941513061523,-0.17841213941574097,0.0008472800254821777,-0.13669228553771973,0.004221081733703613,-0.11059671640396118
0.0,0.0,-0.05872121453285217,-0.019080519676208496,-0.0941610336303711,-0.07694351673126221,-0.08232232928276062,-0.13377165794372559,-0.0607830286026001,-0.17043465375900269,-0.08484908938407898,-0.12802362442016602,-0.10041543841362,-0.18188852071762085,-0.0885205864906311,-0.14426803588867188,-0.07373657822608948,-0.10454750061035156,-0.05301719903945923,-0.14356040954589844,-0.06852525472640991,-0.2067105770111084,-0.05926501750946045,-0.15707629919052124,-0.047861307859420776,-0.11644673347473145,-0.020347177982330322,-0.148243248462677,-0.03101477026939392,-0.1909438967704773,-0.026071488857269287,-0.13167661428451538,-0.018696457147598267,-0.09375166893005371,0.016520440578460693,-0.1442108154296875,0.0017134547233581543,-0.18139636516571045,-0.0005388855934143066,-0.13928520679473877,0.001760244369506836,-0.10988771915435791
0.0,0.0,-0.06105265021324158,-0.023588359355926514,-0.09473070502281189,-0.0769757628440857,-0.08664119243621826,-0.1333456039428711,-0.06697946786880493,-0.16881626844406128,-0.08356362581253052,-0.12890625,-0.09936341643333435,-0.18149244785308838,-0.08855623006820679,-0.1451968550682068,-0.07369789481163025,-0.10456538200378418,-0.051711052656173706,-0.14439678192138672,-0.06801709532737732,-0.20513415336608887,-0.06004646420478821,-0.1572694182395935,-0.049030840396881104,-0.11772274971008301,-0.01988503336906433,-0.14801174402236938,-0.03019621968269348,-0.19131088256835938,-0.026940882205963135,-0.133145272731781,-0.0192413330078125,-0.095458984375,0.018092572689056396,-0.1429382562637329,0.003790557384490967,-0.18000924587249756,0.0009439587593078613,-0.1388251781463623,0.0026979446411132812,-0.1113470196723938
0.0,0.0,-0.05846741795539856,-0.02248626947402954,-0.09175226092338562,-0.07512235641479492,-0.0855993926525116,-0.12711071968078613,-0.06847137212753296,-0.16043680906295776,-0.08146405220031738,-0.1295337677001953,-0.09691372513771057,-0.18206971883773804,-0.08617573976516724,-0.1436464786529541,-0.07201841473579407,-0.10224956274032593,-0.049307048320770264,-0.14475005865097046,-0.06398171186447144,-0.20673424005508423,-0.05522933602333069,-0.15256112813949585,-0.044796377420425415,-0.11001408100128174,-0.016839057207107544,-0.14834558963775635,-0.026888728141784668,-0.19050753116607666,-0.022981584072113037,-0.13015848398208618,-0.015610426664352417,-0.09292846918106079,0.02077624201774597,-0.14248508214950562,0.0065589845180511475,-0.17897439002990723,0.003140866756439209,-0.13712161779403687,0.00457078218460083,-0.10950970649719238
0.0,0.0,-0.0591123104095459,-0.027599573135375977,-0.08983683586120605,-0.08279180526733398,-0.07692816853523254,-0.13477379083633423,-0.05409470200538635,-0.16819161176681519,-0.07952013611793518,-0.1337563395500183,-0.09583777189254761,-0.18489325046539307,-0.0863039493560791,-0.14584898948669434,-0.07257238030433655,-0.1055060625076294,-0.04791960120201111,-0.14805495738983154,-0.06387355923652649,-0.20959287881851196,-0.05605247616767883,-0.15468847751617432,-0.045454949140548706,-0.11182785034179688,-0.0154954195022583,-0.1506546139717102,-0.02676716446876526,-0.19433587789535522,-0.02389618754386902,-0.13370919227600098,-0.016228169202804565,-0.09495502710342407,0.02194356918334961,-0.14343500137329102,0.006405651569366455,-0.18054401874542236,0.0025625228881835938,-0.13810712099075317,0.004712015390396118,-0.10859078168869019
0.0,0.0,-0.057870686054229736,-0.02336031198501587,-0.09067976474761963,-0.08219349384307861,-0.07523998618125916,-0.1394442319869995,-0.05001261830329895,-0.1748359203338623,-0.08091187477111816,-0.13310688734054565,-0.09671607613563538,-0.18676096200942993,-0.08651268482208252,-0.14775270223617554,-0.07264268398284912,-0.10718166828155518,-0.04920381307601929,-0.1471506953239441,-0.06394612789154053,-0.2117706537246704,-0.05709576606750488,-0.16093319654464722,-0.04704669117927551,-0.11751878261566162,-0.016267240047454834,-0.15036487579345703,-0.02764415740966797,-0.19320285320281982,-0.024338603019714355,-0.13257265090942383,-0.017344921827316284,-0.09241759777069092,0.020870327949523926,-0.14483654499053955,0.005405426025390625,-0.18191593885421753,0.0023163557052612305,-0.1395587921142578,0.004724085330963135,-0.10927659273147583
0.0,0.0,-0.058992862701416016,-0.02502453327178955,-0.0900496244430542,-0.08386069536209106,-0.07481786608695984,-0.14218556880950928,-0.0501369833946228,-0.17917335033416748,-0.08120065927505493,-0.13384562730789185,-0.09684205055236816,-0.18854188919067383,-0.08586621284484863,-0.1499829888343811,-0.07144656777381897,-0.10812538862228394,-0.048082560300827026,-0.14906978607177734,-0.06392017006874084,-0.21266573667526245,-0.05538263916969299,-0.15941864252090454,-0.04470318555831909,-0.11575806140899658,-0.015123307704925537,-0.15219688415527344,-0.02637845277786255,-0.1973535418510437,-0.02258095145225525,-0.13570380210876465,-0.015009403228759766,-0.09536480903625488,0.023272037506103516,-0.1461440920829773,0.007161557674407959,-0.18456816673278809,0.004555225372314453,-0.14154762029647827,0.007053196430206299,-0.11186057329177856
0.0,0.0,-0.05837303400039673,-0.027610421180725098,-0.08926653861999512,-0.08530199527740479,-0.07549461722373962,-0.14197790622711182,-0.05245637893676758,-0.17719578742980957,-0.0800626277923584,-0.13689500093460083,-0.09513100981712341,-0.19190925359725952,-0.08500885963439941,-0.1535334587097168,-0.0714893639087677,-0.11169934272766113,-0.04752004146575928,-0.15128129720687866,-0.061629652976989746,-0.2163553237915039,-0.05408778786659241,-0.16166484355926514,-0.04472598433494568,-0.1171196699142456,-0.015086174011230469,-0.1539711356163025,-0.02540680766105652,-0.19917434453964233,-0.02278175950050354,-0.13797199726104736,-0.015719205141067505,-0.09752607345581055,0.022786498069763184,-0.14708548784255981,0.007581174373626709,-0.1871982216835022,0.0039719343185424805,-0.14473390579223633,0.005700886249542236,-0.11437070369720459
0.0,0.0,-0.05804240703582764,-0.02624136209487915,-0.08764168620109558,-0.08388358354568481,-0.0710453987121582,-0.13853299617767334,-0.04575619101524353,-0.17060309648513794,-0.07980936765670776,-0.1347673535346985,-0.09475290775299072,-0.1884428858757019,-0.0843498706817627,-0.1473739743232727,-0.07127463817596436,-0.1068071722984314,-0.04688996076583862,-0.14903026819229126,-0.06138613820075989,-0.21175670623779297,-0.053580641746520996,-0.15612119436264038,-0.044285207986831665,-0.11392652988433838,-0.014112263917922974,-0.1516137719154358,-0.024659305810928345,-0.19576364755630493,-0.02192971110343933,-0.13542908430099487,-0.015457004308700562,-0.09751647710800171,0.023424506187438965,-0.14476972818374634,0.008687198162078857,-0.18294817209243774,0.005153536796569824,-0.1405753493309021,0.0067421793937683105,-0.11185753345489502
0.0,0.0,-0.05759328603744507,-0.023495912551879883,-0.08911275863647461,-0.08220911026000977,-0.0732523500919342,-0.13989299535751343,-0.0484849214553833,-0.17390960454940796,-0.07869935035705566,-0.13372528553009033,-0.09424921870231628,-0.18731153011322021,-0.08434569835662842,-0.14776945114135742,-0.07064461708068848,-0.10698139667510986,-0.046263039112091064,-0.147438645362854,-0.06104925274848938,-0.21087610721588135,-0.054429590702056885,-0.15851694345474243,-0.04492250084877014,-0.11562424898147583,-0.013756901025772095,-0.14961379766464233,-0.024468660354614258,-0.19450902938842773,-0.02177715301513672,-0.13292652368545532,-0.015019118785858154,-0.09242355823516846,0.02352243661880493,-0.1429033875465393,0.008709847927093506,-0.18151330947875977,0.005281627178192139,-0.13882291316986084,0.0071097612380981445,-0.10898494720458984
0.0,0.0,-0.05761754512786865,-0.0252457857131958,-0.08889514207839966,-0.08519667387008667,-0.07338196039199829,-0.14251524209976196,-0.04910445213317871,-0.1792728304862976,-0.07986143231391907,-0.13503527641296387,-0.09502699971199036,-0.18973296880722046,-0.08472034335136414,-0.1514219045639038,-0.07087886333465576,-0.10935169458389282,-0.0473807156085968,-0.1495491862297058,-0.062170833349227905,-0.21395349502563477,-0.05529683828353882,-0.16296207904815674,-0.04540547728538513,-0.11860775947570801,-0.01431533694267273,-0.15216046571731567,-0.02537471055984497,-0.19785261154174805,-0.02276557683944702,-0.1365686058998108,-0.016216814517974854,-0.09442257881164551,0.02326679229736328,-0.14536261558532715,0.008033335208892822,-0.18463611602783203,0.0038700103759765625,-0.14237350225448608,0.005372822284698486,-0.11073964834213257
0.0,0.0,-0.06067642569541931,-0.026123762130737305,-0.09498986601829529,-0.08026975393295288,-0.09264060854911804,-0.13324779272079468,-0.07909229397773743,-0.16512978076934814,-0.08101126551628113,-0.1358221173286438,-0.09709015488624573,-0.1901102066040039,-0.08733373880386353,-0.15055209398269653,-0.0732111930847168,-0.10745441913604736,-0.048138707876205444,-0.14938414096832275,-0.06285041570663452,-0.21290814876556396,-0.05651932954788208,-0.15893220901489258,-0.04668685793876648,-0.11490803956985474,-0.015444248914718628,-0.15144658088684082,-0.02580234408378601,-0.19710731506347656,-0.024143338203430176,-0.13656198978424072,-0.016756385564804077,-0.09618210792541504,0.022520124912261963,-0.14426285028457642,0.008610248565673828,-0.18341803550720215,0.0029429197311401367,-0.14164650440216064,0.004157006740570068,-0.11162775754928589
0.0,0.0,-0.058672040700912476,-0.024734795093536377,-0.09003603458404541,-0.08162540197372437,-0.07597669959068298,-0.13808125257492065,-0.05217832326889038,-0.17316359281539917,-0.08033278584480286,-0.13392698764801025,-0.09443238377571106,-0.18568390607833862,-0.08406892418861389,-0.1470242738723755,-0.06984904408454895,-0.1063992977142334,-0.048002153635025024,-0.14842861890792847,-0.06240519881248474,-0.21130859851837158,-0.05545210838317871,-0.15902912616729736,-0.04534745216369629,-0.11535024642944336,-0.015400201082229614,-0.1510847806930542,-0.025208503007888794,-0.19524669647216797,-0.023127198219299316,-0.13496005535125732,-0.016504794359207153,-0.09446954727172852,0.022069156169891357,-0.14430558681488037,0.007765650749206543,-0.18253487348556519,0.0037335753440856934,-0.1402307152748108,0.005029201507568359,-0.10992622375488281
0.0,0.0,-0.054773807525634766,-0.023017466068267822,-0.08585512638092041,-0.08431577682495117,-0.06838563084602356,-0.14224320650100708,-0.04219794273376465,-0.1781795620918274,-0.07680386304855347,-0.13419920206069946,-0.09302419424057007,-0.18706631660461426,-0.08425480127334595,-0.14905083179473877,-0.0702316164970398,-0.10712891817092896,-0.044785499572753906,-0.14761215448379517,-0.06003934144973755,-0.2104223370552063,-0.05434370040893555,-0.15936213731765747,-0.043936312198638916,-0.11413031816482544,-0.011789977550506592,-0.15008336305618286,-0.02316257357597351,-0.19422727823257446,-0.020705819129943848,-0.13281941413879395,-0.013799726963043213,-0.09029853343963623,0.025131702423095703,-0.14377743005752563,0.009520649909973145,-0.18276959657669067,0.005682587623596191,-0.13998520374298096,0.008454501628875732,-0.10799598693847656
0.0,0.0,-0.055867135524749756,-0.02238309383392334,-0.08630549907684326,-0.08562380075454712,-0.06866049766540527,-0.1452188491821289,-0.04397806525230408,-0.182850182056427,-0.07758760452270508,-0.13446485996246338,-0.09295034408569336,-0.18783873319625854,-0.08328616619110107,-0.1488378643989563,-0.06938832998275757,-0.10697895288467407,-0.045124202966690063,-0.14773958921432495,-0.06042638421058655,-0.21089202165603638,-0.05444684624671936,-0.16036295890808105,-0.044077515602111816,-0.11520171165466309,-0.012104421854019165,-0.15029609203338623,-0.023690372705459595,-0.1950550079345703,-0.02105581760406494,-0.13298898935317993,-0.01435840129852295,-0.08966469764709473,0.024537861347198486,-0.14459455013275146,0.008594632148742676,-0.18382316827774048,0.005023777484893799,-0.14085108041763306,0.0076850056648254395,-0.10834699869155884
0.0,0.0,-0.0560721755027771,-0.021784961223602295,-0.08774343132972717,-0.08501118421554565,-0.07012984156608582,-0.14464884996414185,-0.0450609028339386,-0.18140029907226562,-0.07835808396339417,-0.1335955262184143,-0.09371727705001831,-0.18783652782440186,-0.08441731333732605,-0.14809083938598633,-0.0711260437965393,-0.1065792441368103,-0.046144962310791016,-0.14735937118530273,-0.06159830093383789,-0.2116031050682068,-0.055747389793395996,-0.161618173122406,-0.04560473561286926,-0.11801010370254517,-0.013208717107772827,-0.15025222301483154,-0.024552255868911743,-0.19570159912109375,-0.021946340799331665,-0.13378846645355225,-0.015612244606018066,-0.09150922298431396,0.023247897624969482,-0.1447293758392334,0.0074880123138427734,-0.18317455053329468,0.004153728485107422,-0.13981056213378906,0.006567180156707764,-0.1079069972038269
0.0,0.0,-0.054533451795578,-0.019518017768859863,-0.08555781841278076,-0.08275145292282104,-0.0679919421672821,-0.14159905910491943,-0.04305282235145569,-0.1773000955581665,-0.07669541239738464,-0.13364452123641968,-0.09254413843154907,-0.1881992220878601,-0.08398789167404175,-0.1468501091003418,-0.07043081521987915,-0.10530990362167358,-0.04465946555137634,-0.14812082052230835,-0.06013166904449463,-0.21251261234283447,-0.05536803603172302,-0.15945708751678467,-0.045293182134628296,-0.11571997404098511,-0.011928170919418335,-0.1510816216468811,-0.02352231740951538,-0.19594591856002808,-0.021251827478408813,-0.1332414150238037,-0.014353126287460327,-0.0924636721611023,0.024617493152618408,-0.14536571502685547,0.008982956409454346,-0.18327009677886963,0.005089282989501953,-0.13947457075119019,0.007889270782470703,-0.10846036672592163
0.0,0.0,-0.055303364992141724,-0.020240366458892822,-0.08634236454963684,-0.08287191390991211,-0.06757798790931702,-0.14122653007507324,-0.04133692383766174,-0.17687618732452393,-0.07779949903488159,-0.1325376033782959,-0.09313631057739258,-0.18704116344451904,-0.0839131772518158,-0.14709538221359253,-0.07058891654014587,-0.1053197979927063,-0.0455661416053772,-0.14655762910842896,-0.060359418392181396,-0.210548996925354,-0.05447167158126831,-0.15779179334640503,-0.044361233711242676,-0.11376023292541504,-0.012345284223556519,-0.14966630935668945,-0.023356467485427856,-0.19524383544921875,-0.021066814661026,-0.1319534182548523,-0.014934897422790527,-0.08993697166442871,0.024274826049804688,-0.14421266317367554,0.009325504302978516,-0.18275249004364014,0.0050945281982421875,-0.13901567459106445,0.0071048736572265625,-0.10719853639602661
0.0,0.0,-0.05653256177902222,-0.022734522819519043,-0.08817517757415771,-0.08289635181427002,-0.07270476222038269,-0.14110159873962402,-0.04825824499130249,-0.17770171165466309,-0.0793093740940094,-0.13379889726638794,-0.09496903419494629,-0.1885695457458496,-0.08587086200714111,-0.14893317222595215,-0.07280528545379639,-0.10755634307861328,-0.04692065715789795,-0.14767926931381226,-0.06168586015701294,-0.2123100757598877,-0.055493324995040894,-0.1585371494293213,-0.04587563872337341,-0.1142265796661377,-0.013992071151733398,-0.15047991275787354,-0.02542966604232788,-0.1956923007965088,-0.022764652967453003,-0.13351291418075562,-0.0161515474319458,-0.09292733669281006,0.022968590259552002,-0.14428478479385376,0.007749736309051514,-0.1824588179588318,0.003832221031188965,-0.13931483030319214,0.00569838285446167,-0.10868126153945923
0.0,0.0,-0.05600544810295105,-0.021672487258911133,-0.08827880024909973,-0.08442133665084839,-0.07037761807441711,-0.14298075437545776,-0.04374316334724426,-0.1781827211380005,-0.078682541847229,-0.13515353202819824,-0.09458130598068237,-0.18920254707336426,-0.08560794591903687,-0.14923244714736938,-0.07222247123718262,-0.1081123948097229,-0.046513527631759644,-0.14948970079421997,-0.061508506536483765,-0.21351826190948486,-0.05530849099159241,-0.16042059659957886,-0.04506045579910278,-0.11672389507293701,-0.013513714075088501,-0.15237581729888916,-0.02497616410255432,-0.19651943445205688,-0.021811336278915405,-0.1348535418510437,-0.014817953109741211,-0.09454339742660522,0.0230618417263031,-0.14641213417053223,0.007768064737319946,-0.18464690446853638,0.004306763410568237,-0.14139723777770996,0.006761640310287476,-0.11035197973251343
0.0,0.0,-0.05548521876335144,-0.021640121936798096,-0.08637192845344543,-0.08301502466201782,-0.06826639175415039,-0.1396578550338745,-0.041628748178482056,-0.17216050624847412,-0.0772600769996643,-0.13403648138046265,-0.09286874532699585,-0.1859239935874939,-0.08357754349708557,-0.14642643928527832,-0.07046708464622498,-0.10626918077468872,-0.04498830437660217,-0.14777588844299316,-0.059704333543777466,-0.20906692743301392,-0.05396527051925659,-0.1568436622619629,-0.04478633403778076,-0.11432337760925293,-0.011951208114624023,-0.150152325630188,-0.023410528898239136,-0.19343143701553345,-0.020848721265792847,-0.1329299807548523,-0.014500260353088379,-0.09346383810043335,0.024599552154541016,-0.1437702775001526,0.009116411209106445,-0.18127399682998657,0.005391359329223633,-0.1391013264656067,0.00775068998336792,-0.10922223329544067
0.0,0.0,-0.056849777698516846,-0.02373892068862915,-0.08741649985313416,-0.08261257410049438,-0.07211953401565552,-0.13792747259140015,-0.047524094581604004,-0.17102110385894775,-0.07901278138160706,-0.13379108905792236,-0.09503117203712463,-0.1863836646080017,-0.08498156070709229,-0.14732462167739868,-0.07172146439552307,-0.10681110620498657,-0.0468614399433136,-0.14845377206802368,-0.062048494815826416,-0.20959901809692383,-0.0546535849571228,-0.1567515730857849,-0.045040249824523926,-0.11612433195114136,-0.014327526092529297,-0.15101981163024902,-0.024674564599990845,-0.19434994459152222,-0.021727651357650757,-0.13410234451293945,-0.014925569295883179,-0.09622013568878174,0.022819459438323975,-0.1441173553466797,0.008887946605682373,-0.18213367462158203,0.005031287670135498,-0.1405506134033203,0.006698489189147949,-0.11224067211151123
0.0,0.0,-0.05612313747406006,-0.02184760570526123,-0.08706757426261902,-0.08562499284744263,-0.06817036867141724,-0.1429571509361267,-0.04238402843475342,-0.17706042528152466,-0.07958236336708069,-0.13374865055084229,-0.09463539719581604,-0.1858239769935608,-0.08442807197570801,-0.1453927755355835,-0.07112434506416321,-0.10543149709701538,-0.047146618366241455,-0.14789831638336182,-0.06119680404663086,-0.20803892612457275,-0.054331421852111816,-0.1544814109802246,-0.044748127460479736,-0.11295771598815918,-0.013691723346710205,-0.1507246494293213,-0.024281948804855347,-0.19358903169631958,-0.021252959966659546,-0.1314913034439087,-0.015531539916992188,-0.09200280904769897,0.022811949253082275,-0.14495164155960083,0.008279383182525635,-0.18199646472930908,0.0047675371170043945,-0.1390048861503601,0.006474494934082031,-0.10906225442886353
0.0,0.0,-0.05520901083946228,-0.0209997296333313,-0.08734384179115295,-0.08432877063751221,-0.06903353333473206,-0.14217478036880493,-0.04209676384925842,-0.1749802827835083,-0.07907164096832275,-0.13266050815582275,-0.09545719623565674,-0.18662047386169434,-0.08531883358955383,-0.14611518383026123,-0.07153436541557312,-0.10575729608535767,-0.04668903350830078,-0.14644157886505127,-0.06129908561706543,-0.20878547430038452,-0.05416601896286011,-0.15377306938171387,-0.044346004724502563,-0.1118972897529602,-0.013626962900161743,-0.14909523725509644,-0.02459576725959778,-0.193861186504364,-0.02129262685775757,-0.1313108205795288,-0.015117377042770386,-0.09217917919158936,0.022889256477355957,-0.14345836639404297,0.008309364318847656,-0.18200087547302246,0.005109250545501709,-0.13917845487594604,0.007094740867614746,-0.10967439413070679
0.0,0.0,-0.055799126625061035,-0.021538913249969482,-0.08766317367553711,-0.0844646692276001,-0.07003718614578247,-0.14230746030807495,-0.0438784658908844,-0.17693108320236206,-0.07806462049484253,-0.1332165002822876,-0.094580739736557,-0.1864027976989746,-0.0853126049041748,-0.14580833911895752,-0.0719815194606781,-0.10541462898254395,-0.04628792405128479,-0.14669036865234375,-0.061176449060440063,-0.2082313895225525,-0.05515936017036438,-0.153717041015625,-0.04525461792945862,-0.11192190647125244,-0.01362726092338562,-0.14926660060882568,-0.02494180202484131,-0.19413316249847412,-0.022296935319900513,-0.13090753555297852,-0.01572677493095398,-0.09126025438308716,0.022893846035003662,-0.14336341619491577,0.007645547389984131,-0.18238872289657593,0.0038904547691345215,-0.13883310556411743,0.006190836429595947,-0.10850650072097778
0.0,0.0,-0.05623018741607666,-0.020888090133666992,-0.0882306694984436,-0.08306586742401123,-0.06992408633232117,-0.14099359512329102,-0.04265153408050537,-0.17453056573867798,-0.07930666208267212,-0.13332992792129517,-0.09517481923103333,-0.18550580739974976,-0.08540189266204834,-0.14470940828323364,-0.07206535339355469,-0.1043592095375061,-0.0472378134727478,-0.14688456058502197,-0.061974793672561646,-0.2080516815185547,-0.055791616439819336,-0.1538967490196228,-0.0461348295211792,-0.11140090227127075,-0.014182507991790771,-0.1491110920906067,-0.024996966123580933,-0.19403529167175293,-0.02280902862548828,-0.13090968132019043,-0.01704120635986328,-0.08987879753112793,0.022304415702819824,-0.1426364779472351,0.007888555526733398,-0.1811651587486267,0.003252267837524414,-0.1378459334373474,0.004388689994812012,-0.10656774044036865
0.0,0.0,-0.057201892137527466,-0.023443877696990967,-0.08973658084869385,-0.08515053987503052,-0.07309532165527344,-0.14216136932373047,-0.04556313157081604,-0.17400133609771729,-0.07963761687278748,-0.13559174537658691,-0.09567499160766602,-0.1877034306526184,-0.08591622114181519,-0.14641612768173218,-0.0720984935760498,-0.10707902908325195,-0.04751867055892944,-0.14947360754013062,-0.06254735589027405,-0.21060246229171753,-0.056550681591033936,-0.15667086839675903,-0.04621616005897522,-0.11558294296264648,-0.01453489065170288,-0.15220820903778076,-0.02521383762359619,-0.19607871770858765,-0.02326342463493347,-0.134044349193573,-0.01682579517364502,-0.09467613697052002,0.02213728427886963,-0.14611881971359253,0.008174538612365723,-0.185164213180542,0.0035395026206970215,-0.14228254556655884,0.005202949047088623,-0.1118660569190979
0.0,0.0,-0.05650097131729126,-0.0227663516998291,-0.0880993902683258,-0.08303415775299072,-0.0711016058921814,-0.1417054533958435,-0.04530823230743408,-0.17686188220977783,-0.08062630891799927,-0.13186782598495483,-0.09631133079528809,-0.18548047542572021,-0.08507633209228516,-0.1440269947052002,-0.07177454233169556,-0.10436534881591797,-0.048211246728897095,-0.14641988277435303,-0.06267186999320984,-0.2076336145401001,-0.05480480194091797,-0.15303730964660645,-0.045521944761276245,-0.11144900321960449,-0.015141278505325317,-0.14989709854125977,-0.02584037184715271,-0.19396591186523438,-0.022421270608901978,-0.1318908929824829,-0.0166165828704834,-0.09242027997970581,0.021429121494293213,-0.14452463388442993,0.006653785705566406,-0.18247586488723755,0.0034478306770324707,-0.13926094770431519,0.004957318305969238,-0.10890769958496094
0.0,0.0,-0.060510218143463135,-0.028521418571472168,-0.09088963270187378,-0.08278000354766846,-0.07608255743980408,-0.13737142086029053,-0.05233851075172424,-0.16990166902542114,-0.08256804943084717,-0.13644307851791382,-0.09665188193321228,-0.18703186511993408,-0.08757132291793823,-0.14724701642990112,-0.07521072030067444,-0.10815078020095825,-0.04979151487350464,-0.15091252326965332,-0.06443414092063904,-0.21112704277038574,-0.05788859724998474,-0.15792298316955566,-0.049001991748809814,-0.11801350116729736,-0.017317920923233032,-0.15279936790466309,-0.02682831883430481,-0.19543856382369995,-0.025547891855239868,-0.13619154691696167,-0.0193021297454834,-0.09837132692337036,0.020116686820983887,-0.1446605920791626,0.007315278053283691,-0.184004545211792,0.0025469064712524414,-0.14297634363174438,0.00286024808883667,-0.11402755975723267
0.0,0.0,-0.05999055504798889,-0.02396005392074585,-0.0922168493270874,-0.0778159499168396,-0.07852745056152344,-0.13172399997711182,-0.055575281381607056,-0.16657942533493042,-0.08390617370605469,-0.1288509964942932,-0.09836852550506592,-0.18110650777816772,-0.0883810818195343,-0.14273428916931152,-0.07500505447387695,-0.10225784778594971,-0.05156955122947693,-0.14472264051437378,-0.06688186526298523,-0.20849734544754028,-0.059343814849853516,-0.15695738792419434,-0.04910171031951904,-0.11481302976608276,-0.01937711238861084,-0.1483694314956665,-0.030264228582382202,-0.19115054607391357,-0.02754315733909607,-0.13216382265090942,-0.020332425832748413,-0.0943869948387146,0.018195033073425293,-0.14248615503311157,0.003143787384033203,-0.18027198314666748,-0.0002714991569519043,-0.1389780044555664,0.0016048550605773926,-0.1098642349243164
0.0,0.0,-0.058881163597106934,-0.0229528546333313,-0.09236019849777222,-0.08542442321777344,-0.07381975650787354,-0.14373564720153809,-0.044534891843795776,-0.17634564638137817,-0.08599042892456055,-0.13500148057937622,-0.10124745965003967,-0.188135027885437,-0.09080171585083008,-0.14446187019348145,-0.07688099145889282,-0.10481351613998413,-0.05246919393539429,-0.1506032943725586,-0.06695622205734253,-0.2128039300441742,-0.059616655111312866,-0.15460419654846191,-0.049446940422058105,-0.1129027009010315,-0.018360912799835205,-0.15435528755187988,-0.0293503999710083,-0.19903850555419922,-0.025648832321166992,-0.13557207584381104,-0.018839478492736816,-0.09720045328140259,0.018765807151794434,-0.14840543270111084,0.0045590996742248535,-0.1861405372619629,0.00180739164352417,-0.14209705591201782,0.0046312808990478516,-0.11326873302459717
0.0,0.0,-0.05999448895454407,-0.027838170528411865,-0.09230536222457886,-0.08435237407684326,-0.07546550035476685,-0.13917720317840576,-0.04670789837837219,-0.17010778188705444,-0.08552056550979614,-0.13822561502456665,-0.10057482123374939,-0.18893855810165405,-0.09057441353797913,-0.1468406319618225,-0.07663467526435852,-0.10624849796295166,-0.051462143659591675,-0.15357297658920288,-0.06598180532455444,-0.2146528959274292,-0.05841836333274841,-0.15553134679794312,-0.048221081495285034,-0.1125112771987915,-0.017744898796081543,-0.1561402678489685,-0.028215020895004272,-0.19899487495422363,-0.025924891233444214,-0.13583505153656006,-0.018706440925598145,-0.09666287899017334,0.020240962505340576,-0.1482657790184021,0.005886852741241455,-0.1855316162109375,0.00178605318069458,-0.14173060655593872,0.0033299922943115234,-0.11269420385360718
0.0,0.0,-0.05722701549530029,-0.023362398147583008,-0.09045565128326416,-0.08443713188171387,-0.07225999236106873,-0.14264702796936035,-0.04300844669342041,-0.1768016219139099,-0.08366149663925171,-0.13513720035552979,-0.0992635190486908,-0.1863234043121338,-0.08866506814956665,-0.14377105236053467,-0.07394969463348389,-0.10291218757629395,-0.04997020959854126,-0.1500670313835144,-0.06420597434043884,-0.2119976282119751,-0.05708053708076477,-0.15496498346328735,-0.04633477330207825,-0.11073416471481323,-0.015734612941741943,-0.15270662307739258,-0.026172131299972534,-0.1958831548690796,-0.02330160140991211,-0.13165754079818726,-0.016729354858398438,-0.09070467948913574,0.021936357021331787,-0.14595520496368408,0.0073356032371521,-0.18383175134658813,0.0035237669944763184,-0.13963794708251953,0.005567610263824463,-0.108950674533844
0.0,0.0,-0.059336334466934204,-0.027576327323913574,-0.09046903252601624,-0.08744335174560547,-0.07284906506538391,-0.14581245183944702,-0.04616427421569824,-0.1823022961616516,-0.0831308364868164,-0.13755148649215698,-0.09905481338500977,-0.1880207657814026,-0.08880862593650818,-0.14566147327423096,-0.07471451163291931,-0.1042858362197876,-0.04935386776924133,-0.15251290798187256,-0.06458458304405212,-0.2119525969028473,-0.05730032920837402,-0.1548721194267273,-0.046723395586013794,-0.11008620262145996,-0.015365362167358398,-0.15496444702148438,-0.02707645297050476,-0.19814538955688477,-0.024525940418243408,-0.1341962218284607,-0.01747685670852661,-0.09200352430343628,0.022571027278900146,-0.14776891469955444,0.006532073020935059,-0.18565404415130615,0.0023713111877441406,-0.14185750484466553,0.004650890827178955,-0.11063122749328613
0.0,0.0,-0.05944666266441345,-0.02824413776397705,-0.09062111377716064,-0.08801877498626709,-0.0736958384513855,-0.1455865502357483,-0.04765281081199646,-0.18118995428085327,-0.08320903778076172,-0.13882184028625488,-0.09759610891342163,-0.19052445888519287,-0.08709746599197388,-0.14807289838790894,-0.07319724559783936,-0.10678225755691528,-0.0493139922618866,-0.15348118543624878,-0.06306040287017822,-0.2148849368095398,-0.056325554847717285,-0.15903788805007935,-0.046464622020721436,-0.11433696746826172,-0.015204668045043945,-0.15554827451705933,-0.026128649711608887,-0.19954895973205566,-0.024289608001708984,-0.1371937394142151,-0.017764270305633545,-0.09517300128936768,0.022704660892486572,-0.14760732650756836,0.007848620414733887,-0.1872185468673706,0.0030593276023864746,-0.14471077919006348,0.004587709903717041,-0.11289411783218384
0.0,0.0,-0.05923861265182495,-0.02702784538269043,-0.09062620997428894,-0.08812612295150757,-0.0729556679725647,-0.14555376768112183,-0.04489043354988098,-0.17923927307128906,-0.08184128999710083,-0.1392459273338318,-0.09638711810112,-0.18945229053497314,-0.08606985211372375,-0.14872121810913086,-0.07222902774810791,-0.1070561408996582,-0.048111915588378906,-0.15380924940109253,-0.06245684623718262,-0.2141774296760559,-0.05604347586631775,-0.15953028202056885,-0.04598596692085266,-0.11509966850280762,-0.013734698295593262,-0.15577071905136108,-0.024295926094055176,-0.19918447732925415,-0.02270105481147766,-0.1367713212966919,-0.01652604341506958,-0.09510153532028198,0.024531006813049316,-0.1477980613708496,0.009794294834136963,-0.1873287558555603,0.005038738250732422,-0.14383643865585327,0.006310582160949707,-0.11194193363189697
0.0,0.0,-0.058885276317596436,-0.02714449167251587,-0.08927065134048462,-0.08846414089202881,-0.07136458158493042,-0.14498764276504517,-0.044473886489868164,-0.17882758378982544,-0.0809597373008728,-0.14104169607162476,-0.09613251686096191,-0.19170379638671875,-0.08600291609764099,-0.14817345142364502,-0.07199245691299438,-0.1057705283164978,-0.04709982872009277,-0.15475529432296753,-0.06153464317321777,-0.21508455276489258,-0.054991185665130615,-0.15689855813980103,-0.044704973697662354,-0.11129242181777954,-0.0129774808883667,-0.15640419721603394,-0.02424362301826477,-0.19973790645599365,-0.02201750874519348,-0.13511115312576294,-0.01492580771446228,-0.09281909465789795,0.02508765459060669,-0.14839059114456177,0.009396791458129883,-0.1877450942993164,0.004818379878997803,-0.14376330375671387,0.006932199001312256,-0.11221426725387573
0.0,0.0,-0.05764701962471008,-0.028787970542907715,-0.08645462989807129,-0.09256607294082642,-0.06653580069541931,-0.14940333366394043,-0.038591593503952026,-0.18304204940795898,-0.08082735538482666,-0.1440960168838501,-0.09500890970230103,-0.1959078311920166,-0.08550143241882324,-0.15073639154434204,-0.07237187027931213,-0.10842102766036987,-0.04655376076698303,-0.15732169151306152,-0.05936753749847412,-0.2170952558517456,-0.053872108459472656,-0.15857988595962524,-0.04473775625228882,-0.1140860915184021,-0.011852920055389404,-0.1582302451133728,-0.022542595863342285,-0.2012232542037964,-0.020964086055755615,-0.13683253526687622,-0.01489374041557312,-0.09513998031616211,0.0258522629737854,-0.14944934844970703,0.010905623435974121,-0.1879408359527588,0.006235361099243164,-0.14302843809127808,0.008098900318145752,-0.11101400852203369
0.0,0.0,-0.058517634868621826,-0.02955317497253418,-0.08835312724113464,-0.08737736940383911,-0.07440569996833801,-0.14077502489089966,-0.05066639184951782,-0.1730649471282959,-0.08037564158439636,-0.14296352863311768,-0.09327462315559387,-0.19479984045028687,-0.08506876230239868,-0.15162193775177002,-0.07275193929672241,-0.10895055532455444,-0.04631298780441284,-0.15654772520065308,-0.05867207050323486,-0.217860609292984,-0.05395743250846863,-0.16063880920410156,-0.04534980654716492,-0.11601650714874268,-0.0121307373046875,-0.15791809558868408,-0.0214688777923584,-0.19999796152114868,-0.020859092473983765,-0.13736557960510254,-0.014603465795516968,-0.09702432155609131,0.025991499423980713,-0.1489853858947754,0.012145638465881348,-0.18819499015808105,0.00704425573348999,-0.14418864250183105,0.008429646492004395,-0.11291193962097168
0.0,0.0,-0.05815601348876953,-0.029618561267852783,-0.08797481656074524,-0.08870589733123779,-0.07232603430747986,-0.14211028814315796,-0.04596531391143799,-0.17352569103240967,-0.07916224002838135,-0.14313852787017822,-0.09338957071304321,-0.19418519735336304,-0.08515819907188416,-0.15072131156921387,-0.07269108295440674,-0.10867530107498169,-0.045625001192092896,-0.1564263105392456,-0.05921453237533569,-0.21715813875198364,-0.05486518144607544,-0.16098284721374512,-0.04585373401641846,-0.11630672216415405,-0.011501014232635498,-0.15755188465118408,-0.02190437912940979,-0.1990877389907837,-0.021118134260177612,-0.1362398862838745,-0.01464816927909851,-0.09493446350097656,0.02618849277496338,-0.14849025011062622,0.011758923530578613,-0.18799638748168945,0.006078064441680908,-0.14461660385131836,0.007719933986663818,-0.11269927024841309
0.0,0.0,-0.06287997961044312,-0.03664034605026245,-0.09252616763114929,-0.09202128648757935,-0.0779409408569336,-0.14789485931396484,-0.05310502648353577,-0.1833430528640747,-0.08437210321426392,-0.14302915334701538,-0.09783712029457092,-0.19404572248458862,-0.08897477388381958,-0.15349555015563965,-0.07598835229873657,-0.11226123571395874,-0.05012431740760803,-0.15783995389938354,-0.06361475586891174,-0.21883317828178406,-0.057065099477767944,-0.16105365753173828,-0.047741591930389404,-0.1168563961982727,-0.016428232192993164,-0.15960043668746948,-0.02652117609977722,-0.20124304294586182,-0.025282979011535645,-0.13937067985534668,-0.018122732639312744,-0.0993955135345459,0.021924138069152832,-0.15078961849212646,0.0067754387855529785,-0.19029700756072998,0.002446591854095459,-0.1469230055809021,0.0043250322341918945,-0.1168563961982727
0.0,0.0,-0.058991044759750366,-0.02833569049835205,-0.08880263566970825,-0.09174048900604248,-0.07114860415458679,-0.1489751935005188,-0.04631337523460388,-0.18482255935668945,-0.08052566647529602,-0.1429222822189331,-0.094704270362854,-0.19503569602966309,-0.08555963635444641,-0.15373337268829346,-0.07232263684272766,-0.11063957214355469,-0.046165138483047485,-0.1567865014076233,-0.05965226888656616,-0.2178879976272583,-0.053638607263565063,-0.160960853099823,-0.04410111904144287,-0.11534684896469116,-0.012018799781799316,-0.1583123803138733,-0.02324390411376953,-0.20163530111312866,-0.021549314260482788,-0.13786464929580688,-0.014607787132263184,-0.09575504064559937,0.0262640118598938,-0.15027213096618652,0.01027214527130127,-0.18981653451919556,0.005912601947784424,-0.1455807089805603,0.00821012258529663,-0.11388278007507324
0.0,0.0,-0.05971968173980713,-0.028242647647857666,-0.08993467688560486,-0.08974087238311768,-0.07153168320655823,-0.14733028411865234,-0.043855220079422,-0.1817542314529419,-0.08077254891395569,-0.1421622633934021,-0.09578153491020203,-0.1952480673789978,-0.08678510785102844,-0.15191328525543213,-0.07336962223052979,-0.10875731706619263,-0.04611581563949585,-0.1560884714126587,-0.06052279472351074,-0.21864765882492065,-0.054711371660232544,-0.1603487730026245,-0.044789403676986694,-0.11445856094360352,-0.011486053466796875,-0.15734606981277466,-0.0229739248752594,-0.20120543241500854,-0.021538257598876953,-0.13659727573394775,-0.014465242624282837,-0.09418463706970215,0.027094364166259766,-0.1486802101135254,0.011472761631011963,-0.18931889533996582,0.006144881248474121,-0.14566153287887573,0.008088231086730957,-0.11381912231445312
0.0,0.0,-0.06095403432846069,-0.030743777751922607,-0.09046220779418945,-0.08825790882110596,-0.07203236222267151,-0.14526313543319702,-0.044555604457855225,-0.1792597770690918,-0.08279436826705933,-0.1442590355873108,-0.0978730320930481,-0.19596099853515625,-0.0894823968410492,-0.1523911952972412,-0.07619762420654297,-0.11057841777801514,-0.04811739921569824,-0.1583411693572998,-0.062484145164489746,-0.21930477023124695,-0.057245224714279175,-0.1606946587562561,-0.04794949293136597,-0.11774295568466187,-0.014301151037216187,-0.1592167615890503,-0.02458205819129944,-0.20259398221969604,-0.024181097745895386,-0.1394152045249939,-0.01720944046974182,-0.09972089529037476,0.023845374584197998,-0.1498652696609497,0.009255766868591309,-0.1891884207725525,0.004180550575256348,-0.14502191543579102,0.0057294368743896484,-0.11566156148910522
0.0,0.0,-0.06068161129951477,-0.030358970165252686,-0.09072870016098022,-0.09217298030853271,-0.07241794466972351,-0.1499924659729004,-0.0449504554271698,-0.18543767929077148,-0.08165779709815979,-0.14514493942260742,-0.09700116515159607,-0.1980680227279663,-0.08869248628616333,-0.1552301049232483,-0.07525858283042908,-0.11204361915588379,-0.047261565923690796,-0.15892481803894043,-0.0614607036113739,-0.2210390567779541,-0.05669748783111572,-0.16392511129379272,-0.0471210777759552,-0.11748754978179932,-0.013139128684997559,-0.16036128997802734,-0.02423033118247986,-0.2036256194114685,-0.023437023162841797,-0.14020425081253052,-0.016504764556884766,-0.09754127264022827,0.025181710720062256,-0.15233111381530762,0.009579360485076904,-0.19226914644241333,0.00423276424407959,-0.14873093366622925,0.006165206432342529,-0.11684340238571167
0.0,0.0,-0.06185412406921387,-0.030195772647857666,-0.09184399247169495,-0.09125006198883057,-0.07432568073272705,-0.14869314432144165,-0.047983795404434204,-0.18328702449798584,-0.0832262635231018,-0.14472037553787231,-0.09818899631500244,-0.1973024606704712,-0.0885259211063385,-0.15320038795471191,-0.07511621713638306,-0.11050170660018921,-0.04855334758758545,-0.15865963697433472,-0.06305527687072754,-0.22004345059394836,-0.05692431330680847,-0.1613987684249878,-0.04771149158477783,-0.11625128984451294,-0.014412641525268555,-0.1599210500717163,-0.025270313024520874,-0.20446348190307617,-0.024027466773986816,-0.14061963558197021,-0.01746693253517151,-0.09865564107894897,0.024122238159179688,-0.15122276544570923,0.00873035192489624,-0.19099217653274536,0.0036658644676208496,-0.14665544033050537,0.005253612995147705,-0.11507433652877808
0.0,0.0,-0.06013357639312744,-0.03027278184890747,-0.08985322713851929,-0.09173732995986938,-0.07150974869728088,-0.1485843062400818,-0.044334203004837036,-0.1832522749900818,-0.08108529448509216,-0.1447048783302307,-0.09591862559318542,-0.19578057527542114,-0.0875461995601654,-0.15102916955947876,-0.0744485855102539,-0.10830271244049072,-0.047051697969436646,-0.15823149681091309,-0.06129181385040283,-0.21798229217529297,-0.056309282779693604,-0.15997779369354248,-0.046635568141937256,-0.11475753784179688,-0.01293155550956726,-0.15950387716293335,-0.02407035231590271,-0.20220154523849487,-0.022979259490966797,-0.1384878158569336,-0.016287118196487427,-0.09629803895950317,0.024622976779937744,-0.151047945022583,0.009379029273986816,-0.190119206905365,0.004347801208496094,-0.14585697650909424,0.006167888641357422,-0.11409413814544678
0.0,0.0,-0.06074509024620056,-0.03076958656311035,-0.09013953804969788,-0.09057533740997314,-0.07395020127296448,-0.14822006225585938,-0.0495208203792572,-0.18525606393814087,-0.08278962969779968,-0.14404863119125366,-0.09802326560020447,-0.1965518593788147,-0.08986273407936096,-0.1539982557296753,-0.07667773962020874,-0.11094629764556885,-0.048468977212905884,-0.1580359935760498,-0.06249764561653137,-0.21972334384918213,-0.0571632981300354,-0.16072094440460205,-0.04786694049835205,-0.11484706401824951,-0.014667034149169922,-0.15898126363754272,-0.02519509196281433,-0.20184338092803955,-0.02462691068649292,-0.13820743560791016,-0.017834901809692383,-0.09676331281661987,0.023640096187591553,-0.14999926090240479,0.008274614810943604,-0.1897384524345398,0.003129899501800537,-0.14580988883972168,0.004666328430175781,-0.11493271589279175
0.0,0.0,-0.06066626310348511,-0.02947789430618286,-0.09071093797683716,-0.09193027019500732,-0.07213220000267029,-0.15086162090301514,-0.04412829875946045,-0.1859140396118164,-0.08251193165779114,-0.14569193124771118,-0.09705743193626404,-0.19809943437576294,-0.08812588453292847,-0.15306049585342407,-0.07473814487457275,-0.11105072498321533,-0.04830941557884216,-0.159404456615448,-0.06171730160713196,-0.22117027640342712,-0.05673065781593323,-0.1620590090751648,-0.04735645651817322,-0.11633938550949097,-0.014006853103637695,-0.1605556607246399,-0.024332165718078613,-0.20309805870056152,-0.023889899253845215,-0.13861042261123657,-0.01779577136039734,-0.09609311819076538,0.02400583028793335,-0.1517622470855713,0.009351909160614014,-0.19164389371871948,0.0037023425102233887,-0.14703655242919922,0.004883825778961182,-0.11406755447387695
0.0,0.0,-0.060625702142715454,-0.03109598159790039,-0.09007453918457031,-0.08559852838516235,-0.07604354619979858,-0.1422101855278015,-0.05224806070327759,-0.1769329309463501,-0.08253362774848938,-0.14405035972595215,-0.09719717502593994,-0.19657158851623535,-0.0879787802696228,-0.15145933628082275,-0.07470619678497314,-0.1092461347579956,-0.04779985547065735,-0.15785205364227295,-0.06205320358276367,-0.2190898358821869,-0.055745989084243774,-0.15798920392990112,-0.046504199504852295,-0.11289072036743164,-0.013992905616760254,-0.15887069702148438,-0.024339735507965088,-0.20243078470230103,-0.023160547018051147,-0.13808298110961914,-0.016070067882537842,-0.09724491834640503,0.024878859519958496,-0.14970970153808594,0.009623050689697266,-0.18887817859649658,0.0046555399894714355,-0.14368438720703125,0.005852758884429932,-0.1133584976196289
0.0,0.0,-0.05795186758041382,-0.027221500873565674,-0.08707895874977112,-0.0897783637046814,-0.06923601031303406,-0.14870047569274902,-0.04455775022506714,-0.18583565950393677,-0.07872253656387329,-0.1447468400001526,-0.09322097897529602,-0.1982266902923584,-0.08504906296730042,-0.15256637334823608,-0.0722300112247467,-0.10890495777130127,-0.04454755783081055,-0.15730446577072144,-0.05805233120918274,-0.21963590383529663,-0.053859591484069824,-0.16022658348083496,-0.044720083475112915,-0.11435508728027344,-0.009917527437210083,-0.15788787603378296,-0.021308928728103638,-0.20247119665145874,-0.020929813385009766,-0.13581699132919312,-0.014673888683319092,-0.0933794379234314,0.028309226036071777,-0.1487044095993042,0.012683510780334473,-0.1883639693260193,0.0068070292472839355,-0.14213502407073975,0.008239269256591797,-0.10970801115036011
0.0,0.0,-0.05998143553733826,-0.02950751781463623,-0.08912158012390137,-0.09165960550308228,-0.07066076993942261,-0.14708822965621948,-0.043081074953079224,-0.17944002151489258,-0.08019295334815979,-0.14777952432632446,-0.09563502669334412,-0.20212608575820923,-0.08662256598472595,-0.1578463315963745,-0.07393458485603333,-0.11469888687133789,-0.045765459537506104,-0.16055172681808472,-0.059933871030807495,-0.22267282009124756,-0.05485162138938904,-0.16386818885803223,-0.04617592692375183,-0.11821573972702026,-0.010836541652679443,-0.1612735390663147,-0.021663755178451538,-0.2045709490776062,-0.021210700273513794,-0.13932722806930542,-0.015578925609588623,-0.09659653902053833,0.028072655200958252,-0.15228861570358276,0.012546718120574951,-0.1927589774131775,0.0061920881271362305,-0.14772415161132812,0.006986141204833984,-0.1147003173828125
0.0,0.0,-0.05908334255218506,-0.028445422649383545,-0.08872413635253906,-0.0915379524230957,-0.07116225361824036,-0.14819538593292236,-0.045413434505462646,-0.18261241912841797,-0.07963627576828003,-0.14696961641311646,-0.09542536735534668,-0.200802743434906,-0.08682519197463989,-0.15679550170898438,-0.07352873682975769,-0.11340135335922241,-0.04551196098327637,-0.15968608856201172,-0.05972287058830261,-0.22322922945022583,-0.055585891008377075,-0.16505193710327148,-0.04634538292884827,-0.11810064315795898,-0.010568708181381226,-0.16050302982330322,-0.021919727325439453,-0.20476490259170532,-0.021786212921142578,-0.1392250657081604,-0.015485554933547974,-0.09578597545623779,0.028187453746795654,-0.15167570114135742,0.012454330921173096,-0.19296038150787354,0.0059577226638793945,-0.14785778522491455,0.007387876510620117,-0.11395096778869629
0.0,0.0,-0.06041264533996582,-0.02883279323577881,-0.09083789587020874,-0.09278523921966553,-0.07097992300987244,-0.15035003423690796,-0.04174712300300598,-0.18454766273498535,-0.0817059576511383,-0.1477617621421814,-0.09792360663414001,-0.20205217599868774,-0.08990585803985596,-0.15685170888900757,-0.0768897533416748,-0.1129409670829773,-0.04753768444061279,-0.16088098287582397,-0.0620822012424469,-0.2248626947402954,-0.05857846140861511,-0.1661689281463623,-0.049668341875076294,-0.11867284774780273,-0.01252010464668274,-0.16195827722549438,-0.023711860179901123,-0.20582866668701172,-0.02380993962287903,-0.1398155689239502,-0.017875492572784424,-0.09601932764053345,0.026215553283691406,-0.15358632802963257,0.009609878063201904,-0.193878173828125,0.0035191774368286133,-0.14789551496505737,0.005479037761688232,-0.1138540506362915
0.0,0.0,-0.0593925416469574,-0.030264854431152344,-0.08897116780281067,-0.09436476230621338,-0.06929907202720642,-0.15102845430374146,-0.041343241930007935,-0.18481594324111938,-0.07975465059280396,-0.14884072542190552,-0.095863938331604,-0.2022802233695984,-0.08838295936584473,-0.15661078691482544,-0.07576403021812439,-0.11364036798477173,-0.04577833414077759,-0.1616363525390625,-0.060159146785736084,-0.22459077835083008,-0.05651631951332092,-0.16479945182800293,-0.047463953495025635,-0.11900657415390015,-0.011013537645339966,-0.16245675086975098,-0.021929621696472168,-0.2072596549987793,-0.021924495697021484,-0.14084464311599731,-0.015870094299316406,-0.0983513593673706,0.027458608150482178,-0.15351438522338867,0.011976003646850586,-0.193939208984375,0.005837678909301758,-0.1477929949760437,0.0073282718658447266,-0.11497455835342407
0.0,0.0,-0.05926638841629028,-0.028206467628479004,-0.08896547555923462,-0.09167307615280151,-0.07131773233413696,-0.14766407012939453,-0.04560557007789612,-0.18111085891723633,-0.07957503199577332,-0.14805257320404053,-0.09546953439712524,-0.20256179571151733,-0.08764034509658813,-0.15712910890579224,-0.0751621425151825,-0.11367654800415039,-0.045438408851623535,-0.16080623865127563,-0.059291183948516846,-0.22440433502197266,-0.05552011728286743,-0.16409504413604736,-0.047117769718170166,-0.11825424432754517,-0.0107058584690094,-0.16168361902236938,-0.021473199129104614,-0.20720165967941284,-0.02158421277999878,-0.13970506191253662,-0.01597309112548828,-0.0968126654624939,0.027954578399658203,-0.15295982360839844,0.013157546520233154,-0.1941940188407898,0.006586551666259766,-0.14779800176620483,0.007205188274383545,-0.11470842361450195
0.0,0.0,-0.058525264263153076,-0.027911901473999023,-0.0880666971206665,-0.09349161386489868,-0.06831800937652588,-0.15165114402770996,-0.04133555293083191,-0.1871933937072754,-0.07972022891044617,-0.1471295952796936,-0.09602025151252747,-0.20159029960632324,-0.08766776323318481,-0.15447455644607544,-0.07473361492156982,-0.11108452081680298,-0.045440614223480225,-0.16041862964630127,-0.05969396233558655,-0.22478711605072021,-0.05554845929145813,-0.1629490852355957,-0.04646405577659607,-0.11718475818634033,-0.010614156723022461,-0.16156941652297974,-0.02221834659576416,-0.20669084787368774,-0.02142384648323059,-0.13820946216583252,-0.014681339263916016,-0.09635818004608154,0.02798706293106079,-0.15346550941467285,0.011884510517120361,-0.19271886348724365,0.006542980670928955,-0.1456330418586731,0.008751749992370605,-0.11424040794372559
0.0,0.0,-0.05944669246673584,-0.02889120578765869,-0.08856076002120972,-0.09193217754364014,-0.06966447830200195,-0.1474784016609192,-0.04253682494163513,-0.18032723665237427,-0.08043467998504639,-0.14838910102844238,-0.09632587432861328,-0.20313674211502075,-0.08841246366500854,-0.15652084350585938,-0.07604634761810303,-0.11314594745635986,-0.046066462993621826,-0.16080117225646973,-0.05984815955162048,-0.2240116000175476,-0.055936217308044434,-0.1632341742515564,-0.047408849000930786,-0.11834114789962769,-0.010986775159835815,-0.16163969039916992,-0.02149781584739685,-0.2068566083908081,-0.02159634232521057,-0.13988685607910156,-0.015975654125213623,-0.09813934564590454,0.027644097805023193,-0.1528407335281372,0.013110637664794922,-0.1952391266822815,0.006324350833892822,-0.149347186088562,0.0070021748542785645,-0.1165471076965332
0.0,0.0,-0.06061634421348572,-0.030257701873779297,-0.09040632843971252,-0.09123104810714722,-0.0719292163848877,-0.1467282772064209,-0.044359296560287476,-0.17955249547958374,-0.08091315627098083,-0.14874035120010376,-0.09755465388298035,-0.20172303915023804,-0.08992195129394531,-0.15645229816436768,-0.07720893621444702,-0.11285752058029175,-0.04676535725593567,-0.16105914115905762,-0.061211854219436646,-0.22294598817825317,-0.057169318199157715,-0.1621142029762268,-0.04824700951576233,-0.11730682849884033,-0.0120047926902771,-0.16169363260269165,-0.02270260453224182,-0.20595556497573853,-0.022660642862319946,-0.13968783617019653,-0.016364872455596924,-0.09838896989822388,0.026708006858825684,-0.15235120058059692,0.011886835098266602,-0.19382452964782715,0.005451679229736328,-0.14793646335601807,0.006406843662261963,-0.11585187911987305
0.0,0.0,-0.05893450975418091,-0.028700828552246094,-0.08848005533218384,-0.09130126237869263,-0.06961467862129211,-0.1469901204109192,-0.041919827461242676,-0.18003249168395996,-0.07960587739944458,-0.14799273014068604,-0.09603500366210938,-0.20100289583206177,-0.08780145645141602,-0.1547015905380249,-0.07490268349647522,-0.11116611957550049,-0.04563271999359131,-0.16101032495498657,-0.06036829948425293,-0.22377324104309082,-0.05595412850379944,-0.16213560104370117,-0.046900004148483276,-0.11639446020126343,-0.010981827974319458,-0.16180545091629028,-0.022035956382751465,-0.20570725202560425,-0.021535813808441162,-0.13785439729690552,-0.015084147453308105,-0.09579765796661377,0.027755796909332275,-0.15285152196884155,0.01268017292022705,-0.1928175687789917,0.006451845169067383,-0.14661359786987305,0.007754206657409668,-0.11506330966949463
0.0,0.0,-0.05911019444465637,-0.027716636657714844,-0.09059670567512512,-0.09063518047332764,-0.07317802309989929,-0.14705973863601685,-0.04448515176773071,-0.17924261093139648,-0.08041450381278992,-0.14894306659698486,-0.09705859422683716,-0.2021368145942688,-0.08929413557052612,-0.1559734344482422,-0.0759272575378418,-0.1119890809059143,-0.04615482687950134,-0.16205596923828125,-0.06006845831871033,-0.2254456877708435,-0.05626446008682251,-0.16216564178466797,-0.04693600535392761,-0.11577564477920532,-0.011261940002441406,-0.16280680894851685,-0.021337777376174927,-0.20508825778961182,-0.02162933349609375,-0.13687384128570557,-0.015481680631637573,-0.0956767201423645,0.02732563018798828,-0.1533861756324768,0.012948215007781982,-0.19313722848892212,0.006091296672821045,-0.14594358205795288,0.007030606269836426,-0.11428683996200562
0.0,0.0,-0.0579453706741333,-0.02914947271347046,-0.0889759361743927,-0.08999025821685791,-0.07059627771377563,-0.14163058996200562,-0.04154053330421448,-0.17134416103363037,-0.07722499966621399,-0.14811354875564575,-0.09432077407836914,-0.2027081847190857,-0.08779045939445496,-0.1573711633682251,-0.07495194673538208,-0.11283987760543823,-0.04316282272338867,-0.16027957201004028,-0.057632625102996826,-0.22605538368225098,-0.05534100532531738,-0.16598063707351685,-0.046572476625442505,-0.11823678016662598,-0.008359640836715698,-0.1608143448829651,-0.019794940948486328,-0.20486021041870117,-0.020528703927993774,-0.13906627893447876,-0.014135956764221191,-0.09707921743392944,0.030052155256271362,-0.1516040563583374,0.014501303434371948,-0.19268637895584106,0.007414966821670532,-0.14777088165283203,0.009372144937515259,-0.11554467678070068
