0.0,0.0,-0.05566045641899109,-0.034922778606414795,-0.0945073664188385,-0.10435312986373901,-0.10568243265151978,-0.17029958963394165,-0.11157292127609253,-0.2232072353363037,-0.05607762932777405,-0.196402907371521,-0.06666147708892822,-0.22320187091827393,-0.06704923510551453,-0.1587093472480774,-0.06369370222091675,-0.09340709447860718,-0.013421833515167236,-0.19580096006393433,-0.025743573904037476,-0.19300413131713867,-0.02788582444190979,-0.12549424171447754,-0.025086432695388794,-0.06650102138519287,0.02550247311592102,-0.1805364489555359,0.016776442527770996,-0.15226471424102783,0.011513203382492065,-0.09213852882385254,0.009448915719985962,-0.04193824529647827,0.0605083703994751,-0.15329313278198242,0.057354480028152466,-0.11796891689300537,0.048344045877456665,-0.07112574577331543,0.04429653286933899,-0.03510570526123047
0.0,0.0,-0.048511385917663574,-0.03095930814743042,-0.07651138305664062,-0.09637778997421265,-0.06189724802970886,-0.15792334079742432,-0.028517872095108032,-0.19647634029388428,-0.0766863226890564,-0.1597604751586914,-0.08956360816955566,-0.21862047910690308,-0.08178436756134033,-0.17859917879104614,-0.07179415225982666,-0.1339963674545288,-0.03869539499282837,-0.1681891679763794,-0.05109196901321411,-0.24223476648330688,-0.05010098218917847,-0.1983843445777893,-0.04539215564727783,-0.15054219961166382,-0.00023943185806274414,-0.16258132457733154,-0.009157687425613403,-0.20085901021957397,-0.01660025119781494,-0.1398860216140747,-0.020743072032928467,-0.09397929906845093,0.03729504346847534,-0.14724820852279663,0.02612420916557312,-0.17584937810897827,0.01191413402557373,-0.1346086859703064,0.002192288637161255,-0.10058736801147461
0.0,0.0,-0.05001363158226013,-0.03421008586883545,-0.0772935152053833,-0.10082066059112549,-0.06322881579399109,-0.1632319688796997,-0.032582640647888184,-0.20502084493637085,-0.07900694012641907,-0.16080880165100098,-0.09167703986167908,-0.21988731622695923,-0.08063378930091858,-0.18354719877243042,-0.06996607780456543,-0.14007270336151123,-0.04137331247329712,-0.1686496138572693,-0.05504229664802551,-0.2427215576171875,-0.05219605565071106,-0.20464754104614258,-0.04762539267539978,-0.15719926357269287,-0.0025926530361175537,-0.16333788633346558,-0.011471420526504517,-0.20289164781570435,-0.01770368218421936,-0.14325660467147827,-0.022707313299179077,-0.09441924095153809,0.035856425762176514,-0.147674560546875,0.025192201137542725,-0.18166309595108032,0.010633707046508789,-0.1394120454788208,-0.0007959306240081787,-0.10075247287750244
0.0,0.0,-0.05073815584182739,-0.0383564829826355,-0.07214954495429993,-0.11395496129989624,-0.04995352029800415,-0.17823362350463867,-0.01892867684364319,-0.22221839427947998,-0.0735868513584137,-0.16358447074890137,-0.08865687251091003,-0.21761813759803772,-0.07842257618904114,-0.177298903465271,-0.0664566159248352,-0.1356540322303772,-0.03683304786682129,-0.1721232533454895,-0.05244213342666626,-0.24521580338478088,-0.05118045210838318,-0.20303690433502197,-0.046114325523376465,-0.1554189920425415,0.000994265079498291,-0.16615986824035645,-0.010859370231628418,-0.20557564496994019,-0.018911927938461304,-0.1445103883743286,-0.023232251405715942,-0.0980672836303711,0.038877785205841064,-0.14997398853302002,0.023924261331558228,-0.18027222156524658,0.0064757466316223145,-0.1378052830696106,-0.005677610635757446,-0.10177814960479736
0.0,0.0,-0.0509473979473114,-0.038970351219177246,-0.07237738370895386,-0.11423206329345703,-0.04941442608833313,-0.17787295579910278,-0.018210619688034058,-0.22221583127975464,-0.07270011305809021,-0.1642591953277588,-0.08774822950363159,-0.21989107131958008,-0.07900109887123108,-0.18090760707855225,-0.06728225946426392,-0.13954567909240723,-0.03612902760505676,-0.17157453298568726,-0.051425546407699585,-0.24531403183937073,-0.04992884397506714,-0.202581524848938,-0.04396471381187439,-0.15458542108535767,0.001351773738861084,-0.16487330198287964,-0.010326594114303589,-0.20729988813400269,-0.01856425404548645,-0.14681917428970337,-0.022864073514938354,-0.10051840543746948,0.03846666216850281,-0.1479167938232422,0.02300611138343811,-0.1798747181892395,0.005329519510269165,-0.13542389869689941,-0.006767570972442627,-0.09801888465881348
0.0,0.0,-0.051138222217559814,-0.03267723321914673,-0.07363700866699219,-0.10695821046829224,-0.04638776183128357,-0.16583919525146484,-0.012106508016586304,-0.20151370763778687,-0.0717097818851471,-0.15670561790466309,-0.08416664600372314,-0.20959609746932983,-0.07670557498931885,-0.17005735635757446,-0.06495863199234009,-0.12807250022888184,-0.03415578603744507,-0.16397541761398315,-0.04610905051231384,-0.2331729531288147,-0.04623493552207947,-0.18766456842422485,-0.040772080421447754,-0.13968205451965332,0.0030239224433898926,-0.15753811597824097,-0.006182670593261719,-0.19595935940742493,-0.015263587236404419,-0.13579970598220825,-0.01969131827354431,-0.0916023850440979,0.03904855251312256,-0.14178258180618286,0.02518811821937561,-0.16984665393829346,0.009869486093521118,-0.1261884570121765,0.0008600056171417236,-0.09255021810531616
0.0,0.0,-0.04574534296989441,-0.03496277332305908,-0.06463208794593811,-0.10604548454284668,-0.0422360897064209,-0.16310280561447144,-0.0118122398853302,-0.20087775588035583,-0.06397727131843567,-0.1633390188217163,-0.07245141267776489,-0.21636831760406494,-0.06789132952690125,-0.18202391266822815,-0.0591643750667572,-0.1376417875289917,-0.0267488956451416,-0.16751176118850708,-0.03540518879890442,-0.2354486882686615,-0.037236928939819336,-0.19645696878433228,-0.033699750900268555,-0.14944607019424438,0.01029115915298462,-0.15787291526794434,0.0026875436305999756,-0.1953163743019104,-0.008988350629806519,-0.139601469039917,-0.015338301658630371,-0.09571713209152222,0.0463566780090332,-0.13836711645126343,0.03489196300506592,-0.17076271772384644,0.017700016498565674,-0.13304561376571655,0.006341487169265747,-0.10123968124389648
0.0,0.0,-0.04873096942901611,-0.03860729932785034,-0.06687992811203003,-0.11263900995254517,-0.04018041491508484,-0.16979527473449707,-0.0065021514892578125,-0.20467349886894226,-0.06296378374099731,-0.16719335317611694,-0.07328185439109802,-0.2195325791835785,-0.06653183698654175,-0.18064671754837036,-0.05721783638000488,-0.13790380954742432,-0.026445895433425903,-0.17087101936340332,-0.036274880170822144,-0.2393484115600586,-0.03728833794593811,-0.1978984773159027,-0.03429296612739563,-0.15080887079238892,0.010289192199707031,-0.16060411930084229,0.0012211799621582031,-0.19989722967147827,-0.009828060865402222,-0.14288008213043213,-0.01636117696762085,-0.098502516746521,0.04664155840873718,-0.13977491855621338,0.03392806649208069,-0.17278516292572021,0.01555168628692627,-0.13200539350509644,0.0029498636722564697,-0.0968894362449646
0.0,0.0,-0.04788261651992798,-0.03504377603530884,-0.06857162714004517,-0.10390633344650269,-0.047904759645462036,-0.16268831491470337,-0.016511142253875732,-0.19895362854003906,-0.06715059280395508,-0.1671895980834961,-0.07900065183639526,-0.22334972023963928,-0.0708211362361908,-0.19060054421424866,-0.06222015619277954,-0.14971524477005005,-0.030374079942703247,-0.17326152324676514,-0.038989633321762085,-0.2458755373954773,-0.0388813316822052,-0.21043887734413147,-0.03674986958503723,-0.1675284504890442,0.006442725658416748,-0.16379505395889282,-0.0006236135959625244,-0.19979402422904968,-0.011871099472045898,-0.14588260650634766,-0.019125670194625854,-0.10472774505615234,0.042452216148376465,-0.14269334077835083,0.03184562921524048,-0.1750614047050476,0.014379948377609253,-0.13878977298736572,0.001734316349029541,-0.10610902309417725
0.0,0.0,-0.044903457164764404,-0.03760582208633423,-0.06366792321205139,-0.11051499843597412,-0.04904770851135254,-0.18072772026062012,-0.0283963680267334,-0.23879539966583252,-0.0720306932926178,-0.16408300399780273,-0.08575168251991272,-0.22197002172470093,-0.07591670751571655,-0.19576412439346313,-0.06498447060585022,-0.15628671646118164,-0.035467952489852905,-0.17315059900283813,-0.0480114221572876,-0.24723482131958008,-0.0469704270362854,-0.21166422963142395,-0.044088393449783325,-0.16993367671966553,0.0016862452030181885,-0.1670740842819214,-0.0058803558349609375,-0.2117915153503418,-0.017097175121307373,-0.15619134902954102,-0.025289386510849,-0.11495739221572876,0.03863885998725891,-0.1483803391456604,0.027544766664505005,-0.1836162805557251,0.009294867515563965,-0.1452162265777588,-0.005739837884902954,-0.11333602666854858
0.0,0.0,-0.04597023129463196,-0.037210285663604736,-0.06426426768302917,-0.11118292808532715,-0.04277274012565613,-0.17647302150726318,-0.01356014609336853,-0.22685730457305908,-0.06757029891014099,-0.16941213607788086,-0.08090320229530334,-0.22486022114753723,-0.07531943917274475,-0.19390347599983215,-0.06555595993995667,-0.15231651067733765,-0.030495405197143555,-0.17476344108581543,-0.0414196252822876,-0.24659857153892517,-0.04366123676300049,-0.21042367815971375,-0.04017922282218933,-0.16652709245681763,0.006508529186248779,-0.16512954235076904,-0.0017175376415252686,-0.20604795217514038,-0.014734208583831787,-0.15011411905288696,-0.02116304636001587,-0.1081508994102478,0.04186168313026428,-0.14502990245819092,0.02819046378135681,-0.17669910192489624,0.00949212908744812,-0.13867270946502686,-0.002444058656692505,-0.10785579681396484
0.0,0.0,-0.04545977711677551,-0.04054349660873413,-0.06287452578544617,-0.11476272344589233,-0.04023092985153198,-0.18087363243103027,-0.011188775300979614,-0.23201271891593933,-0.06795203685760498,-0.17365354299545288,-0.08133551478385925,-0.2280065417289734,-0.07562905550003052,-0.19394418597221375,-0.06480976939201355,-0.15345674753189087,-0.030546367168426514,-0.17813146114349365,-0.04271501302719116,-0.24899405241012573,-0.04467564821243286,-0.20861005783081055,-0.040442705154418945,-0.16482460498809814,0.006579041481018066,-0.16814428567886353,-0.002138584852218628,-0.21024996042251587,-0.014673590660095215,-0.15260851383209229,-0.020500779151916504,-0.11147338151931763,0.04198518395423889,-0.1467123031616211,0.027966946363449097,-0.18053704500198364,0.007747530937194824,-0.14070391654968262,-0.006019622087478638,-0.10916799306869507
0.0,0.0,-0.048583775758743286,-0.04194307327270508,-0.06385883688926697,-0.1205633282661438,-0.03466689586639404,-0.18165123462677002,-0.001357942819595337,-0.22520148754119873,-0.06693476438522339,-0.16832178831100464,-0.08063095808029175,-0.21981757879257202,-0.07325872778892517,-0.1883562207221985,-0.06149134039878845,-0.14606326818466187,-0.029051482677459717,-0.17461800575256348,-0.04190531373023987,-0.24515625834465027,-0.042153626680374146,-0.20600548386573792,-0.03702431917190552,-0.1574588418006897,0.009059220552444458,-0.16556662321090698,0.0013885200023651123,-0.2078908383846283,-0.010155677795410156,-0.1498088836669922,-0.016926616430282593,-0.1046295166015625,0.044457703828811646,-0.14509248733520508,0.030588895082473755,-0.17571789026260376,0.011587470769882202,-0.13514679670333862,-0.00105324387550354,-0.10227936506271362
0.0,0.0,-0.04763635993003845,-0.03842461109161377,-0.06481528282165527,-0.11430317163467407,-0.039400458335876465,-0.17513227462768555,-0.007516056299209595,-0.2179662585258484,-0.06787586212158203,-0.16757559776306152,-0.07995444536209106,-0.22188502550125122,-0.07386299967765808,-0.18913871049880981,-0.06385010480880737,-0.14586389064788818,-0.029349148273468018,-0.17243170738220215,-0.0395144522190094,-0.24507218599319458,-0.04218795895576477,-0.20551133155822754,-0.03972804546356201,-0.1566116213798523,0.008873850107192993,-0.16236615180969238,0.0005879998207092285,-0.2031882107257843,-0.012104004621505737,-0.14522284269332886,-0.019480139017105103,-0.10041147470474243,0.044568002223968506,-0.14144039154052734,0.03096902370452881,-0.17354565858840942,0.010857850313186646,-0.13305950164794922,-0.0033388137817382812,-0.09969872236251831
0.0,0.0,-0.04740282893180847,-0.037613868713378906,-0.06355464458465576,-0.1135629415512085,-0.03737834095954895,-0.17569416761398315,-0.006609499454498291,-0.22007182240486145,-0.06881046295166016,-0.16992753744125366,-0.07922536134719849,-0.2256295382976532,-0.0731191635131836,-0.1894856095314026,-0.06367945671081543,-0.14502888917922974,-0.03031820058822632,-0.17429494857788086,-0.04067787528038025,-0.2469196915626526,-0.04159814119338989,-0.20319759845733643,-0.03777170181274414,-0.1535320281982422,0.008299916982650757,-0.16377228498458862,3.457069396972656e-05,-0.20727813243865967,-0.011401146650314331,-0.14711201190948486,-0.017665117979049683,-0.10132807493209839,0.04462534189224243,-0.14282584190368652,0.03042781352996826,-0.17429399490356445,0.011325329542160034,-0.13374114036560059,-0.0013387799263000488,-0.10067915916442871
0.0,0.0,-0.0470411479473114,-0.03941607475280762,-0.06356939673423767,-0.11321306228637695,-0.039672911167144775,-0.17287403345108032,-0.008885174989700317,-0.2146626114845276,-0.06523087620735168,-0.1692853569984436,-0.07589301466941833,-0.22216540575027466,-0.0705961287021637,-0.18594783544540405,-0.061788082122802734,-0.14256936311721802,-0.026478737592697144,-0.17354696989059448,-0.03631877899169922,-0.24429750442504883,-0.03850835561752319,-0.20035579800605774,-0.03537216782569885,-0.15067684650421143,0.012013852596282959,-0.16284793615341187,0.0025502145290374756,-0.20225059986114502,-0.01045498251914978,-0.14309507608413696,-0.017368733882904053,-0.09810268878936768,0.04817485809326172,-0.1417894959449768,0.03376495838165283,-0.1707480549812317,0.012519150972366333,-0.13228243589401245,-0.0019634366035461426,-0.10080105066299438
0.0,0.0,-0.044662147760391235,-0.03940993547439575,-0.06057724356651306,-0.11315786838531494,-0.036408066749572754,-0.1736079454421997,-0.006566941738128662,-0.2171018421649933,-0.06503453850746155,-0.1712942123413086,-0.0749146044254303,-0.2235024869441986,-0.07008969783782959,-0.18629267811775208,-0.06134068965911865,-0.14161723852157593,-0.026936054229736328,-0.17389678955078125,-0.03703358769416809,-0.24583539366722107,-0.039881736040115356,-0.20299041271209717,-0.036915361881256104,-0.15351736545562744,0.01148676872253418,-0.16209924221038818,0.0027592480182647705,-0.20185589790344238,-0.00993269681930542,-0.141975998878479,-0.016805171966552734,-0.09744447469711304,0.0477331280708313,-0.13992005586624146,0.03392648696899414,-0.1726628541946411,0.014629781246185303,-0.13123679161071777,0.0018797814846038818,-0.09799635410308838
0.0,0.0,-0.044354408979415894,-0.03412926197052002,-0.06509274244308472,-0.10095614194869995,-0.05031201243400574,-0.15965056419372559,-0.024433493614196777,-0.20028433203697205,-0.068238765001297,-0.16833865642547607,-0.07661089301109314,-0.22651493549346924,-0.07116475701332092,-0.1884077489376068,-0.0622217059135437,-0.1442776322364807,-0.03006240725517273,-0.17254793643951416,-0.038526952266693115,-0.2457406222820282,-0.04052078723907471,-0.19924312829971313,-0.036795586347579956,-0.1516122817993164,0.0074776411056518555,-0.16261368989944458,-0.0010426640510559082,-0.20103010535240173,-0.01253703236579895,-0.1415678858757019,-0.017652928829193115,-0.09970510005950928,0.04383903741836548,-0.14248740673065186,0.03178596496582031,-0.1717008352279663,0.013564348220825195,-0.1311126947402954,0.0017616450786590576,-0.10034739971160889
0.0,0.0,-0.04547196626663208,-0.03500056266784668,-0.0642729103565216,-0.10484278202056885,-0.0453210175037384,-0.16402918100357056,-0.01787567138671875,-0.20415157079696655,-0.06874588131904602,-0.17148858308792114,-0.07576045393943787,-0.22579538822174072,-0.06961888074874878,-0.18882709741592407,-0.060432374477386475,-0.14481031894683838,-0.02998363971710205,-0.17540454864501953,-0.038763999938964844,-0.24525192379951477,-0.039937734603881836,-0.19821405410766602,-0.03585359454154968,-0.14968907833099365,0.008357375860214233,-0.1645519733428955,0.0002795755863189697,-0.20319032669067383,-0.010735243558883667,-0.14411211013793945,-0.016434192657470703,-0.10197800397872925,0.045665234327316284,-0.14260780811309814,0.03421136736869812,-0.17384910583496094,0.01517486572265625,-0.13251739740371704,0.0015188157558441162,-0.10061073303222656
0.0,0.0,-0.04736083745956421,-0.037950992584228516,-0.06383192539215088,-0.11581498384475708,-0.03721156716346741,-0.17559492588043213,-0.005660384893417358,-0.2133249044418335,-0.06919127702713013,-0.17329460382461548,-0.07815638184547424,-0.22836962342262268,-0.07183030247688293,-0.1903153955936432,-0.06189775466918945,-0.14583712816238403,-0.030059784650802612,-0.17704027891159058,-0.03996807336807251,-0.24680835008621216,-0.04109254479408264,-0.20149236917495728,-0.03730154037475586,-0.15311110019683838,0.008553951978683472,-0.16566675901412964,0.0010932087898254395,-0.20568737387657166,-0.010056018829345703,-0.1464024782180786,-0.01756909489631653,-0.10427814722061157,0.04513236880302429,-0.1433163285255432,0.03376325964927673,-0.17485439777374268,0.014867037534713745,-0.13217562437057495,0.0005856156349182129,-0.10021936893463135
0.0,0.0,-0.04865604639053345,-0.04094749689102173,-0.06607687473297119,-0.11919581890106201,-0.039876312017440796,-0.17782926559448242,-0.006472110748291016,-0.21277612447738647,-0.06564506888389587,-0.17542564868927002,-0.07599779963493347,-0.22860640287399292,-0.06984806060791016,-0.18761268258094788,-0.05984511971473694,-0.14354979991912842,-0.02762889862060547,-0.1780010461807251,-0.03743293881416321,-0.2471257448196411,-0.03857651352882385,-0.19843575358390808,-0.03429979085922241,-0.1497725248336792,0.010379195213317871,-0.16562962532043457,0.0014941990375518799,-0.2067089080810547,-0.009997636079788208,-0.1456330418586731,-0.01619049906730652,-0.10249561071395874,0.04674866795539856,-0.14257276058197021,0.03437480330467224,-0.17502623796463013,0.015151053667068481,-0.13295382261276245,0.002363532781600952,-0.10056436061859131
0.0,0.0,-0.0460318922996521,-0.037579119205474854,-0.06568312644958496,-0.10702699422836304,-0.04852685332298279,-0.1637202501296997,-0.02216339111328125,-0.19953668117523193,-0.06808394193649292,-0.17466765642166138,-0.07564342021942139,-0.2291775345802307,-0.06878721714019775,-0.19055494666099548,-0.05972164869308472,-0.1464087963104248,-0.029619306325912476,-0.17836076021194458,-0.03757008910179138,-0.24843287467956543,-0.03853622078895569,-0.20306289196014404,-0.03546604514122009,-0.15566188097000122,0.00859639048576355,-0.1671450138092041,0.0011296272277832031,-0.20587491989135742,-0.01040390133857727,-0.1473953127861023,-0.017663121223449707,-0.10541051626205444,0.04550173878669739,-0.14450609683990479,0.03490874171257019,-0.17436307668685913,0.01509353518486023,-0.13464123010635376,2.9802322387695312e-08,-0.10355740785598755
0.0,0.0,-0.04762795567512512,-0.042622387409210205,-0.06478923559188843,-0.11983907222747803,-0.03963908553123474,-0.17775171995162964,-0.00861048698425293,-0.21479269862174988,-0.06564667820930481,-0.17320019006729126,-0.07539469003677368,-0.22808310389518738,-0.0695878267288208,-0.18898719549179077,-0.06027686595916748,-0.14229589700698853,-0.027359604835510254,-0.17639601230621338,-0.03797295689582825,-0.24981606006622314,-0.04078581929206848,-0.20640593767166138,-0.03732225298881531,-0.1558443307876587,0.011494070291519165,-0.16440469026565552,0.0035549402236938477,-0.20613738894462585,-0.009381234645843506,-0.14567416906356812,-0.017124295234680176,-0.10075503587722778,0.04854521155357361,-0.1412011981010437,0.03531971573829651,-0.17408782243728638,0.013904988765716553,-0.1316959261894226,-0.001502305269241333,-0.09787660837173462
0.0,0.0,-0.04896858334541321,-0.04124480485916138,-0.06745418906211853,-0.11943042278289795,-0.04324015974998474,-0.1781213879585266,-0.012226790189743042,-0.2148733139038086,-0.06615328788757324,-0.17127346992492676,-0.0770876407623291,-0.2297302484512329,-0.07168698310852051,-0.18927836418151855,-0.06225532293319702,-0.14344197511672974,-0.027900278568267822,-0.1743878722190857,-0.03776291012763977,-0.24917927384376526,-0.04005932807922363,-0.20188522338867188,-0.03613242506980896,-0.15109401941299438,0.010658562183380127,-0.16242915391921997,0.0016527771949768066,-0.2061293125152588,-0.010631680488586426,-0.14415079355239868,-0.016911089420318604,-0.09874284267425537,0.04773902893066406,-0.1403394341468811,0.0347403883934021,-0.17425352334976196,0.013320982456207275,-0.1330994963645935,-0.0013912022113800049,-0.09969890117645264
0.0,0.0,-0.04717397689819336,-0.04261744022369385,-0.06420615315437317,-0.11937552690505981,-0.04092755913734436,-0.17877769470214844,-0.011085152626037598,-0.21738120913505554,-0.06423351168632507,-0.1753631830215454,-0.07436656951904297,-0.23300164937973022,-0.06958740949630737,-0.19211900234222412,-0.06103515625,-0.14710700511932373,-0.025914639234542847,-0.1776571273803711,-0.035598576068878174,-0.2518870532512665,-0.039012521505355835,-0.2057054042816162,-0.03651595115661621,-0.15605074167251587,0.012452900409698486,-0.1655403971672058,0.003805220127105713,-0.20787084102630615,-0.009348094463348389,-0.14750677347183228,-0.01665639877319336,-0.10324585437774658,0.049144208431243896,-0.14334022998809814,0.036924898624420166,-0.17619484663009644,0.015089094638824463,-0.1350264549255371,-0.0006216466426849365,-0.10236650705337524
0.0,0.0,-0.0426708459854126,-0.03704172372817993,-0.06302416324615479,-0.1037173867225647,-0.04915773868560791,-0.16164696216583252,-0.02278536558151245,-0.20271903276443481,-0.06585609912872314,-0.16979527473449707,-0.07324820756912231,-0.22767597436904907,-0.0669286847114563,-0.188881516456604,-0.05799517035484314,-0.14435136318206787,-0.027064859867095947,-0.1722545027732849,-0.0345175564289093,-0.2478000819683075,-0.03727865219116211,-0.2014700174331665,-0.03542584180831909,-0.15234678983688354,0.011185407638549805,-0.16075760126113892,0.004173785448074341,-0.20253130793571472,-0.008255839347839355,-0.1418139934539795,-0.015363693237304688,-0.09825974702835083,0.047859251499176025,-0.13897746801376343,0.03787487745285034,-0.1720464825630188,0.017414003610610962,-0.1298823356628418,0.002127707004547119,-0.09668463468551636
0.0,0.0,-0.045560866594314575,-0.039433419704437256,-0.0653204619884491,-0.11130362749099731,-0.04907935857772827,-0.17020565271377563,-0.022719353437423706,-0.20917817950248718,-0.06609335541725159,-0.17180979251861572,-0.07396620512008667,-0.23014050722122192,-0.0689365565776825,-0.19251495599746704,-0.061343491077423096,-0.14738690853118896,-0.027911216020584106,-0.17481279373168945,-0.03655576705932617,-0.2482835054397583,-0.03970065712928772,-0.204013854265213,-0.037841975688934326,-0.15481871366500854,0.01013725996017456,-0.163818359375,0.002180725336074829,-0.20481997728347778,-0.010777294635772705,-0.14583712816238403,-0.01831585168838501,-0.10129517316818237,0.04679331183433533,-0.14217501878738403,0.03639456629753113,-0.1753024458885193,0.014779359102249146,-0.1348058581352234,-0.001428842544555664,-0.1008143424987793
0.0,0.0,-0.0440312922000885,-0.03390747308731079,-0.06600099802017212,-0.09784430265426636,-0.05390307307243347,-0.15280646085739136,-0.02892589569091797,-0.1884603500366211,-0.06642061471939087,-0.1668364405632019,-0.07475492358207703,-0.2256348729133606,-0.0693531334400177,-0.18604958057403564,-0.06059873104095459,-0.14256024360656738,-0.02853161096572876,-0.1712145209312439,-0.03643384575843811,-0.2460530698299408,-0.03872731328010559,-0.19879963994026184,-0.035631000995635986,-0.15130513906478882,0.008875340223312378,-0.16123735904693604,0.0006150603294372559,-0.2015138864517212,-0.011222004890441895,-0.14182257652282715,-0.01675194501876831,-0.09974783658981323,0.045001447200775146,-0.1411222219467163,0.03388911485671997,-0.1709209680557251,0.014348238706588745,-0.13092845678329468,0.0012320876121520996,-0.09949952363967896
0.0,0.0,-0.047552287578582764,-0.03795129060745239,-0.06710326671600342,-0.10850030183792114,-0.0484963059425354,-0.16687899827957153,-0.021236062049865723,-0.20479553937911987,-0.06641143560409546,-0.1688135266304016,-0.07654383778572083,-0.22552302479743958,-0.07094654440879822,-0.18612194061279297,-0.06156924366950989,-0.14342361688613892,-0.02850446105003357,-0.1729944348335266,-0.03816691040992737,-0.24656745791435242,-0.04029765725135803,-0.1988011598587036,-0.03634139895439148,-0.15058863162994385,0.00924307107925415,-0.16277629137039185,0.0005471706390380859,-0.20560112595558167,-0.01152724027633667,-0.1449151635169983,-0.01678568124771118,-0.10134291648864746,0.04584246873855591,-0.14212638139724731,0.03366291522979736,-0.17442196607589722,0.012416839599609375,-0.13442009687423706,-0.0016978085041046143,-0.10239386558532715
0.0,0.0,-0.04636499285697937,-0.038884639739990234,-0.06040176749229431,-0.11517101526260376,-0.03308644890785217,-0.17517447471618652,-0.0017602145671844482,-0.21680733561515808,-0.06484842300415039,-0.16973376274108887,-0.07463258504867554,-0.22395992279052734,-0.06882807612419128,-0.1858006715774536,-0.05925697088241577,-0.14135891199111938,-0.026508569717407227,-0.17333906888961792,-0.03780674934387207,-0.24532535672187805,-0.03941342234611511,-0.20056983828544617,-0.035879313945770264,-0.1513572335243225,0.01168203353881836,-0.16172254085540771,0.0030457675457000732,-0.20525643229484558,-0.008898407220840454,-0.145119309425354,-0.01616281270980835,-0.10095280408859253,0.047283947467803955,-0.13940781354904175,0.03314140439033508,-0.17183512449264526,0.012774884700775146,-0.12963074445724487,-0.00183868408203125,-0.09670144319534302
0.0,0.0,-0.046678900718688965,-0.039829134941101074,-0.05979117751121521,-0.12031465768814087,-0.030262887477874756,-0.17997610569000244,0.0004290342330932617,-0.22270214557647705,-0.06575849652290344,-0.17150276899337769,-0.07489064335823059,-0.2251753807067871,-0.0685148537158966,-0.18850255012512207,-0.05878600478172302,-0.1432133913040161,-0.025770843029022217,-0.17624616622924805,-0.03609362244606018,-0.2479841411113739,-0.0382179319858551,-0.2036840319633484,-0.03486558794975281,-0.15393990278244019,0.013293594121932983,-0.16498899459838867,0.005456656217575073,-0.20860406756401062,-0.007712632417678833,-0.14867794513702393,-0.015115916728973389,-0.10479897260665894,0.04830631613731384,-0.14271610975265503,0.03491124510765076,-0.17363333702087402,0.014316409826278687,-0.1327112913131714,0.0006790757179260254,-0.10208600759506226
0.0,0.0,-0.04530712962150574,-0.04248344898223877,-0.056539952754974365,-0.12210690975189209,-0.027842283248901367,-0.18290609121322632,0.0017663538455963135,-0.22907620668411255,-0.06555455923080444,-0.1726282238960266,-0.07523387670516968,-0.22643980383872986,-0.06870913505554199,-0.19108420610427856,-0.05865293741226196,-0.14604073762893677,-0.026193559169769287,-0.17710745334625244,-0.03827106952667236,-0.24993416666984558,-0.03986057639122009,-0.20772093534469604,-0.03669106960296631,-0.1582438349723816,0.012547671794891357,-0.16666072607040405,0.004320055246353149,-0.21063756942749023,-0.007972151041030884,-0.151114821434021,-0.016158223152160645,-0.10688108205795288,0.04769730567932129,-0.14469456672668457,0.03362929821014404,-0.17637664079666138,0.012289315462112427,-0.13387078046798706,-0.0041404664516448975,-0.1012839674949646
0.0,0.0,-0.04406780004501343,-0.03857433795928955,-0.05999648571014404,-0.11118286848068237,-0.03664746880531311,-0.17255395650863647,-0.006736069917678833,-0.21762073040008545,-0.06493839621543884,-0.1673920750617981,-0.07434335350990295,-0.22304445505142212,-0.06774574518203735,-0.18797561526298523,-0.05794766545295715,-0.1447780728340149,-0.026254206895828247,-0.1710643768310547,-0.03526744246482849,-0.24541127681732178,-0.0382617712020874,-0.205703467130661,-0.03578856587409973,-0.15875869989395142,0.011652827262878418,-0.15957248210906982,0.004263162612915039,-0.2019774615764618,-0.009859144687652588,-0.14579367637634277,-0.017702996730804443,-0.10312986373901367,0.04657664895057678,-0.13787800073623657,0.03436550498008728,-0.16897523403167725,0.013033181428909302,-0.13049745559692383,-0.002001136541366577,-0.09925788640975952
0.0,0.0,-0.04656943678855896,-0.04437458515167236,-0.06048336625099182,-0.12004643678665161,-0.03397449851036072,-0.18019956350326538,-0.0038481056690216064,-0.22346913814544678,-0.06523144245147705,-0.1675093173980713,-0.0763235092163086,-0.21926051378250122,-0.0700397789478302,-0.18719163537025452,-0.06064438819885254,-0.1445189118385315,-0.027127593755722046,-0.17157137393951416,-0.03830766677856445,-0.24184858798980713,-0.04091063141822815,-0.20547932386398315,-0.038305312395095825,-0.15855908393859863,0.011020004749298096,-0.16163569688796997,0.0025277435779571533,-0.2022310495376587,-0.01001766324043274,-0.14645355939865112,-0.01696568727493286,-0.10222989320755005,0.045948535203933716,-0.14129167795181274,0.030880838632583618,-0.17139366269111633,0.012607097625732422,-0.13205885887145996,0.0020373165607452393,-0.10048854351043701
0.0,0.0,-0.045801252126693726,-0.04208022356033325,-0.06503304839134216,-0.1142837405204773,-0.04496774077415466,-0.17322826385498047,-0.016561686992645264,-0.21840697526931763,-0.06464508175849915,-0.16471904516220093,-0.07904469966888428,-0.2181166410446167,-0.07700130343437195,-0.18555134534835815,-0.06727871298789978,-0.14229333400726318,-0.027555465698242188,-0.16999667882919312,-0.039612650871276855,-0.240023672580719,-0.04349532723426819,-0.1969624161720276,-0.038201600313186646,-0.14665460586547852,0.010071128606796265,-0.160875141620636,-0.002334892749786377,-0.19726240634918213,-0.014425933361053467,-0.1363135576248169,-0.01771986484527588,-0.09140342473983765,0.045138388872146606,-0.1416950821876526,0.026760488748550415,-0.16760864853858948,0.009446829557418823,-0.12658482789993286,0.002576977014541626,-0.09574311971664429
0.0,0.0,-0.05035439133644104,-0.04116731882095337,-0.0713631808757782,-0.1137201189994812,-0.048130810260772705,-0.172378808259964,-0.016925841569900513,-0.21565502882003784,-0.06720912456512451,-0.16475290060043335,-0.08433035016059875,-0.21858957409858704,-0.08360478281974792,-0.18492570519447327,-0.07448840141296387,-0.14091026782989502,-0.030996233224868774,-0.16989850997924805,-0.04492461681365967,-0.24011674523353577,-0.04958036541938782,-0.1975732445716858,-0.04501017928123474,-0.14633691310882568,0.006683021783828735,-0.16083163022994995,-0.0073340535163879395,-0.20022845268249512,-0.018239319324493408,-0.1400160789489746,-0.020440995693206787,-0.09343045949935913,0.043442487716674805,-0.14157986640930176,0.02396145462989807,-0.17371690273284912,0.006472140550613403,-0.13154983520507812,-0.0006957054138183594,-0.09663015604019165
0.0,0.0,-0.05009511113166809,-0.03448063135147095,-0.07296624779701233,-0.10502666234970093,-0.05099773406982422,-0.1625908613204956,-0.021279573440551758,-0.20224878191947937,-0.0675344169139862,-0.15829414129257202,-0.08403468132019043,-0.21299073100090027,-0.08213812112808228,-0.17852380871772766,-0.07154425978660583,-0.13418668508529663,-0.03133472800254822,-0.16464221477508545,-0.045326679944992065,-0.23448792099952698,-0.04771226644515991,-0.18586575984954834,-0.04006871581077576,-0.13448119163513184,0.006097912788391113,-0.15651345252990723,-0.007555603981018066,-0.19743651151657104,-0.01683923602104187,-0.13471853733062744,-0.01665407419204712,-0.08882737159729004,0.04328981041908264,-0.13864409923553467,0.025895774364471436,-0.17277568578720093,0.010230273008346558,-0.13146668672561646,0.004937857389450073,-0.09903514385223389
0.0,0.0,-0.04798626899719238,-0.0404474139213562,-0.07163959741592407,-0.11013412475585938,-0.05324918031692505,-0.16619211435317993,-0.023153573274612427,-0.20515093207359314,-0.0690859854221344,-0.16215258836746216,-0.0858754813671112,-0.21421033143997192,-0.08188009262084961,-0.17311042547225952,-0.0699012279510498,-0.1285538673400879,-0.03260129690170288,-0.1673460602760315,-0.04813644289970398,-0.2355879545211792,-0.04953742027282715,-0.18333768844604492,-0.04068887233734131,-0.1315121054649353,0.005662858486175537,-0.15931165218353271,-0.008291661739349365,-0.19725704193115234,-0.01613670587539673,-0.13242578506469727,-0.015155285596847534,-0.08654487133026123,0.043819934129714966,-0.1417749524116516,0.028015166521072388,-0.1750868558883667,0.0118732750415802,-0.1317318081855774,0.0058519840240478516,-0.09824442863464355
0.0,0.0,-0.05064859986305237,-0.03814351558685303,-0.07421857118606567,-0.1125955581665039,-0.05289164185523987,-0.17059028148651123,-0.02271077036857605,-0.21027353405952454,-0.07220306992530823,-0.16061526536941528,-0.08888104557991028,-0.21437573432922363,-0.08375394344329834,-0.17591416835784912,-0.07196938991546631,-0.1309848427772522,-0.03553783893585205,-0.16770398616790771,-0.05061078071594238,-0.23737549781799316,-0.05198711156845093,-0.1906711459159851,-0.044967085123062134,-0.14089679718017578,0.002721071243286133,-0.16067636013031006,-0.009963840246200562,-0.2005189061164856,-0.018142610788345337,-0.13674896955490112,-0.01953357458114624,-0.09023278951644897,0.040583908557891846,-0.1433497667312622,0.025104880332946777,-0.17790675163269043,0.008598417043685913,-0.1334822177886963,0.000402987003326416,-0.09783905744552612
0.0,0.0,-0.050450295209884644,-0.03626203536987305,-0.07596883177757263,-0.10718083381652832,-0.0590251088142395,-0.16596949100494385,-0.030728578567504883,-0.20736071467399597,-0.0735207200050354,-0.1609879732131958,-0.08976021409034729,-0.21548351645469666,-0.08511579036712646,-0.17626327276229858,-0.07414913177490234,-0.13236868381500244,-0.03737547993659973,-0.16997098922729492,-0.052507102489471436,-0.24150162935256958,-0.053566157817840576,-0.19235146045684814,-0.046608030796051025,-0.1414547562599182,0.0008203685283660889,-0.16433566808700562,-0.01296466588973999,-0.20538750290870667,-0.02055683732032776,-0.1403026580810547,-0.021111249923706055,-0.0932663083076477,0.03893980383872986,-0.1483134627342224,0.023384153842926025,-0.18028128147125244,0.006510645151138306,-0.13745903968811035,-0.001806795597076416,-0.10385620594024658
0.0,0.0,-0.04950651526451111,-0.03561139106750488,-0.07606691122055054,-0.10443353652954102,-0.062068283557891846,-0.1615009903907776,-0.03452777862548828,-0.20092245936393738,-0.07251381874084473,-0.1581069827079773,-0.08951771259307861,-0.21468812227249146,-0.084297776222229,-0.17657482624053955,-0.07237660884857178,-0.1316884160041809,-0.036010682582855225,-0.16635119915008545,-0.05059841275215149,-0.23761865496635437,-0.05112406611442566,-0.1858246922492981,-0.044070661067962646,-0.13336098194122314,0.002016425132751465,-0.16032624244689941,-0.012324273586273193,-0.20092955231666565,-0.019505292177200317,-0.13678139448165894,-0.019377142190933228,-0.09045612812042236,0.040104031562805176,-0.1441326141357422,0.0243261456489563,-0.17603826522827148,0.008266359567642212,-0.13283389806747437,0.0010361671447753906,-0.09875118732452393
0.0,0.0,-0.049081236124038696,-0.03607606887817383,-0.0747843086719513,-0.10740184783935547,-0.05934825539588928,-0.16897881031036377,-0.031110286712646484,-0.21387958526611328,-0.07200628519058228,-0.1600756049156189,-0.09008485078811646,-0.214582622051239,-0.08551731705665588,-0.1752634048461914,-0.07369807362556458,-0.13041681051254272,-0.035899221897125244,-0.16789090633392334,-0.05267322063446045,-0.23880431056022644,-0.05381399393081665,-0.18900197744369507,-0.04622569680213928,-0.137029767036438,0.0022280216217041016,-0.16161441802978516,-0.013809114694595337,-0.20104104280471802,-0.021050244569778442,-0.13614422082901,-0.020756304264068604,-0.08954930305480957,0.04035302996635437,-0.14554578065872192,0.021945148706436157,-0.17626667022705078,0.0059137046337127686,-0.13227009773254395,-0.0008532702922821045,-0.09822821617126465
0.0,0.0,-0.049573421478271484,-0.035437047481536865,-0.07602962851524353,-0.10400831699371338,-0.06350371241569519,-0.16447579860687256,-0.03510931134223938,-0.2081858515739441,-0.07214844226837158,-0.15602415800094604,-0.09094491600990295,-0.21404317021369934,-0.08572790026664734,-0.17631548643112183,-0.07431536912918091,-0.13182061910629272,-0.03611624240875244,-0.1642383337020874,-0.052530884742736816,-0.23678931593894958,-0.05294415354728699,-0.18809568881988525,-0.04624024033546448,-0.1359451413154602,0.0018505752086639404,-0.15817111730575562,-0.013999849557876587,-0.1978481411933899,-0.02102556824684143,-0.13483339548110962,-0.021481841802597046,-0.08785849809646606,0.04033580422401428,-0.1424817442893982,0.022230029106140137,-0.17378509044647217,0.005735725164413452,-0.13140571117401123,-0.0024041831493377686,-0.09621256589889526
0.0,0.0,-0.04910096526145935,-0.03729116916656494,-0.0729827880859375,-0.1079753041267395,-0.05625241994857788,-0.16617459058761597,-0.027851372957229614,-0.20879292488098145,-0.07017731666564941,-0.1591242551803589,-0.0876038670539856,-0.21545448899269104,-0.08315414190292358,-0.17602449655532837,-0.0715080201625824,-0.1309334635734558,-0.033298224210739136,-0.1661055088043213,-0.048836708068847656,-0.23783737421035767,-0.050409525632858276,-0.1859007477760315,-0.04327574372291565,-0.13285452127456665,0.004980504512786865,-0.1592329740524292,-0.009822845458984375,-0.19963917136192322,-0.018041372299194336,-0.13589870929718018,-0.01811203360557556,-0.08945363759994507,0.04302436113357544,-0.14278554916381836,0.025955766439437866,-0.17539441585540771,0.008936703205108643,-0.1326865553855896,0.0013994872570037842,-0.09790486097335815
0.0,0.0,-0.0484546422958374,-0.0311661958694458,-0.07619088888168335,-0.09641486406326294,-0.06689417362213135,-0.15614956617355347,-0.04187580943107605,-0.1998094916343689,-0.07355698943138123,-0.1556154489517212,-0.09073516726493835,-0.21340927481651306,-0.08570393919944763,-0.17535912990570068,-0.07426422834396362,-0.1301397681236267,-0.036821961402893066,-0.16364675760269165,-0.051513105630874634,-0.2347101867198944,-0.05215775966644287,-0.18262124061584473,-0.045438140630722046,-0.1312686800956726,0.0011437833309173584,-0.1577303409576416,-0.013365387916564941,-0.1971324384212494,-0.020905762910842896,-0.133009135723114,-0.021008670330047607,-0.08727127313613892,0.03957715630531311,-0.14223241806030273,0.023693740367889404,-0.17534655332565308,0.007426142692565918,-0.13301974534988403,-0.00047343969345092773,-0.0988842248916626
0.0,0.0,-0.048334091901779175,-0.03320634365081787,-0.07521981000900269,-0.09929680824279785,-0.06397128105163574,-0.1621110439300537,-0.035054534673690796,-0.20878684520721436,-0.07344472408294678,-0.16191184520721436,-0.0904085636138916,-0.21909230947494507,-0.0853472352027893,-0.17726457118988037,-0.0740407407283783,-0.1321278214454651,-0.036968082189559937,-0.16970181465148926,-0.05301952362060547,-0.240958571434021,-0.05260154604911804,-0.1865028738975525,-0.04477357864379883,-0.13448476791381836,0.0012652873992919922,-0.16284799575805664,-0.015100806951522827,-0.20273113250732422,-0.022298663854599,-0.13728153705596924,-0.021981149911880493,-0.09145122766494751,0.03981781005859375,-0.14623117446899414,0.020869940519332886,-0.17718392610549927,0.004455000162124634,-0.1351040005683899,-0.0029537081718444824,-0.10225749015808105
0.0,0.0,-0.04862779378890991,-0.03717523813247681,-0.07476112246513367,-0.10472428798675537,-0.06433841586112976,-0.16630512475967407,-0.036960989236831665,-0.21344172954559326,-0.07237884402275085,-0.16077393293380737,-0.08987441658973694,-0.21900606155395508,-0.0846443772315979,-0.178358256816864,-0.07292088866233826,-0.1331828236579895,-0.03552451729774475,-0.16857999563217163,-0.05146092176437378,-0.24226972460746765,-0.05310043692588806,-0.18895667791366577,-0.046186596155166626,-0.13503289222717285,0.0028390884399414062,-0.1619599461555481,-0.01351696252822876,-0.20313698053359985,-0.021723240613937378,-0.13757288455963135,-0.02177324891090393,-0.0900225043296814,0.041305333375930786,-0.14572173357009888,0.02236795425415039,-0.1774999499320984,0.0053961873054504395,-0.13446086645126343,-0.0022805631160736084,-0.09891432523727417
0.0,0.0,-0.04958257079124451,-0.03846275806427002,-0.07303199172019958,-0.11223727464675903,-0.05474993586540222,-0.17010647058486938,-0.024419575929641724,-0.2097577452659607,-0.06938743591308594,-0.15986061096191406,-0.08510094881057739,-0.2137782871723175,-0.08114361763000488,-0.17397534847259521,-0.06998604536056519,-0.1285405158996582,-0.03287696838378906,-0.16688907146453857,-0.04708939790725708,-0.2358916699886322,-0.05001142621040344,-0.18419432640075684,-0.04351764917373657,-0.1304382085800171,0.004659056663513184,-0.159909188747406,-0.010896027088165283,-0.198704332113266,-0.01948094367980957,-0.1354033350944519,-0.018983572721481323,-0.0892443060874939,0.04140225052833557,-0.14360523223876953,0.021832644939422607,-0.1704290509223938,0.005708158016204834,-0.12769585847854614,0.00017887353897094727,-0.09488773345947266
0.0,0.0,-0.04683738946914673,-0.03469961881637573,-0.07188853621482849,-0.10206007957458496,-0.060305267572402954,-0.16105568408966064,-0.030396997928619385,-0.20417720079421997,-0.06719455122947693,-0.15683704614639282,-0.08434990048408508,-0.21335333585739136,-0.07959794998168945,-0.17287898063659668,-0.06795135140419006,-0.12844491004943848,-0.030710875988006592,-0.16403281688690186,-0.04529622197151184,-0.2358592450618744,-0.04744479060173035,-0.18350154161453247,-0.0412774384021759,-0.13114577531814575,0.0065767765045166016,-0.15705037117004395,-0.009545326232910156,-0.19556748867034912,-0.017882496118545532,-0.13232672214508057,-0.01723843812942505,-0.08712679147720337,0.04353204369544983,-0.1412140130996704,0.023828983306884766,-0.169600248336792,0.007376194000244141,-0.129034161567688,0.0015043020248413086,-0.09681856632232666
0.0,0.0,-0.044804155826568604,-0.03241795301437378,-0.07133698463439941,-0.09565067291259766,-0.06628808379173279,-0.1585848331451416,-0.03818675875663757,-0.20779889822006226,-0.07104453444480896,-0.15917348861694336,-0.0874282717704773,-0.2201654314994812,-0.08260181546211243,-0.18026882410049438,-0.07209554314613342,-0.13529062271118164,-0.03466293215751648,-0.1671573519706726,-0.049347102642059326,-0.24117964506149292,-0.05124834179878235,-0.18917757272720337,-0.04615461826324463,-0.13681858777999878,0.0027418434619903564,-0.16107290983200073,-0.013913214206695557,-0.20098835229873657,-0.02200305461883545,-0.13796961307525635,-0.021236836910247803,-0.09219706058502197,0.04018157720565796,-0.14552843570709229,0.02071729302406311,-0.17504888772964478,0.004020392894744873,-0.1355845332145691,-0.0027763843536376953,-0.10310941934585571
0.0,0.0,-0.049168676137924194,-0.040013909339904785,-0.07374820113182068,-0.1106802225112915,-0.059633225202560425,-0.17316263914108276,-0.0296536386013031,-0.22000494599342346,-0.07024657726287842,-0.1652311086654663,-0.0876096785068512,-0.22431376576423645,-0.08360370993614197,-0.18287980556488037,-0.07419553399085999,-0.1368616223335266,-0.03419122099876404,-0.17362892627716064,-0.05079194903373718,-0.2481883466243744,-0.05343291163444519,-0.19639408588409424,-0.04904830455780029,-0.14051663875579834,0.003617703914642334,-0.16773736476898193,-0.013115644454956055,-0.20859259366989136,-0.02198585867881775,-0.14334768056869507,-0.023491770029067993,-0.09319496154785156,0.041369467973709106,-0.15166491270065308,0.021675020456314087,-0.1797892451286316,0.002941995859146118,-0.1385359764099121,-0.007000327110290527,-0.1032903790473938
0.0,0.0,-0.04868286848068237,-0.037902772426605225,-0.07242906093597412,-0.1067197322845459,-0.05661877989768982,-0.1687842607498169,-0.02566462755203247,-0.21545881032943726,-0.07107621431350708,-0.1631072759628296,-0.08786416053771973,-0.22040140628814697,-0.08474555611610413,-0.17954254150390625,-0.07407072186470032,-0.13330614566802979,-0.034131795167922974,-0.1703525185585022,-0.04912415146827698,-0.24309483170509338,-0.05263948440551758,-0.1900821328163147,-0.04700207710266113,-0.13626015186309814,0.00394633412361145,-0.1629212498664856,-0.012684881687164307,-0.20140182971954346,-0.022382110357284546,-0.13691604137420654,-0.022324711084365845,-0.09148675203323364,0.04096025228500366,-0.14582163095474243,0.019736886024475098,-0.17126917839050293,0.003583580255508423,-0.12946569919586182,-0.0010269582271575928,-0.0992434024810791
0.0,0.0,-0.0475926399230957,-0.036227643489837646,-0.07361549139022827,-0.10603803396224976,-0.06310677528381348,-0.17210149765014648,-0.03384628891944885,-0.22523954510688782,-0.07204321026802063,-0.16595959663391113,-0.0927463173866272,-0.2277470827102661,-0.09057942032814026,-0.19026410579681396,-0.07985487580299377,-0.14323890209197998,-0.036468327045440674,-0.17383414506912231,-0.05563509464263916,-0.24964261054992676,-0.059076786041259766,-0.19997406005859375,-0.05328977108001709,-0.1438828706741333,0.0012476444244384766,-0.16819548606872559,-0.0181330144405365,-0.20876967906951904,-0.025857150554656982,-0.14300906658172607,-0.024799615144729614,-0.09405356645584106,0.03951263427734375,-0.15294229984283447,0.015501946210861206,-0.18033981323242188,-5.6236982345581055e-05,-0.13652020692825317,-0.005062013864517212,-0.10223078727722168
0.0,0.0,-0.04949134588241577,-0.03898113965988159,-0.0749845802783966,-0.1095573902130127,-0.062443166971206665,-0.17571312189102173,-0.03195914626121521,-0.2278682291507721,-0.07451522350311279,-0.16640400886535645,-0.09341341257095337,-0.2286258041858673,-0.09184864163398743,-0.19282174110412598,-0.08130013942718506,-0.14596831798553467,-0.038422852754592896,-0.17401069402694702,-0.05596718192100525,-0.2516118884086609,-0.060123711824417114,-0.20149892568588257,-0.05362117290496826,-0.14508819580078125,-0.00017920136451721191,-0.1681152582168579,-0.01767393946647644,-0.20986723899841309,-0.027206867933273315,-0.14180046319961548,-0.026892513036727905,-0.0921025276184082,0.038179636001586914,-0.15274369716644287,0.016656726598739624,-0.1822974681854248,-0.0012787878513336182,-0.13889920711517334,-0.008934766054153442,-0.10548579692840576
0.0,0.0,-0.04811742901802063,-0.0388944149017334,-0.07332032918930054,-0.11075747013092041,-0.06084376573562622,-0.17688685655593872,-0.028854578733444214,-0.22785601019859314,-0.07188507914543152,-0.16848355531692505,-0.09192654490470886,-0.22955602407455444,-0.09037214517593384,-0.19049102067947388,-0.08043664693832397,-0.14440834522247314,-0.03560155630111694,-0.1767088770866394,-0.05369052290916443,-0.25336289405822754,-0.0591813325881958,-0.20212000608444214,-0.05503195524215698,-0.14637672901153564,0.002363264560699463,-0.17162936925888062,-0.016340792179107666,-0.21033406257629395,-0.025476157665252686,-0.14335203170776367,-0.025035560131072998,-0.094901442527771,0.039927542209625244,-0.15736228227615356,0.016534626483917236,-0.1804254651069641,-0.0010255277156829834,-0.13683182001113892,-0.007730364799499512,-0.10462939739227295
0.0,0.0,-0.04891589283943176,-0.039131999015808105,-0.07416743040084839,-0.10845106840133667,-0.06213530898094177,-0.17397725582122803,-0.02850446105003357,-0.22402018308639526,-0.07270786166191101,-0.1664731502532959,-0.09270945191383362,-0.22705426812171936,-0.09041884541511536,-0.18819749355316162,-0.08038344979286194,-0.14157694578170776,-0.036929816007614136,-0.17387431859970093,-0.05411326885223389,-0.24837082624435425,-0.058671027421951294,-0.19681942462921143,-0.05456918478012085,-0.14124274253845215,0.000743180513381958,-0.16783279180526733,-0.016977906227111816,-0.20698583126068115,-0.026092529296875,-0.14045804738998413,-0.026100903749465942,-0.09200930595397949,0.03808137774467468,-0.15185117721557617,0.015842825174331665,-0.1788603663444519,-0.0013698339462280273,-0.135506272315979,-0.008177995681762695,-0.10194176435470581
0.0,0.0,-0.048198401927948,-0.036775827407836914,-0.07365629076957703,-0.10651928186416626,-0.06135013699531555,-0.1723073124885559,-0.029116660356521606,-0.22411933541297913,-0.07327121496200562,-0.16370666027069092,-0.09371250867843628,-0.2265034317970276,-0.09189680218696594,-0.18970143795013428,-0.08235228061676025,-0.143687903881073,-0.03772047162055969,-0.17185741662979126,-0.0547008216381073,-0.24943390488624573,-0.059539735317230225,-0.1978471875190735,-0.05576282739639282,-0.14312338829040527,-0.0002422332763671875,-0.16628605127334595,-0.01723054051399231,-0.20757955312728882,-0.025975048542022705,-0.13934236764907837,-0.026101261377334595,-0.09130966663360596,0.03702956438064575,-0.15103232860565186,0.015777260065078735,-0.18103212118148804,-0.0006268620491027832,-0.1364395022392273,-0.007613182067871094,-0.10270816087722778
0.0,0.0,-0.05004376173019409,-0.03930920362472534,-0.07570290565490723,-0.11243504285812378,-0.06203049421310425,-0.17827767133712769,-0.02892976999282837,-0.22808557748794556,-0.07522377371788025,-0.16813772916793823,-0.09395459294319153,-0.22817686200141907,-0.09039711952209473,-0.1894589066505432,-0.08073356747627258,-0.14218741655349731,-0.03908020257949829,-0.17687249183654785,-0.055286705493927,-0.25166839361190796,-0.06011837720870972,-0.2022944688796997,-0.05731922388076782,-0.14635401964187622,-0.0010738968849182129,-0.1713518500328064,-0.01700824499130249,-0.20902574062347412,-0.026917308568954468,-0.14351886510849,-0.02908146381378174,-0.09431809186935425,0.03660723567008972,-0.1555337905883789,0.017231136560440063,-0.18395745754241943,-0.0003275275230407715,-0.14298880100250244,-0.0090712308883667,-0.10945308208465576
0.0,0.0,-0.048111945390701294,-0.037586987018585205,-0.07373058795928955,-0.10553932189941406,-0.06355240941047668,-0.16864824295043945,-0.033441632986068726,-0.21697193384170532,-0.07114559412002563,-0.16348928213119507,-0.0913093090057373,-0.22482088208198547,-0.0875265896320343,-0.18782132863998413,-0.07804685831069946,-0.14206856489181519,-0.03517314791679382,-0.1708640456199646,-0.05160057544708252,-0.24597769975662231,-0.05564844608306885,-0.1973293423652649,-0.05317133665084839,-0.14190447330474854,0.0028893649578094482,-0.16451752185821533,-0.014525800943374634,-0.20522719621658325,-0.024335741996765137,-0.14056366682052612,-0.02694675326347351,-0.08989894390106201,0.04146367311477661,-0.14830034971237183,0.022897958755493164,-0.17900043725967407,0.003714531660079956,-0.13742756843566895,-0.007773101329803467,-0.10106337070465088
0.0,0.0,-0.05052289366722107,-0.04433417320251465,-0.0746331512928009,-0.11618584394454956,-0.059470027685165405,-0.18037503957748413,-0.027809113264083862,-0.22978246212005615,-0.07431161403656006,-0.1713353991508484,-0.09225854277610779,-0.2286052703857422,-0.086213618516922,-0.18839430809020996,-0.07586267590522766,-0.14216995239257812,-0.03772526979446411,-0.1782749891281128,-0.05483585596084595,-0.25035303831100464,-0.05679011344909668,-0.19961827993392944,-0.052673548460006714,-0.1427990198135376,0.0010339021682739258,-0.17199426889419556,-0.015203773975372314,-0.21082407236099243,-0.024820595979690552,-0.14467686414718628,-0.027813971042633057,-0.09337770938873291,0.039688825607299805,-0.1553017497062683,0.01999843120574951,-0.18411481380462646,0.0026065409183502197,-0.14092737436294556,-0.006758064031600952,-0.10438311100006104
0.0,0.0,-0.048788994550704956,-0.04237765073776245,-0.07304614782333374,-0.11250019073486328,-0.059358954429626465,-0.17661190032958984,-0.026342809200286865,-0.22535699605941772,-0.07171723246574402,-0.17023098468780518,-0.09092691540718079,-0.22868883609771729,-0.08525222539901733,-0.18883568048477173,-0.0748974084854126,-0.14273422956466675,-0.03518319129943848,-0.17707788944244385,-0.05271553993225098,-0.25111672282218933,-0.055933862924575806,-0.20147675275802612,-0.052940934896469116,-0.14514541625976562,0.003516852855682373,-0.17008328437805176,-0.013025820255279541,-0.2092752456665039,-0.023217380046844482,-0.14292138814926147,-0.026693493127822876,-0.09115904569625854,0.042121946811676025,-0.15232348442077637,0.023154467344284058,-0.18152374029159546,0.0035330355167388916,-0.13927489519119263,-0.00840577483177185,-0.1024627685546875
0.0,0.0,-0.049884915351867676,-0.04279208183288574,-0.07293683290481567,-0.11652582883834839,-0.05532008409500122,-0.18062490224838257,-0.023360341787338257,-0.22991538047790527,-0.07161310315132141,-0.17051434516906738,-0.09138953685760498,-0.23000943660736084,-0.08629176020622253,-0.19089263677597046,-0.07561442255973816,-0.14405828714370728,-0.03499031066894531,-0.1783890724182129,-0.05254235863685608,-0.253476619720459,-0.05584833025932312,-0.20507508516311646,-0.05278083682060242,-0.14853310585021973,0.003688126802444458,-0.1726626753807068,-0.013007938861846924,-0.2117478847503662,-0.022682160139083862,-0.14532625675201416,-0.0257188081741333,-0.09359759092330933,0.04229843616485596,-0.15694761276245117,0.021287888288497925,-0.1850109100341797,0.0023328661918640137,-0.14224088191986084,-0.008395612239837646,-0.10592067241668701
0.0,0.0,-0.04969438910484314,-0.04135453701019287,-0.07459712028503418,-0.11481040716171265,-0.05958029627799988,-0.17979180812835693,-0.02640262246131897,-0.22997745871543884,-0.07388576865196228,-0.1711004376411438,-0.09452974796295166,-0.23125159740447998,-0.09062308073043823,-0.19209963083267212,-0.07918363809585571,-0.14538872241973877,-0.03739345073699951,-0.17951422929763794,-0.05608978867530823,-0.2551945149898529,-0.060478925704956055,-0.20607107877731323,-0.05639302730560303,-0.1501712203025818,0.0011159181594848633,-0.17405259609222412,-0.01707598567008972,-0.21223127841949463,-0.026115745306015015,-0.1454644799232483,-0.026923835277557373,-0.09581536054611206,0.03914153575897217,-0.1585376262664795,0.0152302086353302,-0.18276649713516235,-0.0008353292942047119,-0.137517511844635,-0.00674206018447876,-0.10262537002563477
0.0,0.0,-0.0508139431476593,-0.04288536310195923,-0.07447189092636108,-0.11743378639221191,-0.055853575468063354,-0.18096983432769775,-0.02301207184791565,-0.22927874326705933,-0.07379782199859619,-0.1712021827697754,-0.09293133020401001,-0.23011904954910278,-0.0890759825706482,-0.19263511896133423,-0.07819056510925293,-0.14670884609222412,-0.03714212775230408,-0.179521381855011,-0.054866015911102295,-0.2536800801753998,-0.05825445055961609,-0.20517569780349731,-0.05389651656150818,-0.1487634778022766,0.0016591548919677734,-0.17446762323379517,-0.015246421098709106,-0.21264588832855225,-0.02466350793838501,-0.14618593454360962,-0.02700325846672058,-0.09543710947036743,0.0398869514465332,-0.15940290689468384,0.01782047748565674,-0.18313676118850708,-0.0002792179584503174,-0.13848942518234253,-0.009692370891571045,-0.10335332155227661
0.0,0.0,-0.05177682638168335,-0.04275703430175781,-0.07581862807273865,-0.11921370029449463,-0.05666297674179077,-0.18337249755859375,-0.02401953935623169,-0.23229509592056274,-0.07468476891517639,-0.1722944974899292,-0.09549051523208618,-0.22952532768249512,-0.09191638231277466,-0.19187545776367188,-0.08081609010696411,-0.14577418565750122,-0.03830301761627197,-0.18095922470092773,-0.05652743577957153,-0.25368326902389526,-0.06065553426742554,-0.20578467845916748,-0.056606799364089966,-0.14984512329101562,0.00024572014808654785,-0.17592114210128784,-0.016731828451156616,-0.2133076786994934,-0.02617904543876648,-0.14803636074066162,-0.02778083086013794,-0.09805870056152344,0.038442641496658325,-0.16071099042892456,0.015964895486831665,-0.18402284383773804,-0.0010059177875518799,-0.14029568433761597,-0.008335590362548828,-0.1060367226600647
0.0,0.0,-0.04884251952171326,-0.04073941707611084,-0.07476699352264404,-0.11237245798110962,-0.06256222724914551,-0.17822611331939697,-0.02987205982208252,-0.22911638021469116,-0.07401871681213379,-0.17129862308502197,-0.09428364038467407,-0.2320587933063507,-0.09071895480155945,-0.19362562894821167,-0.08085715770721436,-0.14573591947555542,-0.03828775882720947,-0.17987573146820068,-0.05587506294250488,-0.25436827540397644,-0.05989149212837219,-0.20387810468673706,-0.05700889229774475,-0.1463702917098999,-0.00031682848930358887,-0.17479270696640015,-0.016574859619140625,-0.21136754751205444,-0.026552557945251465,-0.1446802020072937,-0.02917015552520752,-0.09355467557907104,0.03763154149055481,-0.15922218561172485,0.01731240749359131,-0.1861860752105713,-0.00015527009963989258,-0.14203619956970215,-0.009126424789428711,-0.1047980785369873
0.0,0.0,-0.04904499650001526,-0.04202151298522949,-0.07514843344688416,-0.11260610818862915,-0.0632203221321106,-0.17824411392211914,-0.02871266007423401,-0.2263583540916443,-0.07490766048431396,-0.1706739068031311,-0.09370404481887817,-0.23033636808395386,-0.08904838562011719,-0.18996977806091309,-0.07885944843292236,-0.1428273320198059,-0.03868377208709717,-0.17916923761367798,-0.05492603778839111,-0.25308769941329956,-0.05814984440803528,-0.20196539163589478,-0.05498245358467102,-0.14567482471466064,-0.00038635730743408203,-0.17413491010665894,-0.015569925308227539,-0.20870518684387207,-0.025115936994552612,-0.14212113618850708,-0.02797064185142517,-0.0925249457359314,0.0374925434589386,-0.15857678651809692,0.017576932907104492,-0.18330317735671997,0.0005683004856109619,-0.13921499252319336,-0.00815531611442566,-0.10371756553649902
0.0,0.0,-0.0495181679725647,-0.04291272163391113,-0.07301723957061768,-0.11322301626205444,-0.05664396286010742,-0.1748923659324646,-0.02562505006790161,-0.2226150631904602,-0.07105067372322083,-0.16770827770233154,-0.08935841917991638,-0.22220009565353394,-0.08526173233985901,-0.18383604288101196,-0.07542034983634949,-0.13829290866851807,-0.03514090180397034,-0.17575323581695557,-0.05200988054275513,-0.24924510717391968,-0.056027621030807495,-0.2023848295211792,-0.052779048681259155,-0.14636766910552979,0.003188103437423706,-0.17016762495040894,-0.0134199857711792,-0.20550400018692017,-0.022430479526519775,-0.14096444845199585,-0.024263620376586914,-0.09045195579528809,0.04135403037071228,-0.1539645791053772,0.02133515477180481,-0.18085074424743652,0.0038188695907592773,-0.13771188259124756,-0.005429267883300781,-0.1009516716003418
0.0,0.0,-0.05030488967895508,-0.03925865888595581,-0.07586818933486938,-0.11275374889373779,-0.060548603534698486,-0.1792706847190857,-0.028801560401916504,-0.23019039630889893,-0.07751664519309998,-0.17169636487960815,-0.09668579697608948,-0.23213708400726318,-0.09156858921051025,-0.1906861662864685,-0.08100759983062744,-0.142419695854187,-0.04072156548500061,-0.1806797981262207,-0.05851846933364868,-0.2570004463195801,-0.06080564856529236,-0.2043842077255249,-0.056370824575424194,-0.14707911014556885,-0.002057671546936035,-0.175176739692688,-0.017642617225646973,-0.21512681245803833,-0.026295870542526245,-0.14747196435928345,-0.028224676847457886,-0.09721004962921143,0.03627735376358032,-0.15894216299057007,0.01651248335838318,-0.18714183568954468,-0.00031489133834838867,-0.14354610443115234,-0.00888100266456604,-0.10822665691375732
0.0,0.0,-0.05016067624092102,-0.042098939418792725,-0.07388809323310852,-0.11679953336715698,-0.056862473487854004,-0.18239867687225342,-0.026042252779006958,-0.23437851667404175,-0.07402342557907104,-0.1734328269958496,-0.09511035680770874,-0.23213249444961548,-0.09005552530288696,-0.19100195169448853,-0.07823354005813599,-0.14352738857269287,-0.037237733602523804,-0.1819806694984436,-0.05627685785293579,-0.2569272220134735,-0.059583306312561035,-0.2051268219947815,-0.05464446544647217,-0.1478339433670044,0.0013589262962341309,-0.17660647630691528,-0.015869438648223877,-0.21472382545471191,-0.025237441062927246,-0.14677727222442627,-0.02615705132484436,-0.09593147039413452,0.03984576463699341,-0.16145974397659302,0.01780712604522705,-0.18703073263168335,0.000796973705291748,-0.14286166429519653,-0.00656503438949585,-0.10790073871612549
0.0,0.0,-0.04963168501853943,-0.044946372509002686,-0.0710698664188385,-0.11937880516052246,-0.052225083112716675,-0.1830422282218933,-0.02282389998435974,-0.23356133699417114,-0.07544127106666565,-0.17305904626846313,-0.09514278173446655,-0.22911560535430908,-0.08838558197021484,-0.19036537408828735,-0.07645958662033081,-0.1441669464111328,-0.03858312964439392,-0.18059009313583374,-0.05698499083518982,-0.2535123825073242,-0.058435678482055664,-0.2050582766532898,-0.053138792514801025,-0.14878135919570923,0.0007456839084625244,-0.1744621992111206,-0.013832271099090576,-0.2122454047203064,-0.02338835597038269,-0.14532756805419922,-0.026507914066314697,-0.0935487151145935,0.039306432008743286,-0.15802204608917236,0.02130463719367981,-0.18673300743103027,0.003126382827758789,-0.14321750402450562,-0.007506370544433594,-0.10636454820632935
0.0,0.0,-0.051765382289886475,-0.04276561737060547,-0.07506591081619263,-0.1202276349067688,-0.055181264877319336,-0.18465656042099,-0.02338230609893799,-0.23395001888275146,-0.07626548409461975,-0.17251211404800415,-0.09767284989356995,-0.23032480478286743,-0.09237056970596313,-0.19066375494003296,-0.08019053936004639,-0.14398449659347534,-0.039605915546417236,-0.1814570426940918,-0.059148579835891724,-0.2552371621131897,-0.06196391582489014,-0.20585530996322632,-0.05671811103820801,-0.14899080991744995,-0.0008437931537628174,-0.17660492658615112,-0.01733878254890442,-0.21460765600204468,-0.026011794805526733,-0.1478118896484375,-0.02716284990310669,-0.09666073322296143,0.037256330251693726,-0.1617797613143921,0.015188932418823242,-0.18561172485351562,-0.0013064444065093994,-0.14088010787963867,-0.008446991443634033,-0.1051909327507019
0.0,0.0,-0.05081140995025635,-0.04191720485687256,-0.07590904831886292,-0.11886638402938843,-0.05971667170524597,-0.1838722825050354,-0.0301172137260437,-0.2340872883796692,-0.07508745789527893,-0.1746705174446106,-0.09649407863616943,-0.2325473427772522,-0.09136372804641724,-0.19220072031021118,-0.07977381348609924,-0.1441630721092224,-0.03882065415382385,-0.18241989612579346,-0.05869168043136597,-0.25578808784484863,-0.05975720286369324,-0.19994473457336426,-0.05307355523109436,-0.14040601253509521,-0.0003428161144256592,-0.17589789628982544,-0.017402082681655884,-0.21807461977005005,-0.02642887830734253,-0.14892905950546265,-0.027918189764022827,-0.09616982936859131,0.03788110613822937,-0.1590840220451355,0.017667055130004883,-0.1887596845626831,-0.00010079145431518555,-0.14524495601654053,-0.009122729301452637,-0.10896062850952148
0.0,0.0,-0.04910913109779358,-0.04393357038497925,-0.0712747573852539,-0.11745601892471313,-0.05322197079658508,-0.1816120147705078,-0.02245277166366577,-0.2325311303138733,-0.07392695546150208,-0.17417526245117188,-0.0946926474571228,-0.2302379608154297,-0.08921545743942261,-0.19029980897903442,-0.07780155539512634,-0.14440083503723145,-0.03767940402030945,-0.18251138925552368,-0.05671772360801697,-0.2545106112957001,-0.058748871088027954,-0.20430678129196167,-0.05405992269515991,-0.14789968729019165,0.0006644129753112793,-0.17695802450180054,-0.014215081930160522,-0.21195679903030396,-0.023612678050994873,-0.1450366973876953,-0.026382029056549072,-0.09388673305511475,0.03852161765098572,-0.16080176830291748,0.020111799240112305,-0.18538391590118408,0.002153158187866211,-0.14206594228744507,-0.008047223091125488,-0.10609114170074463
0.0,0.0,-0.04711177945137024,-0.041744232177734375,-0.07170742750167847,-0.11267143487930298,-0.059539735317230225,-0.1790352463722229,-0.02743437886238098,-0.23142504692077637,-0.07535332441329956,-0.17237800359725952,-0.09587535262107849,-0.2313467264175415,-0.09003788232803345,-0.1902608871459961,-0.07835796475410461,-0.14353835582733154,-0.03928038477897644,-0.18130838871002197,-0.05793026089668274,-0.25562095642089844,-0.059430986642837524,-0.20335644483566284,-0.05377236008644104,-0.14689350128173828,-0.0009603202342987061,-0.17631536722183228,-0.01620042324066162,-0.21003282070159912,-0.02425295114517212,-0.1425267457962036,-0.025127261877059937,-0.0931781530380249,0.03728055953979492,-0.16119039058685303,0.01826491951942444,-0.18370413780212402,0.001264810562133789,-0.14116829633712769,-0.007543891668319702,-0.10803079605102539
0.0,0.0,-0.0493280291557312,-0.04136019945144653,-0.0737709105014801,-0.11358773708343506,-0.059248387813568115,-0.17981618642807007,-0.028171420097351074,-0.2316884994506836,-0.07744857668876648,-0.17237383127212524,-0.09847107529640198,-0.23040306568145752,-0.09175261855125427,-0.19018876552581787,-0.07958784699440002,-0.14427822828292847,-0.040805548429489136,-0.1814955472946167,-0.05938342213630676,-0.25481879711151123,-0.06093958020210266,-0.20523381233215332,-0.056214988231658936,-0.1504911184310913,-0.0021812915802001953,-0.17634499073028564,-0.01707938313484192,-0.21278619766235352,-0.025573402643203735,-0.1457737684249878,-0.027413219213485718,-0.09489136934280396,0.03567373752593994,-0.16033989191055298,0.016721248626708984,-0.18282610177993774,-0.0010928213596343994,-0.1400187611579895,-0.010838866233825684,-0.10504096746444702
0.0,0.0,-0.04938709735870361,-0.04224890470504761,-0.07440254092216492,-0.1123318076133728,-0.061629533767700195,-0.17968082427978516,-0.030392169952392578,-0.2333868145942688,-0.07868456840515137,-0.17234915494918823,-0.10006403923034668,-0.23193347454071045,-0.092988520860672,-0.1924269199371338,-0.08115023374557495,-0.14569610357284546,-0.04187813401222229,-0.18132293224334717,-0.060225099325180054,-0.2547224760055542,-0.061128199100494385,-0.20325016975402832,-0.056373417377471924,-0.14711332321166992,-0.00287744402885437,-0.17631256580352783,-0.018258631229400635,-0.2124202847480774,-0.026377618312835693,-0.14435863494873047,-0.028049349784851074,-0.0934983491897583,0.035337597131729126,-0.16025716066360474,0.016638964414596558,-0.1866350769996643,-0.0002435743808746338,-0.14330226182937622,-0.008955985307693481,-0.10785001516342163
0.0,0.0,-0.04720783233642578,-0.03922224044799805,-0.07159209251403809,-0.10927510261535645,-0.060842365026474,-0.17631244659423828,-0.03236895799636841,-0.23091328144073486,-0.07807260751724243,-0.171208918094635,-0.09907221794128418,-0.22938024997711182,-0.09230265021324158,-0.18819886445999146,-0.08019965887069702,-0.14247119426727295,-0.04141044616699219,-0.17985564470291138,-0.0610584020614624,-0.2547428607940674,-0.06208398938179016,-0.204076886177063,-0.056757062673568726,-0.148332417011261,-0.0027241110801696777,-0.17531245946884155,-0.018387138843536377,-0.21236681938171387,-0.026137501001358032,-0.1449107527732849,-0.027731627225875854,-0.09334051609039307,0.03562825918197632,-0.16090887784957886,0.01640564203262329,-0.1843736171722412,-0.0008905529975891113,-0.14038723707199097,-0.010782897472381592,-0.10421109199523926
0.0,0.0,-0.04717665910720825,-0.03773230314254761,-0.0733562707901001,-0.1104665994644165,-0.06141647696495056,-0.17758584022521973,-0.030962765216827393,-0.23200803995132446,-0.07933041453361511,-0.17336302995681763,-0.1003691554069519,-0.23384696245193481,-0.09410235285758972,-0.19143015146255493,-0.08152914047241211,-0.14278072118759155,-0.04216143488883972,-0.1836199164390564,-0.06049647927284241,-0.2585373818874359,-0.06339353322982788,-0.20465540885925293,-0.05881607532501221,-0.14703017473220825,-0.0032216012477874756,-0.1791679859161377,-0.01970002055168152,-0.21283239126205444,-0.027217596769332886,-0.1423344612121582,-0.026820242404937744,-0.09292656183242798,0.03478226065635681,-0.16462194919586182,0.012095510959625244,-0.18386310338974,-0.0010249018669128418,-0.13759934902191162,-0.00407099723815918,-0.10543543100357056
0.0,0.0,-0.05020907521247864,-0.041556358337402344,-0.07374945282936096,-0.11509048938751221,-0.05686834454536438,-0.18031615018844604,-0.026241987943649292,-0.231722891330719,-0.07670006155967712,-0.1770923137664795,-0.09729424118995667,-0.233984112739563,-0.09199890494346619,-0.19414597749710083,-0.08088111877441406,-0.1465003490447998,-0.0396881103515625,-0.18507295846939087,-0.05852445960044861,-0.25604021549224854,-0.06081143021583557,-0.2035554051399231,-0.05643647909164429,-0.14567166566848755,-0.0007500648498535156,-0.1791180968284607,-0.01748594641685486,-0.21233010292053223,-0.026505976915359497,-0.1454046368598938,-0.028258711099624634,-0.09535729885101318,0.037197649478912354,-0.16289955377578735,0.015292733907699585,-0.18494141101837158,-0.0012033283710479736,-0.14103877544403076,-0.008664429187774658,-0.1066022515296936
0.0,0.0,-0.04907655715942383,-0.04198986291885376,-0.07341974973678589,-0.11630451679229736,-0.05827254056930542,-0.1822570562362671,-0.028218597173690796,-0.2334446907043457,-0.07947814464569092,-0.17499393224716187,-0.09966599941253662,-0.2343519926071167,-0.09342840313911438,-0.19451814889907837,-0.08153438568115234,-0.14738577604293823,-0.04191341996192932,-0.183954656124115,-0.05964130163192749,-0.25868234038352966,-0.06201291084289551,-0.20729637145996094,-0.05728510022163391,-0.15015250444412231,-0.002581477165222168,-0.17857760190963745,-0.018261492252349854,-0.21288001537322998,-0.02703121304512024,-0.14554256200790405,-0.028362184762954712,-0.09633064270019531,0.035171568393707275,-0.16263610124588013,0.013951659202575684,-0.1846867799758911,-0.0013026893138885498,-0.1397131085395813,-0.007312297821044922,-0.105682373046875
0.0,0.0,-0.047438204288482666,-0.04055076837539673,-0.07179293036460876,-0.11201447248458862,-0.05904865264892578,-0.1782274842262268,-0.028929591178894043,-0.23242175579071045,-0.07689651846885681,-0.17342591285705566,-0.09851661324501038,-0.23196345567703247,-0.09233567118644714,-0.19241154193878174,-0.0807451605796814,-0.14526104927062988,-0.03996443748474121,-0.18267738819122314,-0.058652907609939575,-0.2558170557022095,-0.06048747897148132,-0.20444726943969727,-0.05600842833518982,-0.14681994915008545,-0.001042187213897705,-0.17756682634353638,-0.017346948385238647,-0.21107733249664307,-0.026504188776016235,-0.14281290769577026,-0.028905749320983887,-0.09158051013946533,0.03729841113090515,-0.16215121746063232,0.01680418848991394,-0.18437790870666504,-0.000583946704864502,-0.14033764600753784,-0.009980976581573486,-0.10501217842102051
0.0,0.0,-0.04995691776275635,-0.04530233144760132,-0.07386761903762817,-0.12011408805847168,-0.05772125720977783,-0.18600142002105713,-0.026501119136810303,-0.2390030026435852,-0.07740211486816406,-0.1776447296142578,-0.09914612770080566,-0.23576951026916504,-0.0934339165687561,-0.19716644287109375,-0.08233970403671265,-0.14932292699813843,-0.04048949480056763,-0.18613672256469727,-0.05943244695663452,-0.2576991319656372,-0.06136810779571533,-0.20721149444580078,-0.05698898434638977,-0.14926892518997192,-0.0015343725681304932,-0.18083101511001587,-0.017520904541015625,-0.2153276801109314,-0.026572614908218384,-0.14798462390899658,-0.02880018949508667,-0.09592163562774658,0.036199748516082764,-0.16493171453475952,0.014652132987976074,-0.1871752142906189,-0.0016750991344451904,-0.14247727394104004,-0.009337365627288818,-0.10625213384628296
0.0,0.0,-0.049079835414886475,-0.04109889268875122,-0.07472842931747437,-0.116871178150177,-0.05963867902755737,-0.18361759185791016,-0.028410911560058594,-0.2371976375579834,-0.07946118712425232,-0.17658567428588867,-0.1004590392112732,-0.23553192615509033,-0.0940893292427063,-0.19463348388671875,-0.08222180604934692,-0.14666026830673218,-0.042059749364852905,-0.18636757135391235,-0.060335248708724976,-0.2595995366573334,-0.061692893505096436,-0.206956148147583,-0.05685847997665405,-0.14861220121383667,-0.002975553274154663,-0.18146955966949463,-0.01891198754310608,-0.2132713794708252,-0.027895718812942505,-0.14436954259872437,-0.030458956956863403,-0.09278380870819092,0.03464415669441223,-0.16614627838134766,0.01318851113319397,-0.1833956241607666,-0.0028847455978393555,-0.1375158429145813,-0.01076921820640564,-0.10222822427749634
0.0,0.0,-0.049930572509765625,-0.04327106475830078,-0.0726034939289093,-0.1208580732345581,-0.053449541330337524,-0.18580061197280884,-0.02353730797767639,-0.23778533935546875,-0.07640713453292847,-0.17858749628067017,-0.09763392806053162,-0.23589438199996948,-0.09219932556152344,-0.19482505321502686,-0.08100691437721252,-0.14666688442230225,-0.03935438394546509,-0.18681496381759644,-0.058385491371154785,-0.25906047224998474,-0.060854166746139526,-0.20713376998901367,-0.056499212980270386,-0.14976274967193604,-0.00045862793922424316,-0.18031007051467896,-0.01609015464782715,-0.21472448110580444,-0.026363611221313477,-0.1466878056526184,-0.029452472925186157,-0.09568226337432861,0.037089914083480835,-0.1632959246635437,0.01667654514312744,-0.1851489543914795,-0.0007106363773345947,-0.14097893238067627,-0.009531080722808838,-0.10632055997848511
0.0,0.0,-0.04823148250579834,-0.04342299699783325,-0.07276806235313416,-0.11644840240478516,-0.05899393558502197,-0.18268418312072754,-0.029134124517440796,-0.2362385392189026,-0.07714325189590454,-0.1768515706062317,-0.09896531701087952,-0.2355474829673767,-0.09249058365821838,-0.1938943862915039,-0.08038157224655151,-0.14673888683319092,-0.04005497694015503,-0.1846555471420288,-0.05860358476638794,-0.25719183683395386,-0.06041035056114197,-0.2023371458053589,-0.0553031861782074,-0.1445048451423645,-0.001483917236328125,-0.1791517734527588,-0.017460227012634277,-0.2138305902481079,-0.026872575283050537,-0.14490264654159546,-0.0285111665725708,-0.09404408931732178,0.03607073426246643,-0.16381019353866577,0.014667749404907227,-0.18596988916397095,-0.0014747679233551025,-0.14081412553787231,-0.008195161819458008,-0.10602515935897827
0.0,0.0,-0.047884851694107056,-0.04310029745101929,-0.07291287183761597,-0.11931061744689941,-0.059159427881240845,-0.18624937534332275,-0.02841779589653015,-0.24024909734725952,-0.07567492127418518,-0.178227961063385,-0.09701964259147644,-0.2368485927581787,-0.09200963377952576,-0.1953412890434265,-0.08142814040184021,-0.14754986763000488,-0.03923490643501282,-0.1865752935409546,-0.057907700538635254,-0.2596921920776367,-0.061061590909957886,-0.20769661664962769,-0.057361334562301636,-0.15024399757385254,-0.0008033215999603271,-0.18164145946502686,-0.017014890909194946,-0.21502923965454102,-0.026600569486618042,-0.14703583717346191,-0.028726935386657715,-0.09610462188720703,0.03708994388580322,-0.1669561266899109,0.016062021255493164,-0.18801194429397583,2.568960189819336e-05,-0.1425257921218872,-0.006749242544174194,-0.1075102686882019
0.0,0.0,-0.04731893539428711,-0.04046523571014404,-0.07135537266731262,-0.11307024955749512,-0.056231290102005005,-0.1780071258544922,-0.0238988995552063,-0.22929662466049194,-0.07562807202339172,-0.17301857471466064,-0.09833395481109619,-0.22988975048065186,-0.09361782670021057,-0.1890096664428711,-0.0822630524635315,-0.14124447107315063,-0.03885015845298767,-0.18236291408538818,-0.0585026741027832,-0.25490602850914,-0.0614335834980011,-0.20452165603637695,-0.057331860065460205,-0.1467573642730713,0.00012385845184326172,-0.1772177815437317,-0.016973644495010376,-0.20761549472808838,-0.0253334641456604,-0.14016193151474,-0.026887238025665283,-0.08913230895996094,0.038354724645614624,-0.16192060708999634,0.016250967979431152,-0.18070310354232788,-0.0003502964973449707,-0.13610923290252686,-0.008276611566543579,-0.10068714618682861
0.0,0.0,-0.05021178722381592,-0.040337979793548584,-0.07576021552085876,-0.11409509181976318,-0.060459285974502563,-0.18005800247192383,-0.03167635202407837,-0.23310041427612305,-0.08034181594848633,-0.17556697130203247,-0.10144290328025818,-0.23364371061325073,-0.09571129083633423,-0.19390511512756348,-0.08368882536888123,-0.1460322141647339,-0.04315099120140076,-0.18446117639541626,-0.06222051382064819,-0.25624436140060425,-0.06312999129295349,-0.20103424787521362,-0.05605921149253845,-0.14345479011535645,-0.003931701183319092,-0.17826396226882935,-0.020168542861938477,-0.2128129005432129,-0.029528796672821045,-0.14449840784072876,-0.030301958322525024,-0.0950668454170227,0.033851176500320435,-0.16173529624938965,0.01296946406364441,-0.18364161252975464,-0.003016442060470581,-0.13997149467468262,-0.008930325508117676,-0.10749256610870361
0.0,0.0,-0.049486637115478516,-0.03980368375778198,-0.07313704490661621,-0.11432158946990967,-0.05616825819015503,-0.18109989166259766,-0.02734711766242981,-0.23405778408050537,-0.08059856295585632,-0.1724138855934143,-0.1013200581073761,-0.23174571990966797,-0.09461203217506409,-0.1917339563369751,-0.08186820149421692,-0.14497393369674683,-0.04317799210548401,-0.18164265155792236,-0.06260237097740173,-0.2561919689178467,-0.0622505247592926,-0.20147621631622314,-0.05459669232368469,-0.14382201433181763,-0.003947913646697998,-0.17659306526184082,-0.019491106271743774,-0.21521306037902832,-0.027063101530075073,-0.1464008092880249,-0.027607381343841553,-0.09586620330810547,0.03421503305435181,-0.1614621877670288,0.015104204416275024,-0.1860365867614746,-0.0009078085422515869,-0.1409175992012024,-0.008659452199935913,-0.10636121034622192
0.0,0.0,-0.049088895320892334,-0.03873234987258911,-0.07412540912628174,-0.11538082361221313,-0.057345688343048096,-0.1818065047264099,-0.02851015329360962,-0.2356879711151123,-0.07908859848976135,-0.17472457885742188,-0.10006797313690186,-0.23341697454452515,-0.0951005220413208,-0.19306153059005737,-0.08271440863609314,-0.14552021026611328,-0.042011111974716187,-0.18438011407852173,-0.06124553084373474,-0.2586787939071655,-0.06320050358772278,-0.2037522792816162,-0.05594173073768616,-0.14623123407363892,-0.0031273961067199707,-0.17893284559249878,-0.01890549063682556,-0.2151309847831726,-0.027453482151031494,-0.14525437355041504,-0.027370363473892212,-0.09610879421234131,0.034642428159713745,-0.1631675362586975,0.014055907726287842,-0.18638688325881958,-0.0010111033916473389,-0.14049118757247925,-0.0063894689083099365,-0.10778015851974487
0.0,0.0,-0.04864940047264099,-0.0406571626663208,-0.0720568299293518,-0.11858499050140381,-0.05405542254447937,-0.18453305959701538,-0.02560371160507202,-0.23901057243347168,-0.07899439334869385,-0.1767292618751526,-0.10087591409683228,-0.23425191640853882,-0.09430485963821411,-0.19472169876098633,-0.08128693699836731,-0.1473671793937683,-0.04168647527694702,-0.18692368268966675,-0.06103318929672241,-0.2596088647842407,-0.06165802478790283,-0.20653080940246582,-0.05518987774848938,-0.1481032371520996,-0.0027501583099365234,-0.1826770305633545,-0.018462300300598145,-0.21420365571975708,-0.026657789945602417,-0.14507818222045898,-0.02800196409225464,-0.0943489670753479,0.03468778729438782,-0.1684030294418335,0.01229754090309143,-0.18606114387512207,-0.0013395249843597412,-0.1391962170600891,-0.0059389472007751465,-0.1048014760017395
0.0,0.0,-0.04711154103279114,-0.0386430025100708,-0.07275369763374329,-0.11182433366775513,-0.06083488464355469,-0.1809806227684021,-0.03293010592460632,-0.2384260892868042,-0.0802910327911377,-0.17712032794952393,-0.10114902257919312,-0.23623770475387573,-0.09360173344612122,-0.1931174397468567,-0.08101367950439453,-0.144703209400177,-0.04307764768600464,-0.1862889528274536,-0.062455445528030396,-0.26007139682769775,-0.06223055720329285,-0.2040308117866516,-0.05558532476425171,-0.1456298828125,-0.00446087121963501,-0.18163049221038818,-0.020559966564178467,-0.21406692266464233,-0.028007715940475464,-0.14402538537979126,-0.028606951236724854,-0.0936431884765625,0.03318524360656738,-0.16698002815246582,0.011380940675735474,-0.18628990650177002,-0.002607196569442749,-0.13922661542892456,-0.008014380931854248,-0.10445183515548706
0.0,0.0,-0.04566299915313721,-0.03943467140197754,-0.07033711671829224,-0.11200344562530518,-0.058830320835113525,-0.17836225032806396,-0.03149968385696411,-0.2335299253463745,-0.07867735624313354,-0.1761046051979065,-0.09988635778427124,-0.23458576202392578,-0.09273943305015564,-0.1899610161781311,-0.07991021871566772,-0.14297521114349365,-0.04143765568733215,-0.1855088472366333,-0.06076490879058838,-0.2586565613746643,-0.06159767508506775,-0.20167195796966553,-0.05533096194267273,-0.14539945125579834,-0.002873450517654419,-0.18019211292266846,-0.018546700477600098,-0.21210390329360962,-0.02707001566886902,-0.1428995132446289,-0.027799785137176514,-0.09427028894424438,0.034406185150146484,-0.16447794437408447,0.015204399824142456,-0.18290793895721436,-8.016824722290039e-05,-0.13653618097305298,-0.006019085645675659,-0.10269004106521606
0.0,0.0,-0.04710119962692261,-0.03994399309158325,-0.07238474488258362,-0.11136472225189209,-0.060843437910079956,-0.17859673500061035,-0.03353393077850342,-0.23593789339065552,-0.08168509602546692,-0.17586612701416016,-0.1047416627407074,-0.23343586921691895,-0.09620252251625061,-0.19178515672683716,-0.0830710232257843,-0.14450037479400635,-0.044678181409835815,-0.1866942048072815,-0.06675812602043152,-0.2600994110107422,-0.06609943509101868,-0.2064582109451294,-0.0597059428691864,-0.14855903387069702,-0.005293041467666626,-0.18236511945724487,-0.02300003170967102,-0.21316462755203247,-0.029940158128738403,-0.14282119274139404,-0.03079622983932495,-0.09115815162658691,0.03266030550003052,-0.1664583683013916,0.01174810528755188,-0.18683063983917236,-0.0028413236141204834,-0.13888174295425415,-0.009325385093688965,-0.1010316014289856
0.0,0.0,-0.04747799038887024,-0.039871275424957275,-0.0722116231918335,-0.11196881532669067,-0.060688287019729614,-0.18022871017456055,-0.03281638026237488,-0.23691004514694214,-0.08127310872077942,-0.17446768283843994,-0.10507696866989136,-0.23523831367492676,-0.09655213356018066,-0.19307434558868408,-0.08315065503120422,-0.14569425582885742,-0.04369264841079712,-0.18411433696746826,-0.0641886293888092,-0.2581920623779297,-0.06414306163787842,-0.20309901237487793,-0.05808836221694946,-0.14628392457962036,-0.004403620958328247,-0.17859327793121338,-0.02095702290534973,-0.21281170845031738,-0.02930709719657898,-0.14338409900665283,-0.03016221523284912,-0.0924757719039917,0.0332467257976532,-0.16161781549453735,0.01383790373802185,-0.1866607666015625,-0.0028199851512908936,-0.14030730724334717,-0.010388493537902832,-0.10229504108428955
0.0,0.0,-0.0485614538192749,-0.04035234451293945,-0.07325738668441772,-0.11548501253128052,-0.057950615882873535,-0.18188375234603882,-0.02919265627861023,-0.23663997650146484,-0.07949104905128479,-0.17528092861175537,-0.1023963987827301,-0.23252129554748535,-0.09499850869178772,-0.19185304641723633,-0.08201807737350464,-0.14358478784561157,-0.04274144768714905,-0.18487656116485596,-0.06354671716690063,-0.25774621963500977,-0.06404969096183777,-0.2039813995361328,-0.057586491107940674,-0.1452399492263794,-0.0034692585468292236,-0.1787731647491455,-0.019568413496017456,-0.21187210083007812,-0.028261184692382812,-0.14228910207748413,-0.029559612274169922,-0.09003561735153198,0.03427177667617798,-0.16094869375228882,0.016609609127044678,-0.1876220703125,-6.648898124694824e-05,-0.14222699403762817,-0.008119344711303711,-0.10400116443634033
0.0,0.0,-0.04907605051994324,-0.042177796363830566,-0.07294565439224243,-0.11637574434280396,-0.05729064345359802,-0.18375766277313232,-0.028701812028884888,-0.23888921737670898,-0.07983529567718506,-0.17653846740722656,-0.10371100902557373,-0.23535627126693726,-0.09717413783073425,-0.19469839334487915,-0.08451059460639954,-0.14627766609191895,-0.04296445846557617,-0.1862218976020813,-0.06381037831306458,-0.2586742639541626,-0.06438872218132019,-0.20581799745559692,-0.0579816997051239,-0.1476672887802124,-0.004027277231216431,-0.18133479356765747,-0.020808666944503784,-0.21426081657409668,-0.028947770595550537,-0.14528590440750122,-0.029409170150756836,-0.09371256828308105,0.033378392457962036,-0.16526424884796143,0.01239997148513794,-0.18873775005340576,-0.0021087825298309326,-0.1419309377670288,-0.00691339373588562,-0.10479635000228882
0.0,0.0,-0.04964953660964966,-0.04165232181549072,-0.07428622245788574,-0.1170855164527893,-0.058288007974624634,-0.18447118997573853,-0.029203146696090698,-0.2408607006072998,-0.0813661515712738,-0.1792752742767334,-0.10463953018188477,-0.2368590235710144,-0.09626024961471558,-0.19500410556793213,-0.08348983526229858,-0.14566528797149658,-0.04331314563751221,-0.1887485384941101,-0.06482511758804321,-0.2627456784248352,-0.06519514322280884,-0.20737433433532715,-0.05948898196220398,-0.14698779582977295,-0.0028290748596191406,-0.18179094791412354,-0.020341187715530396,-0.214726984500885,-0.02846825122833252,-0.14326077699661255,-0.02954477071762085,-0.09002113342285156,0.03598383069038391,-0.16255271434783936,0.015531003475189209,-0.18885856866836548,-0.0007608532905578613,-0.14223062992095947,-0.008193105459213257,-0.10385185480117798
0.0,0.0,-0.04518246650695801,-0.041221559047698975,-0.06927582621574402,-0.11344993114471436,-0.05859079957008362,-0.1798555850982666,-0.030639976263046265,-0.23817229270935059,-0.07792341709136963,-0.17916619777679443,-0.10172855854034424,-0.23767518997192383,-0.09377235174179077,-0.19780313968658447,-0.08131268620491028,-0.14921408891677856,-0.03996071219444275,-0.18813258409500122,-0.06103426218032837,-0.2613593339920044,-0.06148052215576172,-0.2067607045173645,-0.05642426013946533,-0.14763563871383667,2.8878450393676758e-05,-0.18142706155776978,-0.01708519458770752,-0.21306699514389038,-0.026090413331985474,-0.14280647039413452,-0.027943670749664307,-0.08987605571746826,0.03854140639305115,-0.1631031632423401,0.019155174493789673,-0.18682241439819336,0.0012591779232025146,-0.14056360721588135,-0.00804397463798523,-0.10172444581985474
