0.0,0.0,-0.02769315242767334,-0.07740509510040283,-0.08153289556503296,-0.12495732307434082,-0.13388174772262573,-0.14585399627685547,-0.17049571871757507,-0.16596758365631104,-0.0842389464378357,-0.1490979790687561,-0.1422751545906067,-0.13568806648254395,-0.16874009370803833,-0.10652869939804077,-0.17915573716163635,-0.08135253190994263,-0.08723795413970947,-0.11145848035812378,-0.1494298279285431,-0.08681362867355347,-0.1745893955230713,-0.05376094579696655,-0.18164578080177307,-0.02428501844406128,-0.0878978967666626,-0.06686532497406006,-0.14182806015014648,-0.04417914152145386,-0.1603178083896637,-0.02101200819015503,-0.16306903958320618,0.00012135505676269531,-0.08558306097984314,-0.018232107162475586,-0.1248895525932312,-0.0035156607627868652,-0.1356084942817688,0.006629049777984619,-0.13844731450080872,0.015562593936920166
0.0,0.0,-0.06307315826416016,-0.02658092975616455,-0.1105647087097168,-0.06403452157974243,-0.14593413472175598,-0.08645296096801758,-0.17722773551940918,-0.1021047830581665,-0.08620935678482056,-0.16117346286773682,-0.12128740549087524,-0.20627522468566895,-0.1465693712234497,-0.16735750436782837,-0.14810270071029663,-0.12542319297790527,-0.06559160351753235,-0.1701827049255371,-0.1102500855922699,-0.2196957767009735,-0.14044189453125,-0.17290359735488892,-0.1405811905860901,-0.12845808267593384,-0.04549378156661987,-0.16539102792739868,-0.08880653977394104,-0.2191363275051117,-0.12221580743789673,-0.17912906408309937,-0.12765848636627197,-0.13499397039413452,-0.029209554195404053,-0.14661210775375366,-0.06686833500862122,-0.17522203922271729,-0.09741714596748352,-0.1566300392150879,-0.10959705710411072,-0.13070547580718994
0.0,0.0,-0.06000789999961853,-0.025824010372161865,-0.09520050883293152,-0.06779170036315918,-0.11793443560600281,-0.10443985462188721,-0.12508931756019592,-0.1403217911720276,-0.0636235773563385,-0.15640133619308472,-0.09600517153739929,-0.19820424914360046,-0.12112408876419067,-0.16761982440948486,-0.12349140644073486,-0.12781041860580444,-0.048844367265701294,-0.1668175458908081,-0.09105762839317322,-0.217129647731781,-0.12178307771682739,-0.17972707748413086,-0.12493711709976196,-0.1373690962791443,-0.034261882305145264,-0.1682952344417572,-0.07841387391090393,-0.2231495976448059,-0.11400365829467773,-0.18669825792312622,-0.12068745493888855,-0.1427767276763916,-0.025446206331253052,-0.157725989818573,-0.07163754105567932,-0.18668442964553833,-0.10284128785133362,-0.16306865215301514,-0.11280557513237,-0.13020503520965576
0.0,0.0,-0.05469575524330139,-0.02615678310394287,-0.09311169385910034,-0.07007402181625366,-0.11974051594734192,-0.10665112733840942,-0.1308366358280182,-0.14631474018096924,-0.0575261116027832,-0.1650068759918213,-0.08582180738449097,-0.21258708834648132,-0.11400356888771057,-0.19259297847747803,-0.1238185465335846,-0.15979060530662537,-0.04595634341239929,-0.17437630891799927,-0.08370161056518555,-0.22891661524772644,-0.1167127788066864,-0.20200040936470032,-0.126333087682724,-0.16596660017967224,-0.035695821046829224,-0.17543992400169373,-0.07558342814445496,-0.2316986322402954,-0.11123919486999512,-0.20419210195541382,-0.1224818229675293,-0.1651897430419922,-0.030996233224868774,-0.1662653088569641,-0.07013311982154846,-0.20314672589302063,-0.10037067532539368,-0.18748944997787476,-0.11310815811157227,-0.1594618558883667
0.0,0.0,-0.050407469272613525,-0.015940725803375244,-0.09007436037063599,-0.059673428535461426,-0.11613714694976807,-0.09888041019439697,-0.12678667902946472,-0.1378536820411682,-0.06427299976348877,-0.14652571082115173,-0.08957433700561523,-0.19043472409248352,-0.11236768960952759,-0.17859560251235962,-0.12048137187957764,-0.1542072892189026,-0.05207449197769165,-0.1587752401828766,-0.08162477612495422,-0.21099132299423218,-0.11031925678253174,-0.1936456859111786,-0.12194037437438965,-0.16362550854682922,-0.040357112884521484,-0.16412055492401123,-0.07099384069442749,-0.2201923429965973,-0.10473749041557312,-0.20241081714630127,-0.11919569969177246,-0.17063778638839722,-0.03299272060394287,-0.16145524382591248,-0.06783503293991089,-0.2010004222393036,-0.09797656536102295,-0.19034826755523682,-0.11332723498344421,-0.16572287678718567
0.0,0.0,-0.0496402382850647,-0.015093326568603516,-0.0847649872303009,-0.05559241771697998,-0.10822296142578125,-0.0906686782836914,-0.12052500247955322,-0.12388467788696289,-0.058878809213638306,-0.13252952694892883,-0.08226433396339417,-0.16931530833244324,-0.10526251792907715,-0.15690645575523376,-0.11598789691925049,-0.13395985960960388,-0.04908445477485657,-0.14519423246383667,-0.07632404565811157,-0.18856823444366455,-0.10422173142433167,-0.17278659343719482,-0.1184546947479248,-0.14633744955062866,-0.03896981477737427,-0.15298673510551453,-0.0678873062133789,-0.19963210821151733,-0.10028019547462463,-0.18218988180160522,-0.11633142828941345,-0.15241050720214844,-0.03215488791465759,-0.15543580055236816,-0.064785897731781,-0.19067469239234924,-0.09385547041893005,-0.17948180437088013,-0.11012780666351318,-0.1552516222000122
0.0,0.0,-0.045405805110931396,-0.00389176607131958,-0.08309021592140198,-0.03783619403839111,-0.10619300603866577,-0.07313525676727295,-0.11613035202026367,-0.10839325189590454,-0.06327983736991882,-0.11319097876548767,-0.08461952209472656,-0.15114706754684448,-0.10530388355255127,-0.14269950985908508,-0.11359062790870667,-0.12189102172851562,-0.05432826280593872,-0.12697851657867432,-0.07766368985176086,-0.17424815893173218,-0.10209611058235168,-0.1616966724395752,-0.1111677885055542,-0.13460323214530945,-0.04401051998138428,-0.13733777403831482,-0.06777963042259216,-0.18737176060676575,-0.09592097997665405,-0.17459234595298767,-0.1071634292602539,-0.14742034673690796,-0.032739073038101196,-0.14352911710739136,-0.05950900912284851,-0.18094587326049805,-0.08714324235916138,-0.17284685373306274,-0.10206174850463867,-0.14969775080680847
0.0,0.0,-0.04469478130340576,-0.004171252250671387,-0.0817669928073883,-0.03459024429321289,-0.10523048043251038,-0.06530028581619263,-0.11370915174484253,-0.09761932492256165,-0.05624130368232727,-0.11371371150016785,-0.08285355567932129,-0.14970502257347107,-0.10412731766700745,-0.13247781991958618,-0.1099211573600769,-0.10482892394065857,-0.04808315634727478,-0.12628501653671265,-0.07797366380691528,-0.16570234298706055,-0.10294079780578613,-0.14379894733428955,-0.11114740371704102,-0.11328750848770142,-0.03962439298629761,-0.13524556159973145,-0.07104426622390747,-0.17924809455871582,-0.09959253668785095,-0.15576839447021484,-0.10960713028907776,-0.12401902675628662,-0.03210681676864624,-0.13967061042785645,-0.06428471207618713,-0.17413955926895142,-0.09126138687133789,-0.1599886417388916,-0.10392162203788757,-0.13342350721359253
0.0,0.0,-0.04551512002944946,-0.013830006122589111,-0.0794869065284729,-0.04978746175765991,-0.10450685024261475,-0.0810195803642273,-0.11524641513824463,-0.11476477980613708,-0.04883655905723572,-0.12563905119895935,-0.07551425695419312,-0.16073134541511536,-0.09902161359786987,-0.14926239848136902,-0.10847902297973633,-0.12764683365821838,-0.04078739881515503,-0.13824087381362915,-0.07242432236671448,-0.180052250623703,-0.10038915276527405,-0.16103172302246094,-0.11196398735046387,-0.1354467272758484,-0.03282997012138367,-0.14688000082969666,-0.06625756621360779,-0.19415119290351868,-0.09736418724060059,-0.1722927987575531,-0.10871726274490356,-0.14192166924476624,-0.02912542223930359,-0.14965158700942993,-0.06323111057281494,-0.1871754229068756,-0.09183952212333679,-0.172215074300766,-0.10464629530906677,-0.1434701681137085
0.0,0.0,-0.045903563499450684,-0.014408111572265625,-0.07807841897010803,-0.04932272434234619,-0.10197871923446655,-0.08124089241027832,-0.10969358682632446,-0.11555960774421692,-0.051708728075027466,-0.1220359206199646,-0.07436981797218323,-0.15767121315002441,-0.09576556086540222,-0.14844369888305664,-0.10484045743942261,-0.12856200337409973,-0.04225045442581177,-0.13442015647888184,-0.0690348744392395,-0.1781846284866333,-0.09508556127548218,-0.16322225332260132,-0.10699757933616638,-0.1378687620162964,-0.03245237469673157,-0.1425762176513672,-0.061277568340301514,-0.18837898969650269,-0.09138926863670349,-0.17073285579681396,-0.10460427403450012,-0.142547607421875,-0.025850743055343628,-0.14508840441703796,-0.057921767234802246,-0.18099769949913025,-0.0860636830329895,-0.16863691806793213,-0.10050097107887268,-0.1429803967475891
0.0,0.0,-0.04473984241485596,-0.015175580978393555,-0.07584500312805176,-0.049422383308410645,-0.09897801280021667,-0.08038908243179321,-0.105063796043396,-0.11403778195381165,-0.04655522108078003,-0.1215851902961731,-0.06912735104560852,-0.15693780779838562,-0.09177303314208984,-0.14686381816864014,-0.10138031840324402,-0.12605926394462585,-0.03665173053741455,-0.13323724269866943,-0.06433072686195374,-0.1767546534538269,-0.091948002576828,-0.16066443920135498,-0.1043139398097992,-0.1351623237133026,-0.02685379981994629,-0.14076170325279236,-0.056529611349105835,-0.1868228316307068,-0.08804884552955627,-0.16860270500183105,-0.10171914100646973,-0.1401805877685547,-0.020968377590179443,-0.14238253235816956,-0.05264073610305786,-0.1793348491191864,-0.08141380548477173,-0.16745740175247192,-0.09623870253562927,-0.1420610249042511
0.0,0.0,-0.045934051275253296,-0.019237279891967773,-0.07671484351158142,-0.05484437942504883,-0.09966039657592773,-0.08702537417411804,-0.10556253790855408,-0.12209057807922363,-0.044679492712020874,-0.12529590725898743,-0.06661534309387207,-0.16257035732269287,-0.08920294046401978,-0.15415307879447937,-0.09977176785469055,-0.13510507345199585,-0.03486362099647522,-0.1365065574645996,-0.06171619892120361,-0.18031537532806396,-0.08944395184516907,-0.16690433025360107,-0.10325601696968079,-0.14449888467788696,-0.025491774082183838,-0.1434154510498047,-0.05473169684410095,-0.18964418768882751,-0.08633238077163696,-0.17330414056777954,-0.10134795308113098,-0.14620277285575867,-0.020441263914108276,-0.1445969045162201,-0.052538931369781494,-0.1802298128604889,-0.08131763339042664,-0.16885164380073547,-0.09697544574737549,-0.14401918649673462
0.0,0.0,-0.0475078821182251,-0.0231400728225708,-0.07747235894203186,-0.06012988090515137,-0.10000184178352356,-0.09215342998504639,-0.1049862802028656,-0.1255006492137909,-0.04374659061431885,-0.1353546679019928,-0.0650174617767334,-0.17395654320716858,-0.08799773454666138,-0.16544842720031738,-0.09920966625213623,-0.14634642004966736,-0.0327620804309845,-0.1458984613418579,-0.060309767723083496,-0.19157856702804565,-0.08846333622932434,-0.17870309948921204,-0.10262897610664368,-0.15630778670310974,-0.023066610097885132,-0.15090012550354004,-0.053757816553115845,-0.19979867339134216,-0.08620771765708923,-0.18423211574554443,-0.10186955332756042,-0.15650510787963867,-0.019726991653442383,-0.14918950200080872,-0.053753823041915894,-0.18543806672096252,-0.08246505260467529,-0.1746780276298523,-0.09801256656646729,-0.15051886439323425
0.0,0.0,-0.048935264348983765,-0.02673470973968506,-0.0782778263092041,-0.06432503461837769,-0.09984233975410461,-0.0953148603439331,-0.10604968667030334,-0.12728863954544067,-0.042466431856155396,-0.142304927110672,-0.06310722231864929,-0.18440094590187073,-0.08762702345848083,-0.17368969321250916,-0.09864789247512817,-0.15153375267982483,-0.0315876305103302,-0.1516643762588501,-0.058908432722091675,-0.20070570707321167,-0.0885118842124939,-0.18559956550598145,-0.10147446393966675,-0.16018396615982056,-0.022872179746627808,-0.15518122911453247,-0.05282148718833923,-0.20741134881973267,-0.08612623810768127,-0.1913047432899475,-0.10094079375267029,-0.16180971264839172,-0.020885080099105835,-0.1514717936515808,-0.05429607629776001,-0.18804877996444702,-0.08212059736251831,-0.1777987778186798,-0.09599745273590088,-0.15429550409317017
0.0,0.0,-0.04859095811843872,-0.02693992853164673,-0.07846260070800781,-0.06452655792236328,-0.10109204053878784,-0.09728515148162842,-0.10594019293785095,-0.13145676255226135,-0.04333660006523132,-0.14364826679229736,-0.06510975956916809,-0.18701833486557007,-0.0893028974533081,-0.1762790083885193,-0.0995585024356842,-0.1532626748085022,-0.03122621774673462,-0.1530151069164276,-0.060383617877960205,-0.20327258110046387,-0.0896933376789093,-0.18736857175827026,-0.10177305340766907,-0.16082578897476196,-0.021536946296691895,-0.1563117802143097,-0.05285149812698364,-0.21011883020401,-0.08627858757972717,-0.19262591004371643,-0.10066831111907959,-0.16221705079078674,-0.018884599208831787,-0.152348130941391,-0.054046452045440674,-0.19043585658073425,-0.08277133107185364,-0.17918208241462708,-0.09716212749481201,-0.15471982955932617
0.0,0.0,-0.048576414585113525,-0.02606332302093506,-0.0779992938041687,-0.06414330005645752,-0.10011586546897888,-0.09719669818878174,-0.10590881109237671,-0.1312074065208435,-0.03911307454109192,-0.14355605840682983,-0.06308695673942566,-0.1856941282749176,-0.08859038352966309,-0.17441785335540771,-0.0990595817565918,-0.15005019307136536,-0.02819696068763733,-0.15339332818984985,-0.060025036334991455,-0.20095321536064148,-0.0905364453792572,-0.18347907066345215,-0.10222047567367554,-0.15701213479042053,-0.020580261945724487,-0.15712624788284302,-0.054292917251586914,-0.2078496813774109,-0.08817413449287415,-0.18894457817077637,-0.10162878036499023,-0.15780964493751526,-0.02092963457107544,-0.15314781665802002,-0.056452661752700806,-0.18907666206359863,-0.08496996760368347,-0.17724016308784485,-0.09829732775688171,-0.15206599235534668
0.0,0.0,-0.04970923066139221,-0.026666581630706787,-0.07901731133460999,-0.06470686197280884,-0.10098069906234741,-0.09568840265274048,-0.10841074585914612,-0.12612515687942505,-0.04703304171562195,-0.14421945810317993,-0.07097458839416504,-0.18566378951072693,-0.0950385332107544,-0.17275989055633545,-0.10486727952957153,-0.1477186381816864,-0.03536531329154968,-0.15433377027511597,-0.06606361269950867,-0.20453506708145142,-0.09568050503730774,-0.18792903423309326,-0.1077410876750946,-0.15911060571670532,-0.025633901357650757,-0.1575985848903656,-0.05712190270423889,-0.21188032627105713,-0.0912615954875946,-0.19293731451034546,-0.10568907856941223,-0.16051656007766724,-0.02240586280822754,-0.15393686294555664,-0.057515949010849,-0.192602276802063,-0.0860360860824585,-0.18109098076820374,-0.09992074966430664,-0.1562197506427765
0.0,0.0,-0.047941356897354126,-0.026140928268432617,-0.07693275809288025,-0.06158852577209473,-0.0992470383644104,-0.09229734539985657,-0.10592430830001831,-0.12533634901046753,-0.04294690489768982,-0.1410304605960846,-0.06621038913726807,-0.18629387021064758,-0.09006157517433167,-0.17447757720947266,-0.09901157021522522,-0.1499292254447937,-0.03186899423599243,-0.15052899718284607,-0.06357908248901367,-0.20289042592048645,-0.0925101637840271,-0.18480294942855835,-0.10240170359611511,-0.15585416555404663,-0.023258864879608154,-0.15375837683677673,-0.05640175938606262,-0.20877063274383545,-0.08882555365562439,-0.18847668170928955,-0.10083523392677307,-0.15624567866325378,-0.021078497171401978,-0.14975443482398987,-0.056316375732421875,-0.1895308494567871,-0.08375346660614014,-0.17666471004486084,-0.09598132967948914,-0.15062162280082703
0.0,0.0,-0.04742267727851868,-0.0230867862701416,-0.07687419652938843,-0.059673845767974854,-0.0990837812423706,-0.09100180864334106,-0.10503390431404114,-0.12342265248298645,-0.043476492166519165,-0.1381031572818756,-0.06624937057495117,-0.18046435713768005,-0.09067243337631226,-0.16935941576957703,-0.10040941834449768,-0.14572563767433167,-0.032040536403656006,-0.14826112985610962,-0.062317728996276855,-0.19784900546073914,-0.09190556406974792,-0.18208396434783936,-0.10355004668235779,-0.15498948097229004,-0.02240702509880066,-0.152009516954422,-0.05459180474281311,-0.20529991388320923,-0.08800271153450012,-0.18731364607810974,-0.10170933604240417,-0.15643957257270813,-0.01944553852081299,-0.14817985892295837,-0.05431064963340759,-0.1860460638999939,-0.08223399519920349,-0.17447948455810547,-0.09556746482849121,-0.14958125352859497
0.0,0.0,-0.04978066682815552,-0.027176320552825928,-0.07791602611541748,-0.06515616178512573,-0.09924978017807007,-0.09728628396987915,-0.10686185956001282,-0.12816736102104187,-0.03694337606430054,-0.1475708782672882,-0.06369978189468384,-0.19027858972549438,-0.09082639217376709,-0.17481714487075806,-0.10062658786773682,-0.14646756649017334,-0.026604264974594116,-0.15611279010772705,-0.062337905168533325,-0.20334947109222412,-0.0940292477607727,-0.18183353543281555,-0.10442143678665161,-0.15229186415672302,-0.01969963312149048,-0.1573868989944458,-0.05692705512046814,-0.20927369594573975,-0.09206900000572205,-0.18673288822174072,-0.10466346144676208,-0.153030663728714,-0.020967423915863037,-0.15035554766654968,-0.05812409520149231,-0.1877502202987671,-0.0867106020450592,-0.17417201399803162,-0.09929171204566956,-0.14780157804489136
0.0,0.0,-0.049907177686691284,-0.025732815265655518,-0.07833617925643921,-0.06398946046829224,-0.10105666518211365,-0.09640339016914368,-0.10936394333839417,-0.12873566150665283,-0.03823843598365784,-0.14401143789291382,-0.06637749075889587,-0.18710368871688843,-0.09386596083641052,-0.17446598410606384,-0.10507631301879883,-0.14909517765045166,-0.02669203281402588,-0.1534060537815094,-0.06295010447502136,-0.20420318841934204,-0.09561434388160706,-0.1858188509941101,-0.10829490423202515,-0.15837934613227844,-0.019364744424819946,-0.15563929080963135,-0.0565456748008728,-0.21036571264266968,-0.09240278601646423,-0.190385103225708,-0.10692140460014343,-0.1586032509803772,-0.02165570855140686,-0.1497921645641327,-0.05917426943778992,-0.1897110641002655,-0.08862265944480896,-0.17858079075813293,-0.10329636931419373,-0.1535775065422058
0.0,0.0,-0.051447272300720215,-0.02770709991455078,-0.07972922921180725,-0.06718426942825317,-0.10231608152389526,-0.09922009706497192,-0.1114908754825592,-0.13152998685836792,-0.03415068984031677,-0.1518164575099945,-0.06359368562698364,-0.19369301199913025,-0.09242242574691772,-0.1816977858543396,-0.10462915897369385,-0.15616288781166077,-0.02368539571762085,-0.16030436754226685,-0.06281685829162598,-0.2088843584060669,-0.0960606038570404,-0.1901688277721405,-0.10800808668136597,-0.16285169124603271,-0.01887074112892151,-0.16114270687103271,-0.059314608573913574,-0.21408912539482117,-0.0949256420135498,-0.19349846243858337,-0.10808658599853516,-0.1612437665462494,-0.024648934602737427,-0.154607892036438,-0.06445163488388062,-0.19213834404945374,-0.09364601969718933,-0.1794954538345337,-0.10719424486160278,-0.15368279814720154
0.0,0.0,-0.05229991674423218,-0.028518199920654297,-0.08014228940010071,-0.06827032566070557,-0.1020025908946991,-0.09998512268066406,-0.11035066843032837,-0.1316821277141571,-0.03109392523765564,-0.1533050537109375,-0.062203675508499146,-0.19564872980117798,-0.09214118123054504,-0.18022924661636353,-0.10309061408042908,-0.15157094597816467,-0.019923239946365356,-0.1604735553264618,-0.061028480529785156,-0.20969107747077942,-0.09549820423126221,-0.1875234842300415,-0.10625696182250977,-0.15811210870742798,-0.015017151832580566,-0.1594063937664032,-0.05687817931175232,-0.21361303329467773,-0.09374839067459106,-0.19105792045593262,-0.1067737340927124,-0.15830117464065552,-0.021952420473098755,-0.15013054013252258,-0.06357124447822571,-0.18875950574874878,-0.09298825263977051,-0.17433446645736694,-0.10564300417900085,-0.14760899543762207
0.0,0.0,-0.05328184366226196,-0.028922617435455322,-0.08216312527656555,-0.06989437341690063,-0.10371312499046326,-0.10306921601295471,-0.1117599606513977,-0.1352667510509491,-0.02995121479034424,-0.15336793661117554,-0.06214088201522827,-0.19471409916877747,-0.09196382761001587,-0.18142357468605042,-0.10446947813034058,-0.15353110432624817,-0.01967400312423706,-0.16093215346336365,-0.06268620491027832,-0.20828720927238464,-0.0969693660736084,-0.18653646111488342,-0.10822218656539917,-0.15809345245361328,-0.01585868000984192,-0.16103136539459229,-0.059917300939559937,-0.2133294641971588,-0.09622180461883545,-0.18977993726730347,-0.10886770486831665,-0.1563318967819214,-0.02341926097869873,-0.15357771515846252,-0.06481680274009705,-0.19221118092536926,-0.09429895877838135,-0.17768239974975586,-0.10761278867721558,-0.14999538660049438
0.0,0.0,-0.05070698261260986,-0.026419222354888916,-0.07903608679771423,-0.06585967540740967,-0.10147222876548767,-0.0970030426979065,-0.11171939969062805,-0.13030943274497986,-0.031968384981155396,-0.15061622858047485,-0.06291493773460388,-0.1905892789363861,-0.09292158484458923,-0.18129828572273254,-0.10722500085830688,-0.1569541096687317,-0.020541071891784668,-0.15850868821144104,-0.061650097370147705,-0.20740419626235962,-0.09647178649902344,-0.19035464525222778,-0.11061272025108337,-0.16283133625984192,-0.01522749662399292,-0.1589832305908203,-0.05776408314704895,-0.21144860982894897,-0.0946374237537384,-0.19212156534194946,-0.11010074615478516,-0.16125264763832092,-0.02066543698310852,-0.15164116024971008,-0.06260731816291809,-0.1892300248146057,-0.09204071760177612,-0.17784351110458374,-0.10699471831321716,-0.15362700819969177
0.0,0.0,-0.048792093992233276,-0.027967989444732666,-0.07634946703910828,-0.06708616018295288,-0.0992051362991333,-0.09775406122207642,-0.11137199401855469,-0.13182121515274048,-0.031679362058639526,-0.15255850553512573,-0.06248074769973755,-0.1933155655860901,-0.09360688924789429,-0.1824779212474823,-0.11017316579818726,-0.15735676884651184,-0.020947754383087158,-0.1594904363155365,-0.0621376633644104,-0.20877158641815186,-0.09836158156394958,-0.19015616178512573,-0.11404469609260559,-0.16097518801689148,-0.015535861253738403,-0.15906253457069397,-0.056824326515197754,-0.21192997694015503,-0.09449076652526855,-0.19162127375602722,-0.11109372973442078,-0.15992456674575806,-0.019438356161117554,-0.15021410584449768,-0.05779850482940674,-0.1889432668685913,-0.08789369463920593,-0.18031474947929382,-0.10426884889602661,-0.15847855806350708
0.0,0.0,-0.047125279903411865,-0.029038071632385254,-0.07730326056480408,-0.0696459412574768,-0.10100099444389343,-0.10169398784637451,-0.11129224300384521,-0.13805201649665833,-0.03622865676879883,-0.14836886525154114,-0.061981916427612305,-0.1881822645664215,-0.09045395255088806,-0.1824456751346588,-0.10844278335571289,-0.16387444734573364,-0.02420714497566223,-0.15593630075454712,-0.05998539924621582,-0.20432522892951965,-0.09330281615257263,-0.19044741988182068,-0.11165529489517212,-0.16498661041259766,-0.01591169834136963,-0.15763726830482483,-0.05317467451095581,-0.20976775884628296,-0.09054729342460632,-0.19367650151252747,-0.11109787225723267,-0.1648646891117096,-0.015357106924057007,-0.15127411484718323,-0.05312719941139221,-0.18928974866867065,-0.08301156759262085,-0.18232586979866028,-0.10156875848770142,-0.16222244501113892
0.0,0.0,-0.04663592576980591,-0.02934896945953369,-0.07650929689407349,-0.07114791870117188,-0.10018458962440491,-0.10402259230613708,-0.11227661371231079,-0.14140832424163818,-0.03888249397277832,-0.14615687727928162,-0.06285485625267029,-0.1832866668701172,-0.0901293158531189,-0.17964261770248413,-0.10962411761283875,-0.16377326846122742,-0.02679237723350525,-0.15416908264160156,-0.060140907764434814,-0.19998323917388916,-0.0920012891292572,-0.1895398497581482,-0.11201530694961548,-0.16658246517181396,-0.01638975739479065,-0.15613138675689697,-0.05135953426361084,-0.20528444647789001,-0.08757635951042175,-0.19270405173301697,-0.10991531610488892,-0.16729244589805603,-0.01116245985031128,-0.15006542205810547,-0.047056883573532104,-0.18600678443908691,-0.0780438482761383,-0.18162387609481812,-0.09952566027641296,-0.16493356227874756
0.0,0.0,-0.048037320375442505,-0.028602898120880127,-0.07894819974899292,-0.069058358669281,-0.1041857898235321,-0.1016499400138855,-0.11718416213989258,-0.1399783194065094,-0.03860011696815491,-0.14281544089317322,-0.06342065334320068,-0.1799730658531189,-0.09108379483222961,-0.17745602130889893,-0.11128562688827515,-0.16416507959365845,-0.026503533124923706,-0.1520635485649109,-0.06076627969741821,-0.197523295879364,-0.09372526407241821,-0.18897610902786255,-0.11473122239112854,-0.16789573431015015,-0.016538143157958984,-0.15524134039878845,-0.05258479714393616,-0.2048371434211731,-0.08955514430999756,-0.1921531856060028,-0.11216628551483154,-0.16636019945144653,-0.012105584144592285,-0.1505925953388214,-0.04969048500061035,-0.1864553987979889,-0.08170425891876221,-0.1804419457912445,-0.10332340002059937,-0.16183185577392578
0.0,0.0,-0.047560155391693115,-0.028987109661102295,-0.07831716537475586,-0.06934529542922974,-0.10258245468139648,-0.10145431756973267,-0.113858163356781,-0.13899436593055725,-0.041974812746047974,-0.14511775970458984,-0.06520026922225952,-0.1837156116962433,-0.09204533696174622,-0.17911788821220398,-0.11054983735084534,-0.16384482383728027,-0.02928754687309265,-0.1539938747882843,-0.061567455530166626,-0.2015458047389984,-0.0937640368938446,-0.19095468521118164,-0.11355865001678467,-0.1682194173336029,-0.01825392246246338,-0.15696361660957336,-0.05233067274093628,-0.20836764574050903,-0.08912298083305359,-0.1934758722782135,-0.11100226640701294,-0.1662401556968689,-0.012546539306640625,-0.15264597535133362,-0.04961046576499939,-0.18987879157066345,-0.0811455249786377,-0.18200170993804932,-0.10187041759490967,-0.16202858090400696
0.0,0.0,-0.04612225294113159,-0.02376455068588257,-0.07753527164459229,-0.062009215354919434,-0.1013733446598053,-0.09463119506835938,-0.109893798828125,-0.13223645091056824,-0.04334709048271179,-0.13582488894462585,-0.06359368562698364,-0.17429503798484802,-0.08811041712760925,-0.17069321870803833,-0.10483306646347046,-0.15732622146606445,-0.030793726444244385,-0.14592969417572021,-0.05965796113014221,-0.19216883182525635,-0.08941501379013062,-0.18196246027946472,-0.10785412788391113,-0.15967917442321777,-0.018934905529022217,-0.15085062384605408,-0.04999852180480957,-0.19935962557792664,-0.0844455361366272,-0.18516004085540771,-0.1052289605140686,-0.15874803066253662,-0.010617315769195557,-0.14948216080665588,-0.04516848921775818,-0.18535146117210388,-0.07614070177078247,-0.17816483974456787,-0.0968937873840332,-0.15898555517196655
0.0,0.0,-0.045012086629867554,-0.02294999361038208,-0.07624447345733643,-0.059809088706970215,-0.09942618012428284,-0.09147399663925171,-0.10721075534820557,-0.12747740745544434,-0.043448835611343384,-0.13122320175170898,-0.06369167566299438,-0.1692267656326294,-0.08780106902122498,-0.16409888863563538,-0.10333064198493958,-0.14887121319770813,-0.031819701194763184,-0.14207273721694946,-0.05905690789222717,-0.18782678246498108,-0.0883147120475769,-0.1775427758693695,-0.10616999864578247,-0.15551692247390747,-0.02031022310256958,-0.1484827995300293,-0.04907041788101196,-0.19819894433021545,-0.08284348249435425,-0.18442696332931519,-0.10255542397499084,-0.15799403190612793,-0.01180112361907959,-0.14921298623085022,-0.04239612817764282,-0.18836089968681335,-0.07344013452529907,-0.1821984350681305,-0.09452280402183533,-0.16216692328453064
0.0,0.0,-0.04624128341674805,-0.026681125164031982,-0.0773392915725708,-0.06369924545288086,-0.10107570886611938,-0.09416604042053223,-0.10769188404083252,-0.1308240294456482,-0.04048606753349304,-0.13800033926963806,-0.0603482723236084,-0.17726048827171326,-0.08595138788223267,-0.1722920536994934,-0.1033937931060791,-0.15742239356040955,-0.027895867824554443,-0.14833557605743408,-0.05523473024368286,-0.19611382484436035,-0.08649319410324097,-0.18675488233566284,-0.10598766803741455,-0.1647108793258667,-0.016160547733306885,-0.15292620658874512,-0.04570847749710083,-0.20538541674613953,-0.08174493908882141,-0.19198068976402283,-0.10342130064964294,-0.1649514138698578,-0.009144604206085205,-0.15063348412513733,-0.042480647563934326,-0.18951895833015442,-0.07410073280334473,-0.18153685331344604,-0.09519800543785095,-0.16031256318092346
0.0,0.0,-0.048700809478759766,-0.02789902687072754,-0.07885679602622986,-0.06584811210632324,-0.10265117883682251,-0.09484311938285828,-0.11256912350654602,-0.1294046938419342,-0.04001864790916443,-0.14180287718772888,-0.06327420473098755,-0.178920716047287,-0.09019476175308228,-0.17266184091567993,-0.10769394040107727,-0.15546563267707825,-0.026926755905151367,-0.1523224115371704,-0.05898889899253845,-0.1984352469444275,-0.09171411395072937,-0.18851295113563538,-0.11128890514373779,-0.16599193215370178,-0.01537477970123291,-0.15628281235694885,-0.05025261640548706,-0.2066827416419983,-0.08782175183296204,-0.19215604662895203,-0.10917815566062927,-0.16458123922348022,-0.009556829929351807,-0.15285056829452515,-0.046353697776794434,-0.19047114253044128,-0.07894724607467651,-0.18264037370681763,-0.09994229674339294,-0.16180485486984253
0.0,0.0,-0.04922497272491455,-0.027882516384124756,-0.0780942440032959,-0.06568753719329834,-0.10228973627090454,-0.09658998250961304,-0.11293303966522217,-0.13128292560577393,-0.036156147718429565,-0.14085787534713745,-0.06282511353492737,-0.1767786145210266,-0.08958297967910767,-0.17122173309326172,-0.10625427961349487,-0.15467673540115356,-0.02346941828727722,-0.15208101272583008,-0.0592350959777832,-0.19511568546295166,-0.09079483151435852,-0.18667331337928772,-0.1093115508556366,-0.16727933287620544,-0.013867378234863281,-0.15647560358047485,-0.05112108588218689,-0.20398283004760742,-0.08737108111381531,-0.19189849495887756,-0.10791242122650146,-0.16675713658332825,-0.012058675289154053,-0.15278583765029907,-0.04968667030334473,-0.18757179379463196,-0.08189225196838379,-0.18126672506332397,-0.10298323631286621,-0.16158753633499146
0.0,0.0,-0.04609665274620056,-0.02841484546661377,-0.07520610094070435,-0.06804484128952026,-0.0998988151550293,-0.097649484872818,-0.11003407835960388,-0.1330399513244629,-0.03174826502799988,-0.1478162705898285,-0.05878010392189026,-0.18345999717712402,-0.08688682317733765,-0.1763322651386261,-0.104672372341156,-0.1581156849861145,-0.01953825354576111,-0.15785974264144897,-0.05589476227760315,-0.20189368724822998,-0.088742196559906,-0.19224762916564941,-0.1083630621433258,-0.17007184028625488,-0.011106729507446289,-0.16104504466056824,-0.049927592277526855,-0.20818552374839783,-0.08720490336418152,-0.19466114044189453,-0.10883393883705139,-0.16806942224502563,-0.010528922080993652,-0.1563206911087036,-0.049051880836486816,-0.19173181056976318,-0.08159622550010681,-0.18461742997169495,-0.10350435972213745,-0.16447708010673523
0.0,0.0,-0.04740139842033386,-0.02964991331100464,-0.0765407383441925,-0.06864213943481445,-0.10089743137359619,-0.09953176975250244,-0.10976365208625793,-0.1360245645046234,-0.034959644079208374,-0.14660289883613586,-0.05939754843711853,-0.1828545331954956,-0.08685082197189331,-0.17734777927398682,-0.10491615533828735,-0.16102981567382812,-0.022495746612548828,-0.15675169229507446,-0.05613568425178528,-0.20169082283973694,-0.0884910523891449,-0.19377055764198303,-0.10856503248214722,-0.17310988903045654,-0.01251518726348877,-0.1605382263660431,-0.048888057470321655,-0.20810037851333618,-0.08587795495986938,-0.1962302327156067,-0.10799825191497803,-0.17023006081581116,-0.009032607078552246,-0.15709370374679565,-0.04600590467453003,-0.192935049533844,-0.07812976837158203,-0.1867309808731079,-0.10003972053527832,-0.1670224368572235
0.0,0.0,-0.04959651827812195,-0.031316399574279785,-0.07798892259597778,-0.07117551565170288,-0.10250675678253174,-0.1017468273639679,-0.11446860432624817,-0.13497716188430786,-0.034568607807159424,-0.1479412019252777,-0.06252655386924744,-0.1855016052722931,-0.0903063416481018,-0.17769551277160645,-0.10762125253677368,-0.1584162712097168,-0.02172333002090454,-0.157735675573349,-0.0596335232257843,-0.20391282439231873,-0.09258309006690979,-0.19216209650039673,-0.11111113429069519,-0.16842246055603027,-0.01173555850982666,-0.16033533215522766,-0.05149748921394348,-0.21020150184631348,-0.08907848596572876,-0.19488295912742615,-0.109394371509552,-0.16691777110099792,-0.009600400924682617,-0.1545354127883911,-0.048008114099502563,-0.1919059455394745,-0.08102884888648987,-0.18639299273490906,-0.1024509072303772,-0.16694077849388123
0.0,0.0,-0.05008357763290405,-0.031204402446746826,-0.07790157198905945,-0.07164961099624634,-0.10266867280006409,-0.10294228792190552,-0.11521393060684204,-0.13702312111854553,-0.026256978511810303,-0.1557656228542328,-0.058363258838653564,-0.19308561086654663,-0.08889567852020264,-0.18344810605049133,-0.10719582438468933,-0.16130280494689941,-0.014447152614593506,-0.16391628980636597,-0.05785176157951355,-0.20976901054382324,-0.09339821338653564,-0.19453758001327515,-0.11172470450401306,-0.16801577806472778,-0.0077048540115356445,-0.16430801153182983,-0.05182993412017822,-0.214347243309021,-0.09115725755691528,-0.19675537943840027,-0.1115066409111023,-0.1672520637512207,-0.010763585567474365,-0.15628480911254883,-0.052235960960388184,-0.1920337975025177,-0.08499911427497864,-0.18568339943885803,-0.10553053021430969,-0.16695848107337952
0.0,0.0,-0.049044013023376465,-0.031374573707580566,-0.07735395431518555,-0.07088249921798706,-0.10169655084609985,-0.10201191902160645,-0.11374223232269287,-0.13670489192008972,-0.02817779779434204,-0.15562796592712402,-0.05880463123321533,-0.19322514533996582,-0.08943527936935425,-0.18390721082687378,-0.10749185085296631,-0.16128766536712646,-0.017664730548858643,-0.16351139545440674,-0.058376699686050415,-0.2089528739452362,-0.09342798590660095,-0.1945514678955078,-0.11164918541908264,-0.16943490505218506,-0.010904550552368164,-0.16419780254364014,-0.052821844816207886,-0.21329757571220398,-0.09100267291069031,-0.1966279149055481,-0.11097672581672668,-0.16746941208839417,-0.01282191276550293,-0.15585458278656006,-0.05272233486175537,-0.19080808758735657,-0.08389720320701599,-0.18413078784942627,-0.10313180088996887,-0.16496092081069946
0.0,0.0,-0.051775962114334106,-0.0331876277923584,-0.0789327323436737,-0.0723956823348999,-0.10351389646530151,-0.10502767562866211,-0.11464741826057434,-0.14178922772407532,-0.028630763292312622,-0.15876394510269165,-0.059095174074172974,-0.20090070366859436,-0.09038111567497253,-0.1901593804359436,-0.10839378833770752,-0.16482099890708923,-0.015986114740371704,-0.16602247953414917,-0.05816701054573059,-0.21707332134246826,-0.0951574444770813,-0.1994398534297943,-0.11289101839065552,-0.17134839296340942,-0.00754547119140625,-0.16583186388015747,-0.05141401290893555,-0.22064846754074097,-0.09193062782287598,-0.20080366730690002,-0.1115540862083435,-0.16923704743385315,-0.008664071559906006,-0.15731045603752136,-0.05074554681777954,-0.19848966598510742,-0.08416974544525146,-0.19089505076408386,-0.1039380431175232,-0.16890966892242432
0.0,0.0,-0.05021637678146362,-0.03381770849227905,-0.07715612649917603,-0.07606238126754761,-0.10157886147499084,-0.10788163542747498,-0.11505943536758423,-0.14256325364112854,-0.023814141750335693,-0.16356849670410156,-0.05748391151428223,-0.20326197147369385,-0.08975043892860413,-0.1920802891254425,-0.10766157507896423,-0.167108416557312,-0.01263803243637085,-0.1702665090560913,-0.057444989681243896,-0.21894684433937073,-0.09507352113723755,-0.20097288489341736,-0.11249008774757385,-0.1723940670490265,-0.00700610876083374,-0.1689460277557373,-0.05271175503730774,-0.2212846577167511,-0.09314358234405518,-0.20202040672302246,-0.11232641339302063,-0.17110204696655273,-0.011935174465179443,-0.15876328945159912,-0.054353177547454834,-0.19768601655960083,-0.08693110942840576,-0.1908901333808899,-0.10589593648910522,-0.17064940929412842
0.0,0.0,-0.04967054724693298,-0.03412055969238281,-0.07666459679603577,-0.07672804594039917,-0.1009671688079834,-0.10823464393615723,-0.11433151364326477,-0.14244002103805542,-0.025491416454315186,-0.1610473096370697,-0.056697845458984375,-0.19951292872428894,-0.08753806352615356,-0.18875613808631897,-0.10615500807762146,-0.16552969813346863,-0.014048904180526733,-0.16888168454170227,-0.05598345398902893,-0.21544086933135986,-0.09200876951217651,-0.19967886805534363,-0.11070269346237183,-0.1726599931716919,-0.006887078285217285,-0.1686265766620636,-0.04921028017997742,-0.21939140558242798,-0.08895134925842285,-0.20175188779830933,-0.10986316204071045,-0.17222779989242554,-0.009093493223190308,-0.15920880436897278,-0.04961320757865906,-0.19509267807006836,-0.08290150761604309,-0.18900322914123535,-0.10405269265174866,-0.17051878571510315
0.0,0.0,-0.04788362979888916,-0.033884644508361816,-0.0750378668308258,-0.07502400875091553,-0.09916061162948608,-0.10645124316215515,-0.11155521869659424,-0.1416090428829193,-0.02507808804512024,-0.16062405705451965,-0.056897878646850586,-0.20029863715171814,-0.08809694647789001,-0.18882876634597778,-0.10563653707504272,-0.1637496054172516,-0.014613032341003418,-0.16801044344902039,-0.05648323893547058,-0.21588370203971863,-0.09248092770576477,-0.1985701024532318,-0.10964593291282654,-0.17026787996292114,-0.008033394813537598,-0.16837936639785767,-0.05059659481048584,-0.21906083822250366,-0.08984583616256714,-0.20011064410209656,-0.10895729064941406,-0.16885650157928467,-0.01025235652923584,-0.16013586521148682,-0.049346745014190674,-0.1977439522743225,-0.08132827281951904,-0.1902158260345459,-0.10049489140510559,-0.16895908117294312
0.0,0.0,-0.049863845109939575,-0.03380173444747925,-0.07651731371879578,-0.07606643438339233,-0.10078480839729309,-0.1076919436454773,-0.11456036567687988,-0.14159265160560608,-0.02640363574028015,-0.1618698537349701,-0.05831238627433777,-0.20112773776054382,-0.08879145979881287,-0.1904141902923584,-0.1063183844089508,-0.1660132110118866,-0.0144273042678833,-0.1695251762866974,-0.05725419521331787,-0.21713578701019287,-0.09336206316947937,-0.2005346119403839,-0.11141097545623779,-0.17156201601028442,-0.006686568260192871,-0.16907548904418945,-0.050843000411987305,-0.2199716567993164,-0.09074264764785767,-0.20134034752845764,-0.11085277795791626,-0.17007994651794434,-0.0082625150680542,-0.15947595238685608,-0.048972636461257935,-0.19720622897148132,-0.08112946152687073,-0.19098851084709167,-0.10056394338607788,-0.1709578037261963
0.0,0.0,-0.051037609577178955,-0.03527730703353882,-0.07833671569824219,-0.07679349184036255,-0.10301339626312256,-0.10980552434921265,-0.11416584253311157,-0.14499107003211975,-0.021275460720062256,-0.16743400692939758,-0.05656716227531433,-0.20777153968811035,-0.08950132131576538,-0.1936497986316681,-0.10678523778915405,-0.16509857773780823,-0.010050326585769653,-0.17306184768676758,-0.057227373123168945,-0.2216772437095642,-0.09475791454315186,-0.19938358664512634,-0.11058646440505981,-0.16888433694839478,-0.0045819878578186035,-0.17090755701065063,-0.05246499180793762,-0.223506897687912,-0.09290462732315063,-0.20216843485832214,-0.1112498939037323,-0.17006006836891174,-0.010294795036315918,-0.15961921215057373,-0.05564126372337341,-0.19817811250686646,-0.08864280581474304,-0.1892067790031433,-0.10706314444541931,-0.16664546728134155
0.0,0.0,-0.054378777742385864,-0.03704488277435303,-0.08156794309616089,-0.07761073112487793,-0.10648888349533081,-0.10912954807281494,-0.11859869956970215,-0.14320293068885803,-0.022352486848831177,-0.16702470183372498,-0.06089732050895691,-0.20761823654174805,-0.09391844272613525,-0.19295412302017212,-0.11222881078720093,-0.16461628675460815,-0.011136949062347412,-0.17314723134040833,-0.062401771545410156,-0.22211194038391113,-0.10000944137573242,-0.1995408535003662,-0.11621412634849548,-0.16845658421516418,-0.006099998950958252,-0.17144060134887695,-0.05655735731124878,-0.22510844469070435,-0.09694480895996094,-0.20337539911270142,-0.1156749427318573,-0.17027539014816284,-0.012687325477600098,-0.16099253296852112,-0.059569865465164185,-0.19781655073165894,-0.09214040637016296,-0.18876221776008606,-0.11065572500228882,-0.16652077436447144
0.0,0.0,-0.05349883437156677,-0.03618568181991577,-0.0803174376487732,-0.07744812965393066,-0.10534980893135071,-0.10962378978729248,-0.11787563562393188,-0.1439894735813141,-0.01963779330253601,-0.16902226209640503,-0.0574149489402771,-0.20977288484573364,-0.0912611186504364,-0.19521421194076538,-0.10948878526687622,-0.16695207357406616,-0.008879780769348145,-0.17535418272018433,-0.0590587854385376,-0.22470393776893616,-0.09784561395645142,-0.20201998949050903,-0.11412134766578674,-0.17110002040863037,-0.005328714847564697,-0.1732366383075714,-0.05495607852935791,-0.2261878252029419,-0.09579923748970032,-0.20443862676620483,-0.11438953876495361,-0.17196491360664368,-0.013656556606292725,-0.16212525963783264,-0.059485673904418945,-0.19795724749565125,-0.09156590700149536,-0.18874913454055786,-0.10934615135192871,-0.16702109575271606
0.0,0.0,-0.05411815643310547,-0.03497135639190674,-0.0814366340637207,-0.07519406080245972,-0.10633385181427002,-0.1073145866394043,-0.11885380744934082,-0.14164811372756958,-0.023396432399749756,-0.16738077998161316,-0.05999034643173218,-0.20899930596351624,-0.0933045744895935,-0.19413423538208008,-0.1111956238746643,-0.16478949785232544,-0.012644469738006592,-0.17366960644721985,-0.061586081981658936,-0.2233426570892334,-0.0993073582649231,-0.1999608278274536,-0.11499065160751343,-0.16861584782600403,-0.007626593112945557,-0.17205172777175903,-0.05632635951042175,-0.2254144549369812,-0.09640902280807495,-0.20324310660362244,-0.1144246757030487,-0.16952010989189148,-0.013843894004821777,-0.16144391894340515,-0.059178948402404785,-0.19827979803085327,-0.09129396080970764,-0.18901121616363525,-0.10920551419258118,-0.1660083532333374
0.0,0.0,-0.053869813680648804,-0.036443233489990234,-0.08033972978591919,-0.07706016302108765,-0.10463091731071472,-0.10876274108886719,-0.11659196019172668,-0.14287331700325012,-0.021199971437454224,-0.16520172357559204,-0.057795554399490356,-0.20579403638839722,-0.09071898460388184,-0.1920338273048401,-0.10971111059188843,-0.1642940640449524,-0.009557187557220459,-0.17242300510406494,-0.05889737606048584,-0.22138726711273193,-0.09715315699577332,-0.20025283098220825,-0.11490163207054138,-0.16985195875167847,-0.004076480865478516,-0.1717717945575714,-0.0538252592086792,-0.22391027212142944,-0.09420019388198853,-0.20265263319015503,-0.11355102062225342,-0.17037850618362427,-0.010300815105438232,-0.16234630346298218,-0.056944966316223145,-0.19769558310508728,-0.08909258246421814,-0.18887078762054443,-0.1075916588306427,-0.16732004284858704
0.0,0.0,-0.053032130002975464,-0.03477591276168823,-0.08002319931983948,-0.07548630237579346,-0.10499435663223267,-0.10804647207260132,-0.11719614267349243,-0.14278891682624817,-0.021044135093688965,-0.16544491052627563,-0.05809938907623291,-0.2076372504234314,-0.0909893810749054,-0.19312384724617004,-0.10872811079025269,-0.1640341877937317,-0.009595990180969238,-0.17188462615013123,-0.05942603945732117,-0.22239640355110168,-0.09727278351783752,-0.19969195127487183,-0.11329817771911621,-0.16823631525039673,-0.0040433406829833984,-0.17040833830833435,-0.054325640201568604,-0.224906325340271,-0.09465554356575012,-0.20232230424880981,-0.11277607083320618,-0.16876262426376343,-0.009869158267974854,-0.16019698977470398,-0.05581262707710266,-0.1981220245361328,-0.08780896663665771,-0.18899554014205933,-0.10550010204315186,-0.16646191477775574
0.0,0.0,-0.0533117949962616,-0.03613656759262085,-0.08064991235733032,-0.07746076583862305,-0.10579240322113037,-0.1095532774925232,-0.11785963177680969,-0.1442815065383911,-0.023159176111221313,-0.1666211485862732,-0.05876520276069641,-0.20841056108474731,-0.09117862582206726,-0.19405770301818848,-0.10972505807876587,-0.16610169410705566,-0.011340558528900146,-0.17330685257911682,-0.05934715270996094,-0.22330287098884583,-0.09716963768005371,-0.2018783986568451,-0.11465442180633545,-0.17092493176460266,-0.004977762699127197,-0.17195504903793335,-0.05335399508476257,-0.2257305085659027,-0.09382626414299011,-0.2036941945552826,-0.11334973573684692,-0.1703414022922516,-0.009486794471740723,-0.16161799430847168,-0.05467921495437622,-0.1996290385723114,-0.0873696506023407,-0.1909114420413971,-0.10659670829772949,-0.16854655742645264
0.0,0.0,-0.055043965578079224,-0.03706526756286621,-0.08314979076385498,-0.07918137311935425,-0.10834687948226929,-0.11154234409332275,-0.11948248744010925,-0.1465396285057068,-0.022893548011779785,-0.17403236031532288,-0.06160363554954529,-0.21394428610801697,-0.09448206424713135,-0.19759601354599,-0.11175793409347534,-0.16708284616470337,-0.01157987117767334,-0.17916783690452576,-0.06315687298774719,-0.22659677267074585,-0.10039111971855164,-0.20195278525352478,-0.11524394154548645,-0.1694643497467041,-0.0059653520584106445,-0.17540356516838074,-0.05659598112106323,-0.22910603880882263,-0.09661519527435303,-0.20588725805282593,-0.11415979266166687,-0.17114728689193726,-0.011833548545837402,-0.16147556900978088,-0.05873653292655945,-0.19884756207466125,-0.09145483374595642,-0.18941190838813782,-0.10943293571472168,-0.1665552854537964
0.0,0.0,-0.05374878644943237,-0.03616541624069214,-0.08175480365753174,-0.07615238428115845,-0.10706967115402222,-0.10718601942062378,-0.11848318576812744,-0.1416068971157074,-0.021992892026901245,-0.16717758774757385,-0.05963754653930664,-0.2079571783542633,-0.09262549877166748,-0.19270539283752441,-0.1104583740234375,-0.1633816957473755,-0.010850012302398682,-0.17355212569236755,-0.06164062023162842,-0.22163209319114685,-0.09882405400276184,-0.1982835829257965,-0.11444368958473206,-0.16629931330680847,-0.005781710147857666,-0.17209753394126892,-0.05698677897453308,-0.2242443561553955,-0.0965220034122467,-0.20155119895935059,-0.11408716440200806,-0.16759705543518066,-0.011732697486877441,-0.1617647409439087,-0.05860796570777893,-0.19821977615356445,-0.09064438939094543,-0.18843072652816772,-0.10834670066833496,-0.16551995277404785
0.0,0.0,-0.056749701499938965,-0.038151681423187256,-0.08430778980255127,-0.07813799381256104,-0.11054795980453491,-0.10853201150894165,-0.12423321604728699,-0.1425199806690216,-0.019546419382095337,-0.17412036657333374,-0.06104481220245361,-0.21454298496246338,-0.09576481580734253,-0.19833862781524658,-0.1137930154800415,-0.16793358325958252,-0.00926053524017334,-0.1787644922733307,-0.06399813294410706,-0.226784348487854,-0.10225528478622437,-0.20180535316467285,-0.11687493324279785,-0.1699819266796112,-0.006127715110778809,-0.1750529706478119,-0.06068679690361023,-0.22627311944961548,-0.10062038898468018,-0.20261046290397644,-0.11719691753387451,-0.1683424711227417,-0.01515650749206543,-0.16236960887908936,-0.06509387493133545,-0.19615137577056885,-0.09653881192207336,-0.18553376197814941,-0.1126660406589508,-0.1623697280883789
0.0,0.0,-0.05542784929275513,-0.03561443090438843,-0.08328789472579956,-0.07570713758468628,-0.10848584771156311,-0.10611891746520996,-0.11998164653778076,-0.14049118757247925,-0.018882066011428833,-0.17049965262413025,-0.058833181858062744,-0.20988821983337402,-0.09272944927215576,-0.19431594014167786,-0.11017933487892151,-0.1641198694705963,-0.00911247730255127,-0.17566949129104614,-0.06134435534477234,-0.2229563593864441,-0.09921777248382568,-0.19865518808364868,-0.11393782496452332,-0.16701677441596985,-0.005926966667175293,-0.1726110577583313,-0.05752125382423401,-0.2243502140045166,-0.09694808721542358,-0.20117798447608948,-0.11315995454788208,-0.16682741045951843,-0.01438969373703003,-0.16068577766418457,-0.06106218695640564,-0.19635561108589172,-0.09237551689147949,-0.18593204021453857,-0.10864189267158508,-0.16241124272346497
0.0,0.0,-0.05636143684387207,-0.037654757499694824,-0.08347630500793457,-0.08059382438659668,-0.10825514793395996,-0.11047089099884033,-0.12192338705062866,-0.14413803815841675,-0.019821196794509888,-0.17380833625793457,-0.05876147747039795,-0.21455365419387817,-0.09174200892448425,-0.19855177402496338,-0.10916629433631897,-0.16818583011627197,-0.009263098239898682,-0.17814534902572632,-0.06118878722190857,-0.2256631851196289,-0.09904611110687256,-0.20130595564842224,-0.1139083206653595,-0.1681862771511078,-0.0052890777587890625,-0.17364919185638428,-0.05561777949333191,-0.2276449203491211,-0.09602341055870056,-0.2052050530910492,-0.11319214105606079,-0.17032763361930847,-0.013398468494415283,-0.1604505181312561,-0.058666616678237915,-0.19954267144203186,-0.09059903025627136,-0.19016876816749573,-0.10757479071617126,-0.16672295331954956
0.0,0.0,-0.055980145931243896,-0.03669530153274536,-0.08367019891738892,-0.07949155569076538,-0.10879498720169067,-0.11064213514328003,-0.12065836787223816,-0.14395657181739807,-0.022303521633148193,-0.17052879929542542,-0.06003373861312866,-0.209509938955307,-0.09265133738517761,-0.1939411759376526,-0.11021381616592407,-0.16415256261825562,-0.012270629405975342,-0.17605021595954895,-0.06290104985237122,-0.22243422269821167,-0.09959834814071655,-0.19812074303627014,-0.11452263593673706,-0.16664376854896545,-0.007578134536743164,-0.1736871302127838,-0.05860012769699097,-0.22454041242599487,-0.09764325618743896,-0.20053339004516602,-0.11439657211303711,-0.16586020588874817,-0.014123678207397461,-0.16257065534591675,-0.060589343309402466,-0.1977420449256897,-0.09247976541519165,-0.18626105785369873,-0.1098586916923523,-0.16133934259414673
0.0,0.0,-0.05449020862579346,-0.03560292720794678,-0.08196598291397095,-0.07685732841491699,-0.10677635669708252,-0.10674679279327393,-0.1196894645690918,-0.14023804664611816,-0.02256372570991516,-0.170632004737854,-0.06108108162879944,-0.20852544903755188,-0.0937700867652893,-0.19188976287841797,-0.11073532700538635,-0.16138961911201477,-0.01219797134399414,-0.17569363117218018,-0.06337952613830566,-0.22100839018821716,-0.09996217489242554,-0.19603723287582397,-0.11422458291053772,-0.16348308324813843,-0.007785975933074951,-0.17232340574264526,-0.0582965612411499,-0.2233976423740387,-0.09736597537994385,-0.19985231757164001,-0.11379045248031616,-0.16521430015563965,-0.014629662036895752,-0.15979447960853577,-0.059937864542007446,-0.1961250901222229,-0.09230047464370728,-0.1865532100200653,-0.11008349061012268,-0.16341397166252136
0.0,0.0,-0.056748539209365845,-0.037636399269104004,-0.08479571342468262,-0.07884830236434937,-0.11000612378120422,-0.10829365253448486,-0.12125641107559204,-0.14105668663978577,-0.022840142250061035,-0.17227372527122498,-0.06429055333137512,-0.2097633183002472,-0.09648728370666504,-0.19140124320983887,-0.11264055967330933,-0.15977180004119873,-0.011990249156951904,-0.17741179466247559,-0.06686046719551086,-0.22225674986839294,-0.10330387949943542,-0.1954282522201538,-0.11677584052085876,-0.16179624199867249,-0.007297098636627197,-0.17398542165756226,-0.06212112307548523,-0.22326123714447021,-0.1012190580368042,-0.1972622275352478,-0.11664587259292603,-0.16108202934265137,-0.01429969072341919,-0.16137158870697021,-0.06274020671844482,-0.19545111060142517,-0.09401902556419373,-0.18342122435569763,-0.10971251130104065,-0.15825611352920532
0.0,0.0,-0.055255621671676636,-0.03652811050415039,-0.08290374279022217,-0.07747882604598999,-0.1081622838973999,-0.10628783702850342,-0.12003487348556519,-0.1390339732170105,-0.021371662616729736,-0.169845312833786,-0.060976266860961914,-0.20821791887283325,-0.09334760904312134,-0.19120857119560242,-0.11065235733985901,-0.16057586669921875,-0.01112586259841919,-0.17526677250862122,-0.06407159566879272,-0.22048330307006836,-0.10065031051635742,-0.19538548588752747,-0.11515754461288452,-0.16232147812843323,-0.0070670247077941895,-0.17243751883506775,-0.06004905700683594,-0.22276082634925842,-0.09900939464569092,-0.19845640659332275,-0.11538201570510864,-0.16337552666664124,-0.01468878984451294,-0.16108888387680054,-0.061852455139160156,-0.19623085856437683,-0.09315523505210876,-0.18551978468894958,-0.1097053587436676,-0.16150152683258057
0.0,0.0,-0.055136799812316895,-0.03724104166030884,-0.08365115523338318,-0.07936066389083862,-0.10935813188552856,-0.10862869024276733,-0.12138980627059937,-0.14225080609321594,-0.02624836564064026,-0.17549696564674377,-0.06416931748390198,-0.2158225178718567,-0.09745821356773376,-0.1967991590499878,-0.11413535475730896,-0.16453516483306885,-0.014847934246063232,-0.1804490089416504,-0.06519806385040283,-0.2278192937374115,-0.10324543714523315,-0.2012121081352234,-0.1176716685295105,-0.1666623055934906,-0.009365320205688477,-0.17641666531562805,-0.05972248315811157,-0.22871440649032593,-0.10011011362075806,-0.20401203632354736,-0.11687725782394409,-0.1680966019630432,-0.014960169792175293,-0.16235977411270142,-0.05978614091873169,-0.20003390312194824,-0.0924566388130188,-0.19116470217704773,-0.11003533005714417,-0.1684158742427826
0.0,0.0,-0.05369442701339722,-0.03429073095321655,-0.08324837684631348,-0.07418888807296753,-0.10845032334327698,-0.10374104976654053,-0.12084069848060608,-0.13746827840805054,-0.03361430764198303,-0.16592389345169067,-0.06677651405334473,-0.20335322618484497,-0.09789463877677917,-0.18795490264892578,-0.11605054140090942,-0.1591370701789856,-0.021944642066955566,-0.1734486222267151,-0.06682389974594116,-0.21827587485313416,-0.10280415415763855,-0.19603034853935242,-0.12039777636528015,-0.164011150598526,-0.012913405895233154,-0.17306819558143616,-0.058974117040634155,-0.2204129993915558,-0.09852045774459839,-0.197077214717865,-0.11824336647987366,-0.16252216696739197,-0.012086868286132812,-0.16227760910987854,-0.05538037419319153,-0.1942155659198761,-0.08783304691314697,-0.1846102774143219,-0.10749375820159912,-0.16279473900794983
0.0,0.0,-0.05742156505584717,-0.03754687309265137,-0.08682924509048462,-0.07898777723312378,-0.11448696255683899,-0.10926717519760132,-0.12944811582565308,-0.14397868514060974,-0.026477783918380737,-0.17952653765678406,-0.06674349308013916,-0.2211669683456421,-0.10060462355613708,-0.2029123306274414,-0.11853736639022827,-0.17025074362754822,-0.015427172183990479,-0.18434911966323853,-0.06927889585494995,-0.23424088954925537,-0.10766047239303589,-0.20673230290412903,-0.12218403816223145,-0.17228978872299194,-0.009977877140045166,-0.18095391988754272,-0.0633828341960907,-0.23482897877693176,-0.10414910316467285,-0.20900607109069824,-0.12082508206367493,-0.17177096009254456,-0.015842676162719727,-0.1678541600704193,-0.0639309287071228,-0.20517069101333618,-0.09686285257339478,-0.19489100575447083,-0.11423376202583313,-0.16988158226013184
0.0,0.0,-0.05429890751838684,-0.038822829723358154,-0.08321207761764526,-0.08118683099746704,-0.1087208092212677,-0.11203861236572266,-0.12142887711524963,-0.14678117632865906,-0.027807235717773438,-0.17737942934036255,-0.06388747692108154,-0.21559438109397888,-0.09653714299201965,-0.1989038586616516,-0.11485564708709717,-0.16836664080619812,-0.01635289192199707,-0.1826193928718567,-0.06424200534820557,-0.2280680239200592,-0.10163241624832153,-0.20360970497131348,-0.11817663908004761,-0.17037248611450195,-0.008644044399261475,-0.17874950170516968,-0.05591842532157898,-0.22967183589935303,-0.09676921367645264,-0.20589494705200195,-0.115772545337677,-0.1707908809185028,-0.010751008987426758,-0.16425997018814087,-0.0535942018032074,-0.20234167575836182,-0.08697408437728882,-0.19314509630203247,-0.10641998052597046,-0.17072585225105286
0.0,0.0,-0.05672687292098999,-0.03698307275772095,-0.0850340723991394,-0.07759803533554077,-0.11076110601425171,-0.1073184609413147,-0.1234656572341919,-0.14172381162643433,-0.029606997966766357,-0.17255955934524536,-0.06720942258834839,-0.21108832955360413,-0.09957322478294373,-0.19410035014152527,-0.11710384488105774,-0.1632579267024994,-0.016978979110717773,-0.1787891685962677,-0.06789401173591614,-0.22401666641235352,-0.10490113496780396,-0.19916677474975586,-0.12021878361701965,-0.1658974289894104,-0.009191036224365234,-0.1761557161808014,-0.06012299656867981,-0.22747889161109924,-0.1000845730304718,-0.20252582430839539,-0.11742788553237915,-0.1665922999382019,-0.011952638626098633,-0.1639995574951172,-0.059735268354415894,-0.19930168986320496,-0.09206846356391907,-0.1880757212638855,-0.10942092537879944,-0.16407692432403564
0.0,0.0,-0.05608603358268738,-0.03716486692428589,-0.08514177799224854,-0.07807528972625732,-0.11118000745773315,-0.10813683271408081,-0.12384217977523804,-0.14247822761535645,-0.02886638045310974,-0.17246392369270325,-0.066439688205719,-0.21112459897994995,-0.09757673740386963,-0.19435769319534302,-0.11410713195800781,-0.1642073690891266,-0.017234325408935547,-0.17870491743087769,-0.0677151083946228,-0.2239360511302948,-0.10336261987686157,-0.1986125111579895,-0.11782169342041016,-0.16551056504249573,-0.010835468769073486,-0.17617642879486084,-0.06193467974662781,-0.2262657880783081,-0.10086336731910706,-0.20049911737442017,-0.11746516823768616,-0.16443806886672974,-0.015005826950073242,-0.16377055644989014,-0.06118050217628479,-0.19938865303993225,-0.09333977103233337,-0.18864330649375916,-0.11075171828269958,-0.16480940580368042
0.0,0.0,-0.05549535155296326,-0.03550058603286743,-0.08431980013847351,-0.07625854015350342,-0.10998079180717468,-0.10568439960479736,-0.12122613191604614,-0.13944372534751892,-0.029039621353149414,-0.1718038022518158,-0.0663604736328125,-0.2089729607105255,-0.09735703468322754,-0.1899813413619995,-0.1131853461265564,-0.1581723392009735,-0.017309069633483887,-0.17810583114624023,-0.06757286190986633,-0.2212361991405487,-0.10284805297851562,-0.1953686773777008,-0.11657989025115967,-0.16171738505363464,-0.010148942470550537,-0.17507141828536987,-0.060651421546936035,-0.22408998012542725,-0.0991436243057251,-0.198571115732193,-0.11528953909873962,-0.16265112161636353,-0.012950003147125244,-0.1619369089603424,-0.05898192524909973,-0.1950078010559082,-0.0911591649055481,-0.18434399366378784,-0.10865989327430725,-0.16132253408432007
0.0,0.0,-0.057152777910232544,-0.03842133283615112,-0.08540582656860352,-0.07969909906387329,-0.11054632067680359,-0.10890388488769531,-0.12287747859954834,-0.14233818650245667,-0.027359962463378906,-0.17382389307022095,-0.06448286771774292,-0.21160557866096497,-0.09672343730926514,-0.19451168179512024,-0.11398622393608093,-0.16344285011291504,-0.015660464763641357,-0.17919480800628662,-0.06501752138137817,-0.2236972451210022,-0.10212042927742004,-0.19872945547103882,-0.1173136830329895,-0.16531488299369812,-0.008871316909790039,-0.17558017373085022,-0.05793797969818115,-0.22589218616485596,-0.09805503487586975,-0.20157843828201294,-0.11538690328598022,-0.16577881574630737,-0.013007104396820068,-0.16203847527503967,-0.0582909882068634,-0.19780507683753967,-0.09074988961219788,-0.18763026595115662,-0.10839831829071045,-0.16403555870056152
0.0,0.0,-0.056426823139190674,-0.03804904222488403,-0.08423829078674316,-0.07984054088592529,-0.10941773653030396,-0.10941064357757568,-0.12275165319442749,-0.14249393343925476,-0.02540341019630432,-0.17336192727088928,-0.0640394389629364,-0.2106950283050537,-0.0963793396949768,-0.19343721866607666,-0.11394709348678589,-0.1628020703792572,-0.014130055904388428,-0.1792605221271515,-0.06600570678710938,-0.2237013578414917,-0.10293349623680115,-0.19805783033370972,-0.11817961931228638,-0.1647222638130188,-0.007873475551605225,-0.1764005720615387,-0.05946454405784607,-0.22665804624557495,-0.09933322668075562,-0.2016354501247406,-0.1168319582939148,-0.16578003764152527,-0.012420117855072021,-0.16349613666534424,-0.059756964445114136,-0.19732379913330078,-0.09216868877410889,-0.18666982650756836,-0.10986977815628052,-0.1631975769996643
0.0,0.0,-0.05812755227088928,-0.039953410625457764,-0.08632123470306396,-0.08274197578430176,-0.11219611763954163,-0.11276698112487793,-0.12431484460830688,-0.14573729038238525,-0.024106264114379883,-0.17613685131072998,-0.06413093209266663,-0.2153875231742859,-0.09698992967605591,-0.19737842679023743,-0.1142621636390686,-0.16611617803573608,-0.01277250051498413,-0.1817619800567627,-0.06705686450004578,-0.22725176811218262,-0.10433277487754822,-0.19989991188049316,-0.1182856559753418,-0.16632536053657532,-0.007796585559844971,-0.17834949493408203,-0.06148001551628113,-0.2304987609386444,-0.1013917624950409,-0.20401886105537415,-0.11752364039421082,-0.16718226671218872,-0.014736652374267578,-0.16579940915107727,-0.06322133541107178,-0.2010948359966278,-0.09555351734161377,-0.1892375349998474,-0.11226779222488403,-0.16436654329299927
0.0,0.0,-0.05851411819458008,-0.04168403148651123,-0.085664302110672,-0.08373159170150757,-0.11133009195327759,-0.11266785860061646,-0.12500056624412537,-0.14599239826202393,-0.021460533142089844,-0.17900311946868896,-0.06383901834487915,-0.21721071004867554,-0.09682658314704895,-0.19886478781700134,-0.11439290642738342,-0.16742131114006042,-0.010622024536132812,-0.18338608741760254,-0.06667435169219971,-0.22880405187606812,-0.1041988730430603,-0.2021389603614807,-0.11901980638504028,-0.1679614782333374,-0.006405770778656006,-0.17881667613983154,-0.06021600961685181,-0.23126524686813354,-0.10036751627922058,-0.20578956604003906,-0.11721482872962952,-0.1685980260372162,-0.014167189598083496,-0.16550979018211365,-0.0609230101108551,-0.20364117622375488,-0.09297111630439758,-0.1929105818271637,-0.11028403043746948,-0.1678069829940796
0.0,0.0,-0.05759260058403015,-0.042022109031677246,-0.08611190319061279,-0.08514851331710815,-0.11245784163475037,-0.11506545543670654,-0.1242380142211914,-0.14869359135627747,-0.02225440740585327,-0.18093430995941162,-0.06487935781478882,-0.21967840194702148,-0.09819132089614868,-0.2005309760570526,-0.11564940214157104,-0.1681326925754547,-0.01101773977279663,-0.18494844436645508,-0.06726047396659851,-0.23037204146385193,-0.10497307777404785,-0.20283284783363342,-0.11909544467926025,-0.1681700348854065,-0.006220877170562744,-0.1800040304660797,-0.06026729941368103,-0.23087990283966064,-0.10118597745895386,-0.2045792043209076,-0.11786770820617676,-0.16723430156707764,-0.013351619243621826,-0.1658102571964264,-0.060805946588516235,-0.2014358639717102,-0.09306183457374573,-0.1901080310344696,-0.10967928171157837,-0.16532719135284424
0.0,0.0,-0.05832895636558533,-0.0417289137840271,-0.08727842569351196,-0.08168625831604004,-0.11411309242248535,-0.11055302619934082,-0.12612542510032654,-0.1441848874092102,-0.021349072456359863,-0.17712020874023438,-0.06451961398124695,-0.2164672315120697,-0.0976991057395935,-0.19735944271087646,-0.11508435010910034,-0.16400182247161865,-0.010576963424682617,-0.18107324838638306,-0.06851118803024292,-0.2272716462612152,-0.10554161667823792,-0.19897201657295227,-0.11891263723373413,-0.1644231379032135,-0.0062220096588134766,-0.17754626274108887,-0.06166371703147888,-0.22883617877960205,-0.10137417912483215,-0.201793372631073,-0.11722832918167114,-0.16317766904830933,-0.013488173484802246,-0.16538703441619873,-0.06259912252426147,-0.19968900084495544,-0.0942055881023407,-0.18613842129707336,-0.11039400100708008,-0.15833595395088196
0.0,0.0,-0.05909499526023865,-0.04270124435424805,-0.08898437023162842,-0.08497828245162964,-0.11655327677726746,-0.11401164531707764,-0.12638399004936218,-0.1470353603363037,-0.02090555429458618,-0.18232637643814087,-0.0661764144897461,-0.22214174270629883,-0.09977033734321594,-0.20102226734161377,-0.11758032441139221,-0.16665375232696533,-0.010672509670257568,-0.18613433837890625,-0.07117125391960144,-0.23157033324241638,-0.10847905278205872,-0.20221048593521118,-0.1218366026878357,-0.16631275415420532,-0.00729292631149292,-0.18139317631721497,-0.06419727206230164,-0.23306548595428467,-0.10415497422218323,-0.20479565858840942,-0.12006306648254395,-0.1656721532344818,-0.01589357852935791,-0.16726982593536377,-0.0648011863231659,-0.20226025581359863,-0.09651434421539307,-0.18814483284950256,-0.11266106367111206,-0.16055208444595337
0.0,0.0,-0.05851656198501587,-0.04195559024810791,-0.08703392744064331,-0.08407777547836304,-0.11380544304847717,-0.11358451843261719,-0.127463698387146,-0.1472885012626648,-0.02205824851989746,-0.17937949299812317,-0.06418278813362122,-0.21955060958862305,-0.09727612137794495,-0.20153218507766724,-0.1156843900680542,-0.1697397232055664,-0.010989189147949219,-0.18407776951789856,-0.06817001104354858,-0.23036488890647888,-0.10566204786300659,-0.20378005504608154,-0.12055689096450806,-0.16984570026397705,-0.00640636682510376,-0.1805667281150818,-0.06194877624511719,-0.23209530115127563,-0.10202541947364807,-0.2052590548992157,-0.11889749765396118,-0.16759753227233887,-0.013452351093292236,-0.16835609078407288,-0.06190577149391174,-0.2027927041053772,-0.09372708201408386,-0.1893729865550995,-0.11068928241729736,-0.16284266114234924
0.0,0.0,-0.05869394540786743,-0.04463183879852295,-0.0870165228843689,-0.08662807941436768,-0.11404180526733398,-0.11534589529037476,-0.12680837512016296,-0.14905118942260742,-0.01825469732284546,-0.18249601125717163,-0.06482020020484924,-0.2211049199104309,-0.09880697727203369,-0.2007656693458557,-0.11689868569374084,-0.16746696829795837,-0.007644832134246826,-0.18647223711013794,-0.06951513886451721,-0.2313774824142456,-0.10707083344459534,-0.20211681723594666,-0.12026727199554443,-0.16707280278205872,-0.004426479339599609,-0.18163388967514038,-0.06256568431854248,-0.23253393173217773,-0.102518230676651,-0.20467674732208252,-0.11796361207962036,-0.16641467809677124,-0.013646423816680908,-0.16759175062179565,-0.06428110599517822,-0.19962558150291443,-0.09571266174316406,-0.18641012907028198,-0.11133438348770142,-0.16064077615737915
0.0,0.0,-0.05898222327232361,-0.046633780002593994,-0.08853113651275635,-0.08962786197662354,-0.11619037389755249,-0.11917692422866821,-0.12734216451644897,-0.15306907892227173,-0.019240617752075195,-0.18724104762077332,-0.06640282273292542,-0.2263350486755371,-0.10075685381889343,-0.20499712228775024,-0.11887922883033752,-0.17005214095115662,-0.00889045000076294,-0.19023704528808594,-0.07117792963981628,-0.23524999618530273,-0.1093280017375946,-0.20662865042686462,-0.12327250838279724,-0.1709159016609192,-0.00576549768447876,-0.1844584047794342,-0.06423354148864746,-0.23608344793319702,-0.1048288345336914,-0.2083694040775299,-0.12081164121627808,-0.16947123408317566,-0.014705777168273926,-0.1695038080215454,-0.06486561894416809,-0.20364925265312195,-0.09675100445747375,-0.1904449462890625,-0.11290240287780762,-0.16399744153022766
0.0,0.0,-0.05837225914001465,-0.04356372356414795,-0.08851957321166992,-0.08477002382278442,-0.11688411235809326,-0.11421185731887817,-0.12684977054595947,-0.1476207971572876,-0.020275473594665527,-0.18218418955802917,-0.06568464636802673,-0.22358572483062744,-0.09929177165031433,-0.20287930965423584,-0.11708548665046692,-0.16772866249084473,-0.010044336318969727,-0.18556666374206543,-0.07127946615219116,-0.2318592667579651,-0.10803666710853577,-0.20246893167495728,-0.12064731121063232,-0.16672858595848083,-0.005950510501861572,-0.18127718567848206,-0.06319749355316162,-0.23246508836746216,-0.10279831290245056,-0.20375168323516846,-0.11806908249855042,-0.16400954127311707,-0.01348268985748291,-0.16776889562606812,-0.06334611773490906,-0.20046135783195496,-0.09496662020683289,-0.18548354506492615,-0.1107526421546936,-0.1571868658065796
0.0,0.0,-0.059348076581954956,-0.046091556549072266,-0.08989861607551575,-0.09050744771957397,-0.11909171938896179,-0.12016171216964722,-0.13044992089271545,-0.1531662940979004,-0.016399264335632324,-0.1886383295059204,-0.06606817245483398,-0.23017024993896484,-0.10177269577980042,-0.20796102285385132,-0.12082529067993164,-0.17245149612426758,-0.007184207439422607,-0.1908215880393982,-0.07363316416740417,-0.23686301708221436,-0.11208313703536987,-0.20653018355369568,-0.12532538175582886,-0.1709246039390564,-0.004956841468811035,-0.18453210592269897,-0.06602174043655396,-0.2356279492378235,-0.10698217153549194,-0.20740151405334473,-0.12314411997795105,-0.16846829652786255,-0.01466059684753418,-0.16890424489974976,-0.06520220637321472,-0.2026374340057373,-0.0977189838886261,-0.18842297792434692,-0.11446204781532288,-0.16099601984024048
0.0,0.0,-0.059967756271362305,-0.047714948654174805,-0.0902397632598877,-0.09124553203582764,-0.1194688081741333,-0.12028998136520386,-0.13399580121040344,-0.15296858549118042,-0.017352163791656494,-0.19036343693733215,-0.06905746459960938,-0.23165211081504822,-0.10393992066383362,-0.20901066064834595,-0.12205752730369568,-0.1733098328113556,-0.008757829666137695,-0.19197726249694824,-0.07636880874633789,-0.23878690600395203,-0.11395823955535889,-0.20831391215324402,-0.1262415647506714,-0.17173093557357788,-0.007494509220123291,-0.18448954820632935,-0.06829175353050232,-0.23801451921463013,-0.10851255059242249,-0.21059992909431458,-0.12403517961502075,-0.17115354537963867,-0.018056750297546387,-0.16733205318450928,-0.06741192936897278,-0.20439130067825317,-0.09908026456832886,-0.19196438789367676,-0.1153566837310791,-0.16445475816726685
0.0,0.0,-0.059529513120651245,-0.04625469446182251,-0.08972802758216858,-0.09045588970184326,-0.11906549334526062,-0.12001830339431763,-0.13226285576820374,-0.15332800149917603,-0.018163740634918213,-0.1885070502758026,-0.06792861223220825,-0.2287389039993286,-0.10244840383529663,-0.20642700791358948,-0.12103188037872314,-0.1715751588344574,-0.008784174919128418,-0.19098541140556335,-0.07470318675041199,-0.23633742332458496,-0.11218789219856262,-0.2065904438495636,-0.12541112303733826,-0.1714285910129547,-0.006683468818664551,-0.18470096588134766,-0.06651917099952698,-0.2367708384990692,-0.10697266459465027,-0.20975962281227112,-0.12356802821159363,-0.1713849902153015,-0.01651632785797119,-0.1689380407333374,-0.06623926758766174,-0.20379206538200378,-0.09864136576652527,-0.19076889753341675,-0.11606702208518982,-0.16359901428222656
0.0,0.0,-0.059223324060440063,-0.04440438747406006,-0.08961984515190125,-0.0874207615852356,-0.11832809448242188,-0.11703085899353027,-0.1306036114692688,-0.15060395002365112,-0.020231306552886963,-0.18564864993095398,-0.06768125295639038,-0.2264890968799591,-0.10193371772766113,-0.2058379352092743,-0.1199425756931305,-0.1715502142906189,-0.010140478610992432,-0.18853554129600525,-0.07312124967575073,-0.23492327332496643,-0.11046120524406433,-0.20562991499900818,-0.12291574478149414,-0.17066124081611633,-0.007324039936065674,-0.1827383041381836,-0.0656241774559021,-0.23559951782226562,-0.10596978664398193,-0.2074877917766571,-0.12154078483581543,-0.16853702068328857,-0.016665279865264893,-0.16720333695411682,-0.06651571393013,-0.20207065343856812,-0.0984935462474823,-0.1880774199962616,-0.11460140347480774,-0.16056716442108154
0.0,0.0,-0.06023162603378296,-0.04191255569458008,-0.08889120817184448,-0.08441656827926636,-0.11648973822593689,-0.11316931247711182,-0.13262224197387695,-0.14588677883148193,-0.02205073833465576,-0.18386688828468323,-0.06949308514595032,-0.2244281768798828,-0.103616863489151,-0.2029256820678711,-0.12005358934402466,-0.16802415251731873,-0.012059688568115234,-0.18742182850837708,-0.07471361756324768,-0.23414820432662964,-0.11269053816795349,-0.2035369873046875,-0.12449035048484802,-0.16817498207092285,-0.009378492832183838,-0.18209323287010193,-0.06750231981277466,-0.2352524995803833,-0.10802856087684631,-0.20636531710624695,-0.12259739637374878,-0.16716992855072021,-0.01881629228591919,-0.16749462485313416,-0.06880003213882446,-0.20260044932365417,-0.10086414217948914,-0.18825972080230713,-0.11637091636657715,-0.16016674041748047
0.0,0.0,-0.061464786529541016,-0.04640597105026245,-0.09138169884681702,-0.0915071964263916,-0.1196717917919159,-0.12022024393081665,-0.13370925188064575,-0.1525859832763672,-0.02415287494659424,-0.19074520468711853,-0.0727255642414093,-0.23104101419448853,-0.10631686449050903,-0.20798873901367188,-0.12319117784500122,-0.17235401272773743,-0.013551831245422363,-0.19400262832641602,-0.07753920555114746,-0.23970800638198853,-0.11504486203193665,-0.20814326405525208,-0.12697744369506836,-0.1715759038925171,-0.01046133041381836,-0.18724000453948975,-0.06893050670623779,-0.24203568696975708,-0.1095971167087555,-0.21191257238388062,-0.12467887997627258,-0.17158430814743042,-0.019791781902313232,-0.1702190339565277,-0.07004857063293457,-0.20726746320724487,-0.10252735018730164,-0.19253826141357422,-0.11848822236061096,-0.16420310735702515
0.0,0.0,-0.06209447979927063,-0.04550611972808838,-0.09122273325920105,-0.08770740032196045,-0.119849294424057,-0.11627554893493652,-0.1340203583240509,-0.1490524411201477,-0.021345853805541992,-0.1879972517490387,-0.07157266139984131,-0.22768425941467285,-0.10537484288215637,-0.2045588195323944,-0.12200525403022766,-0.16871199011802673,-0.011675000190734863,-0.19103598594665527,-0.07820752263069153,-0.2365511655807495,-0.1149003803730011,-0.2048865556716919,-0.1258378028869629,-0.16870272159576416,-0.009499311447143555,-0.18508347868919373,-0.07063305377960205,-0.23702386021614075,-0.11045223474502563,-0.20840764045715332,-0.12512624263763428,-0.1687844693660736,-0.019311368465423584,-0.16944441199302673,-0.07065322995185852,-0.20238837599754333,-0.10303032398223877,-0.1892232894897461,-0.11953714489936829,-0.1623862385749817
0.0,0.0,-0.061674296855926514,-0.047276437282562256,-0.09148430824279785,-0.0910874605178833,-0.12044143676757812,-0.11914736032485962,-0.13534051179885864,-0.15147000551223755,-0.021992087364196777,-0.1901075541973114,-0.07186850905418396,-0.2298368513584137,-0.10572025179862976,-0.2066299021244049,-0.12268856167793274,-0.17092624306678772,-0.012192130088806152,-0.19276320934295654,-0.07871967554092407,-0.2373669147491455,-0.11552897095680237,-0.20544052124023438,-0.1267823874950409,-0.16942107677459717,-0.009590208530426025,-0.18624800443649292,-0.0714682936668396,-0.23719912767410278,-0.11176756024360657,-0.20715636014938354,-0.12678706645965576,-0.1673274040222168,-0.018816649913787842,-0.1697501242160797,-0.07035326957702637,-0.20366144180297852,-0.10294508934020996,-0.18883401155471802,-0.11945423483848572,-0.16040301322937012
0.0,0.0,-0.06187674403190613,-0.04534649848937988,-0.09248539805412292,-0.09049135446548462,-0.12180724740028381,-0.11955529451370239,-0.13925868272781372,-0.15037578344345093,-0.02283257246017456,-0.19110262393951416,-0.07473278045654297,-0.23098108172416687,-0.10926306247711182,-0.20724940299987793,-0.1257687211036682,-0.17086386680603027,-0.014195442199707031,-0.19379621744155884,-0.08154118061065674,-0.23904845118522644,-0.11914747953414917,-0.2065638303756714,-0.1298450529575348,-0.16949427127838135,-0.0134199857711792,-0.18669825792312622,-0.07439315319061279,-0.2392931580543518,-0.11488115787506104,-0.21007919311523438,-0.12902462482452393,-0.17050284147262573,-0.02457711100578308,-0.1697179675102234,-0.0744009017944336,-0.20477482676506042,-0.1067841649055481,-0.1907326877117157,-0.12227946519851685,-0.16294318437576294
0.0,0.0,-0.06049123406410217,-0.04698759317398071,-0.08986246585845947,-0.09101271629333496,-0.11852040886878967,-0.11831903457641602,-0.1344124674797058,-0.149694561958313,-0.02239745855331421,-0.18845418095588684,-0.07104071974754333,-0.2283969223499298,-0.10496586561203003,-0.2057197391986847,-0.12145447731018066,-0.17055606842041016,-0.013056576251983643,-0.1915259063243866,-0.07716870307922363,-0.23674196004867554,-0.1143721342086792,-0.2062121033668518,-0.12579569220542908,-0.17083066701889038,-0.010929644107818604,-0.1852753758430481,-0.06976118683815002,-0.23767641186714172,-0.11007675528526306,-0.2098589539527893,-0.12497496604919434,-0.17130324244499207,-0.020343899726867676,-0.16932857036590576,-0.06996822357177734,-0.20430296659469604,-0.10243594646453857,-0.19122272729873657,-0.11879721283912659,-0.16441571712493896
0.0,0.0,-0.06111147999763489,-0.046419620513916016,-0.0903150737285614,-0.08998841047286987,-0.1189265251159668,-0.1175878643989563,-0.13487949967384338,-0.1488439440727234,-0.022147536277770996,-0.18978026509284973,-0.07323268055915833,-0.227469801902771,-0.10627216100692749,-0.20310068130493164,-0.12182110548019409,-0.16722440719604492,-0.012616157531738281,-0.19290003180503845,-0.07984399795532227,-0.23602497577667236,-0.11589369177818298,-0.20224079489707947,-0.12553763389587402,-0.1652567982673645,-0.010570347309112549,-0.18621432781219482,-0.07220196723937988,-0.23669981956481934,-0.1109764575958252,-0.20580995082855225,-0.12385702133178711,-0.1653699278831482,-0.02025216817855835,-0.16984698176383972,-0.07161837816238403,-0.2026221752166748,-0.10271558165550232,-0.18730556964874268,-0.1170923113822937,-0.15880495309829712
0.0,0.0,-0.059874504804611206,-0.04410982131958008,-0.08969676494598389,-0.08729153871536255,-0.11812853813171387,-0.11516308784484863,-0.13251137733459473,-0.14629024267196655,-0.021323174238204956,-0.1859835386276245,-0.07011678814888,-0.22394686937332153,-0.1040886640548706,-0.20107847452163696,-0.12147954106330872,-0.16547051072120667,-0.012065768241882324,-0.18912455439567566,-0.07664141058921814,-0.232408344745636,-0.11390984058380127,-0.20102643966674805,-0.1261783242225647,-0.16529983282089233,-0.009458005428314209,-0.18339049816131592,-0.06885731220245361,-0.23333299160003662,-0.10901916027069092,-0.20442011952400208,-0.12434396147727966,-0.1651993691921234,-0.01845759153366089,-0.16774886846542358,-0.0682336688041687,-0.20025518536567688,-0.10011473298072815,-0.18577176332473755,-0.11619418859481812,-0.15773385763168335
0.0,0.0,-0.0595984160900116,-0.044900715351104736,-0.08834227919578552,-0.08711117506027222,-0.1167851984500885,-0.1147618293762207,-0.13347679376602173,-0.1460748314857483,-0.02063167095184326,-0.18472036719322205,-0.06960296630859375,-0.22416016459465027,-0.10368835926055908,-0.20170673727989197,-0.12103056907653809,-0.16715627908706665,-0.010881245136260986,-0.1878179907798767,-0.07588747143745422,-0.2327650785446167,-0.11356157064437866,-0.20188719034194946,-0.1255417764186859,-0.16679763793945312,-0.008601903915405273,-0.18191421031951904,-0.0678221583366394,-0.23302119970321655,-0.10833960771560669,-0.20428615808486938,-0.12362268567085266,-0.16554272174835205,-0.017943143844604492,-0.16705858707427979,-0.06777024269104004,-0.19997364282608032,-0.10008278489112854,-0.18547174334526062,-0.11633631587028503,-0.15811699628829956
0.0,0.0,-0.060620248317718506,-0.045554935932159424,-0.08903342485427856,-0.08942198753356934,-0.11743214726448059,-0.1171349287033081,-0.13460302352905273,-0.14800399541854858,-0.02213919162750244,-0.18754753470420837,-0.07182168960571289,-0.22597989439964294,-0.10529112815856934,-0.20218303799629211,-0.1215120255947113,-0.16712403297424316,-0.012451648712158203,-0.19090038537979126,-0.07792031764984131,-0.2344217598438263,-0.11492174863815308,-0.20285609364509583,-0.12622767686843872,-0.16720867156982422,-0.010157406330108643,-0.18460813164710999,-0.07000163197517395,-0.2353011667728424,-0.10995817184448242,-0.20650464296340942,-0.12466078996658325,-0.16800463199615479,-0.019498765468597412,-0.1690535545349121,-0.07001000642776489,-0.2020527720451355,-0.10210427641868591,-0.1876746118068695,-0.11800926923751831,-0.16052788496017456
0.0,0.0,-0.06040984392166138,-0.04555380344390869,-0.08912894129753113,-0.08930081129074097,-0.117186039686203,-0.1173166036605835,-0.13429245352745056,-0.1485958695411682,-0.021904468536376953,-0.18746620416641235,-0.07128822803497314,-0.22620978951454163,-0.10476064682006836,-0.20245683193206787,-0.12053701281547546,-0.16660821437835693,-0.011963069438934326,-0.19057530164718628,-0.07713103294372559,-0.2344551384449005,-0.11404961347579956,-0.20254260301589966,-0.12459421157836914,-0.16633671522140503,-0.00978386402130127,-0.18426305055618286,-0.0697242021560669,-0.23571550846099854,-0.10969150066375732,-0.20645740628242493,-0.12361466884613037,-0.1673448085784912,-0.019253849983215332,-0.16848954558372498,-0.06951504945755005,-0.20253130793571472,-0.10153773427009583,-0.18804556131362915,-0.11689949035644531,-0.160328209400177
0.0,0.0,-0.06066295504570007,-0.04535043239593506,-0.089800626039505,-0.0886908769607544,-0.11791649460792542,-0.11632251739501953,-0.13389751315116882,-0.14680635929107666,-0.021250605583190918,-0.1873907744884491,-0.07104724645614624,-0.2256048023700714,-0.1047351062297821,-0.2018444538116455,-0.12148857116699219,-0.1658860445022583,-0.011673569679260254,-0.19070088863372803,-0.0779765248298645,-0.2337588667869568,-0.11478415131568909,-0.20160192251205444,-0.12609630823135376,-0.16526055335998535,-0.009229481220245361,-0.18478506803512573,-0.07008633017539978,-0.23457551002502441,-0.10965344309806824,-0.20560020208358765,-0.12424114346504211,-0.16638362407684326,-0.018275439739227295,-0.16933125257492065,-0.06925353407859802,-0.2005648910999298,-0.10079345107078552,-0.1860201060771942,-0.1163865327835083,-0.15871596336364746
0.0,0.0,-0.05977541208267212,-0.04401212930679321,-0.089122474193573,-0.08644282817840576,-0.11729460954666138,-0.11308890581130981,-0.13341349363327026,-0.14353549480438232,-0.021047532558441162,-0.18665826320648193,-0.06999170780181885,-0.2248058319091797,-0.10453510284423828,-0.2018066644668579,-0.12226295471191406,-0.16627001762390137,-0.011603772640228271,-0.18905413150787354,-0.07620471715927124,-0.2321278154850006,-0.11401918530464172,-0.20133647322654724,-0.12650325894355774,-0.16550517082214355,-0.00897836685180664,-0.18208816647529602,-0.06775525212287903,-0.23153454065322876,-0.1083979606628418,-0.20320916175842285,-0.12399578094482422,-0.16464322805404663,-0.017541468143463135,-0.16505438089370728,-0.0664975643157959,-0.1976504623889923,-0.09881475567817688,-0.18389683961868286,-0.11545780301094055,-0.1573285460472107
0.0,0.0,-0.06089901924133301,-0.04561793804168701,-0.09015786647796631,-0.09064483642578125,-0.11902835965156555,-0.12004542350769043,-0.13619941473007202,-0.15167105197906494,-0.022915124893188477,-0.19245821237564087,-0.07361447811126709,-0.23106154799461365,-0.1077549159526825,-0.20720142126083374,-0.12457028031349182,-0.17146265506744385,-0.013306856155395508,-0.19528305530548096,-0.07974275946617126,-0.23924130201339722,-0.11689344048500061,-0.20628416538238525,-0.1279667317867279,-0.16952800750732422,-0.010789692401885986,-0.1879568099975586,-0.07098814845085144,-0.23850151896476746,-0.11069273948669434,-0.20833808183670044,-0.12501496076583862,-0.16874313354492188,-0.019492149353027344,-0.17038977146148682,-0.06957492232322693,-0.20263928174972534,-0.10136628150939941,-0.1880214512348175,-0.11707952618598938,-0.16065019369125366
0.0,0.0,-0.06144943833351135,-0.04686546325683594,-0.0903657078742981,-0.09085714817047119,-0.1190725564956665,-0.11916947364807129,-0.13654491305351257,-0.15093791484832764,-0.021908223628997803,-0.19477149844169617,-0.07417502999305725,-0.23204305768013,-0.10827848315238953,-0.20687860250473022,-0.12523722648620605,-0.17027807235717773,-0.012095093727111816,-0.19649100303649902,-0.08046111464500427,-0.23846769332885742,-0.11782139539718628,-0.20528382062911987,-0.1296393871307373,-0.16844189167022705,-0.00987553596496582,-0.18810716271400452,-0.07175430655479431,-0.23634499311447144,-0.11217576265335083,-0.20618119835853577,-0.12765315175056458,-0.16669023036956787,-0.018839895725250244,-0.1694798469543457,-0.06919163465499878,-0.20256924629211426,-0.10113111138343811,-0.18741178512573242,-0.1176297664642334,-0.15944898128509521
0.0,0.0,-0.06304293870925903,-0.04830104112625122,-0.09224390983581543,-0.09497946500778198,-0.12138792872428894,-0.12381201982498169,-0.1391286849975586,-0.15438181161880493,-0.02159559726715088,-0.20082110166549683,-0.07521313428878784,-0.23755449056625366,-0.10934805870056152,-0.2132662832736969,-0.1268712282180786,-0.1776486039161682,-0.012690186500549316,-0.20181387662887573,-0.0821371078491211,-0.24355417490005493,-0.11896446347236633,-0.21066081523895264,-0.13078203797340393,-0.17419087886810303,-0.011398851871490479,-0.19221782684326172,-0.07418125867843628,-0.23973038792610168,-0.11454755067825317,-0.21065855026245117,-0.13012468814849854,-0.17238080501556396,-0.021715521812438965,-0.17169439792633057,-0.07194527983665466,-0.20438402891159058,-0.10402610898017883,-0.19114410877227783,-0.12057673931121826,-0.16495901346206665
0.0,0.0,-0.06155967712402344,-0.046627700328826904,-0.09099945425987244,-0.093386709690094,-0.11959046125411987,-0.1219627857208252,-0.1362917423248291,-0.15220654010772705,-0.02036386728286743,-0.1986585557460785,-0.0737389326095581,-0.23338228464126587,-0.10791748762130737,-0.20807862281799316,-0.1260562539100647,-0.17155784368515015,-0.011334478855133057,-0.20014747977256775,-0.08007416129112244,-0.24032354354858398,-0.11739885807037354,-0.2073114812374115,-0.13109058141708374,-0.17065656185150146,-0.00989443063735962,-0.19115868210792542,-0.07165277004241943,-0.2375597059726715,-0.1119178831577301,-0.2084938883781433,-0.12909844517707825,-0.1698695421218872,-0.019878864288330078,-0.17103427648544312,-0.06925690174102783,-0.2023046910762787,-0.10122615098953247,-0.18854272365570068,-0.11915242671966553,-0.16209673881530762
