0.0,0.0,0.01332080364227295,-0.04956376552581787,0.05114614963531494,-0.08586013317108154,0.08904767036437988,-0.09125953912734985,0.121640145778656,-0.09174716472625732,0.0790489912033081,-0.10236042737960815,0.1377946138381958,-0.10726964473724365,0.17474675178527832,-0.10501188039779663,0.20589613914489746,-0.10181468725204468,0.08281970024108887,-0.06333380937576294,0.13179701566696167,-0.03601717948913574,0.16379565000534058,-0.009027361869812012,0.18880748748779297,0.011531472206115723,0.07949882745742798,-0.024643123149871826,0.09640663862228394,0.005409538745880127,0.06466078758239746,0.008156359195709229,0.04167836904525757,0.001822352409362793,0.07252228260040283,0.011661767959594727,0.08806508779525757,0.031153440475463867,0.06325846910476685,0.03134554624557495,0.04455924034118652,0.02448868751525879
0.0,0.0,0.023226916790008545,-0.05858367681503296,0.07181912660598755,-0.09672921895980835,0.11831653118133545,-0.10180997848510742,0.1547897458076477,-0.10348868370056152,0.10764265060424805,-0.11542266607284546,0.168806791305542,-0.1249169111251831,0.204240620136261,-0.12035912275314331,0.2361554503440857,-0.11436671018600464,0.10960370302200317,-0.07185107469558716,0.15461796522140503,-0.04903709888458252,0.1865667700767517,-0.022946059703826904,0.21251821517944336,-0.0011376738548278809,0.1055678129196167,-0.03243011236190796,0.11420130729675293,-0.005412042140960693,0.07454800605773926,-0.0036289095878601074,0.045314788818359375,-0.007558941841125488,0.09941339492797852,0.003583550453186035,0.10565352439880371,0.01783144474029541,0.07295536994934082,0.014387309551239014,0.04844695329666138,0.006200671195983887
0.0,0.0,0.030755162239074707,-0.057067811489105225,0.08013230562210083,-0.09046059846878052,0.12516576051712036,-0.09194785356521606,0.16101539134979248,-0.09339159727096558,0.11526882648468018,-0.10588735342025757,0.17616796493530273,-0.10873079299926758,0.21019744873046875,-0.10068351030349731,0.24098187685012817,-0.09133225679397583,0.11310148239135742,-0.0644388198852539,0.15805262327194214,-0.03753077983856201,0.19196105003356934,-0.009892940521240234,0.21922439336776733,0.014661848545074463,0.10459989309310913,-0.027627944946289062,0.12007564306259155,-0.001526176929473877,0.08272600173950195,-0.003489196300506592,0.05516183376312256,-0.00957578420639038,0.09564822912216187,0.006603717803955078,0.11401945352554321,0.019869983196258545,0.0861244797706604,0.015921413898468018,0.06426656246185303,0.009127140045166016
0.0,0.0,0.03982365131378174,-0.05680185556411743,0.08993780612945557,-0.08401823043823242,0.13187259435653687,-0.07995349168777466,0.1653294563293457,-0.07124465703964233,0.12074148654937744,-0.1011618971824646,0.17943966388702393,-0.09986835718154907,0.21208959817886353,-0.08764505386352539,0.24197614192962646,-0.07363086938858032,0.11753183603286743,-0.05994558334350586,0.15973550081253052,-0.026023805141448975,0.19148457050323486,0.00425189733505249,0.21765220165252686,0.03102201223373413,0.10918629169464111,-0.02246326208114624,0.12051635980606079,0.011315643787384033,0.081155925989151,0.004220724105834961,0.051940977573394775,-0.0064852237701416016,0.10085421800613403,0.010763347148895264,0.10977333784103394,0.029582500457763672,0.07920503616333008,0.02265799045562744,0.05697384476661682,0.012098491191864014
0.0,0.0,0.03908383846282959,-0.05738365650177002,0.08928203582763672,-0.08632153272628784,0.131031334400177,-0.08241307735443115,0.165493905544281,-0.07154005765914917,0.11950987577438354,-0.10007959604263306,0.17827939987182617,-0.09763437509536743,0.21157437562942505,-0.08571010828018188,0.24188703298568726,-0.07245969772338867,0.11567193269729614,-0.059651196002960205,0.15857964754104614,-0.024234116077423096,0.18887925148010254,0.0074349045753479,0.21300005912780762,0.034699857234954834,0.10683178901672363,-0.022966206073760986,0.11877542734146118,0.013765037059783936,0.07889199256896973,0.008744001388549805,0.049427688121795654,-0.001124262809753418,0.09826391935348511,0.00946575403213501,0.10787123441696167,0.030802488327026367,0.07654386758804321,0.025115549564361572,0.053731054067611694,0.015207827091217041
0.0,0.0,0.040109872817993164,-0.05034220218658447,0.08948391675949097,-0.07598429918289185,0.12856346368789673,-0.07357567548751831,0.16231310367584229,-0.06695830821990967,0.11685651540756226,-0.09662896394729614,0.17607063055038452,-0.09082949161529541,0.20909976959228516,-0.0793352723121643,0.23785549402236938,-0.0674627423286438,0.11162900924682617,-0.05807977914810181,0.15594851970672607,-0.01951420307159424,0.184922456741333,0.011808514595031738,0.20726227760314941,0.03880578279495239,0.10136014223098755,-0.022763371467590332,0.11625140905380249,0.019593000411987305,0.08224046230316162,0.01164335012435913,0.05894151329994202,-0.002367675304412842,0.09119373559951782,0.007796645164489746,0.10375118255615234,0.03428417444229126,0.07813525199890137,0.027512729167938232,0.06168860197067261,0.014590203762054443
0.0,0.0,0.039006203413009644,-0.04255390167236328,0.08649733662605286,-0.06991606950759888,0.12641283869743347,-0.0719040036201477,0.16227927803993225,-0.065579354763031,0.11311939358711243,-0.0974530577659607,0.17386266589164734,-0.08917224407196045,0.2073008120059967,-0.07442617416381836,0.2364279329776764,-0.060279786586761475,0.11186715960502625,-0.057412922382354736,0.1539330780506134,-0.017654240131378174,0.18091830611228943,0.016269922256469727,0.20336011052131653,0.04326462745666504,0.10502716898918152,-0.021000385284423828,0.11266776919364929,0.020320534706115723,0.07873693108558655,0.014333546161651611,0.057243913412094116,0.00035649538040161133,0.09670272469520569,0.010582268238067627,0.10007110238075256,0.03941696882247925,0.07477268576622009,0.03331989049911499,0.06088241934776306,0.019745945930480957
0.0,0.0,0.044880211353302,-0.03500723838806152,0.09006959199905396,-0.05248594284057617,0.12169766426086426,-0.04922294616699219,0.14558136463165283,-0.03934824466705322,0.10932475328445435,-0.08722293376922607,0.17640268802642822,-0.07036769390106201,0.21441733837127686,-0.057587385177612305,0.24742108583450317,-0.04345160722732544,0.10037440061569214,-0.05731344223022461,0.15347152948379517,-0.010654270648956299,0.18474441766738892,0.02726811170578003,0.20939046144485474,0.05704021453857422,0.09232854843139648,-0.02272087335586548,0.11471045017242432,0.026479661464691162,0.09115058183670044,0.017032206058502197,0.07456815242767334,-0.002169311046600342,0.08631932735443115,0.010420620441436768,0.10237306356430054,0.04379826784133911,0.08175241947174072,0.0355525016784668,0.06963956356048584,0.019350171089172363
0.0,0.0,0.044094204902648926,-0.045775651931762695,0.09536892175674438,-0.07178375124931335,0.13857823610305786,-0.06886830925941467,0.17647391557693481,-0.059590548276901245,0.12417972087860107,-0.09377050399780273,0.19051331281661987,-0.08375930786132812,0.23003464937210083,-0.06937366724014282,0.26295745372772217,-0.05528229475021362,0.11865204572677612,-0.050879210233688354,0.16419708728790283,-0.00982433557510376,0.19372248649597168,0.02607688307762146,0.21716415882110596,0.056312620639801025,0.10727238655090332,-0.012440383434295654,0.11543047428131104,0.028946101665496826,0.08128488063812256,0.016864776611328125,0.06110644340515137,-0.0009939372539520264,0.09533363580703735,0.018331587314605713,0.10031652450561523,0.04641801118850708,0.0745542049407959,0.03705644607543945,0.06156480312347412,0.022340595722198486
0.0,0.0,0.03933900594711304,-0.04266437888145447,0.09040594100952148,-0.07055434584617615,0.13567733764648438,-0.06762811541557312,0.17542684078216553,-0.05838772654533386,0.12897396087646484,-0.08793613314628601,0.19279664754867554,-0.0793689489364624,0.22935128211975098,-0.06413054466247559,0.26251310110092163,-0.04806128144264221,0.12510746717453003,-0.04564833641052246,0.16472363471984863,-0.0005255639553070068,0.1927902102470398,0.03800404071807861,0.21717792749404907,0.06912702322006226,0.11535918712615967,-0.008502185344696045,0.11234599351882935,0.037455737590789795,0.07192885875701904,0.028393685817718506,0.04408222436904907,0.012626349925994873,0.10409444570541382,0.023951709270477295,0.09945333003997803,0.054217636585235596,0.0680767297744751,0.04498898983001709,0.048216938972473145,0.029236018657684326
0.0,0.0,0.03471904993057251,-0.03933972120285034,0.08113670349121094,-0.06650933623313904,0.12310010194778442,-0.06361493468284607,0.16142290830612183,-0.052095383405685425,0.12277770042419434,-0.0808568000793457,0.1855078935623169,-0.07065904140472412,0.2210729718208313,-0.0567130446434021,0.25317704677581787,-0.042059898376464844,0.11909222602844238,-0.0415000319480896,0.15719783306121826,0.005120515823364258,0.1835414171218872,0.043134450912475586,0.20725905895233154,0.07416856288909912,0.10975813865661621,-0.006445705890655518,0.10667884349822998,0.04113113880157471,0.06715083122253418,0.030614912509918213,0.04179859161376953,0.013389110565185547,0.09843647480010986,0.024685442447662354,0.09513324499130249,0.056002140045166016,0.06472986936569214,0.047605812549591064,0.04742461442947388,0.031387150287628174
0.0,0.0,0.038873761892318726,-0.04611408710479736,0.08807101845741272,-0.06737703084945679,0.12970659136772156,-0.058770716190338135,0.16479721665382385,-0.04889214038848877,0.12054553627967834,-0.08188223838806152,0.18175670504570007,-0.0699809193611145,0.21709784865379333,-0.055565714836120605,0.24989446997642517,-0.04050397872924805,0.1152670681476593,-0.04139399528503418,0.15417179465293884,0.004659831523895264,0.18236896395683289,0.04186427593231201,0.20489242672920227,0.07263576984405518,0.10520491003990173,-0.005449235439300537,0.10611507296562195,0.037573158740997314,0.06646379828453064,0.02930474281311035,0.038529664278030396,0.01624542474746704,0.09581395983695984,0.025764286518096924,0.09503647685050964,0.05194371938705444,0.06372985243797302,0.04428583383560181,0.04351738095283508,0.03178966045379639
0.0,0.0,0.0435546338558197,-0.04601567983627319,0.0916319191455841,-0.0674256682395935,0.1334545910358429,-0.06307023763656616,0.1696120798587799,-0.053503453731536865,0.12433025240898132,-0.08602601289749146,0.1859486997127533,-0.07645493745803833,0.22182443737983704,-0.06241500377655029,0.2541949450969696,-0.047339677810668945,0.11849591135978699,-0.046497881412506104,0.15866431593894958,-0.003224313259124756,0.18681254982948303,0.03362339735031128,0.2079276740550995,0.06448012590408325,0.10798618197441101,-0.01052933931350708,0.11366048455238342,0.03238272666931152,0.07525953650474548,0.022520244121551514,0.049322813749313354,0.007021963596343994,0.09935858845710754,0.019800782203674316,0.10287365317344666,0.04735368490219116,0.073179692029953,0.03841590881347656,0.05509290099143982,0.023629426956176758
0.0,0.0,0.0442255437374115,-0.04620629549026489,0.09115040302276611,-0.0692296028137207,0.13094383478164673,-0.06420168280601501,0.16678500175476074,-0.055029451847076416,0.12565767765045166,-0.08498841524124146,0.1850772500038147,-0.0753946602344513,0.21837419271469116,-0.06172388792037964,0.24877023696899414,-0.04771548509597778,0.11958575248718262,-0.04575645923614502,0.15708446502685547,-0.0020996928215026855,0.1845085620880127,0.03579813241958618,0.20517927408218384,0.06727957725524902,0.10855215787887573,-0.010789930820465088,0.11395537853240967,0.030793428421020508,0.07617950439453125,0.02244877815246582,0.05000275373458862,0.008325397968292236,0.09919619560241699,0.020110249519348145,0.10264062881469727,0.04612112045288086,0.07366877794265747,0.037945568561553955,0.05552348494529724,0.024442076683044434
0.0,0.0,0.04090002179145813,-0.04315119981765747,0.09172487258911133,-0.06500118970870972,0.13360923528671265,-0.059840261936187744,0.16919076442718506,-0.04886138439178467,0.12423020601272583,-0.08258354663848877,0.1832873821258545,-0.07080352306365967,0.21673166751861572,-0.05455434322357178,0.24655276536941528,-0.03715932369232178,0.1197519302368164,-0.04220223426818848,0.15822505950927734,0.002935171127319336,0.18459784984588623,0.04026561975479126,0.20612549781799316,0.07085531949996948,0.1095169186592102,-0.006282389163970947,0.11184495687484741,0.038499653339385986,0.07375645637512207,0.028989970684051514,0.04657188057899475,0.013896405696868896,0.0985417366027832,0.0249062180519104,0.1002126932144165,0.05198967456817627,0.07162031531333923,0.04357481002807617,0.052733153104782104,0.029376983642578125
0.0,0.0,0.04176577925682068,-0.047074198722839355,0.09126624464988708,-0.06852617859840393,0.13230958580970764,-0.062216997146606445,0.16725757718086243,-0.049514949321746826,0.12189385294914246,-0.08277294039726257,0.18269911408424377,-0.07020831108093262,0.2166168987751007,-0.05414104461669922,0.24726805090904236,-0.036894023418426514,0.11621710658073425,-0.04200875759124756,0.15634700655937195,0.00245058536529541,0.1838914453983307,0.04000091552734375,0.20528104901313782,0.07080388069152832,0.10582533478736877,-0.005619525909423828,0.11012998223304749,0.0357593297958374,0.0714229941368103,0.02654588222503662,0.044398874044418335,0.012156963348388672,0.09631034731864929,0.025542914867401123,0.09791043400764465,0.050260066986083984,0.0682513415813446,0.04227399826049805,0.04931384325027466,0.030167460441589355
0.0,0.0,0.03964880108833313,-0.043444156646728516,0.09022459387779236,-0.06796818971633911,0.13245359063148499,-0.06285470724105835,0.16838321089744568,-0.05086320638656616,0.12119922041893005,-0.08462750911712646,0.1819017231464386,-0.07120710611343384,0.21644774079322815,-0.054613471031188965,0.2477843463420868,-0.03712350130081177,0.11745718121528625,-0.044295310974121094,0.1582733690738678,0.0023344755172729492,0.18549159169197083,0.040908873081207275,0.20867404341697693,0.07252591848373413,0.10873284935951233,-0.007789194583892822,0.1108904778957367,0.036971092224121094,0.07247379422187805,0.02656453847885132,0.04585644602775574,0.011368095874786377,0.09861430525779724,0.024880588054656982,0.10070934891700745,0.052105724811553955,0.07175788283348083,0.0442081093788147,0.052798718214035034,0.030548393726348877
0.0,0.0,0.04045405983924866,-0.0454862117767334,0.09049153327941895,-0.0658159852027893,0.13192301988601685,-0.057959914207458496,0.16643381118774414,-0.04707765579223633,0.12084078788757324,-0.0801892876625061,0.1787990927696228,-0.06737625598907471,0.2124234437942505,-0.052379071712493896,0.24319565296173096,-0.03635638952255249,0.11550754308700562,-0.03933686017990112,0.1536315679550171,0.006782472133636475,0.18098711967468262,0.04326814413070679,0.20394718647003174,0.07357925176620483,0.10503768920898438,-0.003200352191925049,0.10645610094070435,0.038775622844696045,0.06890445947647095,0.02699047327041626,0.04267388582229614,0.011810362339019775,0.09434682130813599,0.027768313884735107,0.09444767236709595,0.05204427242279053,0.0654875636100769,0.0418817400932312,0.047003716230392456,0.02791517972946167
0.0,0.0,0.04133141040802002,-0.04239964485168457,0.09268993139266968,-0.06347274780273438,0.1334485411643982,-0.057757019996643066,0.16807055473327637,-0.047503113746643066,0.11899226903915405,-0.08256542682647705,0.1804903745651245,-0.06964844465255737,0.21495604515075684,-0.053869783878326416,0.24579477310180664,-0.03712868690490723,0.11391490697860718,-0.044696688652038574,0.15565264225006104,0.001926422119140625,0.1832277774810791,0.038475632667541504,0.20547854900360107,0.06873840093612671,0.10533767938613892,-0.009532034397125244,0.11246973276138306,0.03498125076293945,0.07553088665008545,0.025547146797180176,0.04966232180595398,0.011484503746032715,0.09716248512268066,0.022109270095825195,0.10399270057678223,0.049863994121551514,0.07603698968887329,0.04215878248214722,0.0579361617565155,0.029213011264801025
0.0,0.0,0.04023715853691101,-0.04662179946899414,0.08823826909065247,-0.06738972663879395,0.12792852520942688,-0.05831986665725708,0.16026583313941956,-0.044797658920288086,0.11626866459846497,-0.07951116561889648,0.17440643906593323,-0.06709951162338257,0.20714589953422546,-0.0528184175491333,0.23755434155464172,-0.03770822286605835,0.11089184880256653,-0.040322959423065186,0.14842179417610168,0.004448652267456055,0.1765219271183014,0.039645254611968994,0.19940540194511414,0.0695044994354248,0.10080340504646301,-0.005163967609405518,0.10227146744728088,0.03500264883041382,0.06518885493278503,0.02462601661682129,0.03967192769050598,0.011340200901031494,0.09174063801765442,0.025215089321136475,0.09214559197425842,0.04889494180679321,0.06343832612037659,0.04078274965286255,0.04587545990943909,0.029799044132232666
0.0,0.0,0.040813982486724854,-0.04599869251251221,0.08962202072143555,-0.06669473648071289,0.12962090969085693,-0.05816662311553955,0.1625884771347046,-0.04736518859863281,0.11581212282180786,-0.08192354440689087,0.17475205659866333,-0.06987375020980835,0.20811110734939575,-0.054976463317871094,0.23834377527236938,-0.03953331708908081,0.11098378896713257,-0.04275333881378174,0.15062934160232544,0.001350104808807373,0.17915189266204834,0.03719717264175415,0.20192301273345947,0.06695175170898438,0.10151416063308716,-0.00747758150100708,0.10663270950317383,0.03277212381362915,0.06938862800598145,0.023933827877044678,0.042746543884277344,0.011042296886444092,0.092471182346344,0.023362278938293457,0.09660685062408447,0.04752582311630249,0.0688251256942749,0.0399470329284668,0.050072431564331055,0.02879321575164795
0.0,0.0,0.04027506709098816,-0.04402440786361694,0.08955550193786621,-0.06387794017791748,0.1294383406639099,-0.05708026885986328,0.16298508644104004,-0.04528367519378662,0.1168932318687439,-0.08122873306274414,0.1764819622039795,-0.0681106448173523,0.2096962332725525,-0.05300062894821167,0.2406860589981079,-0.03708392381668091,0.11272656917572021,-0.041611671447753906,0.15058428049087524,0.004682183265686035,0.1779564619064331,0.04121774435043335,0.2012392282485962,0.07113862037658691,0.10458332300186157,-0.005975067615509033,0.10499823093414307,0.03502398729324341,0.06748384237289429,0.024002015590667725,0.042534708976745605,0.009076118469238281,0.09703588485717773,0.025150775909423828,0.09491479396820068,0.05020338296890259,0.06614494323730469,0.04115384817123413,0.050033003091812134,0.02831035852432251
0.0,0.0,0.04263457655906677,-0.048185527324676514,0.09195679426193237,-0.06774240732192993,0.13259267807006836,-0.05775803327560425,0.16622799634933472,-0.04336810111999512,0.12079614400863647,-0.07835471630096436,0.18100720643997192,-0.06552958488464355,0.21424734592437744,-0.05125373601913452,0.24450796842575073,-0.03697425127029419,0.11495912075042725,-0.03972125053405762,0.15655213594436646,0.0045590996742248535,0.1843448281288147,0.03868764638900757,0.20560824871063232,0.06837785243988037,0.10344409942626953,-0.004939913749694824,0.11143243312835693,0.03424191474914551,0.07455849647521973,0.019549071788787842,0.04878392815589905,0.003451049327850342,0.0923316478729248,0.024022281169891357,0.10116744041442871,0.04893761873245239,0.07322412729263306,0.03760039806365967,0.054687678813934326,0.024092435836791992
0.0,0.0,0.04106137156486511,-0.044841229915618896,0.08776915073394775,-0.06338876485824585,0.12752699851989746,-0.05516839027404785,0.16164630651474,-0.04170185327529907,0.11916863918304443,-0.07677590847015381,0.17654579877853394,-0.06435203552246094,0.20970648527145386,-0.04942202568054199,0.2401781678199768,-0.03293710947036743,0.11350107192993164,-0.03820192813873291,0.15164536237716675,0.006766796112060547,0.17836719751358032,0.04441279172897339,0.19779086112976074,0.0761532187461853,0.10323548316955566,-0.003587663173675537,0.10539627075195312,0.038293421268463135,0.06783932447433472,0.028315722942352295,0.042000532150268555,0.013861536979675293,0.09450000524520874,0.025669097900390625,0.09436458349227905,0.05220973491668701,0.06481444835662842,0.04341810941696167,0.04639863967895508,0.0300939679145813
0.0,0.0,0.0414215624332428,-0.0448455810546875,0.08814132213592529,-0.06498956680297852,0.12739378213882446,-0.05826801061630249,0.16117513179779053,-0.04481983184814453,0.11787629127502441,-0.07828623056411743,0.17665672302246094,-0.06631678342819214,0.21005284786224365,-0.051409363746643066,0.2404358983039856,-0.034874677658081055,0.1122274398803711,-0.04043096303939819,0.15073084831237793,0.005511343479156494,0.17798131704330444,0.04204505681991577,0.19883739948272705,0.07289302349090576,0.1019974946975708,-0.005936086177825928,0.105998694896698,0.037692248821258545,0.06852281093597412,0.027701854705810547,0.04388880729675293,0.01267462968826294,0.09348982572555542,0.023684978485107422,0.09396785497665405,0.05163073539733887,0.06537246704101562,0.04313164949417114,0.049307286739349365,0.030099034309387207
0.0,0.0,0.04115724563598633,-0.043434321880340576,0.08666849136352539,-0.06163227558135986,0.1259610652923584,-0.05464768409729004,0.1605129837989807,-0.04356706142425537,0.11825025081634521,-0.07887452840805054,0.17633771896362305,-0.0645068883895874,0.20988571643829346,-0.049441397190093994,0.240264892578125,-0.03292900323867798,0.11203169822692871,-0.04051738977432251,0.15068340301513672,0.006448626518249512,0.17771857976913452,0.043397486209869385,0.19789975881576538,0.07421201467514038,0.10135173797607422,-0.005801737308502197,0.10602933168411255,0.0397953987121582,0.06824064254760742,0.030014872550964355,0.042991459369659424,0.014728009700775146,0.09256035089492798,0.0233839750289917,0.09372448921203613,0.05248105525970459,0.0644524097442627,0.04406362771987915,0.047361135482788086,0.02997654676437378
0.0,0.0,0.04269471764564514,-0.04483383893966675,0.08966627717018127,-0.0633690357208252,0.12817278504371643,-0.056244492530822754,0.1612859070301056,-0.04494136571884155,0.11704924702644348,-0.08071202039718628,0.17526516318321228,-0.06724506616592407,0.20863613486289978,-0.052061378955841064,0.2388419806957245,-0.035822391510009766,0.1111205518245697,-0.042305707931518555,0.1501816213130951,0.0038875937461853027,0.17725899815559387,0.04165148735046387,0.1976795494556427,0.07295513153076172,0.10085532069206238,-0.007114708423614502,0.10600718855857849,0.03606212139129639,0.06910130381584167,0.027256488800048828,0.04427674412727356,0.012861967086791992,0.09255793690681458,0.022750794887542725,0.09456297755241394,0.049488186836242676,0.06598702073097229,0.04193788766860962,0.048898130655288696,0.029372453689575195
0.0,0.0,0.03972584009170532,-0.04387396574020386,0.08699798583984375,-0.0632244348526001,0.12718820571899414,-0.056444525718688965,0.1609523892402649,-0.04486650228500366,0.11680549383163452,-0.07776570320129395,0.17552965879440308,-0.06475156545639038,0.20939821004867554,-0.049329936504364014,0.2397097945213318,-0.03261297941207886,0.11133366823196411,-0.03935050964355469,0.15003108978271484,0.007288694381713867,0.17734867334365845,0.04496687650680542,0.19790583848953247,0.07620161771774292,0.10135465860366821,-0.004978179931640625,0.10520952939987183,0.040142178535461426,0.06772094964981079,0.03206169605255127,0.04161882400512695,0.018030822277069092,0.09256172180175781,0.02453523874282837,0.09284502267837524,0.052780747413635254,0.06381982564926147,0.044682323932647705,0.045397281646728516,0.03105825185775757
0.0,0.0,0.04319772124290466,-0.042321979999542236,0.09218519926071167,-0.06158161163330078,0.1319030523300171,-0.05569469928741455,0.1661253571510315,-0.044879257678985596,0.1199120283126831,-0.08069032430648804,0.17922455072402954,-0.06741398572921753,0.21315056085586548,-0.05200546979904175,0.24401193857192993,-0.035352230072021484,0.11421751976013184,-0.0425872802734375,0.15301817655563354,0.0034075379371643066,0.18030142784118652,0.04137223958969116,0.20138239860534668,0.07318490743637085,0.10424798727035522,-0.00763249397277832,0.10835146903991699,0.03613179922103882,0.0704723596572876,0.02682340145111084,0.044537901878356934,0.012270808219909668,0.0959092378616333,0.02239471673965454,0.0988767147064209,0.04973810911178589,0.06946158409118652,0.041628241539001465,0.05130636692047119,0.028535306453704834
0.0,0.0,0.0416315495967865,-0.041918277740478516,0.09045079350471497,-0.060577452182769775,0.130813866853714,-0.05455714464187622,0.16524693369865417,-0.04424625635147095,0.11907747387886047,-0.07997411489486694,0.17811790108680725,-0.06586402654647827,0.21162661910057068,-0.04987907409667969,0.24180325865745544,-0.033161461353302,0.1135091483592987,-0.04085874557495117,0.15481367707252502,0.006817936897277832,0.18199720978736877,0.04634767770767212,0.20229056477546692,0.07872319221496582,0.10287514328956604,-0.0050553083419799805,0.10747084021568298,0.039598047733306885,0.06953975558280945,0.030668914318084717,0.043139904737472534,0.015921056270599365,0.0933673083782196,0.025660395622253418,0.096700519323349,0.053244709968566895,0.06795820593833923,0.045011699199676514,0.04938444495201111,0.031730830669403076
0.0,0.0,0.042583167552948,-0.04279613494873047,0.09200754761695862,-0.06228822469711304,0.13237342238426208,-0.05676698684692383,0.1670760214328766,-0.046058833599090576,0.1201389729976654,-0.08082807064056396,0.17989686131477356,-0.06784564256668091,0.21425709128379822,-0.05189108848571777,0.2451283037662506,-0.03435850143432617,0.11449381709098816,-0.04257380962371826,0.1540786325931549,0.005136251449584961,0.18174001574516296,0.04409515857696533,0.20278427004814148,0.07628220319747925,0.1043688952922821,-0.007618844509124756,0.10915246605873108,0.03812330961227417,0.0709177553653717,0.030154526233673096,0.04439428448677063,0.015652120113372803,0.09566053748130798,0.022740602493286133,0.09808602929115295,0.050718486309051514,0.068208247423172,0.043402254581451416,0.049469202756881714,0.02978062629699707
0.0,0.0,0.0416264533996582,-0.041700661182403564,0.08866733312606812,-0.06070303916931152,0.1287539005279541,-0.055473268032073975,0.16383731365203857,-0.04370337724685669,0.11933499574661255,-0.07936257123947144,0.17815172672271729,-0.06685543060302734,0.21195530891418457,-0.051837027072906494,0.24223113059997559,-0.035439908504486084,0.11336362361907959,-0.041015803813934326,0.15338635444641113,0.007334589958190918,0.18078994750976562,0.04602551460266113,0.20094269514083862,0.07805383205413818,0.1024898886680603,-0.006027936935424805,0.10636371374130249,0.038757383823394775,0.06830161809921265,0.029203176498413086,0.04320836067199707,0.013885557651519775,0.09380495548248291,0.023395001888275146,0.09547209739685059,0.052452683448791504,0.06615912914276123,0.04401499032974243,0.04916393756866455,0.029749572277069092
0.0,0.0,0.044698357582092285,-0.04107588529586792,0.09240603446960449,-0.05941492319107056,0.13195669651031494,-0.05479884147644043,0.16660237312316895,-0.043966829776763916,0.12075978517532349,-0.07959175109863281,0.18027770519256592,-0.06705337762832642,0.21458762884140015,-0.05276542901992798,0.24571847915649414,-0.03678923845291138,0.1135873794555664,-0.04284626245498657,0.15262365341186523,0.0054430365562438965,0.18111276626586914,0.04400897026062012,0.20288240909576416,0.07631576061248779,0.10233348608016968,-0.008404672145843506,0.1083221435546875,0.03798973560333252,0.07045090198516846,0.027597904205322266,0.04488682746887207,0.011798977851867676,0.09390544891357422,0.021295666694641113,0.09812092781066895,0.05054831504821777,0.06889307498931885,0.04196435213088989,0.05130457878112793,0.028387069702148438
0.0,0.0,0.04560023546218872,-0.04173314571380615,0.09410488605499268,-0.06182408332824707,0.13384085893630981,-0.05737507343292236,0.16898834705352783,-0.04568761587142944,0.12255412340164185,-0.08023899793624878,0.1823807954788208,-0.06886380910873413,0.21653324365615845,-0.053831636905670166,0.2475263476371765,-0.03702223300933838,0.11671048402786255,-0.04385781288146973,0.15625041723251343,0.005213618278503418,0.18368744850158691,0.04402518272399902,0.20425522327423096,0.07640188932418823,0.1060517430305481,-0.01041114330291748,0.11166781187057495,0.03794735670089722,0.07351690530776978,0.028448641300201416,0.04691612720489502,0.0128745436668396,0.09739047288894653,0.018111824989318848,0.10186874866485596,0.049001336097717285,0.07334119081497192,0.0418512225151062,0.05550354719161987,0.02869361639022827
0.0,0.0,0.04204109311103821,-0.03860664367675781,0.09093013405799866,-0.05984342098236084,0.13135215640068054,-0.0573350191116333,0.16740760207176208,-0.04919689893722534,0.12059357762336731,-0.08217382431030273,0.17952439188957214,-0.07049387693405151,0.21390822529792786,-0.055206894874572754,0.24482408165931702,-0.0389135479927063,0.1156945526599884,-0.04426151514053345,0.15564599633216858,0.0019453167915344238,0.18282249569892883,0.04140585660934448,0.20310702919960022,0.07379239797592163,0.10599198937416077,-0.009186804294586182,0.10918059945106506,0.034619808197021484,0.07089117169380188,0.025766968727111816,0.044830530881881714,0.01050645112991333,0.09759756922721863,0.021533191204071045,0.1014086902141571,0.04924416542053223,0.07266023755073547,0.04223054647445679,0.05467310547828674,0.02860468626022339
0.0,0.0,0.043366938829422,-0.042088210582733154,0.09146365523338318,-0.06190973520278931,0.13199415802955627,-0.05774569511413574,0.16766920685768127,-0.046800434589385986,0.12135854363441467,-0.08240723609924316,0.18114271759986877,-0.07062119245529175,0.21537712216377258,-0.05606144666671753,0.24613633751869202,-0.039966046810150146,0.11510142683982849,-0.044950902462005615,0.15551462769508362,0.0016421079635620117,0.183453768491745,0.03971254825592041,0.20446917414665222,0.07181483507156372,0.10423806309700012,-0.010050475597381592,0.11162343621253967,0.035347044467926025,0.0741441547870636,0.025816023349761963,0.04927697777748108,0.010232329368591309,0.09622374176979065,0.01942521333694458,0.10285958647727966,0.04835867881774902,0.07424703240394592,0.0411912202835083,0.05725327134132385,0.027942419052124023
0.0,0.0,0.04383528232574463,-0.04530608654022217,0.09227815270423889,-0.06474649906158447,0.13348886370658875,-0.060781240463256836,0.16994741559028625,-0.0527416467666626,0.12142553925514221,-0.08790677785873413,0.1825414001941681,-0.07690989971160889,0.2180022895336151,-0.062398433685302734,0.24973514676094055,-0.04599803686141968,0.11603215336799622,-0.0498887300491333,0.15792962908744812,-0.0022124052047729492,0.18601521849632263,0.034706294536590576,0.20671513676643372,0.06545084714889526,0.1062522828578949,-0.01397007703781128,0.1133526861667633,0.0356522798538208,0.07507678866386414,0.026939690113067627,0.05000230669975281,0.01076573133468628,0.09920915961265564,0.015985071659088135,0.10265889763832092,0.04741954803466797,0.07224825024604797,0.040403008460998535,0.0549599826335907,0.025818347930908203
0.0,0.0,0.045253604650497437,-0.04567199945449829,0.09429380297660828,-0.06716543436050415,0.13500574231147766,-0.06439286470413208,0.17110678553581238,-0.056781888008117676,0.12111040949821472,-0.09120094776153564,0.18326929211616516,-0.08050411939620972,0.21945616602897644,-0.06676512956619263,0.2522653043270111,-0.05126315355300903,0.11574819684028625,-0.05186253786087036,0.15775534510612488,-0.004727840423583984,0.18765440583229065,0.03295862674713135,0.2104288637638092,0.0644952654838562,0.1062333881855011,-0.014731526374816895,0.11265775561332703,0.03271484375,0.07427170872688293,0.0238572359085083,0.04877534508705139,0.008114933967590332,0.09903791546821594,0.016687750816345215,0.10383322834968567,0.047137558460235596,0.07414212822914124,0.04058104753494263,0.05661424994468689,0.027203142642974854
0.0,0.0,0.04168224334716797,-0.04726487398147583,0.08909177780151367,-0.06903225183486938,0.13082730770111084,-0.06366735696792603,0.16782629489898682,-0.0526583194732666,0.11918753385543823,-0.08712971210479736,0.18106293678283691,-0.07614785432815552,0.21708720922470093,-0.06210404634475708,0.2498457431793213,-0.046061933040618896,0.11402446031570435,-0.04764235019683838,0.15499931573867798,0.002852320671081543,0.18499428033828735,0.04021984338760376,0.20804256200790405,0.07098984718322754,0.1041136384010315,-0.011291921138763428,0.11018931865692139,0.03776615858078003,0.07094752788543701,0.0284917950630188,0.04473966360092163,0.013020694255828857,0.09627777338027954,0.01950812339782715,0.09948402643203735,0.05036282539367676,0.06866252422332764,0.04239600896835327,0.050417959690093994,0.028353393077850342
0.0,0.0,0.040874481201171875,-0.0445595383644104,0.0879686176776886,-0.06619846820831299,0.12943962216377258,-0.06372559070587158,0.16747882962226868,-0.05380171537399292,0.1189221441745758,-0.08667725324630737,0.17986562848091125,-0.07517802715301514,0.21616992354393005,-0.061260342597961426,0.24865075945854187,-0.04526704549789429,0.11324569582939148,-0.046591877937316895,0.15356001257896423,0.0021057724952697754,0.18357589840888977,0.03982436656951904,0.20595452189445496,0.07073783874511719,0.1032310426235199,-0.010020911693572998,0.10990133881568909,0.03815656900405884,0.06985321640968323,0.030473411083221436,0.0427093505859375,0.01575380563735962,0.09591194987297058,0.020443499088287354,0.09761038422584534,0.050704002380371094,0.06632402539253235,0.04314601421356201,0.047575801610946655,0.029171466827392578
0.0,0.0,0.03988650441169739,-0.04173910617828369,0.09009093046188354,-0.06388062238693237,0.13275110721588135,-0.06138944625854492,0.17030763626098633,-0.05458807945251465,0.11956262588500977,-0.08653080463409424,0.18110299110412598,-0.07496464252471924,0.2173776626586914,-0.060552000999450684,0.2499988079071045,-0.04488575458526611,0.11517220735549927,-0.04690968990325928,0.15696841478347778,0.0013732314109802246,0.18560266494750977,0.040960609912872314,0.20763248205184937,0.0731765627861023,0.10563325881958008,-0.010654211044311523,0.1114925742149353,0.03811204433441162,0.07208520174026489,0.03180348873138428,0.04454243183135986,0.01781374216079712,0.09711945056915283,0.020411670207977295,0.10014873743057251,0.05168253183364868,0.07020348310470581,0.04479783773422241,0.05090302228927612,0.03070366382598877
0.0,0.0,0.040635496377944946,-0.04411280155181885,0.0890774130821228,-0.06620156764984131,0.1313765048980713,-0.062349677085876465,0.16957741975784302,-0.05255091190338135,0.119357168674469,-0.08536040782928467,0.18161875009536743,-0.07346659898757935,0.2180613875389099,-0.059697628021240234,0.25104546546936035,-0.043835461139678955,0.11401832103729248,-0.04624718427658081,0.15445899963378906,0.0035299062728881836,0.18413877487182617,0.04188162088394165,0.2067699432373047,0.07377028465270996,0.10434424877166748,-0.010120809078216553,0.11132806539535522,0.038543522357940674,0.07175719738006592,0.029755115509033203,0.04483652114868164,0.014643430709838867,0.0969896912574768,0.020787954330444336,0.10101914405822754,0.05164515972137451,0.07029902935028076,0.043920814990997314,0.05148422718048096,0.029737353324890137
0.0,0.0,0.04032003879547119,-0.044111669063568115,0.08920121192932129,-0.06625276803970337,0.13200443983078003,-0.06289023160934448,0.16996020078659058,-0.053573548793792725,0.11924487352371216,-0.08828800916671753,0.18097025156021118,-0.07656025886535645,0.21768862009048462,-0.06167501211166382,0.25100189447402954,-0.04491722583770752,0.11440271139144897,-0.047854721546173096,0.15365099906921387,0.0014933943748474121,0.18222928047180176,0.04031556844711304,0.20402264595031738,0.07221072912216187,0.1055908203125,-0.011214971542358398,0.10972356796264648,0.036767005920410156,0.0702093243598938,0.02951449155807495,0.043397337198257446,0.015158295631408691,0.09878653287887573,0.01979684829711914,0.10044926404953003,0.05033153295516968,0.06945836544036865,0.04381370544433594,0.05090677738189697,0.03034186363220215
0.0,0.0,0.042335569858551025,-0.04289215803146362,0.09204959869384766,-0.06365376710891724,0.1327863335609436,-0.06165546178817749,0.16813409328460693,-0.052494943141937256,0.1196088194847107,-0.08807271718978882,0.180081307888031,-0.07679378986358643,0.21611368656158447,-0.06211113929748535,0.24823260307312012,-0.04579347372055054,0.11393207311630249,-0.04825681447982788,0.1513943076133728,0.00032508373260498047,0.17703503370285034,0.04084360599517822,0.19562697410583496,0.07401275634765625,0.10453450679779053,-0.011672675609588623,0.10824006795883179,0.036616623401641846,0.07010269165039062,0.029587149620056152,0.043611228466033936,0.014646530151367188,0.09716492891311646,0.019499778747558594,0.09739488363265991,0.049362897872924805,0.06774139404296875,0.042978644371032715,0.050039589405059814,0.030334770679473877
0.0,0.0,0.04217565059661865,-0.043197035789489746,0.09313976764678955,-0.0647706389427185,0.13578557968139648,-0.06021440029144287,0.17291653156280518,-0.05064964294433594,0.12060493230819702,-0.08756613731384277,0.18257004022598267,-0.07507634162902832,0.21915709972381592,-0.06043064594268799,0.2520226240158081,-0.04379338026046753,0.11464071273803711,-0.048673808574676514,0.15379369258880615,0.0016559958457946777,0.18038898706436157,0.042732417583465576,0.19985496997833252,0.0766649842262268,0.10487246513366699,-0.012210309505462646,0.111042320728302,0.037778258323669434,0.07201838493347168,0.0310821533203125,0.045298218727111816,0.016506433486938477,0.09737765789031982,0.01946645975112915,0.10195213556289673,0.05055922269821167,0.07166528701782227,0.04398179054260254,0.05334573984146118,0.030545592308044434
0.0,0.0,0.042753368616104126,-0.04414069652557373,0.09131452441215515,-0.06373125314712524,0.13146266341209412,-0.05990767478942871,0.16700085997581482,-0.051507413387298584,0.11939910054206848,-0.087973952293396,0.1805349886417389,-0.07450485229492188,0.2165326178073883,-0.060503602027893066,0.24911019206047058,-0.043807029724121094,0.11214748024940491,-0.04929685592651367,0.1497466266155243,0.001216292381286621,0.17590674757957458,0.041775643825531006,0.19549283385276794,0.07558679580688477,0.10255631804466248,-0.012779951095581055,0.10866531729698181,0.03660309314727783,0.07014641165733337,0.02845609188079834,0.04463514685630798,0.01307666301727295,0.09635856747627258,0.01865077018737793,0.09846875071525574,0.04846775531768799,0.06811371445655823,0.0414811372756958,0.05143049359321594,0.028620898723602295
0.0,0.0,0.040032804012298584,-0.04458266496658325,0.0898752212524414,-0.0653073787689209,0.13130950927734375,-0.060977280139923096,0.16714853048324585,-0.05163764953613281,0.1192513108253479,-0.0856131911277771,0.18052399158477783,-0.07332724332809448,0.21686047315597534,-0.05982530117034912,0.24977833032608032,-0.04393577575683594,0.1131545901298523,-0.04736393690109253,0.15070271492004395,0.003759443759918213,0.17717820405960083,0.04296928644180298,0.1970580816268921,0.07571029663085938,0.10364073514938354,-0.012198030948638916,0.11085033416748047,0.03920978307723999,0.07193237543106079,0.032044827938079834,0.044642508029937744,0.01797497272491455,0.09633046388626099,0.018113672733306885,0.09989452362060547,0.049214303493499756,0.0699281096458435,0.043615758419036865,0.051743388175964355,0.031660616397857666
0.0,0.0,0.04036688804626465,-0.04558044672012329,0.08965620398521423,-0.06649291515350342,0.13048914074897766,-0.06126260757446289,0.1653628647327423,-0.05084425210952759,0.11821219325065613,-0.08708435297012329,0.17896726727485657,-0.07492268085479736,0.2147950828075409,-0.060929298400878906,0.24733826518058777,-0.04500514268875122,0.11293283104896545,-0.04742234945297241,0.14905747771263123,0.0014301538467407227,0.17514070868492126,0.04110080003738403,0.19489839673042297,0.0735471248626709,0.10433116555213928,-0.011335611343383789,0.10795333981513977,0.03655582666397095,0.0683417022228241,0.02965646982192993,0.04123234748840332,0.01522207260131836,0.09780880808830261,0.01941359043121338,0.0977795422077179,0.04913896322250366,0.06682172417640686,0.04212212562561035,0.04856547713279724,0.02889394760131836
0.0,0.0,0.04051122069358826,-0.04560309648513794,0.08856263756752014,-0.0656324028968811,0.12938269972801208,-0.06159985065460205,0.16446098685264587,-0.050553202629089355,0.11788645386695862,-0.08531475067138672,0.17679449915885925,-0.07437014579772949,0.2125692069530487,-0.06040143966674805,0.24439457058906555,-0.044321656227111816,0.1119946539402008,-0.04563027620315552,0.14897701144218445,0.0013207793235778809,0.17492035031318665,0.040689051151275635,0.1931118667125702,0.07341128587722778,0.10256728529930115,-0.009871602058410645,0.10777059197425842,0.036715149879455566,0.06872513890266418,0.029918789863586426,0.04143509268760681,0.01585710048675537,0.09570279717445374,0.0199127197265625,0.09674832224845886,0.04876178503036499,0.06639036536216736,0.042672574520111084,0.04758080840110779,0.030268192291259766
0.0,0.0,0.04129225015640259,-0.04035806655883789,0.09012848138809204,-0.06277424097061157,0.13081389665603638,-0.0635576844215393,0.1678471565246582,-0.05508917570114136,0.11863154172897339,-0.087319016456604,0.17997336387634277,-0.07657700777053833,0.21664875745773315,-0.061386823654174805,0.2489500641822815,-0.04426831007003784,0.11339366436004639,-0.04903113842010498,0.15338510274887085,-0.00014472007751464844,0.1787201166152954,0.04020720720291138,0.19656097888946533,0.07287532091140747,0.10476678609848022,-0.013249993324279785,0.11149686574935913,0.03561323881149292,0.07241284847259521,0.029100775718688965,0.04617539048194885,0.013406693935394287,0.09878498315811157,0.017323076725006104,0.10188025236129761,0.04839527606964111,0.072021484375,0.04331022500991821,0.054820358753204346,0.029939234256744385
0.0,0.0,0.04286256432533264,-0.04294180870056152,0.09109151363372803,-0.06467276811599731,0.1311747431755066,-0.06306922435760498,0.16770458221435547,-0.05477488040924072,0.11885607242584229,-0.08779251575469971,0.18067890405654907,-0.07740074396133423,0.21732193231582642,-0.0626412034034729,0.24989181756973267,-0.04549020528793335,0.1128464937210083,-0.05047804117202759,0.15225642919540405,-0.002129197120666504,0.17885494232177734,0.03730648756027222,0.19754242897033691,0.0698467493057251,0.10432273149490356,-0.015232324600219727,0.11123138666152954,0.03373897075653076,0.07180166244506836,0.027508676052093506,0.045363783836364746,0.012328863143920898,0.09941709041595459,0.015102028846740723,0.10244685411453247,0.04547679424285889,0.07192742824554443,0.0404512882232666,0.05407184362411499,0.02768784761428833
0.0,0.0,0.039320170879364014,-0.04190784692764282,0.0887775719165802,-0.06505459547042847,0.13034304976463318,-0.06315118074417114,0.16708025336265564,-0.055667102336883545,0.11839798092842102,-0.08929431438446045,0.17960461974143982,-0.07769393920898438,0.21535798907279968,-0.06313860416412354,0.24797216057777405,-0.04690051078796387,0.1129627525806427,-0.051129698753356934,0.15001705288887024,4.1544437408447266e-05,0.17537888884544373,0.03983062505722046,0.19534513354301453,0.0719144344329834,0.10469004511833191,-0.01588684320449829,0.10935094952583313,0.03592491149902344,0.06920817494392395,0.028963088989257812,0.042666226625442505,0.01354449987411499,0.09890308976173401,0.015024125576019287,0.09967836737632751,0.047077298164367676,0.06865432858467102,0.04105353355407715,0.05135127902030945,0.027682840824127197
0.0,0.0,0.04138818383216858,-0.043833017349243164,0.0899209976196289,-0.06673389673233032,0.13040798902511597,-0.06363385915756226,0.16717839241027832,-0.05415749549865723,0.11714273691177368,-0.08815997838973999,0.17851847410202026,-0.07656258344650269,0.21466434001922607,-0.061749160289764404,0.247616708278656,-0.044465720653533936,0.11196792125701904,-0.05129343271255493,0.15014320611953735,-0.0010197758674621582,0.17654365301132202,0.03942275047302246,0.19619524478912354,0.07284337282180786,0.10370832681655884,-0.016026198863983154,0.11029922962188721,0.034679532051086426,0.07105296850204468,0.02787870168685913,0.04413461685180664,0.012661457061767578,0.09753751754760742,0.014815986156463623,0.10137516260147095,0.04632788896560669,0.07133734226226807,0.041375577449798584,0.05347830057144165,0.02892160415649414
0.0,0.0,0.03987756371498108,-0.041222333908081055,0.08751857280731201,-0.06420612335205078,0.12840193510055542,-0.06305623054504395,0.16507071256637573,-0.05372840166091919,0.11894690990447998,-0.08719545602798462,0.17877334356307983,-0.07518744468688965,0.21415561437606812,-0.06058371067047119,0.24625808000564575,-0.04375714063644409,0.1135360598564148,-0.04890388250350952,0.14987969398498535,0.0014094710350036621,0.1751376986503601,0.0418398380279541,0.19457006454467773,0.0751258134841919,0.10505205392837524,-0.013943493366241455,0.10796409845352173,0.03777933120727539,0.06880348920822144,0.030670344829559326,0.04323258996009827,0.015053331851959229,0.09889155626296997,0.016084730625152588,0.09709727764129639,0.04785531759262085,0.06663864850997925,0.0416751503944397,0.05025249719619751,0.027800679206848145
0.0,0.0,0.04045948386192322,-0.040678560733795166,0.08754143118858337,-0.06408607959747314,0.12756606936454773,-0.06305283308029175,0.1655067503452301,-0.05454707145690918,0.1173461377620697,-0.08980852365493774,0.17906156182289124,-0.07691800594329834,0.21527251601219177,-0.06178724765777588,0.2479974329471588,-0.044007837772369385,0.11184617877006531,-0.05265367031097412,0.1506095826625824,-0.00015938282012939453,0.17718008160591125,0.040394127368927,0.19679543375968933,0.07385706901550293,0.1037156879901886,-0.017286062240600586,0.10893961787223816,0.0365290641784668,0.06943878531455994,0.02970045804977417,0.04418489336967468,0.013296663761138916,0.09847643971443176,0.01287233829498291,0.09824451804161072,0.047010719776153564,0.06776896119117737,0.04164654016494751,0.0520147979259491,0.02724689245223999
0.0,0.0,0.04242318868637085,-0.03896534442901611,0.09375518560409546,-0.06422609090805054,0.13556009531021118,-0.06603121757507324,0.1726595163345337,-0.058776140213012695,0.12160789966583252,-0.09102106094360352,0.18494468927383423,-0.0794755220413208,0.2218317985534668,-0.06370604038238525,0.2541457414627075,-0.04649710655212402,0.11760878562927246,-0.05257415771484375,0.1572144627571106,-0.0032978057861328125,0.183693528175354,0.03795886039733887,0.2034265398979187,0.07146459817886353,0.11004072427749634,-0.016530990600585938,0.11579328775405884,0.032817840576171875,0.07734239101409912,0.024973392486572266,0.05098658800125122,0.008337259292602539,0.10395097732543945,0.014503180980682373,0.1066928505897522,0.04455655813217163,0.07800173759460449,0.03966665267944336,0.06110036373138428,0.026446223258972168
0.0,0.0,0.040622562170028687,-0.04046523571014404,0.0883779227733612,-0.06320971250534058,0.12943747639656067,-0.06274515390396118,0.16545841097831726,-0.0530238151550293,0.11853954195976257,-0.08702081441879272,0.17793485522270203,-0.07576245069503784,0.2136555016040802,-0.06087261438369751,0.24560001492500305,-0.04357635974884033,0.1134473979473114,-0.0490490198135376,0.15218105912208557,0.0015385746955871582,0.17631587386131287,0.042413949966430664,0.19425919651985168,0.07602649927139282,0.1045788824558258,-0.013466060161590576,0.10901525616645813,0.037963151931762695,0.06943848729133606,0.029857397079467773,0.04321959614753723,0.013741016387939453,0.09717640280723572,0.016810297966003418,0.09625175595283508,0.047741711139678955,0.06565764546394348,0.04148125648498535,0.048607051372528076,0.027978181838989258
0.0,0.0,0.04030349850654602,-0.03961145877838135,0.08637475967407227,-0.06112384796142578,0.12720352411270142,-0.05998194217681885,0.16320013999938965,-0.04947304725646973,0.11756420135498047,-0.08555608987808228,0.17654544115066528,-0.07215315103530884,0.21270394325256348,-0.05782097578048706,0.24504053592681885,-0.04116111993789673,0.11177462339401245,-0.04843670129776001,0.15118026733398438,0.004074156284332275,0.17494040727615356,0.04539674520492554,0.19303131103515625,0.07913827896118164,0.10231488943099976,-0.012878060340881348,0.10691142082214355,0.039848268032073975,0.0669867992401123,0.031514883041381836,0.04092353582382202,0.015374600887298584,0.0940280556678772,0.017568767070770264,0.09335756301879883,0.049108266830444336,0.06245779991149902,0.04318845272064209,0.04545089602470398,0.029675543308258057
0.0,0.0,0.040288686752319336,-0.04297983646392822,0.08764922618865967,-0.06489920616149902,0.1288224458694458,-0.0621950626373291,0.16641050577163696,-0.051939427852630615,0.11791425943374634,-0.0877068042755127,0.1783905029296875,-0.07631313800811768,0.21451205015182495,-0.0619010329246521,0.24709570407867432,-0.044503986835479736,0.11222070455551147,-0.04899340867996216,0.149786114692688,0.002724587917327881,0.1759101152420044,0.0435599684715271,0.19479000568389893,0.07708781957626343,0.10338950157165527,-0.012725651264190674,0.10971105098724365,0.036466777324676514,0.070548415184021,0.027537763118743896,0.04454857110977173,0.011125624179840088,0.09751319885253906,0.01850748062133789,0.0989222526550293,0.04897654056549072,0.06841355562210083,0.04083132743835449,0.05162191390991211,0.02629142999649048
0.0,0.0,0.04141327738761902,-0.0414920449256897,0.08972188830375671,-0.06290841102600098,0.13051989674568176,-0.06118285655975342,0.1666869819164276,-0.05244487524032593,0.11850365996360779,-0.08720248937606812,0.17848125100135803,-0.07588613033294678,0.21484383940696716,-0.06113368272781372,0.24722275137901306,-0.04380834102630615,0.11317923665046692,-0.048725128173828125,0.15024378895759583,0.0011376738548278809,0.17497554421424866,0.041329264640808105,0.19299998879432678,0.07427185773849487,0.1045786440372467,-0.012973010540008545,0.10794058442115784,0.037172555923461914,0.06915178894996643,0.02899867296218872,0.04345908761024475,0.012587010860443115,0.09801867604255676,0.017200946807861328,0.0960172712802887,0.046994805335998535,0.06641700863838196,0.04054296016693115,0.050381213426589966,0.0268557071685791
0.0,0.0,0.03972253203392029,-0.03990894556045532,0.08699247241020203,-0.06274718046188354,0.12828364968299866,-0.06309950351715088,0.1653413474559784,-0.05379188060760498,0.11974617838859558,-0.08722937107086182,0.17925956845283508,-0.07604676485061646,0.2149820625782013,-0.06179004907608032,0.2469656765460968,-0.04534381628036499,0.11440691351890564,-0.04926329851150513,0.1537030041217804,0.0004152655601501465,0.17781713604927063,0.041552186012268066,0.1950739324092865,0.07539284229278564,0.1058976948261261,-0.014525175094604492,0.10980257391929626,0.03870189189910889,0.0692911446094513,0.031430065631866455,0.04276454448699951,0.01494520902633667,0.09899941086769104,0.01482999324798584,0.095782071352005,0.04807621240615845,0.06418707966804504,0.04150962829589844,0.046428024768829346,0.026459932327270508
0.0,0.0,0.0414697527885437,-0.040348827838897705,0.08913952112197876,-0.06482261419296265,0.1306564211845398,-0.06473708152770996,0.1685391664505005,-0.05477017164230347,0.11932307481765747,-0.08846390247344971,0.1807718276977539,-0.0768250823020935,0.2168351411819458,-0.06246161460876465,0.24928736686706543,-0.04597550630569458,0.11434799432754517,-0.05091291666030884,0.15409892797470093,0.0001976490020751953,0.17998003959655762,0.04117751121520996,0.19911623001098633,0.07514911890029907,0.10572588443756104,-0.01566261053085327,0.11211180686950684,0.03657722473144531,0.07347148656845093,0.029658973217010498,0.04771953821182251,0.014163553714752197,0.09923714399337769,0.01475071907043457,0.10155898332595825,0.04745745658874512,0.07194340229034424,0.04202771186828613,0.055320143699645996,0.028479456901550293
0.0,0.0,0.04038989543914795,-0.042973339557647705,0.08705279231071472,-0.06497395038604736,0.12789055705070496,-0.0625799298286438,0.1644749939441681,-0.0521012544631958,0.11895832419395447,-0.08665215969085693,0.17921951413154602,-0.0755608081817627,0.21470806002616882,-0.06084495782852173,0.24675515294075012,-0.043798089027404785,0.11303344368934631,-0.04724961519241333,0.14985468983650208,0.004242956638336182,0.17563781142234802,0.044855713844299316,0.19468852877616882,0.07765388488769531,0.10383263230323792,-0.011749565601348877,0.10756394267082214,0.03913360834121704,0.06839439272880554,0.03087860345840454,0.04198184609413147,0.014472007751464844,0.09719464182853699,0.01784801483154297,0.09597590565681458,0.04889476299285889,0.06574341654777527,0.041874706745147705,0.04835960268974304,0.02776360511779785
0.0,0.0,0.04085487127304077,-0.03997713327407837,0.08784997463226318,-0.06265652179718018,0.12842541933059692,-0.0617104172706604,0.16585081815719604,-0.05126744508743286,0.11649185419082642,-0.08950704336166382,0.1779835820198059,-0.07498860359191895,0.2144784927368164,-0.05987590551376343,0.24732691049575806,-0.04185080528259277,0.11079198122024536,-0.05209529399871826,0.151472270488739,0.0008615255355834961,0.17534273862838745,0.042779505252838135,0.19301074743270874,0.07710933685302734,0.10254019498825073,-0.015771329402923584,0.10879451036453247,0.03755670785903931,0.0689917802810669,0.030369281768798828,0.04381558299064636,0.01379615068435669,0.09686791896820068,0.014862775802612305,0.09737467765808105,0.0475161075592041,0.06689822673797607,0.0423395037651062,0.05070441961288452,0.028340637683868408
0.0,0.0,0.03947484493255615,-0.037325918674468994,0.08697307109832764,-0.06076246500015259,0.1283578872680664,-0.061592042446136475,0.16632801294326782,-0.052190423011779785,0.1181032657623291,-0.08657681941986084,0.17791646718978882,-0.07463598251342773,0.21377503871917725,-0.05896878242492676,0.2453482747077942,-0.041446805000305176,0.11321651935577393,-0.048024535179138184,0.15174686908721924,0.003600895404815674,0.17604690790176392,0.04550337791442871,0.19402366876602173,0.0788230299949646,0.10472577810287476,-0.012592077255249023,0.10866677761077881,0.03909701108932495,0.06968444585800171,0.03279721736907959,0.04411745071411133,0.016975998878479004,0.09793680906295776,0.01748645305633545,0.09718036651611328,0.0501631498336792,0.06759887933731079,0.04461836814880371,0.051052629947662354,0.030747294425964355
0.0,0.0,0.03961259126663208,-0.03753918409347534,0.08938264846801758,-0.061066508293151855,0.13124650716781616,-0.06322991847991943,0.1707431674003601,-0.05578666925430298,0.11868345737457275,-0.08903378248214722,0.18111371994018555,-0.07304513454437256,0.2186065912246704,-0.05825066566467285,0.2524716258049011,-0.04180324077606201,0.11629247665405273,-0.05196058750152588,0.15643328428268433,0.0014322400093078613,0.17965877056121826,0.04529529809951782,0.19716095924377441,0.0804407000541687,0.10982400178909302,-0.01629561185836792,0.11647051572799683,0.03452068567276001,0.07569825649261475,0.027764499187469482,0.0501040518283844,0.01104581356048584,0.10378867387771606,0.014070630073547363,0.10377395153045654,0.045940279960632324,0.07344406843185425,0.04202568531036377,0.05797457695007324,0.028320610523223877
0.0,0.0,0.040787458419799805,-0.03871864080429077,0.08856821060180664,-0.06119030714035034,0.1287645697593689,-0.06143808364868164,0.1658586859703064,-0.05122852325439453,0.11815649271011353,-0.08714050054550171,0.17749249935150146,-0.07101136445999146,0.2132471203804016,-0.05513399839401245,0.24544143676757812,-0.037459373474121094,0.11386162042617798,-0.04964691400527954,0.1536518931388855,0.0023164749145507812,0.1767263412475586,0.04597914218902588,0.19350576400756836,0.08158832788467407,0.10582292079925537,-0.014097273349761963,0.10801196098327637,0.037901878356933594,0.06830108165740967,0.03026658296585083,0.042543232440948486,0.013527393341064453,0.09853333234786987,0.016389966011047363,0.09529495239257812,0.04832702875137329,0.06492340564727783,0.04279989004135132,0.04862254858016968,0.028548777103424072
0.0,0.0,0.04177653789520264,-0.036989569664001465,0.08836787939071655,-0.05892026424407959,0.12814861536026,-0.058529436588287354,0.16586941480636597,-0.0499342679977417,0.11923408508300781,-0.08590531349182129,0.17873471975326538,-0.06939536333084106,0.2139596939086914,-0.053820013999938965,0.24613738059997559,-0.03703218698501587,0.11403107643127441,-0.04931175708770752,0.15425550937652588,0.0029567480087280273,0.175567626953125,0.046471357345581055,0.19104576110839844,0.08126407861709595,0.1051371693611145,-0.014017641544342041,0.11189991235733032,0.0381016731262207,0.07280915975570679,0.032311320304870605,0.04817396402359009,0.016240477561950684,0.09761202335357666,0.016090214252471924,0.09900873899459839,0.04973560571670532,0.06953823566436768,0.04552501440048218,0.054064393043518066,0.031630754470825195
0.0,0.0,0.04285302758216858,-0.03855329751968384,0.0927024781703949,-0.06199461221694946,0.1342458426952362,-0.059661865234375,0.17151793837547302,-0.049781978130340576,0.11965915560722351,-0.08656466007232666,0.1803751289844513,-0.07374292612075806,0.216024249792099,-0.05699056386947632,0.24702438712120056,-0.03891861438751221,0.11429986357688904,-0.04800999164581299,0.1533794105052948,0.0007032155990600586,0.1781168282032013,0.0430988073348999,0.1949901282787323,0.0779528021812439,0.10556921362876892,-0.012735843658447266,0.1087312400341034,0.03615540266036987,0.07110753655433655,0.029680073261260986,0.045274704694747925,0.014787793159484863,0.09900715947151184,0.017118752002716064,0.10021129250526428,0.048114657402038574,0.0716792643070221,0.04347574710845947,0.05487331748008728,0.03167080879211426
0.0,0.0,0.04533827304840088,-0.03733420372009277,0.09475499391555786,-0.060089945793151855,0.13477516174316406,-0.0601038932800293,0.17098468542099,-0.05017334222793579,0.12225770950317383,-0.08722871541976929,0.1821327805519104,-0.07350337505340576,0.21784180402755737,-0.05707383155822754,0.2491200566291809,-0.03931558132171631,0.11723756790161133,-0.04954028129577637,0.15613174438476562,0.0010971426963806152,0.17997592687606812,0.043561577796936035,0.1956017017364502,0.07860791683197021,0.1084715723991394,-0.013934969902038574,0.11206811666488647,0.037629127502441406,0.07321333885192871,0.030353784561157227,0.04600977897644043,0.014735162258148193,0.10148823261260986,0.01582205295562744,0.1015019416809082,0.048665761947631836,0.07237213850021362,0.044174373149871826,0.05475074052810669,0.03257012367248535
0.0,0.0,0.0431094765663147,-0.03607672452926636,0.0907791256904602,-0.05791085958480835,0.13085335493087769,-0.0574302077293396,0.167493999004364,-0.04717987775802612,0.12099069356918335,-0.08461672067642212,0.1793982982635498,-0.06973886489868164,0.21409070491790771,-0.05488508939743042,0.2458052635192871,-0.03856551647186279,0.1159026026725769,-0.049504876136779785,0.15455573797225952,0.002657473087310791,0.17669588327407837,0.04632127285003662,0.19229930639266968,0.08220553398132324,0.1066049337387085,-0.015257120132446289,0.11058717966079712,0.03864032030105591,0.0710829496383667,0.032658934593200684,0.04447263479232788,0.017992496490478516,0.09804308414459229,0.014224231243133545,0.09690499305725098,0.04865145683288574,0.06693696975708008,0.0452304482460022,0.0497894287109375,0.03344768285751343
0.0,0.0,0.041798174381256104,-0.03693544864654541,0.0882062315940857,-0.058391690254211426,0.12798136472702026,-0.05741405487060547,0.16432273387908936,-0.045055389404296875,0.12065517902374268,-0.08274751901626587,0.17836236953735352,-0.06968098878860474,0.21227502822875977,-0.054511845111846924,0.24285274744033813,-0.038234174251556396,0.11476051807403564,-0.04577142000198364,0.15189194679260254,0.0052754878997802734,0.17461180686950684,0.04790961742401123,0.1900714635848999,0.08213090896606445,0.10516244173049927,-0.011925578117370605,0.10755276679992676,0.039765894412994385,0.06856167316436768,0.03349721431732178,0.04225802421569824,0.01805955171585083,0.09755557775497437,0.016411244869232178,0.0970192551612854,0.05060994625091553,0.06699860095977783,0.04560971260070801,0.049156904220581055,0.032353878021240234
0.0,0.0,0.042895883321762085,-0.03592735528945923,0.09100541472434998,-0.05862152576446533,0.13172361254692078,-0.05866152048110962,0.16927632689476013,-0.04956716299057007,0.12138566374778748,-0.08595860004425049,0.1811399757862091,-0.07187485694885254,0.21645525097846985,-0.05534642934799194,0.24748584628105164,-0.03805810213088989,0.11633768677711487,-0.047935664653778076,0.15645131468772888,0.0014635920524597168,0.17990157008171082,0.04490375518798828,0.19486472010612488,0.08005332946777344,0.10767242312431335,-0.012790799140930176,0.11057928204536438,0.03796112537384033,0.0715118944644928,0.032901644706726074,0.04442736506462097,0.01827549934387207,0.10073962807655334,0.016746699810028076,0.09957817196846008,0.04974853992462158,0.06921175122261047,0.04518592357635498,0.05071482062339783,0.032332003116607666
0.0,0.0,0.03984388709068298,-0.035380661487579346,0.0873536765575409,-0.05886256694793701,0.1281019151210785,-0.059415340423583984,0.1655992567539215,-0.049177348613739014,0.12041184306144714,-0.08551031351089478,0.1796862781047821,-0.07082486152648926,0.21428260207176208,-0.05489087104797363,0.24577119946479797,-0.037226855754852295,0.1150655448436737,-0.04924136400222778,0.15454694628715515,0.0012290477752685547,0.1765020787715912,0.045726478099823,0.1927987039089203,0.0822751522064209,0.10652938485145569,-0.015194058418273926,0.11028870940208435,0.036409616470336914,0.07049867510795593,0.03146249055862427,0.04565170407295227,0.016803205013275146,0.09939160943031311,0.014650523662567139,0.096472829580307,0.048202335834503174,0.06546631455421448,0.043354034423828125,0.049521058797836304,0.029448270797729492
0.0,0.0,0.04010164737701416,-0.036671459674835205,0.08785015344619751,-0.0587497353553772,0.12863266468048096,-0.05860525369644165,0.16659104824066162,-0.04872065782546997,0.12132185697555542,-0.08586347103118896,0.1811162829399109,-0.07240134477615356,0.2158910632133484,-0.05658954381942749,0.24687927961349487,-0.0393214225769043,0.11495047807693481,-0.0478174090385437,0.15536010265350342,0.0017660260200500488,0.17776399850845337,0.04474771022796631,0.1928005814552307,0.07950335741043091,0.1055712103843689,-0.012827932834625244,0.11061471700668335,0.03623312711715698,0.07111221551895142,0.03137272596359253,0.0463675856590271,0.016431689262390137,0.09906035661697388,0.01736360788345337,0.09774553775787354,0.049194514751434326,0.06660139560699463,0.04333817958831787,0.05018132925033569,0.02900564670562744
0.0,0.0,0.04090338945388794,-0.036366283893585205,0.0873328447341919,-0.058954060077667236,0.12764602899551392,-0.05800837278366089,0.16514474153518677,-0.04730796813964844,0.120746910572052,-0.08445268869400024,0.18083834648132324,-0.06984758377075195,0.21541839838027954,-0.05405360460281372,0.24646949768066406,-0.036857783794403076,0.11517280340194702,-0.04707062244415283,0.15515917539596558,0.0038934946060180664,0.17787879705429077,0.048219144344329834,0.19341230392456055,0.08444350957870483,0.1061277985572815,-0.011812984943389893,0.10953325033187866,0.03800398111343384,0.07028007507324219,0.03233438730239868,0.0453944206237793,0.017555594444274902,0.09929043054580688,0.018973350524902344,0.09756404161453247,0.05068516731262207,0.06663703918457031,0.045110464096069336,0.05019795894622803,0.03147810697555542
0.0,0.0,0.03859865665435791,-0.0410652756690979,0.0856856107711792,-0.06551164388656616,0.12864816188812256,-0.06252628564834595,0.16587978601455688,-0.04969578981399536,0.11904942989349365,-0.08681893348693848,0.18005073070526123,-0.07377201318740845,0.21455329656600952,-0.05737942457199097,0.2450839877128601,-0.03998500108718872,0.11482852697372437,-0.04637569189071655,0.1539137363433838,0.0030255913734436035,0.1778814196586609,0.044852375984191895,0.19417071342468262,0.07872146368026733,0.10618305206298828,-0.010635733604431152,0.10719579458236694,0.03587484359741211,0.0694621205329895,0.027026236057281494,0.043280184268951416,0.01083683967590332,0.09827232360839844,0.02026498317718506,0.09623903036117554,0.049129605293273926,0.06668806076049805,0.041531264781951904,0.04864358901977539,0.02728360891342163
0.0,0.0,0.04207313060760498,-0.039171040058135986,0.09036672115325928,-0.06086838245391846,0.13224577903747559,-0.058462560176849365,0.16949933767318726,-0.04793071746826172,0.12210696935653687,-0.08548843860626221,0.18177223205566406,-0.07237142324447632,0.2171001434326172,-0.05632740259170532,0.24829304218292236,-0.03920656442642212,0.11664551496505737,-0.04593074321746826,0.15383046865463257,0.004082024097442627,0.17782431840896606,0.045849502086639404,0.19338774681091309,0.07950979471206665,0.10776382684707642,-0.010529577732086182,0.10895735025405884,0.038270413875579834,0.07037150859832764,0.031135380268096924,0.0430222749710083,0.015515625476837158,0.10099494457244873,0.019084692001342773,0.09928727149963379,0.04985678195953369,0.06893587112426758,0.04339510202407837,0.04976177215576172,0.029608726501464844
0.0,0.0,0.04110640287399292,-0.03747546672821045,0.08732467889785767,-0.06112271547317505,0.12866723537445068,-0.06088531017303467,0.16609132289886475,-0.049761414527893066,0.11794698238372803,-0.08865618705749512,0.1791219711303711,-0.07403206825256348,0.21423965692520142,-0.05736362934112549,0.24521887302398682,-0.039089322090148926,0.11247801780700684,-0.05069214105606079,0.15171581506729126,-0.0022391080856323242,0.17558252811431885,0.03971070051193237,0.1919260025024414,0.07456910610198975,0.10437750816345215,-0.01505589485168457,0.10852640867233276,0.032624781131744385,0.072246253490448,0.026365697383880615,0.04872959852218628,0.011294841766357422,0.09909147024154663,0.015245616436004639,0.09895998239517212,0.04590553045272827,0.07105940580368042,0.0408361554145813,0.05577433109283447,0.027844369411468506
0.0,0.0,0.039109110832214355,-0.03845846652984619,0.08340591192245483,-0.06001228094100952,0.12388890981674194,-0.05892229080200195,0.16240549087524414,-0.04773092269897461,0.11676234006881714,-0.08559262752532959,0.17535066604614258,-0.07121318578720093,0.21054589748382568,-0.05549877882003784,0.2420898675918579,-0.03723806142807007,0.11064255237579346,-0.047655582427978516,0.1486256718635559,0.0036078691482543945,0.17247486114501953,0.045817673206329346,0.18819743394851685,0.08052855730056763,0.10215061902999878,-0.012643277645111084,0.10615253448486328,0.03961682319641113,0.06700009107589722,0.0339207649230957,0.041888654232025146,0.018686652183532715,0.09697693586349487,0.016301333904266357,0.09589248895645142,0.04910236597061157,0.06504213809967041,0.04405617713928223,0.047919392585754395,0.030239403247833252
0.0,0.0,0.03899380564689636,-0.03838282823562622,0.08541300892829895,-0.061431169509887695,0.12682506442070007,-0.060328543186187744,0.1643010675907135,-0.049599528312683105,0.11750444769859314,-0.08669447898864746,0.17711779475212097,-0.072853684425354,0.21248283982276917,-0.05714714527130127,0.2443300187587738,-0.03937721252441406,0.11234191060066223,-0.04908055067062378,0.15160778164863586,0.0010994672775268555,0.175053209066391,0.04348021745681763,0.19103685021400452,0.07850676774978638,0.10424646735191345,-0.014373362064361572,0.10743322968482971,0.03623402118682861,0.06763491034507751,0.03023630380630493,0.04168924689292908,0.015140295028686523,0.09823557734489441,0.015424370765686035,0.09444692730903625,0.04789376258850098,0.06297025084495544,0.041770994663238525,0.045607954263687134,0.027299106121063232
0.0,0.0,0.043466001749038696,-0.03718137741088867,0.08934459090232849,-0.060173213481903076,0.1298879086971283,-0.061084866523742676,0.16863897442817688,-0.050361037254333496,0.12071147561073303,-0.08771568536758423,0.18000248074531555,-0.07529318332672119,0.21578606963157654,-0.05946892499923706,0.24697920680046082,-0.04239577054977417,0.11430880427360535,-0.04920399188995361,0.1532972753047943,0.0004321932792663574,0.17789867520332336,0.042285144329071045,0.19321206212043762,0.0761260986328125,0.10482504963874817,-0.013621509075164795,0.1092289388179779,0.03486746549606323,0.07166078686714172,0.029410958290100098,0.046136170625686646,0.01470482349395752,0.09931650757789612,0.01629084348678589,0.10008350014686584,0.04645359516143799,0.07076016068458557,0.04177725315093994,0.05315127968788147,0.02951347827911377
0.0,0.0,0.04118433594703674,-0.03696960210800171,0.08740052580833435,-0.059689223766326904,0.12828144431114197,-0.05901604890823364,0.16516879200935364,-0.04782664775848389,0.11866113543510437,-0.08656919002532959,0.17839238047599792,-0.07178932428359985,0.21395310759544373,-0.056033551692962646,0.24581065773963928,-0.03850740194320679,0.11221083998680115,-0.049592554569244385,0.15172752737998962,0.0023723244667053223,0.1749350130558014,0.04386502504348755,0.19167974591255188,0.07774233818054199,0.10294947028160095,-0.014085650444030762,0.1070241630077362,0.03826916217803955,0.06856051087379456,0.029370248317718506,0.04381409287452698,0.012319087982177734,0.09586569666862488,0.01582956314086914,0.09392097592353821,0.04759097099304199,0.06377831101417542,0.0402299165725708,0.04751458764076233,0.02557748556137085
0.0,0.0,0.03996509313583374,-0.03753596544265747,0.08625495433807373,-0.05993020534515381,0.12709730863571167,-0.05895429849624634,0.16405636072158813,-0.04696589708328247,0.11816877126693726,-0.08740133047103882,0.1783161759376526,-0.07304280996322632,0.21405762434005737,-0.05665946006774902,0.2457919716835022,-0.03828531503677368,0.11152410507202148,-0.049974024295806885,0.15074783563613892,0.0008661150932312012,0.17412519454956055,0.04337918758392334,0.1902782917022705,0.07795649766921997,0.10278129577636719,-0.014488518238067627,0.10680389404296875,0.03561735153198242,0.06716734170913696,0.029033422470092773,0.04206973314285278,0.013300716876983643,0.09720170497894287,0.015213310718536377,0.09517276287078857,0.0473446249961853,0.06367611885070801,0.04117172956466675,0.04677021503448486,0.02685791254043579
0.0,0.0,0.04053172469139099,-0.03857100009918213,0.08722048997879028,-0.06113874912261963,0.12892228364944458,-0.060335516929626465,0.16721653938293457,-0.049511492252349854,0.11814922094345093,-0.08638125658035278,0.17768234014511108,-0.07280755043029785,0.2141258716583252,-0.057299017906188965,0.2467259168624878,-0.039246559143066406,0.11238455772399902,-0.04864722490310669,0.15095096826553345,0.0019550323486328125,0.17512857913970947,0.04307234287261963,0.1917637586593628,0.07729780673980713,0.1039000153541565,-0.0131722092628479,0.10853433609008789,0.03835660219192505,0.0686447024345398,0.0305330753326416,0.04211258888244629,0.014403045177459717,0.09819746017456055,0.016447365283966064,0.09683030843734741,0.04788452386856079,0.06586211919784546,0.04132717847824097,0.048351287841796875,0.027089297771453857
0.0,0.0,0.0398983359336853,-0.038418591022491455,0.087065190076828,-0.061945438385009766,0.1296115219593048,-0.06111115217208862,0.16863039135932922,-0.05193209648132324,0.1197347342967987,-0.08830815553665161,0.17978081107139587,-0.07565385103225708,0.21540620923042297,-0.05919903516769409,0.24647560715675354,-0.04141038656234741,0.11467662453651428,-0.04995715618133545,0.15578106045722961,-0.0018281340599060059,0.17888960242271423,0.04127073287963867,0.19354769587516785,0.07683908939361572,0.10617545247077942,-0.014576733112335205,0.11000809073448181,0.034670472145080566,0.07130637764930725,0.02923649549484253,0.04559716582298279,0.014260828495025635,0.10017958283424377,0.015668809413909912,0.10075965523719788,0.04677176475524902,0.07101407647132874,0.04206502437591553,0.053632766008377075,0.028707265853881836
0.0,0.0,0.0403861403465271,-0.037136733531951904,0.08616411685943604,-0.060914576053619385,0.12708234786987305,-0.06153261661529541,0.16471588611602783,-0.051077842712402344,0.1197158694267273,-0.08776360750198364,0.17908954620361328,-0.07417958974838257,0.21390604972839355,-0.058094680309295654,0.24484294652938843,-0.04072624444961548,0.11416053771972656,-0.04964572191238403,0.15345579385757446,-4.291534423828125e-06,0.1765296459197998,0.04293280839920044,0.19209355115890503,0.0774155855178833,0.10536158084869385,-0.014559566974639893,0.10973554849624634,0.03486520051956177,0.07070869207382202,0.02874857187271118,0.04480713605880737,0.013013064861297607,0.09878945350646973,0.01558154821395874,0.09783869981765747,0.046930909156799316,0.06734955310821533,0.041273295879364014,0.04984623193740845,0.027153193950653076
0.0,0.0,0.04057016968727112,-0.037496864795684814,0.08756428956985474,-0.05944734811782837,0.12859457731246948,-0.058485448360443115,0.16518563032150269,-0.04945516586303711,0.1178886890411377,-0.0870206356048584,0.17776978015899658,-0.0734248161315918,0.21275466680526733,-0.057187438011169434,0.24371933937072754,-0.03941702842712402,0.11220782995223999,-0.048044800758361816,0.15034770965576172,0.0030655860900878906,0.17479592561721802,0.04514092206954956,0.1920640468597412,0.07921081781387329,0.10339236259460449,-0.012451767921447754,0.10714584589004517,0.03659355640411377,0.06969821453094482,0.029871702194213867,0.044161319732666016,0.01484304666519165,0.09654313325881958,0.01784735918045044,0.09596198797225952,0.04809445142745972,0.06735312938690186,0.042256176471710205,0.05053311586380005,0.029281318187713623
0.0,0.0,0.048115074634552,-0.03554123640060425,0.091694176197052,-0.05397266149520874,0.13010382652282715,-0.05178612470626831,0.16801047325134277,-0.041580915451049805,0.12107878923416138,-0.08441811800003052,0.18061846494674683,-0.06702911853790283,0.21729248762130737,-0.05321800708770752,0.2508753538131714,-0.0361904501914978,0.10952979326248169,-0.05225116014480591,0.15430951118469238,0.005365312099456787,0.17987293004989624,0.04836910963058472,0.19832158088684082,0.08416247367858887,0.09578794240951538,-0.018296122550964355,0.11554163694381714,0.041977882385253906,0.0757337212562561,0.03243052959442139,0.048278868198394775,0.013973057270050049,0.08544111251831055,0.011858999729156494,0.0972815752029419,0.04755514860153198,0.06980037689208984,0.04362678527832031,0.052404165267944336,0.02999776601791382
0.0,0.0,0.04230043292045593,-0.038630545139312744,0.08600959181785583,-0.057970285415649414,0.12497153878211975,-0.05488741397857666,0.16397550702095032,-0.04331105947494507,0.11730954051017761,-0.08624303340911865,0.17742130160331726,-0.06874442100524902,0.2135627567768097,-0.05453699827194214,0.24663838744163513,-0.03622323274612427,0.10791251063346863,-0.05260610580444336,0.15043535828590393,0.005919337272644043,0.17330023646354675,0.04686009883880615,0.19124451279640198,0.07978296279907227,0.09742417931556702,-0.017375588417053223,0.11208060383796692,0.040711283683776855,0.07418391108512878,0.029297173023223877,0.05123975872993469,0.008779525756835938,0.09044453501701355,0.013312041759490967,0.09839978814125061,0.048425376415252686,0.07030478119850159,0.04159432649612427,0.05537733435630798,0.024914026260375977
0.0,0.0,0.03822717070579529,-0.03934985399246216,0.08331608772277832,-0.06128305196762085,0.12375915050506592,-0.059681057929992676,0.16194969415664673,-0.0483168363571167,0.1156274676322937,-0.08646690845489502,0.1752501130104065,-0.07343971729278564,0.21043139696121216,-0.05812501907348633,0.24247252941131592,-0.03974944353103638,0.11043941974639893,-0.04886502027511597,0.14857715368270874,0.005121469497680664,0.1737738847732544,0.04683405160903931,0.1915012001991272,0.08139777183532715,0.10240930318832397,-0.014019012451171875,0.10609644651412964,0.03897285461425781,0.06614315509796143,0.03192245960235596,0.0407218337059021,0.016419529914855957,0.09765249490737915,0.015363156795501709,0.09556835889816284,0.049456119537353516,0.06412315368652344,0.043215930461883545,0.04757744073867798,0.028912484645843506
0.0,0.0,0.03776642680168152,-0.04006606340408325,0.08339649438858032,-0.06158244609832764,0.12375420331954956,-0.060246825218200684,0.1623336672782898,-0.049588024616241455,0.11369234323501587,-0.0871894359588623,0.17366242408752441,-0.07395261526107788,0.21010231971740723,-0.05861401557922363,0.24280446767807007,-0.04002803564071655,0.10755819082260132,-0.05096626281738281,0.14782202243804932,0.0025249719619750977,0.1722685694694519,0.04403829574584961,0.18850284814834595,0.07825964689254761,0.10002696514129639,-0.016882479190826416,0.1065409779548645,0.03861069679260254,0.06530708074569702,0.03298473358154297,0.03926888108253479,0.01772332191467285,0.09630608558654785,0.011524021625518799,0.09538823366165161,0.04715925455093384,0.06226235628128052,0.042120516300201416,0.04396134614944458,0.027910232543945312
0.0,0.0,0.037987709045410156,-0.04018312692642212,0.0846162736415863,-0.06178814172744751,0.12548485398292542,-0.05814749002456665,0.1620420515537262,-0.047000110149383545,0.11524727940559387,-0.08559054136276245,0.17373380064964294,-0.07304650545120239,0.20903286337852478,-0.05799740552902222,0.241109699010849,-0.04080742597579956,0.11113235354423523,-0.0479007363319397,0.14834186434745789,0.0040204524993896484,0.17119815945625305,0.045649945735931396,0.18761011958122253,0.0796087384223938,0.10328242182731628,-0.012784183025360107,0.10605880618095398,0.03889358043670654,0.06609585881233215,0.03201878070831299,0.04013487696647644,0.016802072525024414,0.09694024920463562,0.016922175884246826,0.09555509686470032,0.0495145320892334,0.06470969319343567,0.04454970359802246,0.047767192125320435,0.03129231929779053
0.0,0.0,0.03882762789726257,-0.04020649194717407,0.08418351411819458,-0.06369584798812866,0.1252543330192566,-0.06128209829330444,0.16376978158950806,-0.05136406421661377,0.11696982383728027,-0.08884590864181519,0.17673903703689575,-0.07564926147460938,0.21229499578475952,-0.06030833721160889,0.24405473470687866,-0.0425342321395874,0.1115524172782898,-0.04923337697982788,0.1475834846496582,0.0007278919219970703,0.1718040108680725,0.0420718789100647,0.18883979320526123,0.07583165168762207,0.1033552885055542,-0.01275622844696045,0.10471826791763306,0.03587442636489868,0.06537508964538574,0.028815031051635742,0.039689481258392334,0.013437747955322266,0.09787976741790771,0.01790398359298706,0.09502673149108887,0.04762828350067139,0.06453931331634521,0.04115945100784302,0.04777717590332031,0.027840614318847656
0.0,0.0,0.04061654210090637,-0.037170469760894775,0.0890379250049591,-0.06030493974685669,0.13062527775764465,-0.06022143363952637,0.16921082139015198,-0.05085599422454834,0.11898383498191833,-0.08950579166412354,0.1791638433933258,-0.0747191309928894,0.21551069617271423,-0.058673322200775146,0.2477472722530365,-0.04119706153869629,0.11400815844535828,-0.05101126432418823,0.1527291238307953,0.0011646747589111328,0.17762717604637146,0.043636441230773926,0.19453909993171692,0.07811647653579712,0.10613897442817688,-0.015056848526000977,0.109953373670578,0.036807358264923096,0.06958886981010437,0.030878961086273193,0.04224851727485657,0.015795111656188965,0.10099366307258606,0.015211284160614014,0.10002139210700989,0.0474623441696167,0.06836012005805969,0.04203313589096069,0.0496802031993866,0.02868705987930298
0.0,0.0,0.03959071636199951,-0.03586578369140625,0.08579206466674805,-0.06000685691833496,0.1275295615196228,-0.06119805574417114,0.16720330715179443,-0.05322915315628052,0.1201014518737793,-0.08819109201431274,0.18044543266296387,-0.07421422004699707,0.2166857123374939,-0.059128522872924805,0.2491917610168457,-0.04218810796737671,0.11579817533493042,-0.05057215690612793,0.15531682968139648,0.00011450052261352539,0.17810320854187012,0.04336857795715332,0.19439637660980225,0.0785340666770935,0.10749775171279907,-0.014793932437896729,0.11320263147354126,0.036071836948394775,0.07279938459396362,0.029410183429718018,0.04680532217025757,0.013288140296936035,0.10108447074890137,0.01598900556564331,0.09972882270812988,0.047976791858673096,0.0695810317993164,0.0421900749206543,0.053089678287506104,0.02766484022140503
0.0,0.0,0.03770914673805237,-0.038876473903656006,0.08387219905853271,-0.06111353635787964,0.1261090636253357,-0.059538424015045166,0.16404753923416138,-0.04837334156036377,0.1171378493309021,-0.08423471450805664,0.1770341396331787,-0.07199901342391968,0.21252673864364624,-0.05708456039428711,0.24460113048553467,-0.040032923221588135,0.1127822995185852,-0.045931875705718994,0.15173423290252686,0.005505919456481934,0.1749323010444641,0.04740762710571289,0.19095301628112793,0.08171707391738892,0.10504525899887085,-0.011293530464172363,0.10726231336593628,0.04021620750427246,0.06705605983734131,0.0331459641456604,0.0404638946056366,0.01769125461578369,0.09905004501342773,0.01804870367050171,0.09655660390853882,0.050589144229888916,0.06492733955383301,0.04445493221282959,0.04683220386505127,0.0300864577293396
0.0,0.0,0.04047676920890808,-0.03672599792480469,0.08702164888381958,-0.060157597064971924,0.12823128700256348,-0.06215435266494751,0.16697102785110474,-0.05274534225463867,0.11921614408493042,-0.08930641412734985,0.1801813244819641,-0.07521039247512817,0.21610265970230103,-0.059349238872528076,0.24809235334396362,-0.04135161638259888,0.1147192120552063,-0.05219995975494385,0.1544603705406189,-0.000213623046875,0.17802375555038452,0.04259002208709717,0.19431066513061523,0.07761096954345703,0.10691958665847778,-0.01679021120071411,0.10960519313812256,0.03487253189086914,0.07085049152374268,0.0269697904586792,0.04647049307823181,0.009428620338439941,0.10162556171417236,0.013212859630584717,0.0984991192817688,0.04595249891281128,0.06830424070358276,0.03986036777496338,0.052639782428741455,0.02447044849395752
0.0,0.0,0.039618611335754395,-0.03767591714859009,0.08704030513763428,-0.05960488319396973,0.12806016206741333,-0.0598030686378479,0.16723859310150146,-0.052402496337890625,0.11901795864105225,-0.08922576904296875,0.17981255054473877,-0.07283580303192139,0.21609151363372803,-0.05855518579483032,0.24966579675674438,-0.04152935743331909,0.114646315574646,-0.05351102352142334,0.1548445224761963,0.0019185543060302734,0.17637383937835693,0.042514681816101074,0.19302695989608765,0.0756371021270752,0.10719418525695801,-0.017854928970336914,0.11273252964019775,0.03494584560394287,0.07273882627487183,0.02725660800933838,0.049451231956481934,0.0106123685836792,0.10210323333740234,0.012807488441467285,0.0997159481048584,0.044555723667144775,0.06891965866088867,0.039602577686309814,0.05474138259887695,0.02577453851699829
