0.0,0.0,0.02802807092666626,0.028077304363250732,0.05405324697494507,0.043839871883392334,0.07218992710113525,0.0589221715927124,0.08466386795043945,0.07351291179656982,0.07379770278930664,-0.009055674076080322,0.10313761234283447,0.023807644844055176,0.11740988492965698,0.052652955055236816,0.126068115234375,0.07381385564804077,0.06679844856262207,-0.022116363048553467,0.07485920190811157,0.029153287410736084,0.05985766649246216,0.04446333646774292,0.047569453716278076,0.04275977611541748,0.05760771036148071,-0.024642646312713623,0.06178152561187744,0.02733093500137329,0.04823273420333862,0.03681665658950806,0.038267552852630615,0.032584547996520996,0.0483708381652832,-0.026054441928863525,0.05291485786437988,0.011989712715148926,0.04546034336090088,0.02288496494293213,0.03790473937988281,0.023714303970336914
0.0,0.0,0.02721428871154785,-0.013134241104125977,0.05856829881668091,-0.012683570384979248,0.08250021934509277,0.0002987980842590332,0.10047656297683716,0.016018033027648926,0.09475141763687134,-0.03354811668395996,0.12724179029464722,-0.00343400239944458,0.14368969202041626,0.024515211582183838,0.15523135662078857,0.05007535219192505,0.08358091115951538,-0.030135631561279297,0.10326087474822998,-0.002742946147918701,0.10570704936981201,0.015631377696990967,0.10587102174758911,0.02961289882659912,0.0701327919960022,-0.02199685573577881,0.0853126049041748,0.008548736572265625,0.08214420080184937,0.020924627780914307,0.07901233434677124,0.029009461402893066,0.05774116516113281,-0.011186957359313965,0.0735938549041748,0.01464754343032837,0.07840883731842041,0.029744982719421387,0.08311432600021362,0.039913713932037354
0.0,0.0,0.03413692116737366,0.0044959187507629395,0.06566557288169861,0.019747614860534668,0.09260496497154236,0.04485929012298584,0.11287763714790344,0.0662994384765625,0.0968676507472992,-0.02910482883453369,0.13008001446723938,0.011291742324829102,0.14571771025657654,0.04172241687774658,0.15926113724708557,0.06477421522140503,0.08605673909187317,-0.023371577262878418,0.09767141938209534,0.028226733207702637,0.07975849509239197,0.03432196378707886,0.06801024079322815,0.025451481342315674,0.07497456669807434,-0.012726426124572754,0.08618071675300598,0.03434097766876221,0.06818065047264099,0.03493499755859375,0.05832037329673767,0.022324204444885254,0.06467798352241516,-0.003902733325958252,0.07868853211402893,0.02955758571624756,0.0756276547908783,0.04091668128967285,0.0724630057811737,0.041079580783843994
0.0,0.0,0.02807474136352539,-0.00927475094795227,0.0619392991065979,-0.0025421977043151855,0.0886162519454956,0.026887595653533936,0.107430100440979,0.055437058210372925,0.09932410717010498,-0.038159340620040894,0.13411706686019897,0.0002747178077697754,0.15181130170822144,0.032899677753448486,0.16664934158325195,0.05970516800880432,0.09321928024291992,-0.019391179084777832,0.10421079397201538,0.01868462562561035,0.08294135332107544,0.018968313932418823,0.07087433338165283,0.008052647113800049,0.08528250455856323,-0.0017452836036682129,0.09356212615966797,0.030581533908843994,0.07358813285827637,0.025782495737075806,0.0645902156829834,0.010305702686309814,0.07531511783599854,0.01093551516532898,0.08197790384292603,0.03290101885795593,0.0698273777961731,0.03183814883232117,0.061986684799194336,0.02060827612876892
0.0,0.0,0.033082425594329834,0.011030763387680054,0.06317132711410522,0.025316566228866577,0.0859827995300293,0.04841354489326477,0.10228562355041504,0.07225176692008972,0.09789031744003296,-0.026450634002685547,0.13034385442733765,0.018038421869277954,0.14673089981079102,0.0501687228679657,0.1597098708152771,0.07526305317878723,0.08880788087844849,-0.026265978813171387,0.09613895416259766,0.03428015112876892,0.07933181524276733,0.042250245809555054,0.07016992568969727,0.03381708264350891,0.07639819383621216,-0.017210423946380615,0.08580946922302246,0.03859594464302063,0.07152551412582397,0.04192033410072327,0.06300926208496094,0.031927257776260376,0.0633537769317627,-0.00793147087097168,0.0780799388885498,0.032807618379592896,0.07567048072814941,0.04611179232597351,0.07361143827438354,0.048498302698135376
0.0,0.0,0.03233104944229126,0.0056113600730896,0.06567448377609253,0.020550310611724854,0.09187883138656616,0.0486941933631897,0.1102755069732666,0.07413411140441895,0.1003638505935669,-0.03024953603744507,0.13533931970596313,0.012669265270233154,0.15222090482711792,0.044543564319610596,0.16648006439208984,0.06921178102493286,0.09275150299072266,-0.023662567138671875,0.10125523805618286,0.03551054000854492,0.08127439022064209,0.04055464267730713,0.06964653730392456,0.029155194759368896,0.08254796266555786,-0.011505305767059326,0.0907902717590332,0.04049408435821533,0.07151764631271362,0.040004193782806396,0.06231105327606201,0.025645434856414795,0.07139670848846436,-0.0007009506225585938,0.07848984003067017,0.03724026679992676,0.06718659400939941,0.04218244552612305,0.058757245540618896,0.03393656015396118
0.0,0.0,0.026759564876556396,-0.0009851455688476562,0.060774028301239014,0.01301562786102295,0.0888369083404541,0.04266279935836792,0.10946184396743774,0.06746137142181396,0.0985456109046936,-0.03552436828613281,0.13273489475250244,0.005986988544464111,0.1500651240348816,0.03747981786727905,0.16579574346542358,0.06246763467788696,0.09345132112503052,-0.02317512035369873,0.10008156299591064,0.03193622827529907,0.07775139808654785,0.03283262252807617,0.06661391258239746,0.017880916595458984,0.0854344367980957,-0.008188247680664062,0.09135299921035767,0.03936237096786499,0.06963008642196655,0.03521245718002319,0.061687171459198,0.016993463039398193,0.07575500011444092,0.0035936832427978516,0.08106362819671631,0.03769117593765259,0.06805694103240967,0.038162410259246826,0.060237228870391846,0.024622023105621338
0.0,0.0,0.02899700403213501,-0.0017172694206237793,0.06110578775405884,0.012313783168792725,0.08947330713272095,0.04108089208602905,0.11012023687362671,0.06541967391967773,0.09823232889175415,-0.03412085771560669,0.13321387767791748,0.005014240741729736,0.15109407901763916,0.03548288345336914,0.16667473316192627,0.05926913022994995,0.09283137321472168,-0.02188974618911743,0.10124552249908447,0.02931678295135498,0.07994604110717773,0.03248882293701172,0.06731241941452026,0.0203208327293396,0.08565163612365723,-0.006949067115783691,0.09340876340866089,0.03645724058151245,0.07252734899520874,0.03428608179092407,0.06275719404220581,0.01923602819442749,0.0777735710144043,0.005017578601837158,0.08436834812164307,0.03496521711349487,0.07244688272476196,0.03771042823791504,0.0635523796081543,0.028627514839172363
0.0,0.0,0.03144022822380066,-0.0005397200584411621,0.06182226538658142,0.013643443584442139,0.0893036425113678,0.039650797843933105,0.10957345366477966,0.06243258714675903,0.09646889567375183,-0.037990689277648926,0.1312500536441803,0.00275266170501709,0.14984402060508728,0.03209257125854492,0.16577944159507751,0.05561345815658569,0.08722135424613953,-0.02497321367263794,0.1009383499622345,0.025652527809143066,0.08110049366950989,0.030494630336761475,0.06593981385231018,0.021237492561340332,0.07770153880119324,-0.007979512214660645,0.09000840783119202,0.03391695022583008,0.07060447335243225,0.0331195592880249,0.060281723737716675,0.018925070762634277,0.0683087408542633,0.003722667694091797,0.07740679383277893,0.03144603967666626,0.06703320145606995,0.033973872661590576,0.05871400237083435,0.025127887725830078
0.0,0.0,0.030505776405334473,-0.0021379590034484863,0.062477290630340576,0.01165550947189331,0.09055054187774658,0.038672685623168945,0.11180156469345093,0.06224775314331055,0.10029011964797974,-0.03810739517211914,0.1354650855064392,0.0035527944564819336,0.15415477752685547,0.03249484300613403,0.17092055082321167,0.05542033910751343,0.09084826707839966,-0.025619804859161377,0.10344558954238892,0.027855992317199707,0.0812259316444397,0.030971825122833252,0.06538176536560059,0.0186765193939209,0.08164572715759277,-0.009539425373077393,0.09318208694458008,0.03476858139038086,0.07061612606048584,0.03184068202972412,0.059969425201416016,0.0146445631980896,0.0727468729019165,0.0016127824783325195,0.08031618595123291,0.030507981777191162,0.0685267448425293,0.03306925296783447,0.06018763780593872,0.02319490909576416
0.0,0.0,0.03259849548339844,-0.003819108009338379,0.06426763534545898,0.00951540470123291,0.09148675203323364,0.03602033853530884,0.11294078826904297,0.058433592319488525,0.10063719749450684,-0.04196727275848389,0.13512223958969116,0.00019681453704833984,0.15407848358154297,0.0292050838470459,0.17139708995819092,0.053751349449157715,0.0889248251914978,-0.02597057819366455,0.10466748476028442,0.02318418025970459,0.08237659931182861,0.025249838829040527,0.06569594144821167,0.013489484786987305,0.07938432693481445,-0.007211029529571533,0.09365266561508179,0.03344249725341797,0.07026153802871704,0.029442012310028076,0.06045067310333252,0.010894417762756348,0.0718531608581543,0.005625128746032715,0.07891958951950073,0.030869662761688232,0.06584399938583374,0.031208455562591553,0.05720376968383789,0.01864016056060791
0.0,0.0,0.03358274698257446,-0.0035373568534851074,0.06542694568634033,0.01001209020614624,0.09236419200897217,0.03652453422546387,0.11348342895507812,0.058589279651641846,0.1015353798866272,-0.041705191135406494,0.13604336977005005,-0.00045680999755859375,0.15483665466308594,0.02875673770904541,0.17208707332611084,0.0527721643447876,0.08986914157867432,-0.027844250202178955,0.10202610492706299,0.023884356021881104,0.08058410882949829,0.025859355926513672,0.06517118215560913,0.013642430305480957,0.0793924331665039,-0.010241806507110596,0.09105294942855835,0.03202134370803833,0.06880462169647217,0.02770256996154785,0.05915039777755737,0.009862661361694336,0.07040691375732422,0.002069532871246338,0.07707631587982178,0.02881854772567749,0.06462347507476807,0.029737353324890137,0.05683314800262451,0.019055545330047607
0.0,0.0,0.03191956877708435,-0.005227327346801758,0.06323510408401489,0.008987665176391602,0.09032440185546875,0.03791153430938721,0.11158770322799683,0.06136208772659302,0.10062319040298462,-0.04123753309249878,0.13453906774520874,0.0012244582176208496,0.15353244543075562,0.030880749225616455,0.170518159866333,0.05515921115875244,0.09074509143829346,-0.02469468116760254,0.10273861885070801,0.02375084161758423,0.08114898204803467,0.026088297367095947,0.06522887945175171,0.015323519706726074,0.08093798160552979,-0.005841493606567383,0.09270066022872925,0.033692002296447754,0.07025599479675293,0.03051811456680298,0.059392690658569336,0.014186382293701172,0.07203936576843262,0.00781339406967163,0.07915687561035156,0.032388925552368164,0.0665997862815857,0.03336244821548462,0.057684481143951416,0.022796988487243652
0.0,0.0,0.030301600694656372,-0.004932284355163574,0.06192362308502197,0.008270263671875,0.09026169776916504,0.03679776191711426,0.11061692237854004,0.061457037925720215,0.09938704967498779,-0.04357337951660156,0.13477283716201782,-0.0011301636695861816,0.15425652265548706,0.02920585870742798,0.17150306701660156,0.05417913198471069,0.09134215116500854,-0.025027811527252197,0.10362374782562256,0.025066673755645752,0.08094996213912964,0.02627962827682495,0.06448596715927124,0.013148844242095947,0.08289575576782227,-0.004427611827850342,0.0940442681312561,0.035511553287506104,0.07102280855178833,0.0313379168510437,0.0596003532409668,0.0139274001121521,0.07401525974273682,0.010053873062133789,0.08176922798156738,0.03569149971008301,0.06888383626937866,0.03615772724151611,0.05868023633956909,0.024838685989379883
0.0,0.0,0.023733198642730713,-0.0028275251388549805,0.05676203966140747,0.0075637102127075195,0.0873417854309082,0.038208961486816406,0.11153906583786011,0.06586730480194092,0.10095340013504028,-0.047209739685058594,0.14015859365463257,-0.0028581619262695312,0.16041213274002075,0.03206062316894531,0.1781209111213684,0.05891895294189453,0.09965711832046509,-0.03369373083114624,0.11187446117401123,0.021414101123809814,0.08686989545822144,0.030375361442565918,0.07026022672653198,0.021162331104278564,0.09513586759567261,-0.016477763652801514,0.10609924793243408,0.03074634075164795,0.08185487985610962,0.03510349988937378,0.06949645280838013,0.02300739288330078,0.08842289447784424,-0.0018380284309387207,0.09822243452072144,0.03246665000915527,0.08530479669570923,0.040263473987579346,0.07556027173995972,0.03378647565841675
0.0,0.0,0.03331133723258972,-0.005158722400665283,0.06907299160957336,0.009578406810760498,0.09966966509819031,0.04274708032608032,0.12310591340065002,0.07050025463104248,0.11394831538200378,-0.05143803358078003,0.15391913056373596,-0.0023610591888427734,0.1750195324420929,0.034054696559906006,0.1928369700908661,0.06366908550262451,0.10462293028831482,-0.032621026039123535,0.11984261870384216,0.021611809730529785,0.09586885571479797,0.027533292770385742,0.07797369360923767,0.015976786613464355,0.09550425410270691,-0.011165082454681396,0.11023786664009094,0.03205132484436035,0.0845540463924408,0.03253054618835449,0.07173767685890198,0.015721023082733154,0.08726933598518372,0.005830585956573486,0.09651699662208557,0.03479963541030884,0.0824303925037384,0.03704136610031128,0.07070812582969666,0.024020791053771973
0.0,0.0,0.03267523646354675,-0.003457009792327881,0.06849226355552673,0.012823283672332764,0.09984967112541199,0.04691183567047119,0.12532100081443787,0.07600682973861694,0.11309376358985901,-0.047862887382507324,0.15316489338874817,0.004111051559448242,0.17519143223762512,0.042395830154418945,0.1949003040790558,0.07465934753417969,0.10284885764122009,-0.027832984924316406,0.11746695637702942,0.028091132640838623,0.09027978777885437,0.030112504959106445,0.07114288210868835,0.014911651611328125,0.09323087334632874,-0.005580246448516846,0.10642251372337341,0.040110111236572266,0.07820472121238708,0.03666722774505615,0.0655958354473114,0.01582270860671997,0.08512905240058899,0.01076197624206543,0.0920397937297821,0.04112321138381958,0.0751970112323761,0.04090315103530884,0.06326183676719666,0.025021493434906006
0.0,0.0,0.03355860710144043,-0.003012239933013916,0.07129931449890137,0.013881146907806396,0.10457015037536621,0.04794114828109741,0.12889236211776733,0.07681190967559814,0.1156577467918396,-0.048881590366363525,0.15700984001159668,0.002800881862640381,0.17948037385940552,0.03969466686248779,0.2000390887260437,0.07076632976531982,0.10645025968551636,-0.02967691421508789,0.12213104963302612,0.029730260372161865,0.09587055444717407,0.030130863189697266,0.07803702354431152,0.013450920581817627,0.09639912843704224,-0.007915735244750977,0.11124676465988159,0.04036903381347656,0.08460485935211182,0.03562211990356445,0.07262676954269409,0.014046549797058105,0.08628576993942261,0.008758187294006348,0.09636479616165161,0.04054760932922363,0.0810016393661499,0.040329813957214355,0.06889015436172485,0.024204134941101074
0.0,0.0,0.03152972459793091,-0.007943272590637207,0.06864649057388306,0.005571484565734863,0.10304605960845947,0.03908514976501465,0.12915825843811035,0.06707674264907837,0.11445128917694092,-0.056457340717315674,0.15766668319702148,-0.006408095359802246,0.18096953630447388,0.02950209379196167,0.20291036367416382,0.05947220325469971,0.10647809505462646,-0.033299148082733154,0.12100714445114136,0.025816798210144043,0.09318536520004272,0.024838745594024658,0.07479667663574219,0.005697786808013916,0.09774172306060791,-0.009029746055603027,0.11193495988845825,0.03803962469100952,0.08313465118408203,0.03189569711685181,0.07029974460601807,0.008189022541046143,0.08886480331420898,0.008501708507537842,0.09850430488586426,0.039334893226623535,0.08188259601593018,0.037320733070373535,0.06905984878540039,0.019075334072113037
0.0,0.0,0.030667662620544434,-0.009561777114868164,0.06617850065231323,0.001791536808013916,0.10028058290481567,0.032582104206085205,0.1267734169960022,0.0584259033203125,0.11082309484481812,-0.062312304973602295,0.15433984994888306,-0.013660430908203125,0.1783231496810913,0.02127206325531006,0.2011283040046692,0.05044740438461304,0.10396003723144531,-0.038164615631103516,0.12005352973937988,0.01959460973739624,0.09189814329147339,0.021497786045074463,0.07199400663375854,0.004794657230377197,0.09673970937728882,-0.01263892650604248,0.11108309030532837,0.033211708068847656,0.08172398805618286,0.030696332454681396,0.06835412979125977,0.009242892265319824,0.09031081199645996,0.005872845649719238,0.09893006086349487,0.03572267293930054,0.0824350118637085,0.036737918853759766,0.070279061794281,0.022178471088409424
0.0,0.0,0.03100404143333435,-0.010129868984222412,0.06630304455757141,0.000535130500793457,0.10098275542259216,0.02968311309814453,0.12827280163764954,0.054931581020355225,0.11038073897361755,-0.06297487020492554,0.1541653573513031,-0.018359065055847168,0.1786281168460846,0.015241622924804688,0.20141026377677917,0.04367625713348389,0.10397514700889587,-0.036267757415771484,0.12076947093009949,0.018128573894500732,0.09139576554298401,0.01936054229736328,0.07030907273292542,0.003021419048309326,0.09764745831489563,-0.009675979614257812,0.1126539409160614,0.0319485068321228,0.08234205842018127,0.028784096240997314,0.06772759556770325,0.007262229919433594,0.09101846814155579,0.009183228015899658,0.10092684626579285,0.03565722703933716,0.08387205004692078,0.03508239984512329,0.07001563906669617,0.01882070302963257
0.0,0.0,0.03188532590866089,-0.011157393455505371,0.06796097755432129,-0.0013255476951599121,0.10273236036300659,0.027498900890350342,0.1295662522315979,0.052775800228118896,0.11180388927459717,-0.06938081979751587,0.15607130527496338,-0.021301090717315674,0.18148928880691528,0.012606501579284668,0.20514875650405884,0.04088097810745239,0.10416674613952637,-0.0431554913520813,0.12406539916992188,0.012885212898254395,0.09518224000930786,0.016617953777313232,0.07353478670120239,0.0011194348335266113,0.09778058528900146,-0.01635032892227173,0.11467105150222778,0.026270508766174316,0.08463883399963379,0.025440573692321777,0.07045358419418335,0.004251599311828613,0.09199637174606323,0.0023213624954223633,0.10128402709960938,0.02963465452194214,0.08447408676147461,0.03043079376220703,0.07118451595306396,0.01454085111618042
0.0,0.0,0.031029820442199707,-0.01267176866531372,0.06721705198287964,-0.004754364490509033,0.10227417945861816,0.022996246814727783,0.1299208402633667,0.04804104566574097,0.11153262853622437,-0.07100600004196167,0.15584206581115723,-0.02225404977798462,0.18124175071716309,0.0115090012550354,0.2049109935760498,0.03918933868408203,0.10456258058547974,-0.044262468814849854,0.12361347675323486,0.012447059154510498,0.09372109174728394,0.015591561794281006,0.07151013612747192,-0.000787198543548584,0.09864085912704468,-0.017347753047943115,0.11448311805725098,0.02594435214996338,0.08392608165740967,0.024521231651306152,0.06987518072128296,0.0021010637283325195,0.0929993987083435,0.0012758970260620117,0.10160958766937256,0.02894723415374756,0.08423388004302979,0.029470324516296387,0.07135587930679321,0.012772023677825928
0.0,0.0,0.03227365016937256,-0.009821295738220215,0.06876617670059204,-0.0004722476005554199,0.10341763496398926,0.02671647071838379,0.1292635202407837,0.05134928226470947,0.11053913831710815,-0.06728976964950562,0.15520364046096802,-0.02165508270263672,0.1801876425743103,0.012230157852172852,0.20365864038467407,0.0407719612121582,0.10306847095489502,-0.04118913412094116,0.1222720742225647,0.01338893175125122,0.09260952472686768,0.01582437753677368,0.07113021612167358,-9.953975677490234e-06,0.09701347351074219,-0.014664769172668457,0.11302322149276733,0.028010845184326172,0.08248460292816162,0.025889337062835693,0.06837248802185059,0.00394517183303833,0.09131085872650146,0.0037159323692321777,0.09977489709854126,0.03119039535522461,0.08245038986206055,0.031292617321014404,0.0693976879119873,0.014933943748474121
0.0,0.0,0.032163798809051514,-0.013318538665771484,0.06742548942565918,-0.0046520233154296875,0.10235130786895752,0.02416408061981201,0.12875813245773315,0.04924494028091431,0.1105954647064209,-0.06976962089538574,0.15479987859725952,-0.024068832397460938,0.18081730604171753,0.009946942329406738,0.20342713594436646,0.038262784481048584,0.10374850034713745,-0.043361008167266846,0.12298405170440674,0.009456396102905273,0.09531712532043457,0.012389898300170898,0.07413250207901001,-0.002217113971710205,0.09734642505645752,-0.016773641109466553,0.11409014463424683,0.024601101875305176,0.08583658933639526,0.022697746753692627,0.07099628448486328,0.0023161768913269043,0.0903937816619873,0.0027014613151550293,0.10049355030059814,0.02882176637649536,0.08494943380355835,0.028702378273010254,0.07175314426422119,0.01296764612197876
0.0,0.0,0.029869884252548218,-0.010583102703094482,0.06502774357795715,-0.0011663436889648438,0.10017982125282288,0.028220832347869873,0.12709274888038635,0.05444347858428955,0.10909518599510193,-0.06441539525985718,0.15251538157463074,-0.018514811992645264,0.1776007115840912,0.0159074068069458,0.19981303811073303,0.04331779479980469,0.10464903712272644,-0.03914600610733032,0.1211637556552887,0.015207171440124512,0.09410271048545837,0.01919388771057129,0.07438275218009949,0.0048642754554748535,0.09822908043861389,-0.012805938720703125,0.11280056834220886,0.03064364194869995,0.08606985211372375,0.0292435884475708,0.07138630747795105,0.009912371635437012,0.08981409668922424,0.007001757621765137,0.10128960013389587,0.03540605306625366,0.08656051754951477,0.03598761558532715,0.07356420159339905,0.021182119846343994
0.0,0.0,0.030774027109146118,-0.009324252605438232,0.06749454140663147,0.0022449493408203125,0.10187581181526184,0.032843053340911865,0.12869355082511902,0.06040239334106445,0.11147823929786682,-0.05918323993682861,0.1537240445613861,-0.013916313648223877,0.1783471405506134,0.02089470624923706,0.20009610056877136,0.049926936626434326,0.10590824484825134,-0.03621035814285278,0.12052944302558899,0.019797801971435547,0.09342071413993835,0.023589670658111572,0.0744313895702362,0.009204566478729248,0.09832456707954407,-0.011681020259857178,0.11146941781044006,0.033952414989471436,0.08467784523963928,0.0313299298286438,0.07029756903648376,0.011129915714263916,0.08961793780326843,0.0066332221031188965,0.09877058863639832,0.036809682846069336,0.0827765166759491,0.03612250089645386,0.06976428627967834,0.019817709922790527
0.0,0.0,0.02888697385787964,-0.004228413105010986,0.06492185592651367,0.008841454982757568,0.09901463985443115,0.04002213478088379,0.12515056133270264,0.06777220964431763,0.1110987663269043,-0.05264997482299805,0.15216273069381714,-0.005652129650115967,0.1754751205444336,0.03047853708267212,0.19576990604400635,0.059195637702941895,0.10593390464782715,-0.03179466724395752,0.11878293752670288,0.027085840702056885,0.09221822023391724,0.02921473979949951,0.07463860511779785,0.012247145175933838,0.09743303060531616,-0.008397340774536133,0.10849535465240479,0.039653778076171875,0.08201855421066284,0.03659260272979736,0.0685926079750061,0.01632136106491089,0.08667987585067749,0.009009957313537598,0.09686857461929321,0.042840778827667236,0.0805279016494751,0.042341649532318115,0.06787395477294922,0.026119351387023926
0.0,0.0,0.029780536890029907,-0.006120443344116211,0.06548193097114563,0.006231546401977539,0.09965398907661438,0.03751718997955322,0.12567821145057678,0.065185546875,0.1103944480419159,-0.05437791347503662,0.15235713124275208,-0.007106304168701172,0.17596212029457092,0.02808403968811035,0.19685885310173035,0.0562015175819397,0.10504171252250671,-0.03149998188018799,0.11809167265892029,0.024539589881896973,0.0913706123828888,0.02574002742767334,0.07336142659187317,0.009194135665893555,0.09759768843650818,-0.007567346096038818,0.10960003733634949,0.03735250234603882,0.08287283778190613,0.03370952606201172,0.06926515698432922,0.013643980026245117,0.08830013871192932,0.00998532772064209,0.09833142161369324,0.03955352306365967,0.08322057127952576,0.039650678634643555,0.07081416249275208,0.02469480037689209
0.0,0.0,0.030707448720932007,-0.008442282676696777,0.06718674302101135,0.004236042499542236,0.10159382224082947,0.036443352699279785,0.1273200809955597,0.06400948762893677,0.11218157410621643,-0.05615800619125366,0.15382441878318787,-0.007602334022521973,0.17814311385154724,0.028136014938354492,0.1993027627468109,0.05644899606704712,0.10643348097801208,-0.03215426206588745,0.12224707007408142,0.021349430084228516,0.09523317217826843,0.023526430130004883,0.07555517554283142,0.007757008075714111,0.09918561577796936,-0.007170140743255615,0.11276164650917053,0.03571522235870361,0.0855877697467804,0.03263890743255615,0.070985347032547,0.012509644031524658,0.09010609984397888,0.011485815048217773,0.10005435347557068,0.039220988750457764,0.08484283089637756,0.03873401880264282,0.07203105092048645,0.02332359552383423
0.0,0.0,0.031019657850265503,-0.0075470805168151855,0.0657297670841217,0.005151510238647461,0.09995719790458679,0.03640246391296387,0.12565043568611145,0.06438285112380981,0.11129173636436462,-0.05488330125808716,0.1524604856967926,-0.006839275360107422,0.17614015936851501,0.029567241668701172,0.19703707098960876,0.059189558029174805,0.10504421591758728,-0.02977699041366577,0.12117484211921692,0.02363145351409912,0.09385141730308533,0.024887681007385254,0.07418504357337952,0.008894681930541992,0.09791514277458191,-0.004071056842803955,0.11188682913780212,0.03819352388381958,0.0841851532459259,0.034072697162628174,0.06939449906349182,0.013718008995056152,0.08944037556648254,0.014768838882446289,0.09911850094795227,0.041767239570617676,0.08350101113319397,0.04045206308364868,0.07025203108787537,0.02474421262741089
0.0,0.0,0.03024861216545105,-0.005488097667694092,0.06540581583976746,0.008008241653442383,0.09840843081474304,0.040679216384887695,0.12373456358909607,0.06878608465194702,0.1098194420337677,-0.05165684223175049,0.1511634886264801,-0.003433406352996826,0.17444118857383728,0.03361797332763672,0.19480380415916443,0.06359601020812988,0.10366955399513245,-0.027885496616363525,0.11883142590522766,0.02662062644958496,0.0928904116153717,0.027626872062683105,0.07506147027015686,0.011646389961242676,0.09542784094810486,-0.0029442310333251953,0.10861870646476746,0.041036903858184814,0.08281257748603821,0.03666579723358154,0.06944724917411804,0.016200721263885498,0.08536741137504578,0.015390932559967041,0.0958729088306427,0.044949233531951904,0.08058753609657288,0.04315924644470215,0.06816938519477844,0.02654367685317993
0.0,0.0,0.03258916735649109,-0.00579303503036499,0.06814804673194885,0.007918953895568848,0.10173693299293518,0.039852261543273926,0.12705275416374207,0.06746500730514526,0.11315014958381653,-0.053980886936187744,0.1537856161594391,-0.0037823915481567383,0.1772812306880951,0.03296816349029541,0.19795218110084534,0.06281048059463501,0.10545262694358826,-0.029753446578979492,0.12228205800056458,0.02481997013092041,0.0952170193195343,0.02654033899307251,0.07552734017372131,0.010631978511810303,0.09708872437477112,-0.004254519939422607,0.1117694079875946,0.03963768482208252,0.08462527394294739,0.03527021408081055,0.07030454277992249,0.014088928699493408,0.08723190426826477,0.014433205127716064,0.09716984629631042,0.043157756328582764,0.0819227397441864,0.04151654243469238,0.06885120272636414,0.024840176105499268
0.0,0.0,0.030509084463119507,-0.005305290222167969,0.06638780236244202,0.008426785469055176,0.10012844204902649,0.040408194065093994,0.12563404440879822,0.06815153360366821,0.11272171139717102,-0.05328989028930664,0.15179744362831116,-0.0032842159271240234,0.17481359839439392,0.033312320709228516,0.19508609175682068,0.06215214729309082,0.10647192597389221,-0.029255032539367676,0.12025418877601624,0.024682998657226562,0.09349337220191956,0.027491986751556396,0.07502880692481995,0.012890994548797607,0.09817084670066833,-0.003842473030090332,0.11058291792869568,0.04015481472015381,0.08382609486579895,0.036013007164001465,0.06965121626853943,0.015852808952331543,0.08797332644462585,0.014749646186828613,0.0969366729259491,0.043683528900146484,0.08187469840049744,0.04229557514190674,0.06955006718635559,0.02661752700805664
0.0,0.0,0.029596805572509766,-0.006984531879425049,0.06530535221099854,0.0058193206787109375,0.09853136539459229,0.039843618869781494,0.12361782789230347,0.06884783506393433,0.11240124702453613,-0.05222475528717041,0.15238523483276367,-0.0029334425926208496,0.17433375120162964,0.03372025489807129,0.1941596269607544,0.06380397081375122,0.10607641935348511,-0.028134465217590332,0.12131649255752563,0.02517259120941162,0.09438973665237427,0.025544166564941406,0.07691079378128052,0.009625017642974854,0.09812319278717041,-0.003916501998901367,0.11086124181747437,0.039623260498046875,0.08353710174560547,0.035048067569732666,0.07088226079940796,0.014617741107940674,0.08797955513000488,0.014206409454345703,0.09812146425247192,0.04269200563430786,0.08261889219284058,0.041191935539245605,0.07027935981750488,0.02425462007522583
0.0,0.0,0.03092712163925171,-0.0062718987464904785,0.06536483764648438,0.008327126502990723,0.09857684373855591,0.041719675064086914,0.12466132640838623,0.06998300552368164,0.11284446716308594,-0.048824429512023926,0.1515594720840454,0.0004134178161621094,0.17374545335769653,0.037267982959747314,0.19337677955627441,0.06676781177520752,0.10623347759246826,-0.026429712772369385,0.12143558263778687,0.02492278814315796,0.09555476903915405,0.02759706974029541,0.07687640190124512,0.013854920864105225,0.09768837690353394,-0.002720177173614502,0.11080574989318848,0.03957587480545044,0.08462929725646973,0.036417365074157715,0.07089370489120483,0.01763051748275757,0.08779269456863403,0.015069365501403809,0.09780347347259521,0.042991816997528076,0.08269834518432617,0.042621493339538574,0.0704544186592102,0.028491616249084473
0.0,0.0,0.02944391965866089,-0.006583034992218018,0.06517159938812256,0.007305145263671875,0.09885680675506592,0.04131436347961426,0.1249011754989624,0.06998175382614136,0.11197078227996826,-0.05028790235519409,0.1506022810935974,6.252527236938477e-05,0.1729055643081665,0.03730666637420654,0.1926572322845459,0.06703603267669678,0.10591578483581543,-0.027405381202697754,0.12006938457489014,0.02617853879928589,0.09391611814498901,0.027007460594177246,0.07667434215545654,0.010636687278747559,0.09743577241897583,-0.0033292174339294434,0.10930800437927246,0.04112428426742554,0.08343935012817383,0.03623342514038086,0.07084530591964722,0.015143752098083496,0.08676415681838989,0.014352262020111084,0.09603661298751831,0.044293224811553955,0.08103281259536743,0.0424230694770813,0.06942665576934814,0.02545243501663208
0.0,0.0,0.030204176902770996,-0.0071637630462646484,0.06533646583557129,0.006526052951812744,0.09901189804077148,0.040087759494781494,0.12524265050888062,0.06826704740524292,0.111885666847229,-0.0507468581199646,0.15146172046661377,-0.0010873079299926758,0.1739637851715088,0.03627055883407593,0.19372957944869995,0.06649619340896606,0.10505944490432739,-0.026231765747070312,0.11988598108291626,0.024270355701446533,0.09362292289733887,0.025161325931549072,0.0757894515991211,0.010317027568817139,0.09640532732009888,-0.0010060667991638184,0.10901689529418945,0.04040557146072388,0.08246362209320068,0.03510016202926636,0.06905025243759155,0.01463383436203003,0.08618617057800293,0.017300665378570557,0.0954485535621643,0.0446552038192749,0.07958203554153442,0.041855037212371826,0.06732553243637085,0.02537381649017334
0.0,0.0,0.030715227127075195,-0.005883932113647461,0.06602483987808228,0.00807809829711914,0.09886854887008667,0.04103487730026245,0.1247406005859375,0.06927770376205444,0.11285400390625,-0.05002486705780029,0.1509571671485901,4.118680953979492e-05,0.17330127954483032,0.037067711353302,0.19290626049041748,0.06718140840530396,0.10549956560134888,-0.026743769645690918,0.11894816160202026,0.025731980800628662,0.09156686067581177,0.027160942554473877,0.07257163524627686,0.01219087839126587,0.09632605314254761,-0.002582550048828125,0.10835820436477661,0.04056960344314575,0.08110111951828003,0.03529268503189087,0.06713443994522095,0.014358341693878174,0.0855022668838501,0.01508641242980957,0.09379953145980835,0.04318678379058838,0.07813882827758789,0.041065871715545654,0.06577521562576294,0.024504482746124268
0.0,0.0,0.03258660435676575,-0.009019553661346436,0.06775179505348206,0.004192233085632324,0.1005525290966034,0.03807324171066284,0.12650343775749207,0.06685036420822144,0.11425033211708069,-0.05114537477493286,0.1532948911190033,-0.0010932683944702148,0.17621013522148132,0.03641694784164429,0.1965998113155365,0.06677860021591187,0.10660305619239807,-0.026241183280944824,0.12210562825202942,0.02395850419998169,0.09490624070167542,0.024931490421295166,0.07596191763877869,0.009577751159667969,0.09767922759056091,-0.000798642635345459,0.11096891760826111,0.040389835834503174,0.08315315842628479,0.03513997793197632,0.06978121399879456,0.013717412948608398,0.08707746863365173,0.0180702805519104,0.09685668349266052,0.0444909930229187,0.08103403449058533,0.04279440641403198,0.06872150301933289,0.026597321033477783
0.0,0.0,0.02922317385673523,-0.006480693817138672,0.06488808989524841,0.006575644016265869,0.09845516085624695,0.040962934494018555,0.12468329071998596,0.07065117359161377,0.11380377411842346,-0.04952287673950195,0.15255513787269592,0.002884089946746826,0.17426446080207825,0.04122287034988403,0.1936185657978058,0.07175147533416748,0.10770115256309509,-0.027434587478637695,0.12048229575157166,0.027597010135650635,0.0935603678226471,0.02872014045715332,0.07619622349739075,0.012864172458648682,0.09873399138450623,-0.004162609577178955,0.1096058189868927,0.04151439666748047,0.08301576972007751,0.03717297315597534,0.07047399878501892,0.016609370708465576,0.08765718340873718,0.013632595539093018,0.0968954861164093,0.044787466526031494,0.08156642317771912,0.043093204498291016,0.07031509280204773,0.02619326114654541
0.0,0.0,0.02844935655593872,-0.005930066108703613,0.06297677755355835,0.007759988307952881,0.09621483087539673,0.04222041368484497,0.12185770273208618,0.07170188426971436,0.11141163110733032,-0.0495145320892334,0.14973682165145874,0.0028450489044189453,0.17110443115234375,0.04105252027511597,0.19043785333633423,0.07177972793579102,0.1055263876914978,-0.025319695472717285,0.11952227354049683,0.029017508029937744,0.09222590923309326,0.02990049123764038,0.07446449995040894,0.01386260986328125,0.09769463539123535,-0.0003924369812011719,0.10973405838012695,0.04345560073852539,0.08251547813415527,0.038847267627716064,0.06963455677032471,0.018638908863067627,0.08809888362884521,0.01781165599822998,0.0974264144897461,0.04670917987823486,0.0824701189994812,0.04581969976425171,0.07104665040969849,0.030444025993347168
0.0,0.0,0.029533833265304565,-0.004733562469482422,0.06574782729148865,0.009295105934143066,0.09918954968452454,0.04386305809020996,0.12460574507713318,0.07415759563446045,0.11394527554512024,-0.047498106956481934,0.15308108925819397,0.004568934440612793,0.17442485690116882,0.04252147674560547,0.19388124346733093,0.07275724411010742,0.10763898491859436,-0.025688350200653076,0.12211742997169495,0.0293271541595459,0.09507349133491516,0.030134081840515137,0.07765325903892517,0.013814032077789307,0.09897181391716003,-0.002799689769744873,0.11124446988105774,0.042561113834381104,0.08426621556282043,0.037771522998809814,0.07211241126060486,0.01664149761199951,0.08780661225318909,0.014517247676849365,0.09765806794166565,0.0445515513420105,0.0824975073337555,0.04344660043716431,0.07110568881034851,0.026484310626983643
0.0,0.0,0.029477596282958984,-0.0029434561729431152,0.0642549991607666,0.012056231498718262,0.09744608402252197,0.04498332738876343,0.12328606843948364,0.07462114095687866,0.11338269710540771,-0.04547697305679321,0.15105164051055908,0.0065781474113464355,0.17285579442977905,0.044989824295043945,0.19204378128051758,0.07540267705917358,0.10738575458526611,-0.023875296115875244,0.1204788088798523,0.029752612113952637,0.09439629316329956,0.03258544206619263,0.07719630002975464,0.018195807933807373,0.0985916256904602,-0.000519871711730957,0.10993605852127075,0.04397159814834595,0.08416271209716797,0.0403742790222168,0.07102251052856445,0.02122122049331665,0.08767741918563843,0.016848206520080566,0.09626829624176025,0.0464937686920166,0.08140838146209717,0.04547339677810669,0.0697891116142273,0.030131518840789795
0.0,0.0,0.029710471630096436,-0.00495070219039917,0.06493687629699707,0.008915960788726807,0.0980830192565918,0.04292106628417969,0.12367397546768188,0.07227671146392822,0.11285591125488281,-0.04838967323303223,0.15146851539611816,0.006006419658660889,0.17297762632369995,0.04506027698516846,0.19227498769760132,0.07565438747406006,0.106697678565979,-0.026581168174743652,0.12001651525497437,0.030012190341949463,0.09301739931106567,0.03168213367462158,0.0752338171005249,0.014855742454528809,0.09835892915725708,-0.0028786659240722656,0.11000305414199829,0.04344916343688965,0.08344906568527222,0.039482712745666504,0.07066619396209717,0.018673956394195557,0.08805757761001587,0.015068769454956055,0.09748393297195435,0.0459287166595459,0.08238714933395386,0.0452880859375,0.07073366641998291,0.029318273067474365
0.0,0.0,0.029917538166046143,-0.005922138690948486,0.06600642204284668,0.0073680877685546875,0.09946823120117188,0.04159951210021973,0.12557470798492432,0.0711740255355835,0.11414378881454468,-0.04910838603973389,0.15245258808135986,0.00455474853515625,0.17404860258102417,0.04325801134109497,0.19367307424545288,0.07370686531066895,0.10751283168792725,-0.026596546173095703,0.12090378999710083,0.02908879518508911,0.09341919422149658,0.030156433582305908,0.07542657852172852,0.013022840023040771,0.09854793548583984,-0.002701699733734131,0.1102023720741272,0.04350996017456055,0.08314812183380127,0.038132309913635254,0.0705297589302063,0.01607358455657959,0.08767896890640259,0.014606356620788574,0.0967634916305542,0.0456920862197876,0.0811651349067688,0.04402649402618408,0.06967699527740479,0.026871025562286377
0.0,0.0,0.029018133878707886,-0.006266951560974121,0.06445255875587463,0.00742185115814209,0.09676679968833923,0.04254668951034546,0.12191179394721985,0.07269269227981567,0.11368128657341003,-0.0456121563911438,0.15073445439338684,0.006597578525543213,0.171282559633255,0.04506969451904297,0.19044306874275208,0.0759703516960144,0.10699281096458435,-0.023392021656036377,0.11829909682273865,0.0302659273147583,0.09084716439247131,0.03016984462738037,0.07464328408241272,0.013744950294494629,0.09757944941520691,-0.000626981258392334,0.10693690180778503,0.04456913471221924,0.07991072535514832,0.038804471492767334,0.06945481896400452,0.016870856285095215,0.08586516976356506,0.016430258750915527,0.09321698546409607,0.04714328050613403,0.07709893584251404,0.044497668743133545,0.06672170758247375,0.02585357427597046
0.0,0.0,0.03170156478881836,-0.0052841901779174805,0.06669515371322632,0.008828461170196533,0.0989682674407959,0.0426289439201355,0.12354719638824463,0.07273131608963013,0.11461079120635986,-0.04552656412124634,0.1522592306137085,0.005607724189758301,0.17327022552490234,0.04323846101760864,0.19178611040115356,0.07350647449493408,0.10745269060134888,-0.023108363151550293,0.12183195352554321,0.02710515260696411,0.09578436613082886,0.030079245567321777,0.0782591700553894,0.017579197883605957,0.09806764125823975,3.218650817871094e-05,0.11043959856033325,0.04237622022628784,0.08404064178466797,0.03853309154510498,0.07099181413650513,0.019273817539215088,0.08623945713043213,0.017599821090698242,0.09516763687133789,0.0451279878616333,0.08007919788360596,0.04408764839172363,0.06818544864654541,0.02818959951400757
0.0,0.0,0.027650773525238037,-0.004614889621734619,0.06335878372192383,0.009014725685119629,0.09557461738586426,0.04379206895828247,0.1204824447631836,0.07386249303817749,0.11133205890655518,-0.04438614845275879,0.14959365129470825,0.007004976272583008,0.16996729373931885,0.04669994115829468,0.18888062238693237,0.07809245586395264,0.10600131750106812,-0.021799325942993164,0.11498433351516724,0.03269869089126587,0.08823192119598389,0.031414031982421875,0.0735933780670166,0.013541579246520996,0.09686899185180664,0.001969635486602783,0.10542017221450806,0.047027409076690674,0.07894396781921387,0.04083937406539917,0.0681951642036438,0.019375324249267578,0.08562290668487549,0.019641995429992676,0.09490829706192017,0.05107700824737549,0.0796898603439331,0.04928755760192871,0.06953054666519165,0.03260093927383423
0.0,0.0,0.028394222259521484,0.0013426542282104492,0.0645095705986023,0.019861936569213867,0.09519672393798828,0.05625927448272705,0.11956971883773804,0.08662539720535278,0.11036598682403564,-0.037393033504486084,0.14730733633041382,0.01710444688796997,0.1677607297897339,0.057566046714782715,0.1857748031616211,0.08908087015151978,0.1039353609085083,-0.0201757550239563,0.11214190721511841,0.03955024480819702,0.0869937539100647,0.03962641954421997,0.07241308689117432,0.021316349506378174,0.09322923421859741,0.0004944801330566406,0.1010999083518982,0.050406455993652344,0.07725775241851807,0.0451962947845459,0.06684255599975586,0.023627817630767822,0.08125448226928711,0.015580952167510986,0.08881944417953491,0.05075007677078247,0.07335621118545532,0.048794448375701904,0.06379395723342896,0.031983792781829834
0.0,0.0,0.031136751174926758,-0.0012871623039245605,0.06629222631454468,0.01717376708984375,0.09684491157531738,0.05436676740646362,0.12056803703308105,0.08459872007369995,0.1127898097038269,-0.03862869739532471,0.14916735887527466,0.014376282691955566,0.16965365409851074,0.054318010807037354,0.18675512075424194,0.08552604913711548,0.10447269678115845,-0.018517732620239258,0.11872798204421997,0.03292948007583618,0.0943252444267273,0.03583806753158569,0.07797616720199585,0.02212345600128174,0.09356951713562012,0.004090726375579834,0.10466885566711426,0.04792165756225586,0.08009737730026245,0.04248243570327759,0.06813675165176392,0.02159297466278076,0.08189886808395386,0.020100295543670654,0.08964192867279053,0.05013471841812134,0.07431501150131226,0.047403931617736816,0.06396865844726562,0.030912578105926514
0.0,0.0,0.030374586582183838,-0.0007367730140686035,0.06610339879989624,0.01694011688232422,0.09795165061950684,0.05319756269454956,0.12206417322158813,0.0838807225227356,0.1121450662612915,-0.04181712865829468,0.14970183372497559,0.013403713703155518,0.17036986351013184,0.05333071947097778,0.18813222646713257,0.0844428539276123,0.10423785448074341,-0.02183973789215088,0.11737042665481567,0.03212183713912964,0.09333270788192749,0.034629106521606445,0.07803291082382202,0.019890189170837402,0.0933459997177124,0.0006067752838134766,0.10485416650772095,0.045999228954315186,0.0810396671295166,0.0423007607460022,0.06982982158660889,0.022478997707366943,0.08167028427124023,0.017051517963409424,0.09033787250518799,0.048586368560791016,0.07576876878738403,0.04800301790237427,0.06554645299911499,0.03273981809616089
0.0,0.0,0.029937267303466797,-0.0002802610397338867,0.06595742702484131,0.017362594604492188,0.09782099723815918,0.05339592695236206,0.12167096138000488,0.08367538452148438,0.11312693357467651,-0.04160737991333008,0.1498875617980957,0.013315796852111816,0.16944080591201782,0.05327248573303223,0.18625640869140625,0.08429527282714844,0.10557520389556885,-0.02285897731781006,0.1191549301147461,0.03309088945388794,0.0943639874458313,0.03533846139907837,0.07816988229751587,0.020329415798187256,0.0947868824005127,-0.0009813308715820312,0.10582011938095093,0.04638487100601196,0.08177345991134644,0.04236733913421631,0.07028055191040039,0.02296733856201172,0.08256298303604126,0.015001773834228516,0.09199559688568115,0.04898655414581299,0.07723033428192139,0.048319101333618164,0.06679034233093262,0.03358954191207886
0.0,0.0,0.03191399574279785,-0.0019641518592834473,0.06645315885543823,0.01523590087890625,0.09782809019088745,0.05028343200683594,0.12147969007492065,0.08027148246765137,0.11154603958129883,-0.04142415523529053,0.14775508642196655,0.012435317039489746,0.1687944531440735,0.05086350440979004,0.18712705373764038,0.08099186420440674,0.10354381799697876,-0.02087193727493286,0.11588376760482788,0.031179606914520264,0.09079527854919434,0.03320556879043579,0.07383418083190918,0.019129514694213867,0.09318089485168457,0.0020178556442260742,0.10391354560852051,0.04594910144805908,0.07944309711456299,0.041246891021728516,0.06754195690155029,0.02137470245361328,0.08171266317367554,0.01836252212524414,0.08923101425170898,0.04778987169265747,0.07489645481109619,0.046942949295043945,0.06456464529037476,0.03277331590652466
0.0,0.0,0.03078213334083557,-0.0006439685821533203,0.06637468934059143,0.016615569591522217,0.09837087988853455,0.0515364408493042,0.12229731678962708,0.08122974634170532,0.11230728030204773,-0.04245513677597046,0.14927169680595398,0.012022435665130615,0.16993293166160583,0.05098026990890503,0.18783751130104065,0.08136790990829468,0.10467234253883362,-0.02315974235534668,0.11679419875144958,0.03240048885345459,0.09148111939430237,0.036009252071380615,0.07498171925544739,0.021922409534454346,0.09419277310371399,-0.0009035468101501465,0.10459795594215393,0.04586505889892578,0.07991203665733337,0.04256564378738403,0.06807175278663635,0.022866427898406982,0.0824977457523346,0.015364408493041992,0.0899028480052948,0.04754871129989624,0.07504025101661682,0.046891212463378906,0.06470194458961487,0.03163105249404907
0.0,0.0,0.029948055744171143,-0.001881420612335205,0.06490069627761841,0.01426774263381958,0.09640306234359741,0.04952329397201538,0.12035882472991943,0.08024036884307861,0.11112117767333984,-0.04075735807418823,0.14791393280029297,0.01325291395187378,0.16884416341781616,0.052164435386657715,0.18714487552642822,0.08213412761688232,0.10385620594024658,-0.020744800567626953,0.11670821905136108,0.03385663032531738,0.09098857641220093,0.03679025173187256,0.07430964708328247,0.022812843322753906,0.0936363935470581,0.0015909075736999512,0.10507166385650635,0.047859251499176025,0.08023464679718018,0.04391902685165405,0.06826746463775635,0.024427592754364014,0.08200937509536743,0.01789909601211548,0.09171229600906372,0.04992860555648804,0.07727879285812378,0.04989492893218994,0.06704574823379517,0.03568994998931885
0.0,0.0,0.030702531337738037,-0.0025304555892944336,0.06571239233016968,0.012156903743743896,0.09850722551345825,0.04661780595779419,0.1230049729347229,0.07682949304580688,0.11144900321960449,-0.04530578851699829,0.14963972568511963,0.009326338768005371,0.17063641548156738,0.049192845821380615,0.1891080141067505,0.08032917976379395,0.10462474822998047,-0.024394631385803223,0.11819249391555786,0.031895339488983154,0.09232717752456665,0.033891499042510986,0.07464039325714111,0.018167078495025635,0.09493035078048706,-0.0009148716926574707,0.10659700632095337,0.04589235782623291,0.081562340259552,0.04199099540710449,0.06903630495071411,0.021752655506134033,0.0836181640625,0.016254782676696777,0.09328752756118774,0.04840660095214844,0.07846921682357788,0.048253774642944336,0.06719052791595459,0.033698201179504395
0.0,0.0,0.02982509136199951,-0.0019263625144958496,0.06541168689727783,0.013589620590209961,0.09830403327941895,0.04892075061798096,0.12255167961120605,0.07984739542007446,0.1117827296257019,-0.04369854927062988,0.14991307258605957,0.012369930744171143,0.17069989442825317,0.05229228734970093,0.1889725923538208,0.08367365598678589,0.1050487756729126,-0.02312171459197998,0.11789238452911377,0.03424715995788574,0.09197884798049927,0.0354914665222168,0.0749165415763855,0.019164860248565674,0.09518563747406006,-0.00029402971267700195,0.10639232397079468,0.04777038097381592,0.08161723613739014,0.04314565658569336,0.06941813230514526,0.02226579189300537,0.08352291584014893,0.016358613967895508,0.09251481294631958,0.04982525110244751,0.07794123888015747,0.04870039224624634,0.06696128845214844,0.03249460458755493
0.0,0.0,0.029950857162475586,-0.00370103120803833,0.06489890813827515,0.011950314044952393,0.09752488136291504,0.04800814390182495,0.12199980020523071,0.07845276594161987,0.1116674542427063,-0.04232150316238403,0.1491297483444214,0.011105537414550781,0.16996276378631592,0.05091804265975952,0.18831676244735718,0.08301877975463867,0.10495197772979736,-0.019320666790008545,0.11899638175964355,0.03194570541381836,0.09331905841827393,0.032549381256103516,0.0761115550994873,0.017686545848846436,0.09566205739974976,0.004611074924468994,0.10764610767364502,0.04736781120300293,0.08234196901321411,0.042340874671936035,0.07016861438751221,0.02223283052444458,0.08466553688049316,0.022194206714630127,0.09364312887191772,0.051145970821380615,0.07857084274291992,0.04924798011779785,0.06724536418914795,0.03337138891220093
0.0,0.0,0.031758010387420654,-0.0039010047912597656,0.0674864649772644,0.010657012462615967,0.09894824028015137,0.04591083526611328,0.12302005290985107,0.07714176177978516,0.11410200595855713,-0.045670270919799805,0.15148687362670898,0.0092393159866333,0.17207515239715576,0.04829967021942139,0.19005078077316284,0.07890504598617554,0.10683435201644897,-0.02415996789932251,0.12024420499801636,0.02919292449951172,0.09512752294540405,0.03141516447067261,0.07885944843292236,0.01687711477279663,0.0964357852935791,-0.001038968563079834,0.10845911502838135,0.043882668018341064,0.08359408378601074,0.04018956422805786,0.07203841209411621,0.019879400730133057,0.08422982692718506,0.01644951105117798,0.0937110185623169,0.04707580804824829,0.07913750410079956,0.04677528142929077,0.06858396530151367,0.03100663423538208
0.0,0.0,0.028127074241638184,-0.0038204193115234375,0.0646103024482727,0.010497629642486572,0.0976557731628418,0.04549521207809448,0.12201601266860962,0.07592415809631348,0.11132699251174927,-0.04688096046447754,0.14965152740478516,0.008280634880065918,0.17004090547561646,0.047945261001586914,0.18877500295639038,0.07917141914367676,0.105538010597229,-0.02468860149383545,0.11695855855941772,0.03168070316314697,0.09026098251342773,0.03060615062713623,0.07427388429641724,0.012375473976135254,0.09700614213943481,-0.0010209083557128906,0.1073104739189148,0.04565507173538208,0.08107072114944458,0.03969067335128784,0.06965374946594238,0.017589569091796875,0.08657974004745483,0.016598403453826904,0.09545135498046875,0.04824250936508179,0.08054816722869873,0.04719966650009155,0.0698394775390625,0.03065347671508789
0.0,0.0,0.030242443084716797,-0.0063397884368896484,0.06513547897338867,0.007495284080505371,0.09724044799804688,0.04416525363922119,0.12168341875076294,0.07595378160476685,0.11404627561569214,-0.04582566022872925,0.15015918016433716,0.008470416069030762,0.17003083229064941,0.04816794395446777,0.18777811527252197,0.0800621509552002,0.10747069120407104,-0.021777570247650146,0.12012255191802979,0.028524279594421387,0.0937654972076416,0.02897191047668457,0.07713145017623901,0.014197885990142822,0.09808623790740967,0.002601444721221924,0.10881656408309937,0.04508894681930542,0.08241760730743408,0.03884094953536987,0.07051116228103638,0.017504870891571045,0.08647876977920532,0.020773470401763916,0.09422874450683594,0.04926097393035889,0.07858073711395264,0.04652869701385498,0.06748372316360474,0.029130935668945312
0.0,0.0,0.0303572416305542,-0.004051685333251953,0.06507939100265503,0.010370492935180664,0.09703117609024048,0.04501062631607056,0.12058264017105103,0.07531595230102539,0.11093354225158691,-0.04411160945892334,0.14808785915374756,0.008651137351989746,0.16867005825042725,0.04718291759490967,0.18673163652420044,0.07771730422973633,0.10492902994155884,-0.02176797389984131,0.11850422620773315,0.02940356731414795,0.09364277124404907,0.030866801738739014,0.07734978199005127,0.016862988471984863,0.09603917598724365,0.0017694830894470215,0.1072772741317749,0.04501610994338989,0.08240139484405518,0.04067498445510864,0.07055377960205078,0.02121192216873169,0.08487182855606079,0.019289612770080566,0.09360647201538086,0.04829752445220947,0.07957470417022705,0.047998130321502686,0.06904494762420654,0.033556461334228516
0.0,0.0,0.030562400817871094,-0.0041332244873046875,0.06441187858581543,0.0105246901512146,0.0956038236618042,0.0456162691116333,0.11923760175704956,0.07587504386901855,0.10984796285629272,-0.04389822483062744,0.14677059650421143,0.008116960525512695,0.16696947813034058,0.04738640785217285,0.1844896674156189,0.07858961820602417,0.10321927070617676,-0.021156251430511475,0.11704146862030029,0.02904045581817627,0.09175974130630493,0.029137849807739258,0.07502633333206177,0.013891816139221191,0.0940592885017395,0.003045976161956787,0.10532236099243164,0.04476618766784668,0.080485999584198,0.03949463367462158,0.06887257099151611,0.019205093383789062,0.08296036720275879,0.020833611488342285,0.09199297428131104,0.049005985260009766,0.07748657464981079,0.04708153009414673,0.06694555282592773,0.031169354915618896
0.0,0.0,0.029313325881958008,-0.004636287689208984,0.06385904550552368,0.009406089782714844,0.09583216905593872,0.04390537738800049,0.12003380060195923,0.07444101572036743,0.11082017421722412,-0.044133663177490234,0.14737868309020996,0.008912265300750732,0.16780900955200195,0.04772293567657471,0.18559002876281738,0.07804518938064575,0.1050449013710022,-0.021798372268676758,0.11819404363632202,0.03015267848968506,0.0925971269607544,0.03170889616012573,0.07587462663650513,0.016770243644714355,0.09609586000442505,0.002024710178375244,0.1074187159538269,0.04513216018676758,0.08218604326248169,0.040838778018951416,0.06991243362426758,0.020998120307922363,0.08485615253448486,0.019964993000030518,0.09474092721939087,0.04926562309265137,0.08026432991027832,0.04835480451583862,0.06935739517211914,0.03275954723358154
0.0,0.0,0.028897613286972046,-0.0041193366050720215,0.06451615691184998,0.00981062650680542,0.09688374400138855,0.04361522197723389,0.12134328484535217,0.07354408502578735,0.11165639758110046,-0.04630404710769653,0.14885488152503967,0.008744299411773682,0.16918835043907166,0.048387348651885986,0.18779614567756653,0.0798916220664978,0.10605183243751526,-0.02399379014968872,0.11709824204444885,0.03206038475036621,0.0899951159954071,0.03249472379684448,0.07301321625709534,0.015751183032989502,0.09750232100486755,-0.00023669004440307617,0.10749062895774841,0.046059608459472656,0.08086511492729187,0.041020214557647705,0.06891229748725891,0.019644439220428467,0.08651873469352722,0.017768263816833496,0.09507551789283752,0.04903841018676758,0.07949462532997131,0.047623276710510254,0.06827083230018616,0.030585527420043945
0.0,0.0,0.030159056186676025,-0.004431605339050293,0.06528353691101074,0.009620070457458496,0.09700912237167358,0.043482303619384766,0.12123709917068481,0.07341325283050537,0.11145371198654175,-0.04672592878341675,0.14784550666809082,0.008046329021453857,0.16854655742645264,0.04732125997543335,0.18706029653549194,0.07833755016326904,0.1052846908569336,-0.024449467658996582,0.11675083637237549,0.029455244541168213,0.09094583988189697,0.030956387519836426,0.07449156045913696,0.015734612941741943,0.09602159261703491,-0.0004820823669433594,0.10658824443817139,0.044606685638427734,0.08095324039459229,0.040727078914642334,0.0691380500793457,0.020370125770568848,0.08493810892105103,0.017753541469573975,0.094044029712677,0.0487179160118103,0.07910299301147461,0.04817402362823486,0.06820487976074219,0.03244006633758545
0.0,0.0,0.029398471117019653,-0.005270779132843018,0.06542876362800598,0.007821857929229736,0.09815505146980286,0.04262953996658325,0.12315669655799866,0.07291656732559204,0.11267092823982239,-0.04898124933242798,0.14987000823020935,0.005841732025146484,0.17025014758110046,0.04516953229904175,0.18896380066871643,0.07659822702407837,0.10670647025108337,-0.026294827461242676,0.11835458874702454,0.027797043323516846,0.09126457571983337,0.028609275817871094,0.07464376091957092,0.013212919235229492,0.09744241833686829,-0.0023273825645446777,0.10775801539421082,0.04278379678726196,0.08174106478691101,0.037805378437042236,0.07062909007072449,0.01646578311920166,0.08597251772880554,0.015657544136047363,0.09449490904808044,0.04680567979812622,0.07905891537666321,0.04491293430328369,0.06854549050331116,0.027245938777923584
0.0,0.0,0.030388683080673218,-0.005790293216705322,0.0665152370929718,0.00859832763671875,0.09781989455223083,0.044054627418518066,0.12144413590431213,0.07427394390106201,0.11308673024177551,-0.04503852128982544,0.14979657530784607,0.00823885202407837,0.16973814368247986,0.04770541191101074,0.18755695223808289,0.07886415719985962,0.10663190484046936,-0.022579848766326904,0.11890122294425964,0.03213745355606079,0.09246107935905457,0.031209230422973633,0.07612612843513489,0.01364833116531372,0.09703448414802551,0.0009751319885253906,0.10740980505943298,0.04661440849304199,0.08172449469566345,0.04011636972427368,0.07023480534553528,0.01786273717880249,0.08484974503517151,0.01853358745574951,0.0935947597026825,0.04910385608673096,0.0787065327167511,0.0468180775642395,0.06820246577262878,0.029404759407043457
0.0,0.0,0.029984116554260254,-0.0056171417236328125,0.06602144241333008,0.008046507835388184,0.09711402654647827,0.042826831340789795,0.12095504999160767,0.07282274961471558,0.11274272203445435,-0.04569774866104126,0.15028667449951172,0.006582975387573242,0.16948366165161133,0.046358466148376465,0.18702131509780884,0.07795959711074829,0.10573065280914307,-0.023046553134918213,0.1176498532295227,0.029230237007141113,0.09095370769500732,0.0274050235748291,0.07527118921279907,0.009453237056732178,0.09601473808288574,4.565715789794922e-05,0.10614001750946045,0.044465839862823486,0.07986032962799072,0.03735315799713135,0.06943726539611816,0.014189004898071289,0.08414649963378906,0.016809165477752686,0.09227436780929565,0.046884775161743164,0.0768318772315979,0.04448199272155762,0.0666232705116272,0.026335537433624268
0.0,0.0,0.0303804874420166,-0.003103196620941162,0.06566643714904785,0.012492895126342773,0.09672755002975464,0.046890199184417725,0.12064403295516968,0.07648485898971558,0.111977219581604,-0.04237085580825806,0.14964979887008667,0.011345148086547852,0.16961032152175903,0.051391005516052246,0.1874023675918579,0.08284276723861694,0.10500675439834595,-0.021132349967956543,0.11830896139144897,0.033197760581970215,0.09283941984176636,0.03263050317764282,0.07704615592956543,0.014716923236846924,0.09556525945663452,0.001375436782836914,0.10663312673568726,0.047273099422454834,0.08114421367645264,0.04150277376174927,0.06988072395324707,0.019254446029663086,0.08427727222442627,0.017901957035064697,0.09252476692199707,0.04851686954498291,0.07777327299118042,0.0464443564414978,0.06733983755111694,0.02879232168197632
0.0,0.0,0.03037276864051819,-0.0016028285026550293,0.06502160429954529,0.014338552951812744,0.09639856219291687,0.04789513349533081,0.1200995147228241,0.07670235633850098,0.11089614033699036,-0.04264271259307861,0.1487039029598236,0.011567413806915283,0.1688586175441742,0.0521203875541687,0.1865532100200653,0.08357524871826172,0.10426446795463562,-0.022006332874298096,0.11774298548698425,0.03407257795333862,0.09170016646385193,0.03461802005767822,0.0751585066318512,0.016928493976593018,0.09522131085395813,0.0005429387092590332,0.10655847191810608,0.04744631052017212,0.08114781975746155,0.041939496994018555,0.06895729899406433,0.019700169563293457,0.08400508761405945,0.01702803373336792,0.09267982840538025,0.048575758934020996,0.07763621211051941,0.04666644334793091,0.06659463047981262,0.02894502878189087
0.0,0.0,0.03181302547454834,-0.0035358071327209473,0.06715542078018188,0.011893689632415771,0.09862709045410156,0.04599452018737793,0.12235373258590698,0.075919508934021,0.11349678039550781,-0.04232311248779297,0.15119022130966187,0.01149660348892212,0.1712402105331421,0.0514141321182251,0.18894171714782715,0.08278226852416992,0.1061130166053772,-0.02094632387161255,0.11947816610336304,0.033684730529785156,0.09327936172485352,0.032805800437927246,0.07658588886260986,0.014587104320526123,0.09610873460769653,0.0020033717155456543,0.10751420259475708,0.04761958122253418,0.08150321245193481,0.04089796543121338,0.06929278373718262,0.01805204153060913,0.08406108617782593,0.019024968147277832,0.09294390678405762,0.04950493574142456,0.07729220390319824,0.04668539762496948,0.06583338975906372,0.028462231159210205
0.0,0.0,0.030937910079956055,-0.003556370735168457,0.0654948353767395,0.01223844289779663,0.096871018409729,0.046930551528930664,0.12113147974014282,0.07658880949020386,0.11306130886077881,-0.042975008487701416,0.14956629276275635,0.011715471744537354,0.1697554588317871,0.051680684089660645,0.18738114833831787,0.08259356021881104,0.1058650016784668,-0.021091163158416748,0.12050461769104004,0.031936466693878174,0.09580999612808228,0.032583773136138916,0.07976913452148438,0.015325605869293213,0.09602046012878418,0.0025826692581176758,0.10839593410491943,0.04721784591674805,0.08362424373626709,0.04212760925292969,0.07170748710632324,0.020380616188049316,0.08446085453033447,0.020098984241485596,0.09430807828903198,0.0504949688911438,0.07991111278533936,0.0485917329788208,0.06889355182647705,0.03126460313796997
0.0,0.0,0.030694663524627686,-0.00653684139251709,0.06591355800628662,0.007309854030609131,0.09735304117202759,0.042898356914520264,0.12145519256591797,0.07366842031478882,0.11246722936630249,-0.04729509353637695,0.14959251880645752,0.006482303142547607,0.17039453983306885,0.04625517129898071,0.18857049942016602,0.07795935869216919,0.10539484024047852,-0.023795247077941895,0.1192675232887268,0.028125405311584473,0.09351962804794312,0.02848994731903076,0.07687568664550781,0.012578427791595459,0.09578448534011841,0.00042372941970825195,0.10816383361816406,0.043952882289886475,0.0830126404762268,0.038213253021240234,0.07096552848815918,0.016139745712280273,0.08423453569412231,0.018212735652923584,0.09365624189376831,0.047809898853302,0.07935929298400879,0.045557379722595215,0.06829428672790527,0.027514755725860596
0.0,0.0,0.03146663308143616,-0.007228374481201172,0.06714096665382385,0.00683748722076416,0.09900334477424622,0.042051076889038086,0.12306734919548035,0.07289272546768188,0.11415210366249084,-0.04695117473602295,0.1511627733707428,0.008069515228271484,0.171598881483078,0.04739648103713989,0.19044747948646545,0.07933515310287476,0.10738220810890198,-0.023094356060028076,0.11831113696098328,0.030244648456573486,0.09056207537651062,0.029059410095214844,0.0736706554889679,0.01175844669342041,0.09823611378669739,0.0011292099952697754,0.10865762829780579,0.045951008796691895,0.08097127079963684,0.03866630792617798,0.0692797601222992,0.014884591102600098,0.0872245728969574,0.01931607723236084,0.09436383843421936,0.04897218942642212,0.07829657196998596,0.04630398750305176,0.06706693768501282,0.02747863531112671
0.0,0.0,0.030228257179260254,-0.0032786130905151367,0.06516283750534058,0.01153188943862915,0.09668618440628052,0.046434879302978516,0.1209835410118103,0.07670235633850098,0.1116895079612732,-0.04498147964477539,0.14863938093185425,0.009701073169708252,0.16917401552200317,0.04897803068161011,0.1876479983329773,0.07990217208862305,0.1054198145866394,-0.02300804853439331,0.11754250526428223,0.030585050582885742,0.09180295467376709,0.03169608116149902,0.07590347528457642,0.015958726406097412,0.09601742029190063,0.00045806169509887695,0.10703092813491821,0.045678019523620605,0.08166372776031494,0.041061341762542725,0.07027852535247803,0.020077109336853027,0.08481341600418091,0.01791471242904663,0.0937567949295044,0.048619091510772705,0.07913714647293091,0.04786425828933716,0.06853532791137695,0.031538963317871094
0.0,0.0,0.03077554702758789,-0.0054129958152771,0.0660393238067627,0.009346604347229004,0.09736132621765137,0.04566723108291626,0.12168800830841064,0.07627546787261963,0.11287188529968262,-0.045324504375457764,0.14954960346221924,0.009485363960266113,0.16979968547821045,0.04907798767089844,0.18786472082138062,0.08012044429779053,0.10620498657226562,-0.022677063941955566,0.11912935972213745,0.030420422554016113,0.09312903881072998,0.03153866529464722,0.07661062479019165,0.015714943408966064,0.0966072678565979,0.0014685988426208496,0.10813391208648682,0.04590243101119995,0.08249044418334961,0.040953874588012695,0.07083708047866821,0.019632577896118164,0.08509045839309692,0.01965022087097168,0.09400033950805664,0.049518585205078125,0.0787016749382019,0.04771435260772705,0.06759071350097656,0.030729591846466064
0.0,0.0,0.03180629014968872,-0.005688607692718506,0.06745398044586182,0.008884608745574951,0.09900099039077759,0.044126272201538086,0.12269717454910278,0.07423347234725952,0.11274522542953491,-0.04578953981399536,0.14940840005874634,0.007559001445770264,0.169916033744812,0.04689180850982666,0.18844187259674072,0.07850342988967896,0.10557353496551514,-0.02222353219985962,0.12053406238555908,0.028214216232299805,0.09401828050613403,0.029054999351501465,0.0766453742980957,0.01403576135635376,0.09662866592407227,0.00218886137008667,0.10968905687332153,0.04499608278274536,0.08312994241714478,0.03912705183029175,0.070792555809021,0.017324626445770264,0.0858079195022583,0.0202215313911438,0.09521621465682983,0.04842895269393921,0.08041274547576904,0.046963512897491455,0.0691414475440979,0.030408143997192383
0.0,0.0,0.029862284660339355,-0.0038916468620300293,0.06552672386169434,0.010171949863433838,0.09788084030151367,0.04513174295425415,0.12271744012832642,0.07542747259140015,0.1127321720123291,-0.04573088884353638,0.15036630630493164,0.009830236434936523,0.17054307460784912,0.04999971389770508,0.18923556804656982,0.08146160840988159,0.10653156042098999,-0.02256762981414795,0.11908948421478271,0.03229045867919922,0.09298372268676758,0.030856549739837646,0.07731014490127563,0.01184457540512085,0.09723591804504395,0.0017861723899841309,0.10857278108596802,0.047526776790618896,0.08255863189697266,0.041240692138671875,0.07108843326568604,0.01863187551498413,0.08597570657730103,0.019941270351409912,0.09545117616653442,0.05070638656616211,0.08015906810760498,0.048882246017456055,0.06903713941574097,0.03150796890258789
0.0,0.0,0.030974149703979492,-0.0023359060287475586,0.06664526462554932,0.012708961963653564,0.09899133443832397,0.046742379665374756,0.12384623289108276,0.07701826095581055,0.11443907022476196,-0.045013427734375,0.1513833999633789,0.010941684246063232,0.17175573110580444,0.050958454608917236,0.1901680827140808,0.08230990171432495,0.10758256912231445,-0.023127198219299316,0.1203378438949585,0.03170514106750488,0.09354764223098755,0.03273355960845947,0.07646042108535767,0.01607811450958252,0.0978630781173706,0.0005130171775817871,0.1092078685760498,0.04668456315994263,0.0830153226852417,0.04147791862487793,0.0712023377418518,0.01942121982574463,0.08615624904632568,0.01803678274154663,0.09489524364471436,0.04973846673965454,0.07914692163467407,0.04768574237823486,0.06787776947021484,0.0296400785446167
0.0,0.0,0.030703216791152954,-0.003271758556365967,0.06616368889808655,0.010940909385681152,0.09887668490409851,0.04515242576599121,0.12355539202690125,0.07490181922912598,0.11246189475059509,-0.0460515022277832,0.14933231472969055,0.008222520351409912,0.16972807049751282,0.04731106758117676,0.18853941559791565,0.07856261730194092,0.1062673032283783,-0.023437917232513428,0.12010547518730164,0.03052234649658203,0.09411105513572693,0.030358850955963135,0.07747837901115417,0.014134347438812256,0.09737524390220642,0.0006039142608642578,0.1095527708530426,0.045700907707214355,0.08399185538291931,0.04000371694564819,0.07188758254051208,0.0189131498336792,0.0865384042263031,0.01831233501434326,0.09618720412254333,0.048510074615478516,0.08188453316688538,0.047407329082489014,0.0707341730594635,0.031723201274871826
0.0,0.0,0.03131479024887085,-0.003569662570953369,0.06640368700027466,0.011174440383911133,0.09845280647277832,0.04491615295410156,0.12243777513504028,0.0740504264831543,0.11190444231033325,-0.045514583587646484,0.14932560920715332,0.008922100067138672,0.16960811614990234,0.04817008972167969,0.18808501958847046,0.07944774627685547,0.10510283708572388,-0.02318704128265381,0.1186324954032898,0.030814170837402344,0.091713547706604,0.031010746955871582,0.07420110702514648,0.014725446701049805,0.09637594223022461,0.0009464025497436523,0.10854226350784302,0.045879900455474854,0.08219152688980103,0.04023200273513794,0.06996238231658936,0.018887102603912354,0.08574932813644409,0.018707334995269775,0.09532654285430908,0.04837357997894287,0.08070200681686401,0.04751330614089966,0.06965184211730957,0.032096028327941895
0.0,0.0,0.031204789876937866,-0.0027638673782348633,0.06666556000709534,0.011639952659606934,0.0989249050617218,0.04523003101348877,0.12340852618217468,0.07460957765579224,0.11172333359718323,-0.04765915870666504,0.14957007765769958,0.007037341594696045,0.17012843489646912,0.04688054323196411,0.1887052357196808,0.07865005731582642,0.10474434494972229,-0.026285290718078613,0.11765220761299133,0.02671360969543457,0.09237679839134216,0.028337299823760986,0.07658371329307556,0.013252496719360352,0.09549883008003235,-0.0028364062309265137,0.10702434182167053,0.04189044237136841,0.08175626397132874,0.03770381212234497,0.07074615359306335,0.01690727472305298,0.08482155203819275,0.014431953430175781,0.09335288405418396,0.045305848121643066,0.07848581671714783,0.044166743755340576,0.06791409850120544,0.02767878770828247
0.0,0.0,0.030982881784439087,-0.007312417030334473,0.06651785969734192,0.005491018295288086,0.09929344058036804,0.04032248258590698,0.12425199151039124,0.07033830881118774,0.11299106478691101,-0.05051916837692261,0.15014001727104187,0.0033594369888305664,0.1710285246372223,0.042257606983184814,0.1902301013469696,0.07401520013809204,0.10678735375404358,-0.02654898166656494,0.11961516737937927,0.025367021560668945,0.09292832016944885,0.0258447527885437,0.07626977562904358,0.011020302772521973,0.09808990359306335,-0.0017768144607543945,0.10964158177375793,0.042104125022888184,0.08273234963417053,0.03597074747085571,0.07060781121253967,0.014329910278320312,0.0874815285205841,0.01652812957763672,0.09564468264579773,0.045741379261016846,0.08047506213188171,0.044136643409729004,0.06938448548316956,0.027795791625976562
0.0,0.0,0.031169742345809937,-0.0038094520568847656,0.06542512774467468,0.012225866317749023,0.0974639356136322,0.047162771224975586,0.12224528193473816,0.07701265811920166,0.11180755496025085,-0.044106245040893555,0.14893826842308044,0.008839726448059082,0.16964229941368103,0.04814934730529785,0.18758222460746765,0.07977950572967529,0.10480204224586487,-0.022272109985351562,0.12067940831184387,0.028235554695129395,0.09715315699577332,0.030986487865447998,0.08092561364173889,0.017883777618408203,0.09549549221992493,0.0011377930641174316,0.10910752415657043,0.042966246604919434,0.08503541350364685,0.03936511278152466,0.07267168164253235,0.020566046237945557,0.08475330471992493,0.018551886081695557,0.09464970231056213,0.045989274978637695,0.0808502733707428,0.04462635517120361,0.06971922516822815,0.029263973236083984
0.0,0.0,0.030263304710388184,-0.00551837682723999,0.06619161367416382,0.008993268013000488,0.0984182357788086,0.04462921619415283,0.12326151132583618,0.07487577199935913,0.11270499229431152,-0.045629918575286865,0.1501171588897705,0.008552372455596924,0.17101889848709106,0.047520458698272705,0.18981510400772095,0.07868796586990356,0.1059190034866333,-0.023206591606140137,0.11800187826156616,0.030390620231628418,0.09229171276092529,0.031326115131378174,0.07618087530136108,0.015749216079711914,0.09597945213317871,0.0003921389579772949,0.10692280530929565,0.045421719551086426,0.08167541027069092,0.040314674377441406,0.07006418704986572,0.018877744674682617,0.08435952663421631,0.017758965492248535,0.09289044141769409,0.04834192991256714,0.07785320281982422,0.04724377393722534,0.06697285175323486,0.030991733074188232
0.0,0.0,0.03017944097518921,-0.0034136176109313965,0.06533634662628174,0.011820614337921143,0.09694212675094604,0.045823097229003906,0.1214824914932251,0.07583290338516235,0.11150985956192017,-0.04430466890335083,0.14794319868087769,0.008971154689788818,0.16894084215164185,0.048309922218322754,0.18717795610427856,0.07978957891464233,0.10528922080993652,-0.02272355556488037,0.11688739061355591,0.03043818473815918,0.0912507176399231,0.032150447368621826,0.07490450143814087,0.01704847812652588,0.09570437669754028,0.0005208849906921387,0.10625427961349487,0.04459172487258911,0.08151483535766602,0.04045671224594116,0.06969112157821655,0.020103275775909424,0.08442139625549316,0.01749587059020996,0.09216123819351196,0.04716974496841431,0.07733750343322754,0.04585164785385132,0.06687945127487183,0.029423654079437256
0.0,0.0,0.03061768412590027,-0.006525576114654541,0.06592628359794617,0.007400333881378174,0.09794643521308899,0.042360126972198486,0.12182161211967468,0.07222479581832886,0.1118827760219574,-0.04781311750411987,0.14876189827919006,0.005071818828582764,0.16951832175254822,0.044223129749298096,0.18773671984672546,0.07496607303619385,0.10549595952033997,-0.0248105525970459,0.12118145823478699,0.02541893720626831,0.09654495120048523,0.027248620986938477,0.07994654774665833,0.013216614723205566,0.09651979804039001,-0.00032699108123779297,0.109276682138443,0.04212290048599243,0.08449682593345642,0.03786802291870117,0.07212933897972107,0.018358707427978516,0.08541950583457947,0.01759856939315796,0.09583505988121033,0.04602152109146118,0.08206334710121155,0.045525312423706055,0.0713551938533783,0.03110712766647339
0.0,0.0,0.03003990650177002,-0.004115641117095947,0.06568890810012817,0.010701298713684082,0.09740787744522095,0.045645058155059814,0.12200874090194702,0.07500720024108887,0.11273682117462158,-0.045154690742492676,0.14862346649169922,0.010257720947265625,0.16910910606384277,0.049265265464782715,0.18778389692306519,0.07944750785827637,0.1066468358039856,-0.023605406284332275,0.11841332912445068,0.03145194053649902,0.09178280830383301,0.03397649526596069,0.0751541256904602,0.01879340410232544,0.09735757112503052,-0.00010597705841064453,0.10800200700759888,0.046135902404785156,0.08163762092590332,0.04195970296859741,0.06989926099777222,0.02084219455718994,0.08618241548538208,0.01791459321975708,0.09454452991485596,0.04899168014526367,0.0790281891822815,0.04816460609436035,0.06840908527374268,0.031874001026153564
0.0,0.0,0.030940771102905273,-0.006258189678192139,0.06453454494476318,0.007323026657104492,0.0969235897064209,0.04094892740249634,0.12170535326004028,0.07064074277877808,0.11140018701553345,-0.0478740930557251,0.14868199825286865,0.005896329879760742,0.169339120388031,0.04502904415130615,0.18772292137145996,0.0759817361831665,0.1054154634475708,-0.02461707592010498,0.12036973237991333,0.027334749698638916,0.09551972150802612,0.028569340705871582,0.07885605096817017,0.012910008430480957,0.09715777635574341,-1.2040138244628906e-05,0.1098054051399231,0.042522966861724854,0.0845213532447815,0.038430094718933105,0.07208842039108276,0.01827704906463623,0.08707356452941895,0.018679022789001465,0.09690767526626587,0.04659932851791382,0.08239167928695679,0.04532819986343384,0.07089638710021973,0.02948230504989624
0.0,0.0,0.030498087406158447,-0.005014955997467041,0.06486266851425171,0.009354352951049805,0.09595376253128052,0.04443979263305664,0.1201012134552002,0.07390940189361572,0.11106240749359131,-0.044957876205444336,0.14810752868652344,0.008198976516723633,0.16858404874801636,0.04809647798538208,0.18645328283309937,0.07908731698989868,0.10484862327575684,-0.021979987621307373,0.11925530433654785,0.028129279613494873,0.0933685302734375,0.02870696783065796,0.07656896114349365,0.012284398078918457,0.095986008644104,0.002151668071746826,0.10818499326705933,0.04418230056762695,0.08250236511230469,0.03865736722946167,0.06986510753631592,0.01694732904434204,0.08487182855606079,0.02002418041229248,0.09442341327667236,0.048128485679626465,0.07930821180343628,0.04553133249282837,0.06788009405136108,0.02792257070541382
0.0,0.0,0.02956414222717285,-0.005166828632354736,0.0639466643333435,0.00884544849395752,0.09576863050460815,0.04402017593383789,0.12060558795928955,0.07412964105606079,0.11164885759353638,-0.04448103904724121,0.14886319637298584,0.00864553451538086,0.16923415660858154,0.04890042543411255,0.18704503774642944,0.08060866594314575,0.10560691356658936,-0.021794676780700684,0.11989355087280273,0.030212461948394775,0.09369736909866333,0.031076669692993164,0.07595831155776978,0.015196919441223145,0.09661471843719482,0.0020713210105895996,0.10842490196228027,0.045771002769470215,0.0823737382888794,0.04019629955291748,0.06902223825454712,0.019098401069641113,0.08552169799804688,0.019664466381072998,0.0947832465171814,0.04918009042739868,0.07919871807098389,0.046881914138793945,0.067532479763031,0.030494511127471924
0.0,0.0,0.031126439571380615,-0.002051830291748047,0.06570518016815186,0.013299167156219482,0.09776580333709717,0.04742008447647095,0.12226241827011108,0.07737284898757935,0.11268264055252075,-0.04393690824508667,0.15091222524642944,0.012233912944793701,0.1711680293083191,0.053061485290527344,0.18903017044067383,0.0846753716468811,0.10646450519561768,-0.022859811782836914,0.12057071924209595,0.03222942352294922,0.09442383050918579,0.034304678440093994,0.07741296291351318,0.017838776111602783,0.09728461503982544,0.000492095947265625,0.10958349704742432,0.04651719331741333,0.08382242918014526,0.04211843013763428,0.07125455141067505,0.020550847053527832,0.08611077070236206,0.01823890209197998,0.09559130668640137,0.04961836338043213,0.08016014099121094,0.04761141538619995,0.06875395774841309,0.0298425555229187
0.0,0.0,0.0315784215927124,-0.003818333148956299,0.06744420528411865,0.011201024055480957,0.09979450702667236,0.04573988914489746,0.12419521808624268,0.07515162229537964,0.11440807580947876,-0.04524344205856323,0.15220248699188232,0.00950014591217041,0.1723605990409851,0.04950922727584839,0.19075703620910645,0.08151930570602417,0.10767018795013428,-0.02297276258468628,0.12104707956314087,0.032073795795440674,0.09454429149627686,0.03157323598861694,0.07792162895202637,0.01413571834564209,0.09798610210418701,0.0008984804153442383,0.10996806621551514,0.046911776065826416,0.083842933177948,0.04062873125076294,0.07190847396850586,0.0176163911819458,0.08603715896606445,0.018925368785858154,0.09557884931564331,0.05005621910095215,0.08016002178192139,0.047359466552734375,0.0687515139579773,0.02857494354248047
0.0,0.0,0.03100493550300598,-0.005362153053283691,0.06642374396324158,0.009225666522979736,0.09877696633338928,0.04478192329406738,0.12330356240272522,0.07530194520950317,0.11333778500556946,-0.046414732933044434,0.15074804425239563,0.009788215160369873,0.1708846390247345,0.049919962882995605,0.18946728110313416,0.08213949203491211,0.10678943991661072,-0.023530900478363037,0.12014541029930115,0.030263245105743408,0.09342643618583679,0.03051888942718506,0.07671836018562317,0.014292657375335693,0.09778091311454773,0.0005145668983459473,0.11004474759101868,0.04563283920288086,0.0833536684513092,0.04057043790817261,0.07168444991111755,0.01895725727081299,0.08701536059379578,0.01875549554824829,0.09656992554664612,0.04904472827911377,0.0811934769153595,0.04767400026321411,0.06987729668617249,0.030510246753692627
0.0,0.0,0.03025001287460327,-0.0060318708419799805,0.06540143489837646,0.00850069522857666,0.09784847497940063,0.04381662607192993,0.12255609035491943,0.07494533061981201,0.11354464292526245,-0.04600787162780762,0.15080660581588745,0.009296178817749023,0.1712060570716858,0.04947453737258911,0.18947464227676392,0.08191579580307007,0.10710132122039795,-0.023227810859680176,0.12149369716644287,0.02883833646774292,0.09569436311721802,0.028919756412506104,0.07904928922653198,0.012821853160858154,0.09782391786575317,0.00035947561264038086,0.11005473136901855,0.043905556201934814,0.08389472961425781,0.03830826282501221,0.07196182012557983,0.016606807708740234,0.08659398555755615,0.01804572343826294,0.09589773416519165,0.04710030555725098,0.08066964149475098,0.04505884647369385,0.06937706470489502,0.02742481231689453
0.0,0.0,0.02929714322090149,-0.006706655025482178,0.064085453748703,0.006760835647583008,0.09563127160072327,0.04223942756652832,0.12054464221000671,0.07233554124832153,0.11140015721321106,-0.045692503452301025,0.14837506413459778,0.007492363452911377,0.1690932810306549,0.04740506410598755,0.18768540024757385,0.078762948513031,0.10539397597312927,-0.02148979902267456,0.11719152331352234,0.02936255931854248,0.09098324179649353,0.028230249881744385,0.07487514615058899,0.010274648666381836,0.09639039635658264,0.0030331015586853027,0.10720077157020569,0.045349717140197754,0.0809803307056427,0.038898468017578125,0.06906703114509583,0.016335248947143555,0.08543148636817932,0.02103734016418457,0.09379413723945618,0.04883068799972534,0.0782218873500824,0.04627025127410889,0.06703737378120422,0.028708338737487793
0.0,0.0,0.0299413800239563,-0.006558120250701904,0.06543570756912231,0.006541788578033447,0.09756690263748169,0.04205882549285889,0.12298381328582764,0.07263243198394775,0.11348271369934082,-0.04711252450942993,0.1514485478401184,0.007345020771026611,0.17196691036224365,0.04765486717224121,0.19040966033935547,0.0792120099067688,0.10712295770645142,-0.024237215518951416,0.11980396509170532,0.030008316040039062,0.09242838621139526,0.029094815254211426,0.07536274194717407,0.010384678840637207,0.09747940301895142,-0.0003007650375366211,0.10878390073776245,0.04470425844192505,0.08182239532470703,0.037899911403656006,0.0693596601486206,0.014145314693450928,0.08570688962936401,0.017424941062927246,0.09465521574020386,0.04766738414764404,0.0782882571220398,0.04501312971115112,0.0666201114654541,0.02639901638031006
0.0,0.0,0.030902981758117676,-0.0036628246307373047,0.065926194190979,0.011869370937347412,0.09779858589172363,0.04626554250717163,0.12218403816223145,0.07500743865966797,0.11260908842086792,-0.04512298107147217,0.15006321668624878,0.009876072406768799,0.17076879739761353,0.049977123737335205,0.18907392024993896,0.08141648769378662,0.10595494508743286,-0.023146510124206543,0.12011492252349854,0.030859649181365967,0.09398859739303589,0.03227764368057251,0.07644730806350708,0.01576101779937744,0.09704333543777466,0.0008410215377807617,0.10943317413330078,0.04596400260925293,0.08323198556900024,0.040518224239349365,0.07029032707214355,0.01844346523284912,0.08633953332901001,0.01866018772125244,0.09511798620223999,0.04854482412338257,0.0796157717704773,0.04661744832992554,0.06798136234283447,0.02966684103012085
