0.0,0.0,-0.055236637592315674,-0.07943832874298096,-0.06181389093399048,-0.17493584752082825,-0.0317612886428833,-0.23918387293815613,0.0027948617935180664,-0.2990308552980423,-0.12062239646911621,-0.2196606993675232,-0.11007744073867798,-0.3433265686035156,-0.09865570068359375,-0.42152851819992065,-0.08497452735900879,-0.484159916639328,-0.07899540662765503,-0.21598246693611145,-0.09575110673904419,-0.34352992475032806,-0.08758974075317383,-0.42384010553359985,-0.08034640550613403,-0.4847046732902527,-0.03090149164199829,-0.20773077011108398,-0.0036191940307617188,-0.30836910009384155,0.006008446216583252,-0.24105241894721985,-0.0038237571716308594,-0.19639742374420166,0.014811038970947266,-0.20958593487739563,0.03139692544937134,-0.27215471863746643,0.03309565782546997,-0.22373667359352112,0.020608842372894287,-0.18919560313224792
0.0,0.0,-0.03406071662902832,-0.07047080993652344,-0.04353928565979004,-0.1591206192970276,-0.026241600513458252,-0.22075355052947998,-0.0057010650634765625,-0.28821924328804016,-0.11239886283874512,-0.21732613444328308,-0.09388542175292969,-0.3354049324989319,-0.08730703592300415,-0.41116198897361755,-0.07476025819778442,-0.471107080578804,-0.07231920957565308,-0.21464532613754272,-0.08113443851470947,-0.34196311235427856,-0.07470965385437012,-0.4178152233362198,-0.0680999755859375,-0.47676055133342743,-0.026017308235168457,-0.2114979326725006,0.00012344121932983398,-0.30299869179725647,0.00714188814163208,-0.23922932147979736,-0.0026900768280029297,-0.19599831104278564,0.01722174882888794,-0.21397891640663147,0.03127866983413696,-0.26198408007621765,0.03437376022338867,-0.21356680989265442,0.024054408073425293,-0.1789773404598236
0.0,0.0,-0.024821877479553223,-0.038149118423461914,-0.03113389015197754,-0.1149141788482666,-0.018604576587677002,-0.1823846697807312,-0.000785529613494873,-0.2506006360054016,-0.10967588424682617,-0.19543200731277466,-0.09393095970153809,-0.29842162132263184,-0.07976847887039185,-0.371987521648407,-0.06491559743881226,-0.4253121018409729,-0.0750964879989624,-0.19825121760368347,-0.08474516868591309,-0.3002970218658447,-0.0751224160194397,-0.3696039915084839,-0.07174074649810791,-0.4308360517024994,-0.03172868490219116,-0.19304481148719788,-0.007354557514190674,-0.27140918374061584,0.005922079086303711,-0.20689019560813904,-0.0038114190101623535,-0.16717684268951416,0.00493389368057251,-0.1970667541027069,0.022396564483642578,-0.23812663555145264,0.02750462293624878,-0.1881152093410492,0.0158347487449646,-0.15706151723861694
0.0,0.0,-0.03544265031814575,-0.03202617168426514,-0.049648165702819824,-0.10066896677017212,-0.037071287631988525,-0.1644180417060852,-0.017840445041656494,-0.23004013299942017,-0.10446947813034058,-0.20020031929016113,-0.09572398662567139,-0.2907135486602783,-0.08698827028274536,-0.36282873153686523,-0.0762069821357727,-0.4200574457645416,-0.06966203451156616,-0.20452797412872314,-0.08341681957244873,-0.30288296937942505,-0.07471442222595215,-0.3628850281238556,-0.07337707281112671,-0.4199588894844055,-0.02863943576812744,-0.198866069316864,-0.0077735185623168945,-0.26517513394355774,0.002155780792236328,-0.19881898164749146,-0.00947582721710205,-0.15873205661773682,0.007824182510375977,-0.19709044694900513,0.02436542510986328,-0.2335839867591858,0.025787711143493652,-0.18481332063674927,0.012963593006134033,-0.15543371438980103
0.0,0.0,-0.03897291421890259,-0.0372273325920105,-0.05523264408111572,-0.10353857278823853,-0.04204148054122925,-0.16582685708999634,-0.018308818340301514,-0.22508138418197632,-0.10163319110870361,-0.2030801773071289,-0.09520930051803589,-0.28874465823173523,-0.08820104598999023,-0.35642996430397034,-0.07844877243041992,-0.41243234276771545,-0.06536895036697388,-0.2031119465827942,-0.07677596807479858,-0.2986186146736145,-0.06820434331893921,-0.3576439321041107,-0.06847065687179565,-0.4169198274612427,-0.024512052536010742,-0.194288432598114,-0.00599747896194458,-0.2603086829185486,0.0018231868743896484,-0.19280385971069336,-0.010822415351867676,-0.15256112813949585,0.011486470699310303,-0.1905972957611084,0.027406394481658936,-0.22906821966171265,0.02695244550704956,-0.18168151378631592,0.01280587911605835,-0.150584876537323
0.0,0.0,-0.03989213705062866,-0.04014134407043457,-0.05362290143966675,-0.10835796594619751,-0.03745377063751221,-0.1718519926071167,-0.0138319730758667,-0.23442000150680542,-0.10516178607940674,-0.19915658235549927,-0.09606033563613892,-0.2877662777900696,-0.08730024099349976,-0.35628437995910645,-0.07573944330215454,-0.4072672128677368,-0.06822270154953003,-0.19833534955978394,-0.07994866371154785,-0.2957656681537628,-0.0701744556427002,-0.35503971576690674,-0.07123780250549316,-0.41546332836151123,-0.025507807731628418,-0.19070732593536377,-0.0072196125984191895,-0.26147788763046265,0.0022164583206176758,-0.19626593589782715,-0.010004401206970215,-0.15444731712341309,0.010702908039093018,-0.18999391794204712,0.024198532104492188,-0.2307935357093811,0.02501523494720459,-0.18480634689331055,0.01236802339553833,-0.15182459354400635
0.0,0.0,-0.03860604763031006,-0.035040438175201416,-0.05507540702819824,-0.10076010227203369,-0.04342937469482422,-0.16231507062911987,-0.02268272638320923,-0.22366154193878174,-0.1034247875213623,-0.2001713514328003,-0.09904038906097412,-0.2871140241622925,-0.09338653087615967,-0.35548174381256104,-0.08250296115875244,-0.40637749433517456,-0.06743627786636353,-0.20210057497024536,-0.08134901523590088,-0.2994118928909302,-0.07300519943237305,-0.3578717112541199,-0.07157373428344727,-0.4139130413532257,-0.027013123035430908,-0.19541269540786743,-0.010479986667633057,-0.26379263401031494,-0.0018090605735778809,-0.19748806953430176,-0.011807501316070557,-0.15310442447662354,0.008402407169342041,-0.19357532262802124,0.021439671516418457,-0.2326604723930359,0.02275371551513672,-0.18578076362609863,0.011281192302703857,-0.15184611082077026
0.0,0.0,-0.03990226984024048,-0.037396132946014404,-0.057673871517181396,-0.10755699872970581,-0.05003225803375244,-0.17355257272720337,-0.026343882083892822,-0.2337498664855957,-0.10105878114700317,-0.20017337799072266,-0.09659802913665771,-0.28910237550735474,-0.08988618850708008,-0.35775089263916016,-0.08031874895095825,-0.4127349853515625,-0.0665706992149353,-0.2052934765815735,-0.08013886213302612,-0.304137259721756,-0.07416027784347534,-0.3648912012577057,-0.07152307033538818,-0.418617844581604,-0.028364479541778564,-0.19882625341415405,-0.010040640830993652,-0.2652488946914673,-0.002002716064453125,-0.19649749994277954,-0.010451972484588623,-0.1515570878982544,0.0066596269607543945,-0.19481569528579712,0.020545601844787598,-0.23367387056350708,0.022918343544006348,-0.18393290042877197,0.013036847114562988,-0.14835095405578613
0.0,0.0,-0.03977179527282715,-0.036270081996917725,-0.05760931968688965,-0.10347747802734375,-0.04931998252868652,-0.16949236392974854,-0.02848649024963379,-0.22914594411849976,-0.1001518964767456,-0.20152640342712402,-0.09393244981765747,-0.28923550248146057,-0.08638566732406616,-0.35722535848617554,-0.07635575532913208,-0.4128585159778595,-0.064594566822052,-0.20549458265304565,-0.07766568660736084,-0.30396825075149536,-0.07227516174316406,-0.36161330342292786,-0.07129144668579102,-0.4151855707168579,-0.025891244411468506,-0.1981247067451477,-0.008797526359558105,-0.2659030556678772,-0.001125931739807129,-0.19981086254119873,-0.009981215000152588,-0.1574367880821228,0.009337186813354492,-0.19343554973602295,0.02286243438720703,-0.23575037717819214,0.024661779403686523,-0.19034600257873535,0.014133334159851074,-0.15633153915405273
0.0,0.0,-0.04055601358413696,-0.0397191047668457,-0.05735963582992554,-0.11019885540008545,-0.04531794786453247,-0.1759117841720581,-0.020815014839172363,-0.2321736216545105,-0.10022163391113281,-0.202692449092865,-0.09355127811431885,-0.2895670533180237,-0.08561521768569946,-0.3575146794319153,-0.07526695728302002,-0.4127896726131439,-0.06469249725341797,-0.20476233959197998,-0.07815831899642944,-0.3029412627220154,-0.07278966903686523,-0.3602496385574341,-0.07212507724761963,-0.41554713249206543,-0.02544879913330078,-0.19697493314743042,-0.008162498474121094,-0.2653024196624756,-0.001156926155090332,-0.197018563747406,-0.01064378023147583,-0.1543278694152832,0.010377705097198486,-0.19241583347320557,0.02365487813949585,-0.23471111059188843,0.023777365684509277,-0.18769270181655884,0.012255668640136719,-0.15308266878128052
0.0,0.0,-0.04091513156890869,-0.039674580097198486,-0.058656156063079834,-0.1118168830871582,-0.04810535907745361,-0.17978709936141968,-0.02344304323196411,-0.24059993028640747,-0.10093599557876587,-0.20458245277404785,-0.09646862745285034,-0.29465416073799133,-0.09015744924545288,-0.36341655254364014,-0.08074474334716797,-0.4187719225883484,-0.06586462259292603,-0.2077818512916565,-0.07920235395431519,-0.30701494216918945,-0.07433134317398071,-0.36792412400245667,-0.0724976658821106,-0.42352694272994995,-0.027197420597076416,-0.1996331810951233,-0.00922924280166626,-0.26911723613739014,-0.0022624731063842773,-0.20010751485824585,-0.010862410068511963,-0.15536171197891235,0.008533775806427002,-0.19411051273345947,0.022120118141174316,-0.23792004585266113,0.023104488849639893,-0.18950319290161133,0.01247638463973999,-0.15312457084655762
0.0,0.0,-0.04078567028045654,-0.03668093681335449,-0.05952417850494385,-0.10625749826431274,-0.05037117004394531,-0.1715456247329712,-0.02356666326522827,-0.22970885038375854,-0.1006392240524292,-0.20288985967636108,-0.09519350528717041,-0.29121196269989014,-0.08626580238342285,-0.35945695638656616,-0.07519006729125977,-0.41632965207099915,-0.06528663635253906,-0.20751339197158813,-0.08019202947616577,-0.30566689372062683,-0.07398170232772827,-0.36423999071121216,-0.07152032852172852,-0.41788923740386963,-0.02620398998260498,-0.20023083686828613,-0.008706390857696533,-0.2627396881580353,-0.0008796453475952148,-0.1941056251525879,-0.009513497352600098,-0.1511693000793457,0.009402811527252197,-0.1949620246887207,0.024358153343200684,-0.23303812742233276,0.025073230266571045,-0.18466705083847046,0.013601124286651611,-0.15116482973098755
0.0,0.0,-0.040158092975616455,-0.035917580127716064,-0.058740198612213135,-0.1050875186920166,-0.051329612731933594,-0.17354393005371094,-0.029562294483184814,-0.2355952262878418,-0.10187005996704102,-0.20179152488708496,-0.09761524200439453,-0.2899831235408783,-0.090476393699646,-0.35878464579582214,-0.08043640851974487,-0.4153727889060974,-0.06628578901290894,-0.20552021265029907,-0.08017843961715698,-0.30336296558380127,-0.0740099549293518,-0.3629263937473297,-0.07426774501800537,-0.4196380376815796,-0.027199089527130127,-0.19862806797027588,-0.010813891887664795,-0.26744604110717773,-0.002396821975708008,-0.1985936164855957,-0.011958718299865723,-0.15492838621139526,0.008052468299865723,-0.19482415914535522,0.021971404552459717,-0.23604702949523926,0.023465216159820557,-0.18796789646148682,0.012201011180877686,-0.15279459953308105
0.0,0.0,-0.0399664044380188,-0.03681778907775879,-0.05854243040084839,-0.10808658599853516,-0.05006140470504761,-0.17446517944335938,-0.02632129192352295,-0.23179173469543457,-0.10238313674926758,-0.2026309370994568,-0.09604078531265259,-0.2925044894218445,-0.088070809841156,-0.3581477701663971,-0.07952433824539185,-0.41404053568840027,-0.06675058603286743,-0.20720720291137695,-0.07841300964355469,-0.30571889877319336,-0.07173967361450195,-0.36393457651138306,-0.07106214761734009,-0.4182223081588745,-0.02789825201034546,-0.20076239109039307,-0.010231852531433105,-0.2652881443500519,-0.002133607864379883,-0.19651484489440918,-0.012033820152282715,-0.1546497941017151,0.007727503776550293,-0.1965010166168213,0.02249222993850708,-0.23660993576049805,0.0235595703125,-0.189073383808136,0.011314153671264648,-0.1554090976715088
0.0,0.0,-0.04164546728134155,-0.04074811935424805,-0.060930490493774414,-0.11338520050048828,-0.052464425563812256,-0.18013793230056763,-0.027841627597808838,-0.23864895105361938,-0.1015576720237732,-0.2072610855102539,-0.0974685549736023,-0.29691827297210693,-0.0909808874130249,-0.36411845684051514,-0.08215028047561646,-0.41984114050865173,-0.06660312414169312,-0.21031033992767334,-0.07913428544998169,-0.3077072203159332,-0.07410496473312378,-0.3681221604347229,-0.07319599390029907,-0.42335665225982666,-0.02810204029083252,-0.2019749879837036,-0.009709477424621582,-0.2696647644042969,-0.002794027328491211,-0.20021235942840576,-0.012090802192687988,-0.15436702966690063,0.007686913013458252,-0.19672399759292603,0.02250772714614868,-0.23901385068893433,0.02282649278640747,-0.18987369537353516,0.010798990726470947,-0.15267270803451538
0.0,0.0,-0.04028040170669556,-0.039201319217681885,-0.05907326936721802,-0.11173486709594727,-0.05118441581726074,-0.18046683073043823,-0.027508199214935303,-0.23937809467315674,-0.10188406705856323,-0.20817428827285767,-0.09771960973739624,-0.29789239168167114,-0.08974981307983398,-0.36649197340011597,-0.07940608263015747,-0.4234793782234192,-0.06702810525894165,-0.2126263976097107,-0.08150053024291992,-0.3110726475715637,-0.07585662603378296,-0.37002748250961304,-0.0745382308959961,-0.4252840280532837,-0.02836465835571289,-0.20501679182052612,-0.010517120361328125,-0.2706145942211151,-0.0022927522659301758,-0.20098614692687988,-0.011157810688018799,-0.15728223323822021,0.007274985313415527,-0.19971638917922974,0.0224342942237854,-0.24155759811401367,0.023456990718841553,-0.19203978776931763,0.011696815490722656,-0.15688544511795044
0.0,0.0,-0.040677428245544434,-0.037381768226623535,-0.058019936084747314,-0.10881024599075317,-0.04920637607574463,-0.17653518915176392,-0.030226528644561768,-0.23578613996505737,-0.10243114829063416,-0.20406490564346313,-0.09566563367843628,-0.2943766713142395,-0.08736193180084229,-0.36246585845947266,-0.07770490646362305,-0.41859573125839233,-0.0667998194694519,-0.20689958333969116,-0.07935893535614014,-0.30536603927612305,-0.07323575019836426,-0.3646954894065857,-0.07288676500320435,-0.4197147488594055,-0.027265608310699463,-0.19985496997833252,-0.00943058729171753,-0.2683742642402649,-0.0015614628791809082,-0.19994163513183594,-0.011634230613708496,-0.15713614225387573,0.008882880210876465,-0.19668883085250854,0.023105978965759277,-0.23777705430984497,0.023555099964141846,-0.18860280513763428,0.01148533821105957,-0.15386849641799927
0.0,0.0,-0.03933858871459961,-0.03699755668640137,-0.05801224708557129,-0.10597026348114014,-0.05112546682357788,-0.1730966567993164,-0.03032463788986206,-0.23519223928451538,-0.10180604457855225,-0.20415443181991577,-0.09754014015197754,-0.2926584780216217,-0.09077966213226318,-0.3622692823410034,-0.08044743537902832,-0.4177914261817932,-0.06662750244140625,-0.2081754207611084,-0.08175629377365112,-0.3065564036369324,-0.07571607828140259,-0.36624228954315186,-0.0741431713104248,-0.4209718704223633,-0.027501285076141357,-0.20136159658432007,-0.010829269886016846,-0.2654104232788086,-0.001644909381866455,-0.19817078113555908,-0.009629368782043457,-0.1540328860282898,0.007651209831237793,-0.19781363010406494,0.021888256072998047,-0.23726707696914673,0.02386629581451416,-0.18907523155212402,0.013202428817749023,-0.1531381607055664
0.0,0.0,-0.040112197399139404,-0.03530997037887573,-0.05894351005554199,-0.10576748847961426,-0.05221712589263916,-0.17314523458480835,-0.030225157737731934,-0.23479068279266357,-0.10059714317321777,-0.20452111959457397,-0.09695523977279663,-0.294230192899704,-0.09186780452728271,-0.36294025182724,-0.08318394422531128,-0.41891658306121826,-0.06612926721572876,-0.20746362209320068,-0.07888531684875488,-0.3063145577907562,-0.0744585394859314,-0.36710256338119507,-0.07467663288116455,-0.4227713346481323,-0.02808743715286255,-0.20017534494400024,-0.009611308574676514,-0.2709239721298218,-0.002163231372833252,-0.20273208618164062,-0.01159977912902832,-0.15717053413391113,0.006883025169372559,-0.19692891836166382,0.02162456512451172,-0.24005848169326782,0.023032724857330322,-0.19177627563476562,0.011628508567810059,-0.15431827306747437
0.0,0.0,-0.03890448808670044,-0.03530329465866089,-0.057789385318756104,-0.10667520761489868,-0.05174463987350464,-0.1740705370903015,-0.03106856346130371,-0.2350996732711792,-0.10266357660293579,-0.20313382148742676,-0.09900873899459839,-0.29480236768722534,-0.09261679649353027,-0.3617704212665558,-0.08365839719772339,-0.4183097183704376,-0.06734836101531982,-0.20822715759277344,-0.07972943782806396,-0.30727091431617737,-0.07499730587005615,-0.3673572838306427,-0.0738796591758728,-0.4209505021572113,-0.02900797128677368,-0.2021956443786621,-0.010908901691436768,-0.26854217052459717,-0.0029775500297546387,-0.1996045708656311,-0.011690795421600342,-0.15470516681671143,0.006282448768615723,-0.19911813735961914,0.021814823150634766,-0.23999619483947754,0.023656368255615234,-0.19213998317718506,0.012607336044311523,-0.15595918893814087
0.0,0.0,-0.04124796390533447,-0.03695833683013916,-0.05952560901641846,-0.10759931802749634,-0.04881471395492554,-0.17460763454437256,-0.02573370933532715,-0.23306024074554443,-0.10371282696723938,-0.20111030340194702,-0.09765750169754028,-0.2912741005420685,-0.09155291318893433,-0.35844385623931885,-0.0835908055305481,-0.41371777653694153,-0.06789517402648926,-0.20344769954681396,-0.08044487237930298,-0.30431225895881653,-0.07374495267868042,-0.3624129295349121,-0.07362908124923706,-0.41842445731163025,-0.02851080894470215,-0.1960766315460205,-0.010562598705291748,-0.26323646306991577,-0.0017538666725158691,-0.19468414783477783,-0.011721968650817871,-0.15275990962982178,0.007199466228485107,-0.19211483001708984,0.021920084953308105,-0.23536080121994019,0.02363276481628418,-0.1873040795326233,0.011845409870147705,-0.15240401029586792
0.0,0.0,-0.04002958536148071,-0.03498572111129761,-0.059397220611572266,-0.1053318977355957,-0.0551145076751709,-0.17333000898361206,-0.03478163480758667,-0.23543190956115723,-0.10355180501937866,-0.20085173845291138,-0.09867018461227417,-0.2926400899887085,-0.09136545658111572,-0.3613906502723694,-0.08171653747558594,-0.41860145330429077,-0.06840592622756958,-0.20724672079086304,-0.08148550987243652,-0.3060762882232666,-0.07703584432601929,-0.36782312393188477,-0.07571911811828613,-0.4223352074623108,-0.029691338539123535,-0.20151430368423462,-0.01174086332321167,-0.26789724826812744,-0.004296779632568359,-0.19910073280334473,-0.011924445629119873,-0.15250897407531738,0.005694925785064697,-0.19803208112716675,0.019482731819152832,-0.23945873975753784,0.021082758903503418,-0.19119244813919067,0.011381924152374268,-0.1543172001838684
0.0,0.0,-0.040632009506225586,-0.03647345304489136,-0.059313952922821045,-0.10702574253082275,-0.05215024948120117,-0.17319363355636597,-0.02971339225769043,-0.2342093586921692,-0.10140061378479004,-0.2020864486694336,-0.097983717918396,-0.2916179895401001,-0.09182113409042358,-0.3609474301338196,-0.0818135142326355,-0.41780948638916016,-0.0663062334060669,-0.20624661445617676,-0.08079570531845093,-0.305611252784729,-0.07661402225494385,-0.3669447898864746,-0.07514238357543945,-0.42184823751449585,-0.027569830417633057,-0.1997816562652588,-0.010488808155059814,-0.2662163972854614,-0.002583146095275879,-0.19707202911376953,-0.010296165943145752,-0.1510257124900818,0.008004188537597656,-0.19641268253326416,0.02145516872406006,-0.23801451921463013,0.02280735969543457,-0.1890159249305725,0.01228564977645874,-0.15068495273590088
0.0,0.0,-0.040440261363983154,-0.034340858459472656,-0.05884742736816406,-0.10583162307739258,-0.051388680934906006,-0.17340213060379028,-0.028687775135040283,-0.2346726655960083,-0.1032208800315857,-0.200333833694458,-0.09748876094818115,-0.29196855425834656,-0.0891118049621582,-0.3598085641860962,-0.07945328950881958,-0.4180707037448883,-0.06786727905273438,-0.205399751663208,-0.08138424158096313,-0.3044002950191498,-0.07542991638183594,-0.36541298031806946,-0.0744791030883789,-0.4208824038505554,-0.028770744800567627,-0.19958281517028809,-0.01112663745880127,-0.26441192626953125,-0.001845240592956543,-0.1952570676803589,-0.010554254055023193,-0.15243840217590332,0.007003903388977051,-0.19724464416503906,0.02102607488632202,-0.23572951555252075,0.02347421646118164,-0.1864917278289795,0.012998700141906738,-0.15222859382629395
0.0,0.0,-0.039928972721099854,-0.03496098518371582,-0.057832300662994385,-0.10801041126251221,-0.05036270618438721,-0.17556744813919067,-0.028224289417266846,-0.23628854751586914,-0.1036909818649292,-0.20158034563064575,-0.0985289216041565,-0.29324036836624146,-0.09062695503234863,-0.3623114228248596,-0.08019685745239258,-0.41970354318618774,-0.0681530237197876,-0.20667314529418945,-0.08287262916564941,-0.3055742383003235,-0.0781518816947937,-0.36673659086227417,-0.07645678520202637,-0.42216432094573975,-0.029058098793029785,-0.2001805305480957,-0.011822879314422607,-0.26989614963531494,-0.0032368898391723633,-0.20039111375808716,-0.011372804641723633,-0.1556735634803772,0.0070948004722595215,-0.19551724195480347,0.02048945426940918,-0.2375851273536682,0.022470414638519287,-0.18855619430541992,0.012006700038909912,-0.1524907350540161
0.0,0.0,-0.04004794359207153,-0.039021074771881104,-0.06001615524291992,-0.11217206716537476,-0.054610610008239746,-0.18090283870697021,-0.031234562397003174,-0.24126780033111572,-0.1016930341720581,-0.20623695850372314,-0.09818530082702637,-0.2973369061946869,-0.09069770574569702,-0.36602795124053955,-0.08098524808883667,-0.4246305227279663,-0.06653857231140137,-0.21340757608413696,-0.08178722858428955,-0.31270360946655273,-0.07747119665145874,-0.37213778495788574,-0.07672679424285889,-0.42738422751426697,-0.027970969676971436,-0.2076079249382019,-0.011056303977966309,-0.2722617983818054,-0.003554403781890869,-0.20110589265823364,-0.012032568454742432,-0.15612894296646118,0.008024156093597412,-0.20247220993041992,0.022019028663635254,-0.24307096004486084,0.023192167282104492,-0.193805992603302,0.012317419052124023,-0.15822386741638184
0.0,0.0,-0.03980594873428345,-0.03634536266326904,-0.059834301471710205,-0.10463893413543701,-0.05314105749130249,-0.17137271165847778,-0.027153313159942627,-0.23476284742355347,-0.1004190742969513,-0.20494961738586426,-0.09741193056106567,-0.2951996922492981,-0.08919823169708252,-0.36427703499794006,-0.07862651348114014,-0.4228937029838562,-0.06508338451385498,-0.21130061149597168,-0.08094847202301025,-0.3122219145298004,-0.07501208782196045,-0.3721519112586975,-0.0738058090209961,-0.4271008372306824,-0.02639394998550415,-0.20515066385269165,-0.00946497917175293,-0.2665700912475586,-0.0005186200141906738,-0.19469285011291504,-0.00914919376373291,-0.15006721019744873,0.009252429008483887,-0.20099467039108276,0.023625433444976807,-0.2369258999824524,0.025156021118164062,-0.18404316902160645,0.013838887214660645,-0.14855295419692993
0.0,0.0,-0.038027286529541016,-0.03589755296707153,-0.05865734815597534,-0.10287141799926758,-0.0532994270324707,-0.16976934671401978,-0.027133285999298096,-0.23481035232543945,-0.09927529096603394,-0.20366430282592773,-0.09399819374084473,-0.2921081781387329,-0.08308643102645874,-0.36323416233062744,-0.06996309757232666,-0.4243667721748352,-0.06515061855316162,-0.21457690000534058,-0.08305913209915161,-0.3135888874530792,-0.07862251996994019,-0.37234795093536377,-0.07775413990020752,-0.42683276534080505,-0.027132034301757812,-0.2102736234664917,-0.009495317935943604,-0.26849400997161865,-0.00045180320739746094,-0.1948118805885315,-0.007451236248016357,-0.14754092693328857,0.00783008337020874,-0.2045959234237671,0.0245247483253479,-0.23856675624847412,0.02576655149459839,-0.1836337447166443,0.014551043510437012,-0.14715605974197388
0.0,0.0,-0.04064381122589111,-0.038627684116363525,-0.062348127365112305,-0.1101730465888977,-0.054697513580322266,-0.18183910846710205,-0.025017142295837402,-0.24796795845031738,-0.09752810001373291,-0.21520471572875977,-0.09365803003311157,-0.30516868829727173,-0.08296376466751099,-0.3760216534137726,-0.06990957260131836,-0.43510669469833374,-0.06188786029815674,-0.22665739059448242,-0.08039218187332153,-0.3250453770160675,-0.07973039150238037,-0.38239341974258423,-0.079062819480896,-0.43297696113586426,-0.023829758167266846,-0.21871405839920044,-0.009147703647613525,-0.2834310233592987,-0.00414353609085083,-0.20900362730026245,-0.010762989521026611,-0.15755856037139893,0.011832714080810547,-0.20638686418533325,0.024534404277801514,-0.24797004461288452,0.02385091781616211,-0.19378578662872314,0.0134696364402771,-0.1544339656829834
0.0,0.0,-0.04065161943435669,-0.040102243423461914,-0.06320124864578247,-0.11169880628585815,-0.05712646245956421,-0.18252307176589966,-0.028303802013397217,-0.2459750771522522,-0.09669464826583862,-0.21972763538360596,-0.09365898370742798,-0.3096808195114136,-0.0843544602394104,-0.3764343857765198,-0.0734679102897644,-0.4345182180404663,-0.0604817271232605,-0.23170912265777588,-0.07641148567199707,-0.3280123472213745,-0.07673543691635132,-0.3852245807647705,-0.07762181758880615,-0.43674466013908386,-0.022044241428375244,-0.2241082787513733,-0.008857965469360352,-0.2897941470146179,-0.005363106727600098,-0.21619021892547607,-0.01158672571182251,-0.16490525007247925,0.013893306255340576,-0.21036118268966675,0.024630188941955566,-0.2530441880226135,0.02285170555114746,-0.1997591257095337,0.013370394706726074,-0.16112273931503296
0.0,0.0,-0.04091590642929077,-0.04347503185272217,-0.062149643898010254,-0.11477035284042358,-0.05196923017501831,-0.18392819166183472,-0.021374762058258057,-0.24506092071533203,-0.0950426459312439,-0.21994435787200928,-0.09063321352005005,-0.3087741732597351,-0.07956719398498535,-0.37659889459609985,-0.06748372316360474,-0.4349278211593628,-0.058846116065979004,-0.23275822401046753,-0.07621538639068604,-0.329461008310318,-0.07613164186477661,-0.386137992143631,-0.07605558633804321,-0.43511176109313965,-0.020420849323272705,-0.2251366376876831,-0.007808029651641846,-0.2869768738746643,-0.002587556838989258,-0.21271508932113647,-0.007183492183685303,-0.15934795141220093,0.0155867338180542,-0.21027851104736328,0.02646958827972412,-0.25244516134262085,0.026015758514404297,-0.19869941473007202,0.01764470338821411,-0.15814298391342163
0.0,0.0,-0.042558372020721436,-0.040643274784088135,-0.06537652015686035,-0.11491721868515015,-0.054066240787506104,-0.18758970499038696,-0.02402549982070923,-0.24944370985031128,-0.09777218103408813,-0.220831036567688,-0.09443098306655884,-0.3114476501941681,-0.08486855030059814,-0.3771786093711853,-0.07467514276504517,-0.43489325046539307,-0.06106972694396973,-0.235126793384552,-0.07595109939575195,-0.3310305178165436,-0.07693517208099365,-0.3875538110733032,-0.07762205600738525,-0.4371834397315979,-0.02257901430130005,-0.22801989316940308,-0.008710682392120361,-0.2912003993988037,-0.0056868791580200195,-0.21802330017089844,-0.011293888092041016,-0.16421514749526978,0.014095783233642578,-0.21105539798736572,0.024396061897277832,-0.2559314966201782,0.022976458072662354,-0.2051953673362732,0.014329791069030762,-0.16562801599502563
0.0,0.0,-0.043054044246673584,-0.0449223518371582,-0.06529849767684937,-0.11872822046279907,-0.05291849374771118,-0.19118940830230713,-0.021877706050872803,-0.24872034788131714,-0.09711283445358276,-0.2244698405265808,-0.09304559230804443,-0.31391915678977966,-0.08149278163909912,-0.37974613904953003,-0.0696529746055603,-0.4374653100967407,-0.06047523021697998,-0.23843860626220703,-0.07814782857894897,-0.3344259262084961,-0.07880580425262451,-0.3904050588607788,-0.0782386064529419,-0.43866732716560364,-0.021730899810791016,-0.2300662398338318,-0.00935375690460205,-0.2918121814727783,-0.005713999271392822,-0.21925562620162964,-0.010057449340820312,-0.16382265090942383,0.015029370784759521,-0.20970439910888672,0.02428591251373291,-0.25774669647216797,0.02291327714920044,-0.20722216367721558,0.015040934085845947,-0.16480040550231934
0.0,0.0,-0.040953874588012695,-0.04085874557495117,-0.06272780895233154,-0.11167538166046143,-0.05467092990875244,-0.18031299114227295,-0.02506566047668457,-0.24355065822601318,-0.09712296724319458,-0.21810382604599,-0.09304952621459961,-0.3082348108291626,-0.08269292116165161,-0.3760340213775635,-0.07046836614608765,-0.43460777401924133,-0.06099122762680054,-0.23037314414978027,-0.07663488388061523,-0.327488511800766,-0.07689869403839111,-0.38608622550964355,-0.07759511470794678,-0.43610870838165283,-0.022811293601989746,-0.2234055995941162,-0.008640468120574951,-0.285535603761673,-0.004315614700317383,-0.21185117959976196,-0.009525179862976074,-0.15792590379714966,0.01254194974899292,-0.21125346422195435,0.02449744939804077,-0.25154656171798706,0.02403581142425537,-0.19778597354888916,0.015762925148010254,-0.15691447257995605
0.0,0.0,-0.043341219425201416,-0.04247307777404785,-0.0663711428642273,-0.11317306756973267,-0.056298136711120605,-0.18393582105636597,-0.025797665119171143,-0.24922215938568115,-0.09933465719223022,-0.2212885022163391,-0.09514206647872925,-0.30927908420562744,-0.08359605073928833,-0.379024863243103,-0.06960207223892212,-0.4373379051685333,-0.0624275803565979,-0.23434603214263916,-0.08008450269699097,-0.3316304087638855,-0.08075088262557983,-0.38868847489356995,-0.08127731084823608,-0.43822985887527466,-0.023405134677886963,-0.2269919514656067,-0.010659992694854736,-0.2908497154712677,-0.006600141525268555,-0.21834886074066162,-0.012485146522521973,-0.16629290580749512,0.01288372278213501,-0.21391385793685913,0.02327406406402588,-0.2547152042388916,0.02202993631362915,-0.20259958505630493,0.012935161590576172,-0.16404050588607788
0.0,0.0,-0.04253387451171875,-0.04140901565551758,-0.06522446870803833,-0.11287176609039307,-0.05429947376251221,-0.18411660194396973,-0.024649322032928467,-0.24973446130752563,-0.09777235984802246,-0.22038143873214722,-0.09425199031829834,-0.31117790937423706,-0.0833054780960083,-0.3797183632850647,-0.07095557451248169,-0.4386299252510071,-0.06076633930206299,-0.23404979705810547,-0.07679849863052368,-0.33065250515937805,-0.07781213521957397,-0.38910093903541565,-0.07890069484710693,-0.4389638900756836,-0.021992266178131104,-0.22686362266540527,-0.009061217308044434,-0.28875288367271423,-0.005181491374969482,-0.21557128429412842,-0.01088947057723999,-0.16287189722061157,0.014485001564025879,-0.21278071403503418,0.024915993213653564,-0.2543911933898926,0.023362040519714355,-0.20222854614257812,0.01400446891784668,-0.1631447672843933
0.0,0.0,-0.04278510808944702,-0.041580379009246826,-0.0661432147026062,-0.11405324935913086,-0.0544130802154541,-0.18597733974456787,-0.023099124431610107,-0.2459930181503296,-0.09858155250549316,-0.22221988439559937,-0.09375917911529541,-0.3129117488861084,-0.0815284252166748,-0.37971070408821106,-0.06875509023666382,-0.4380207359790802,-0.06141793727874756,-0.23651856184005737,-0.0787121057510376,-0.3320557475090027,-0.07940173149108887,-0.38968366384506226,-0.07964187860488892,-0.43853074312210083,-0.02246880531311035,-0.22884505987167358,-0.009725689888000488,-0.29045408964157104,-0.0059661865234375,-0.21793079376220703,-0.011184632778167725,-0.162869393825531,0.01429682970046997,-0.21115154027938843,0.0235978364944458,-0.2542186975479126,0.022105038166046143,-0.20281529426574707,0.013320624828338623,-0.16192573308944702
0.0,0.0,-0.043588340282440186,-0.04263925552368164,-0.06641530990600586,-0.11683160066604614,-0.05377393960952759,-0.18950921297073364,-0.022118806838989258,-0.24540364742279053,-0.09767061471939087,-0.22103369235992432,-0.09249109029769897,-0.3121446371078491,-0.08074045181274414,-0.3795793950557709,-0.06937384605407715,-0.4393078684806824,-0.06098061800003052,-0.23583894968032837,-0.07821512222290039,-0.33231019973754883,-0.07914745807647705,-0.3886786103248596,-0.07956361770629883,-0.438150554895401,-0.022380352020263672,-0.22855621576309204,-0.009487271308898926,-0.291124165058136,-0.005966901779174805,-0.21936702728271484,-0.010514676570892334,-0.16368252038955688,0.014439880847930908,-0.20883208513259888,0.024024367332458496,-0.2556115984916687,0.02317023277282715,-0.20544618368148804,0.015742242336273193,-0.1632404923439026
0.0,0.0,-0.04151862859725952,-0.041515350341796875,-0.0640418529510498,-0.11447727680206299,-0.052542805671691895,-0.18863213062286377,-0.021983444690704346,-0.24775457382202148,-0.09622591733932495,-0.22115463018417358,-0.09339022636413574,-0.3131313920021057,-0.08362352848052979,-0.3776772618293762,-0.07379037141799927,-0.43461838364601135,-0.059747159481048584,-0.2368794083595276,-0.07520687580108643,-0.3337669372558594,-0.0748751163482666,-0.3894232213497162,-0.07467794418334961,-0.43733665347099304,-0.021672070026397705,-0.23020285367965698,-0.008144676685333252,-0.2904617488384247,-0.004160702228546143,-0.21860790252685547,-0.009083271026611328,-0.16433918476104736,0.01410609483718872,-0.21095168590545654,0.024547576904296875,-0.2543962001800537,0.022883892059326172,-0.20311981439590454,0.013963580131530762,-0.16130632162094116
0.0,0.0,-0.04218780994415283,-0.04261046648025513,-0.06532615423202515,-0.1155632734298706,-0.0549389123916626,-0.18757730722427368,-0.023524165153503418,-0.2468840479850769,-0.09847480058670044,-0.22168362140655518,-0.09519785642623901,-0.3130750060081482,-0.08363723754882812,-0.3804568648338318,-0.07149934768676758,-0.43921464681625366,-0.061823904514312744,-0.23515772819519043,-0.08061087131500244,-0.3317294716835022,-0.08058202266693115,-0.38961976766586304,-0.07971853017807007,-0.43934446573257446,-0.023128390312194824,-0.2264750599861145,-0.00996088981628418,-0.29175081849098206,-0.006268024444580078,-0.21810060739517212,-0.012754499912261963,-0.16361325979232788,0.013465702533721924,-0.2079525589942932,0.024187326431274414,-0.2543240785598755,0.02246624231338501,-0.2023094892501831,0.01192021369934082,-0.16159075498580933
0.0,0.0,-0.04252183437347412,-0.03975856304168701,-0.06650793552398682,-0.11018580198287964,-0.056347668170928955,-0.17870843410491943,-0.022817552089691162,-0.23898088932037354,-0.09830784797668457,-0.22034257650375366,-0.09442806243896484,-0.30879998207092285,-0.08296352624893188,-0.37805718183517456,-0.07004547119140625,-0.43724125623703003,-0.06171697378158569,-0.23264485597610474,-0.07990419864654541,-0.32970887422561646,-0.08054393529891968,-0.3868370056152344,-0.08155190944671631,-0.436084508895874,-0.022736012935638428,-0.22394102811813354,-0.009108185768127441,-0.285538911819458,-0.004657447338104248,-0.21014773845672607,-0.011101305484771729,-0.1568467617034912,0.013569116592407227,-0.20811623334884644,0.02562767267227173,-0.24992501735687256,0.023975849151611328,-0.19582712650299072,0.013365089893341064,-0.15556073188781738
0.0,0.0,-0.042084574699401855,-0.03843814134597778,-0.06548100709915161,-0.10738116502761841,-0.053964197635650635,-0.1776365041732788,-0.021010220050811768,-0.23998671770095825,-0.096402108669281,-0.21940022706985474,-0.09182530641555786,-0.3079913854598999,-0.0802646279335022,-0.37687283754348755,-0.06728392839431763,-0.4351920485496521,-0.05999690294265747,-0.23430407047271729,-0.07891380786895752,-0.33135488629341125,-0.07944726943969727,-0.3865782618522644,-0.07921630144119263,-0.43335723876953125,-0.021424710750579834,-0.22654670476913452,-0.007249295711517334,-0.2858438491821289,-0.003552258014678955,-0.21234345436096191,-0.0098954439163208,-0.16009855270385742,0.01479727029800415,-0.20907509326934814,0.02760714292526245,-0.24927431344985962,0.025723397731781006,-0.19534778594970703,0.015158474445343018,-0.15503185987472534
0.0,0.0,-0.0413823127746582,-0.04037761688232422,-0.06336534023284912,-0.10887765884399414,-0.05238521099090576,-0.1766102910041809,-0.02121257781982422,-0.23977148532867432,-0.09651285409927368,-0.21854430437088013,-0.09479743242263794,-0.3088793158531189,-0.08573061227798462,-0.37703949213027954,-0.07347321510314941,-0.43351978063583374,-0.05989903211593628,-0.22954607009887695,-0.07644826173782349,-0.326460063457489,-0.0766223669052124,-0.3857439458370209,-0.0770038366317749,-0.43645840883255005,-0.021096527576446533,-0.22139543294906616,-0.007474184036254883,-0.28271484375,-0.00397104024887085,-0.2108253836631775,-0.010358572006225586,-0.15947824716567993,0.014636695384979248,-0.2078852653503418,0.02656698226928711,-0.24665749073028564,0.02523815631866455,-0.19350045919418335,0.016167283058166504,-0.15395450592041016
0.0,0.0,-0.04408395290374756,-0.040965735912323,-0.06672799587249756,-0.11250019073486328,-0.05239814519882202,-0.18126732110977173,-0.019963622093200684,-0.24300682544708252,-0.09803497791290283,-0.22203224897384644,-0.093722403049469,-0.3109155297279358,-0.0821533203125,-0.37996453046798706,-0.06846892833709717,-0.43841755390167236,-0.06078982353210449,-0.23522984981536865,-0.0787166953086853,-0.3334248960018158,-0.07943040132522583,-0.3909415006637573,-0.07953494787216187,-0.4394301772117615,-0.021543264389038086,-0.22688418626785278,-0.00779646635055542,-0.2878965735435486,-0.004221081733703613,-0.21293282508850098,-0.010900497436523438,-0.16050177812576294,0.015047132968902588,-0.21100538969039917,0.026420176029205322,-0.25155091285705566,0.024331271648406982,-0.1974494457244873,0.01397097110748291,-0.1584901213645935
0.0,0.0,-0.04278147220611572,-0.041821062564849854,-0.06646275520324707,-0.11193698644638062,-0.05294102430343628,-0.18172532320022583,-0.018763840198516846,-0.24294596910476685,-0.09777611494064331,-0.22485387325286865,-0.09284758567810059,-0.31425905227661133,-0.08166611194610596,-0.3822309374809265,-0.06899988651275635,-0.44074103236198425,-0.06036257743835449,-0.2389029860496521,-0.07827097177505493,-0.3359317481517792,-0.07967126369476318,-0.3935545086860657,-0.08060508966445923,-0.4429869055747986,-0.020962297916412354,-0.22940558195114136,-0.008227229118347168,-0.2931257486343384,-0.0044744014739990234,-0.22108709812164307,-0.010415196418762207,-0.16688692569732666,0.016221582889556885,-0.21005523204803467,0.02716350555419922,-0.2554400563240051,0.025344133377075195,-0.20400118827819824,0.015251636505126953,-0.16207832098007202
0.0,0.0,-0.04261362552642822,-0.042210519313812256,-0.06470859050750732,-0.11132538318634033,-0.05209994316101074,-0.1801500916481018,-0.022093236446380615,-0.24426531791687012,-0.09787946939468384,-0.2231469750404358,-0.09474021196365356,-0.31377118825912476,-0.08570176362991333,-0.3825250267982483,-0.07437366247177124,-0.4410143494606018,-0.060565054416656494,-0.2354060411453247,-0.07787448167800903,-0.33351194858551025,-0.07893258333206177,-0.3925325870513916,-0.0799630880355835,-0.44338011741638184,-0.02128159999847412,-0.2268274426460266,-0.007988214492797852,-0.28726333379745483,-0.004423260688781738,-0.21297687292099,-0.01097095012664795,-0.15943759679794312,0.015078067779541016,-0.21116691827774048,0.026249408721923828,-0.25283753871917725,0.02445131540298462,-0.19841784238815308,0.0143660306930542,-0.15645647048950195
0.0,0.0,-0.04282897710800171,-0.041608572006225586,-0.06542837619781494,-0.11309009790420532,-0.052556395530700684,-0.18266844749450684,-0.02004551887512207,-0.24391549825668335,-0.09901559352874756,-0.22231322526931763,-0.09618896245956421,-0.3132416903972626,-0.08591854572296143,-0.3804706335067749,-0.07375580072402954,-0.43789172172546387,-0.061763226985931396,-0.23498445749282837,-0.07906532287597656,-0.33391696214675903,-0.079620361328125,-0.3930266499519348,-0.0795450210571289,-0.44213467836380005,-0.022600233554840088,-0.22610074281692505,-0.008534431457519531,-0.2889029383659363,-0.004651665687561035,-0.21557068824768066,-0.010771095752716064,-0.1617060899734497,0.013812363147735596,-0.20960909128189087,0.025913596153259277,-0.25291508436203003,0.024410665035247803,-0.199631929397583,0.014398932456970215,-0.15828979015350342
0.0,0.0,-0.042301833629608154,-0.04071950912475586,-0.06613242626190186,-0.11203402280807495,-0.05493009090423584,-0.18293148279190063,-0.021848082542419434,-0.2443503737449646,-0.0993461012840271,-0.22169268131256104,-0.09616601467132568,-0.3129134476184845,-0.08564311265945435,-0.3802831768989563,-0.0738372802734375,-0.43859511613845825,-0.06185758113861084,-0.23470699787139893,-0.07982951402664185,-0.3339618444442749,-0.08069807291030884,-0.39233481884002686,-0.08054184913635254,-0.442047655582428,-0.02245795726776123,-0.22573018074035645,-0.008958280086517334,-0.28911274671554565,-0.005912184715270996,-0.2153639793395996,-0.012343287467956543,-0.16170257329940796,0.014456629753112793,-0.20743775367736816,0.0250624418258667,-0.25252217054367065,0.023371338844299316,-0.19898134469985962,0.013642311096191406,-0.15688669681549072
0.0,0.0,-0.04330521821975708,-0.03921550512313843,-0.06587141752243042,-0.10877513885498047,-0.05319124460220337,-0.1759430170059204,-0.01865321397781372,-0.2370852828025818,-0.097750723361969,-0.22011834383010864,-0.0926283597946167,-0.3080025613307953,-0.08106887340545654,-0.37785604596138,-0.06655269861221313,-0.4366888999938965,-0.060649216175079346,-0.2313876748085022,-0.07918888330459595,-0.33041489124298096,-0.07972782850265503,-0.3888837695121765,-0.08000880479812622,-0.43876928091049194,-0.02095574140548706,-0.22209084033966064,-0.0074214935302734375,-0.28237491846084595,-0.002742469310760498,-0.20632487535476685,-0.008881688117980957,-0.15340685844421387,0.01576519012451172,-0.2066056728363037,0.027306079864501953,-0.24664956331253052,0.02561330795288086,-0.19046837091445923,0.015217840671539307,-0.14935433864593506
0.0,0.0,-0.04376929998397827,-0.04100954532623291,-0.06784486770629883,-0.11325860023498535,-0.05330544710159302,-0.18614280223846436,-0.01929759979248047,-0.24415236711502075,-0.09725087881088257,-0.22147846221923828,-0.0936516523361206,-0.31299689412117004,-0.08250296115875244,-0.3808012902736664,-0.07129979133605957,-0.43985599279403687,-0.06038445234298706,-0.2369900941848755,-0.0788465142250061,-0.33444470167160034,-0.07974487543106079,-0.3901391923427582,-0.0803990364074707,-0.4386887550354004,-0.02151387929916382,-0.22947895526885986,-0.008270204067230225,-0.28627967834472656,-0.005594313144683838,-0.21193665266036987,-0.0123521089553833,-0.15775471925735474,0.0157778263092041,-0.20914137363433838,0.027074694633483887,-0.2529258131980896,0.023664891719818115,-0.20017802715301514,0.012124776840209961,-0.15794771909713745
0.0,0.0,-0.04240310192108154,-0.041010499000549316,-0.06543874740600586,-0.11214154958724976,-0.054051220417022705,-0.18390172719955444,-0.021062135696411133,-0.24348950386047363,-0.09882223606109619,-0.2219836711883545,-0.09597837924957275,-0.31403985619544983,-0.08581215143203735,-0.38220927119255066,-0.07446414232254028,-0.44115322828292847,-0.06139194965362549,-0.23570466041564941,-0.07926958799362183,-0.3353685736656189,-0.08007675409317017,-0.3944658041000366,-0.08068561553955078,-0.4444478452205658,-0.021894514560699463,-0.22746366262435913,-0.009440004825592041,-0.28939729928970337,-0.0039351582527160645,-0.21421140432357788,-0.00835418701171875,-0.1583910584449768,0.014836013317108154,-0.20953893661499023,0.02547931671142578,-0.2553699016571045,0.02543538808822632,-0.2015998363494873,0.017333507537841797,-0.1583912968635559
0.0,0.0,-0.04340618848800659,-0.04150867462158203,-0.0667334794998169,-0.11091125011444092,-0.054401516914367676,-0.1816079020500183,-0.02049863338470459,-0.24355119466781616,-0.09902805089950562,-0.22068804502487183,-0.09563058614730835,-0.3123215436935425,-0.08508467674255371,-0.38024139404296875,-0.0726923942565918,-0.43807220458984375,-0.061631202697753906,-0.23232954740524292,-0.07888883352279663,-0.3314117193222046,-0.07964181900024414,-0.3914388418197632,-0.07963031530380249,-0.44257205724716187,-0.022438883781433105,-0.2226574420928955,-0.007944583892822266,-0.2851439118385315,-0.004506826400756836,-0.21187520027160645,-0.010727465152740479,-0.15808159112930298,0.0139998197555542,-0.205363929271698,0.02567356824874878,-0.24920648336410522,0.023790359497070312,-0.19559580087661743,0.013734281063079834,-0.1533387303352356
0.0,0.0,-0.044680118560791016,-0.03868061304092407,-0.06927019357681274,-0.11045980453491211,-0.054582417011260986,-0.18351709842681885,-0.02163916826248169,-0.24459177255630493,-0.09816718101501465,-0.22116148471832275,-0.09351199865341187,-0.3114727735519409,-0.0814443826675415,-0.37939515709877014,-0.06810218095779419,-0.43827733397483826,-0.06055784225463867,-0.2367473840713501,-0.07881641387939453,-0.3351239562034607,-0.08022797107696533,-0.39157432317733765,-0.08045268058776855,-0.440774142742157,-0.021135270595550537,-0.22839868068695068,-0.00815802812576294,-0.29138654470443726,-0.0057277679443359375,-0.2169753909111023,-0.011973917484283447,-0.16273123025894165,0.016662299633026123,-0.20770865678787231,0.027094364166259766,-0.25329917669296265,0.024258017539978027,-0.20171105861663818,0.013896405696868896,-0.16096711158752441
0.0,0.0,-0.04286402463912964,-0.04017430543899536,-0.06583613157272339,-0.10911297798156738,-0.051767051219940186,-0.17731279134750366,-0.01746189594268799,-0.23988741636276245,-0.09684711694717407,-0.21763676404953003,-0.0930185317993164,-0.30885857343673706,-0.08199143409729004,-0.37724417448043823,-0.06864839792251587,-0.4357040524482727,-0.059344351291656494,-0.22942399978637695,-0.07619929313659668,-0.32858002185821533,-0.07613462209701538,-0.3873264789581299,-0.07692629098892212,-0.4391661286354065,-0.01984161138534546,-0.2213451862335205,-0.006309568881988525,-0.2813394069671631,-0.0028554201126098633,-0.20658499002456665,-0.010151565074920654,-0.15633642673492432,0.016740381717681885,-0.20704710483551025,0.02879786491394043,-0.24586862325668335,0.02604728937149048,-0.19207680225372314,0.014919459819793701,-0.15443605184555054
0.0,0.0,-0.04452180862426758,-0.04166668653488159,-0.06862175464630127,-0.1116592288017273,-0.05589735507965088,-0.1819661259651184,-0.019922494888305664,-0.24107146263122559,-0.09928834438323975,-0.22025704383850098,-0.09317231178283691,-0.30927175283432007,-0.08093929290771484,-0.378126323223114,-0.06745922565460205,-0.437704861164093,-0.06178152561187744,-0.23428261280059814,-0.07881045341491699,-0.3340640962123871,-0.08003675937652588,-0.39218974113464355,-0.08062857389450073,-0.4429653584957123,-0.02187293767929077,-0.2257961630821228,-0.006467044353485107,-0.2821313738822937,-0.004921317100524902,-0.2065739631652832,-0.012931644916534424,-0.1552215814590454,0.015603423118591309,-0.20723068714141846,0.027852356433868408,-0.24856281280517578,0.02364480495452881,-0.19394654035568237,0.01126474142074585,-0.15462613105773926
0.0,0.0,-0.04436039924621582,-0.042014479637145996,-0.06957966089248657,-0.11428552865982056,-0.057476818561553955,-0.1863187551498413,-0.023294508457183838,-0.2448951005935669,-0.10147815942764282,-0.2225685715675354,-0.09672147035598755,-0.31437334418296814,-0.08279520273208618,-0.3827480673789978,-0.06779706478118896,-0.44231441617012024,-0.06390100717544556,-0.23532402515411377,-0.08253026008605957,-0.3375045657157898,-0.08162665367126465,-0.39610064029693604,-0.07997041940689087,-0.4488261938095093,-0.024235308170318604,-0.22682195901870728,-0.00801396369934082,-0.2765110731124878,-0.0058860182762146,-0.19943511486053467,-0.01470881700515747,-0.15176713466644287,0.012898385524749756,-0.20900684595108032,0.025459229946136475,-0.24486887454986572,0.021161556243896484,-0.18796074390411377,0.007302999496459961,-0.15251106023788452
0.0,0.0,-0.042951226234436035,-0.042996108531951904,-0.06773298978805542,-0.11473917961120605,-0.05647563934326172,-0.18665891885757446,-0.02241504192352295,-0.24507975578308105,-0.10055789351463318,-0.2231249213218689,-0.09513485431671143,-0.31603938341140747,-0.081989586353302,-0.3838181495666504,-0.06847023963928223,-0.4419739246368408,-0.06312441825866699,-0.2352619171142578,-0.08111292123794556,-0.3396971821784973,-0.08053696155548096,-0.3981727957725525,-0.07871097326278687,-0.448202908039093,-0.023667633533477783,-0.2253705859184265,-0.007808983325958252,-0.2767542600631714,-0.005993068218231201,-0.2013939619064331,-0.014169633388519287,-0.15179353952407837,0.013264358043670654,-0.20566248893737793,0.025631487369537354,-0.2443864941596985,0.02079540491104126,-0.18883103132247925,0.0073084235191345215,-0.15118837356567383
0.0,0.0,-0.044007956981658936,-0.041686177253723145,-0.06822806596755981,-0.11126798391342163,-0.05692589282989502,-0.17962050437927246,-0.022767364978790283,-0.23807138204574585,-0.10256171226501465,-0.22011524438858032,-0.09527653455734253,-0.3084734380245209,-0.0805058479309082,-0.3782344460487366,-0.06371486186981201,-0.43686819076538086,-0.06573015451431274,-0.2306193709373474,-0.08458089828491211,-0.3342868387699127,-0.08267337083816528,-0.3921271562576294,-0.08153706789016724,-0.44428426027297974,-0.02604961395263672,-0.22136437892913818,-0.009569108486175537,-0.27144724130630493,-0.006229877471923828,-0.1968734860420227,-0.016087770462036133,-0.1521381139755249,0.011156857013702393,-0.20566868782043457,0.02465420961380005,-0.2390785813331604,0.021200060844421387,-0.18206602334976196,0.006614983081817627,-0.14736217260360718
0.0,0.0,-0.045490920543670654,-0.04505133628845215,-0.0718681812286377,-0.11743634939193726,-0.05578649044036865,-0.19053995609283447,-0.020952999591827393,-0.2445746660232544,-0.10101723670959473,-0.22565406560897827,-0.09460151195526123,-0.3150706887245178,-0.08005070686340332,-0.38244491815567017,-0.06552207469940186,-0.44020310044288635,-0.06337869167327881,-0.23842084407806396,-0.08209127187728882,-0.341282457113266,-0.0813288688659668,-0.3980253338813782,-0.07891196012496948,-0.4479559063911438,-0.023873329162597656,-0.22797715663909912,-0.008183717727661133,-0.2813318967819214,-0.007206082344055176,-0.20454943180084229,-0.015406489372253418,-0.15320438146591187,0.013875067234039307,-0.20466160774230957,0.025379300117492676,-0.24670767784118652,0.020498931407928467,-0.1922561526298523,0.007631838321685791,-0.15472573041915894
0.0,0.0,-0.04394441843032837,-0.04545074701309204,-0.07174324989318848,-0.11638975143432617,-0.057177722454071045,-0.18993419408798218,-0.02287846803665161,-0.2452247142791748,-0.09980449080467224,-0.22329121828079224,-0.09551244974136353,-0.3154211640357971,-0.08361154794692993,-0.38162219524383545,-0.07160276174545288,-0.4384075105190277,-0.062085509300231934,-0.23422390222549438,-0.07998925447463989,-0.3382280468940735,-0.08080273866653442,-0.39542683959007263,-0.08007282018661499,-0.4475120007991791,-0.022454023361206055,-0.2229626178741455,-0.007739067077636719,-0.2790905833244324,-0.00836646556854248,-0.20398187637329102,-0.017065346240997314,-0.15301156044006348,0.015498757362365723,-0.19774842262268066,0.02568519115447998,-0.24447184801101685,0.02004086971282959,-0.19208723306655884,0.006973922252655029,-0.15382444858551025
0.0,0.0,-0.045117735862731934,-0.043775081634521484,-0.07277768850326538,-0.11579972505569458,-0.05609411001205444,-0.1875845193862915,-0.021993517875671387,-0.2410781979560852,-0.09966963529586792,-0.22411292791366577,-0.09471631050109863,-0.31576287746429443,-0.08207166194915771,-0.3818269968032837,-0.06983870267868042,-0.4386742115020752,-0.06261444091796875,-0.23740553855895996,-0.07980382442474365,-0.341779500246048,-0.07941126823425293,-0.39868924021720886,-0.07828336954116821,-0.4503827691078186,-0.023969650268554688,-0.22755610942840576,-0.007776379585266113,-0.28204602003097534,-0.007728278636932373,-0.20622950792312622,-0.01680213212966919,-0.1550542116165161,0.013198256492614746,-0.20340919494628906,0.025049865245819092,-0.247475266456604,0.020031988620758057,-0.19312012195587158,0.006603896617889404,-0.15416085720062256
0.0,0.0,-0.044492363929748535,-0.04309344291687012,-0.07233983278274536,-0.11595422029495239,-0.05686807632446289,-0.1894429326057434,-0.02261728048324585,-0.2427040934562683,-0.09958720207214355,-0.22329258918762207,-0.0939289927482605,-0.3146657943725586,-0.07996159791946411,-0.38201195001602173,-0.06692773103713989,-0.44011062383651733,-0.0630524754524231,-0.23756688833236694,-0.08076024055480957,-0.3428376615047455,-0.07978522777557373,-0.3989999294281006,-0.07826662063598633,-0.44980305433273315,-0.024608731269836426,-0.22890430688858032,-0.007262229919433594,-0.28225529193878174,-0.00705033540725708,-0.2049601674079895,-0.016343295574188232,-0.1527421474456787,0.012649297714233398,-0.20519155263900757,0.024906933307647705,-0.24873453378677368,0.02008134126663208,-0.1943407654762268,0.00671231746673584,-0.15592652559280396
0.0,0.0,-0.0448765754699707,-0.04493445158004761,-0.07161080837249756,-0.11765402555465698,-0.05532705783843994,-0.1904650330543518,-0.022314250469207764,-0.24379408359527588,-0.0993710458278656,-0.22180300951004028,-0.09502542018890381,-0.3140805661678314,-0.08286970853805542,-0.3808578848838806,-0.07111513614654541,-0.4382835924625397,-0.06308680772781372,-0.2347072958946228,-0.08132195472717285,-0.3389475643634796,-0.08139848709106445,-0.39664584398269653,-0.08031481504440308,-0.4484337568283081,-0.02445507049560547,-0.2253691554069519,-0.008568286895751953,-0.2801206111907959,-0.008114457130432129,-0.20410394668579102,-0.01641327142715454,-0.15128713846206665,0.012807190418243408,-0.20125913619995117,0.023646652698516846,-0.2469862699508667,0.01865851879119873,-0.1934645175933838,0.006107509136199951,-0.15405821800231934
0.0,0.0,-0.04446673393249512,-0.04610663652420044,-0.07246565818786621,-0.11866480112075806,-0.05700194835662842,-0.1911119818687439,-0.02255856990814209,-0.24351394176483154,-0.09983563423156738,-0.22518515586853027,-0.09431833028793335,-0.3163014054298401,-0.08181208372116089,-0.38211944699287415,-0.07071852684020996,-0.43880248069763184,-0.06293231248855591,-0.23619288206100464,-0.08041274547576904,-0.3418324589729309,-0.08144837617874146,-0.3981984555721283,-0.08186358213424683,-0.4491283893585205,-0.023694932460784912,-0.22470980882644653,-0.008879363536834717,-0.281948983669281,-0.008857786655426025,-0.20652389526367188,-0.017776072025299072,-0.15462303161621094,0.01413041353225708,-0.1986258625984192,0.023782789707183838,-0.2483176589012146,0.01883333921432495,-0.19506102800369263,0.006429851055145264,-0.15514743328094482
0.0,0.0,-0.04420757293701172,-0.04589986801147461,-0.07201993465423584,-0.11997854709625244,-0.056722044944763184,-0.19358313083648682,-0.021805524826049805,-0.24662166833877563,-0.10035377740859985,-0.22562748193740845,-0.09531521797180176,-0.3170466721057892,-0.08321976661682129,-0.3836110234260559,-0.07190269231796265,-0.44076114892959595,-0.06306427717208862,-0.23660308122634888,-0.08146703243255615,-0.3415337800979614,-0.08197534084320068,-0.3983808755874634,-0.08214437961578369,-0.4500883221626282,-0.023326635360717773,-0.22534573078155518,-0.0089302659034729,-0.28294938802719116,-0.008141160011291504,-0.20723164081573486,-0.017258405685424805,-0.155412495136261,0.015080630779266357,-0.19930130243301392,0.025115549564361572,-0.24915122985839844,0.020133912563323975,-0.1964823603630066,0.0063887834548950195,-0.15719491243362427
0.0,0.0,-0.04412752389907837,-0.046681761741638184,-0.07128620147705078,-0.12278366088867188,-0.05444902181625366,-0.19678008556365967,-0.019250333309173584,-0.24841636419296265,-0.10077732801437378,-0.22597414255142212,-0.09666377305984497,-0.31935158371925354,-0.08446615934371948,-0.3853647708892822,-0.07341480255126953,-0.44191688299179077,-0.06409913301467896,-0.2373673915863037,-0.08223026990890503,-0.34233421087265015,-0.08169132471084595,-0.40039384365081787,-0.08041650056838989,-0.4517272710800171,-0.025026381015777588,-0.22650396823883057,-0.009095072746276855,-0.2832334041595459,-0.007344067096710205,-0.2074257731437683,-0.014767885208129883,-0.1536952257156372,0.012543022632598877,-0.20156574249267578,0.02254384756088257,-0.25105059146881104,0.019598782062530518,-0.1981217861175537,0.009368360042572021,-0.15763002634048462
0.0,0.0,-0.04401528835296631,-0.04556208848953247,-0.0725717544555664,-0.11857730150222778,-0.057562053203582764,-0.19285434484481812,-0.021242380142211914,-0.24678504467010498,-0.09976810216903687,-0.22436678409576416,-0.09636986255645752,-0.31787464022636414,-0.0848536491394043,-0.3841097354888916,-0.07344722747802734,-0.4407345652580261,-0.06265139579772949,-0.23483359813690186,-0.08054697513580322,-0.33923161029815674,-0.08184570074081421,-0.39720600843429565,-0.0820004940032959,-0.4498917758464813,-0.023202359676361084,-0.22372913360595703,-0.008477389812469482,-0.2813877463340759,-0.008669018745422363,-0.20617151260375977,-0.01682955026626587,-0.15346437692642212,0.01524651050567627,-0.19849836826324463,0.024390816688537598,-0.2479637861251831,0.01940208673477173,-0.19571667909622192,0.007484734058380127,-0.1563180685043335
0.0,0.0,-0.044254958629608154,-0.045368313789367676,-0.07204777002334595,-0.11827230453491211,-0.057969629764556885,-0.19209551811218262,-0.0227087140083313,-0.2480555772781372,-0.10204097628593445,-0.2257501482963562,-0.09902900457382202,-0.31887000799179077,-0.08811825513839722,-0.3850087523460388,-0.07715755701065063,-0.4417516589164734,-0.06434458494186401,-0.23584705591201782,-0.08169060945510864,-0.33819085359573364,-0.08281213045120239,-0.39712589979171753,-0.08297032117843628,-0.4503226578235626,-0.024493396282196045,-0.224440336227417,-0.009412288665771484,-0.28166663646698,-0.009189784526824951,-0.20637190341949463,-0.017261087894439697,-0.1541571021080017,0.01393747329711914,-0.20004457235336304,0.023881077766418457,-0.24795514345169067,0.018881261348724365,-0.19501620531082153,0.006569027900695801,-0.155748188495636
0.0,0.0,-0.044705212116241455,-0.04407268762588501,-0.07316911220550537,-0.11819416284561157,-0.05694413185119629,-0.19180703163146973,-0.02196967601776123,-0.24506419897079468,-0.10091686248779297,-0.22420263290405273,-0.0966958999633789,-0.3162124752998352,-0.0848497748374939,-0.3825363516807556,-0.0737450122833252,-0.4395354390144348,-0.06359982490539551,-0.2346521019935608,-0.08131110668182373,-0.3389705419540405,-0.08200836181640625,-0.39680469036102295,-0.08198469877243042,-0.4493679404258728,-0.023739874362945557,-0.22299736738204956,-0.009247422218322754,-0.2815464735031128,-0.009073376655578613,-0.20511198043823242,-0.017957687377929688,-0.15313810110092163,0.01472693681716919,-0.19733566045761108,0.024273574352264404,-0.24796080589294434,0.019346773624420166,-0.1942002773284912,0.006613016128540039,-0.15499800443649292
0.0,0.0,-0.04517918825149536,-0.04547679424285889,-0.07236063480377197,-0.12033963203430176,-0.05449908971786499,-0.1917932629585266,-0.01971721649169922,-0.24314075708389282,-0.09957230091094971,-0.22807848453521729,-0.09443396329879761,-0.3189673125743866,-0.08234661817550659,-0.38369327783584595,-0.07128351926803589,-0.43925201892852783,-0.06288415193557739,-0.2396477460861206,-0.08136284351348877,-0.3460255265235901,-0.08105337619781494,-0.4017624855041504,-0.07976943254470825,-0.451350599527359,-0.023820042610168457,-0.2280709147453308,-0.007833898067474365,-0.284246563911438,-0.007519781589508057,-0.20723587274551392,-0.0172308087348938,-0.15536248683929443,0.013898849487304688,-0.20247608423233032,0.0249788761138916,-0.25053179264068604,0.020491302013397217,-0.1956138014793396,0.00732731819152832,-0.1561640501022339
0.0,0.0,-0.04405617713928223,-0.045803844928741455,-0.06997907161712646,-0.12149220705032349,-0.05571848154067993,-0.19274359941482544,-0.02250230312347412,-0.24644649028778076,-0.09923726320266724,-0.22851425409317017,-0.09323674440383911,-0.3193604350090027,-0.08031392097473145,-0.3855096697807312,-0.06870341300964355,-0.4425511658191681,-0.0626557469367981,-0.24003612995147705,-0.08060240745544434,-0.345480740070343,-0.08066260814666748,-0.4019739031791687,-0.08056855201721191,-0.452045202255249,-0.02354520559310913,-0.22890377044677734,-0.007797718048095703,-0.2858012914657593,-0.006657302379608154,-0.20878714323043823,-0.015984416007995605,-0.15701651573181152,0.01393216848373413,-0.20491427183151245,0.025021851062774658,-0.25173479318618774,0.020934760570526123,-0.1962488293647766,0.008057117462158203,-0.15711987018585205
0.0,0.0,-0.0451279878616333,-0.044096946716308594,-0.07242751121520996,-0.1191636323928833,-0.054983437061309814,-0.19143420457839966,-0.02164357900619507,-0.24359124898910522,-0.09965246915817261,-0.22738075256347656,-0.09406232833862305,-0.3199009597301483,-0.08164417743682861,-0.38565200567245483,-0.07044059038162231,-0.44244253635406494,-0.06253749132156372,-0.23834288120269775,-0.0796743631362915,-0.34325993061065674,-0.0802314281463623,-0.39989927411079407,-0.08011448383331299,-0.45119720697402954,-0.023190021514892578,-0.22684115171432495,-0.007513880729675293,-0.28352177143096924,-0.007708072662353516,-0.20757949352264404,-0.01708155870437622,-0.15559321641921997,0.014762938022613525,-0.20109671354293823,0.02601480484008789,-0.25023049116134644,0.0211331844329834,-0.19729334115982056,0.008130848407745361,-0.1583026647567749
0.0,0.0,-0.04439067840576172,-0.04432123899459839,-0.07167696952819824,-0.11683911085128784,-0.052654385566711426,-0.18780237436294556,-0.01756960153579712,-0.23931145668029785,-0.09737050533294678,-0.22228306531906128,-0.09317517280578613,-0.312773734331131,-0.08212167024612427,-0.37825602293014526,-0.0722343921661377,-0.43502485752105713,-0.06093764305114746,-0.23459762334823608,-0.0803493857383728,-0.33836430311203003,-0.08135485649108887,-0.3925079107284546,-0.08119082450866699,-0.4426017999649048,-0.021865785121917725,-0.22357696294784546,-0.008056819438934326,-0.28240710496902466,-0.008069992065429688,-0.20819270610809326,-0.016839981079101562,-0.15760499238967896,0.0158807635307312,-0.19784367084503174,0.026094019412994385,-0.2460368275642395,0.02103501558303833,-0.19413340091705322,0.008353888988494873,-0.15593498945236206
0.0,0.0,-0.0447658896446228,-0.04290717840194702,-0.07143169641494751,-0.11887246370315552,-0.05534595251083374,-0.19093388319015503,-0.021453380584716797,-0.24271178245544434,-0.0999072790145874,-0.2235671877861023,-0.09587985277175903,-0.31536248326301575,-0.08351904153823853,-0.3818044662475586,-0.072113037109375,-0.4390690326690674,-0.06318873167037964,-0.2359486222267151,-0.08139574527740479,-0.33914777636528015,-0.08080601692199707,-0.395262211561203,-0.08016681671142578,-0.44699519872665405,-0.024192750453948975,-0.22566580772399902,-0.008981823921203613,-0.2829463481903076,-0.007886111736297607,-0.2074452042579651,-0.01689690351486206,-0.15646010637283325,0.013152122497558594,-0.20122766494750977,0.02493584156036377,-0.249819815158844,0.021139144897460938,-0.19717425107955933,0.008450329303741455,-0.15887761116027832
0.0,0.0,-0.044425785541534424,-0.04340851306915283,-0.07155358791351318,-0.11591559648513794,-0.055190205574035645,-0.18753498792648315,-0.019885718822479248,-0.23999261856079102,-0.09969907999038696,-0.22400307655334473,-0.09503173828125,-0.3141966164112091,-0.08299362659454346,-0.37974536418914795,-0.07155841588973999,-0.4360116124153137,-0.06270676851272583,-0.23581647872924805,-0.08125901222229004,-0.33812445402145386,-0.08150529861450195,-0.3937762379646301,-0.08078247308731079,-0.44324207305908203,-0.023495137691497803,-0.22465229034423828,-0.008790373802185059,-0.2791019678115845,-0.007039487361907959,-0.20308059453964233,-0.014732003211975098,-0.15161442756652832,0.014184117317199707,-0.20058023929595947,0.02449929714202881,-0.24664819240570068,0.021416187286376953,-0.19259041547775269,0.010357320308685303,-0.15408098697662354
0.0,0.0,-0.04488569498062134,-0.043598711490631104,-0.07306146621704102,-0.11813557147979736,-0.05582839250564575,-0.1913135051727295,-0.021543920040130615,-0.24387377500534058,-0.09990641474723816,-0.22437071800231934,-0.09526336193084717,-0.3156718313694,-0.0830196738243103,-0.3822014331817627,-0.07168108224868774,-0.4398478865623474,-0.06341993808746338,-0.2364320158958435,-0.0816839337348938,-0.33965903520584106,-0.08181232213973999,-0.39516106247901917,-0.08153176307678223,-0.44691944122314453,-0.02438753843307495,-0.22584080696105957,-0.008738517761230469,-0.28148341178894043,-0.008651018142700195,-0.2050943374633789,-0.01778280735015869,-0.15366697311401367,0.013337552547454834,-0.20007479190826416,0.024271070957183838,-0.24760425090789795,0.019245147705078125,-0.194474458694458,0.006457507610321045,-0.15587180852890015
0.0,0.0,-0.0442768931388855,-0.04188954830169678,-0.0730937123298645,-0.1146543025970459,-0.05793732404708862,-0.18966883420944214,-0.0230291485786438,-0.24282115697860718,-0.09959030151367188,-0.2219775915145874,-0.09537398815155029,-0.31348639726638794,-0.08451896905899048,-0.3796185851097107,-0.07378911972045898,-0.4374178647994995,-0.06249731779098511,-0.23352116346359253,-0.0795280933380127,-0.3359333276748657,-0.08032667636871338,-0.39273977279663086,-0.08060306310653687,-0.44579747319221497,-0.023075759410858154,-0.22333210706710815,-0.0075945258140563965,-0.2821357250213623,-0.007974863052368164,-0.20502644777297974,-0.016512751579284668,-0.1507377028465271,0.014968395233154297,-0.1979527473449707,0.024742305278778076,-0.2466740608215332,0.01990687847137451,-0.19386404752731323,0.00807499885559082,-0.15338397026062012
0.0,0.0,-0.04480046033859253,-0.04392731189727783,-0.07252418994903564,-0.11647319793701172,-0.05530637502670288,-0.18913060426712036,-0.02032482624053955,-0.2423115372657776,-0.10006463527679443,-0.22506839036941528,-0.09558922052383423,-0.3166397511959076,-0.08356314897537231,-0.381929486989975,-0.07217317819595337,-0.43818986415863037,-0.06264781951904297,-0.23712235689163208,-0.07971692085266113,-0.3404610753059387,-0.07993954420089722,-0.39630550146102905,-0.07941114902496338,-0.44719815254211426,-0.02343815565109253,-0.22596973180770874,-0.007406473159790039,-0.28220832347869873,-0.007559478282928467,-0.20551645755767822,-0.016897976398468018,-0.1541231870651245,0.014212489128112793,-0.2006770372390747,0.025887012481689453,-0.24749678373336792,0.020806431770324707,-0.19365853071212769,0.007290899753570557,-0.15504157543182373
0.0,0.0,-0.04381018877029419,-0.042515456676483154,-0.07020455598831177,-0.11553645133972168,-0.05467081069946289,-0.1863245964050293,-0.022322773933410645,-0.23787420988082886,-0.09965896606445312,-0.2234421968460083,-0.09499132633209229,-0.3149329423904419,-0.08301079273223877,-0.38005971908569336,-0.0722774863243103,-0.43586528301239014,-0.06326133012771606,-0.23622608184814453,-0.08084458112716675,-0.33974170684814453,-0.07994794845581055,-0.39510616660118103,-0.07860994338989258,-0.44502493739128113,-0.024802982807159424,-0.22602111101150513,-0.008588671684265137,-0.28029388189315796,-0.008168399333953857,-0.20532339811325073,-0.01762598752975464,-0.1544206142425537,0.012334287166595459,-0.2013719081878662,0.025289952754974365,-0.24616855382919312,0.019898653030395508,-0.1929795742034912,0.005349695682525635,-0.1537521481513977
0.0,0.0,-0.043016016483306885,-0.04177224636077881,-0.07205289602279663,-0.11183691024780273,-0.0585247278213501,-0.18610644340515137,-0.023935675621032715,-0.2393985390663147,-0.10000556707382202,-0.22106623649597168,-0.09491384029388428,-0.3127448558807373,-0.08246231079101562,-0.3786359131336212,-0.07128036022186279,-0.43513280153274536,-0.06316310167312622,-0.23488181829452515,-0.08123630285263062,-0.3393819332122803,-0.08117133378982544,-0.3926914930343628,-0.0811690092086792,-0.4414934515953064,-0.02449631690979004,-0.22574979066848755,-0.009038388729095459,-0.2817875146865845,-0.008820533752441406,-0.2069750428199768,-0.018948256969451904,-0.15663999319076538,0.012530505657196045,-0.20127403736114502,0.024202585220336914,-0.2480790615081787,0.019396543502807617,-0.19653278589248657,0.005193233489990234,-0.15824317932128906
0.0,0.0,-0.04455268383026123,-0.04156702756881714,-0.07303458452224731,-0.11220759153366089,-0.0564693808555603,-0.18413197994232178,-0.022386670112609863,-0.2347245216369629,-0.10081082582473755,-0.21921944618225098,-0.09711158275604248,-0.3096194267272949,-0.08574420213699341,-0.3749161958694458,-0.0748516321182251,-0.43118494749069214,-0.06349921226501465,-0.23209649324417114,-0.08229637145996094,-0.3359662890434265,-0.08134162425994873,-0.3899304270744324,-0.08005809783935547,-0.4408864974975586,-0.023927628993988037,-0.2227083444595337,-0.0094870924949646,-0.27928978204727173,-0.008599698543548584,-0.2023317813873291,-0.01782017946243286,-0.15308135747909546,0.01425546407699585,-0.19860529899597168,0.02468818426132202,-0.24522507190704346,0.0207403302192688,-0.19138258695602417,0.007813632488250732,-0.1553877592086792
0.0,0.0,-0.04439985752105713,-0.04438084363937378,-0.07217705249786377,-0.11702567338943481,-0.054208993911743164,-0.18756896257400513,-0.020209133625030518,-0.23829388618469238,-0.09994995594024658,-0.22178775072097778,-0.09515869617462158,-0.3122538626194,-0.08352363109588623,-0.3767704367637634,-0.07313358783721924,-0.4323853552341461,-0.06323575973510742,-0.23471790552139282,-0.08088356256484985,-0.3377869129180908,-0.07986342906951904,-0.39212357997894287,-0.07880592346191406,-0.4434211850166321,-0.024066030979156494,-0.22503530979156494,-0.007981479167938232,-0.27881115674972534,-0.007204711437225342,-0.2019703984260559,-0.01694709062576294,-0.15262055397033691,0.013763785362243652,-0.20086568593978882,0.025878548622131348,-0.24586671590805054,0.021579504013061523,-0.19230902194976807,0.008047521114349365,-0.1561204195022583
0.0,0.0,-0.043110013008117676,-0.04049825668334961,-0.070953369140625,-0.11083859205245972,-0.05708432197570801,-0.18445277214050293,-0.023350000381469727,-0.2398967742919922,-0.10021692514419556,-0.2199927568435669,-0.09466302394866943,-0.3098869025707245,-0.08150327205657959,-0.37675315141677856,-0.06898307800292969,-0.434126079082489,-0.06376969814300537,-0.234693706035614,-0.08210146427154541,-0.3385316729545593,-0.08115917444229126,-0.3909749388694763,-0.08047837018966675,-0.4408378005027771,-0.025082290172576904,-0.22593086957931519,-0.008040785789489746,-0.27948683500289917,-0.007868945598602295,-0.20304179191589355,-0.01877802610397339,-0.15503984689712524,0.012357354164123535,-0.20221954584121704,0.02616328001022339,-0.24571746587753296,0.021071135997772217,-0.19183403253555298,0.005484223365783691,-0.15665888786315918
0.0,0.0,-0.04363226890563965,-0.041237831115722656,-0.0716332197189331,-0.11428499221801758,-0.05600547790527344,-0.18733203411102295,-0.020850419998168945,-0.23781818151474,-0.0995262861251831,-0.22013789415359497,-0.09471344947814941,-0.31066760420799255,-0.082000732421875,-0.376578152179718,-0.07033509016036987,-0.4328995645046234,-0.0635901689529419,-0.23371535539627075,-0.08200162649154663,-0.3364339768886566,-0.08051508665084839,-0.3906135559082031,-0.07896924018859863,-0.44052809476852417,-0.02524590492248535,-0.22431784868240356,-0.00778573751449585,-0.27722597122192383,-0.0069841742515563965,-0.2010883092880249,-0.016471445560455322,-0.15043503046035767,0.011837363243103027,-0.19967806339263916,0.024714231491088867,-0.24463516473770142,0.020587503910064697,-0.19186854362487793,0.007429301738739014,-0.15467876195907593
0.0,0.0,-0.04310101270675659,-0.040313541889190674,-0.07009220123291016,-0.110218346118927,-0.05070292949676514,-0.17965495586395264,-0.016330242156982422,-0.2310488224029541,-0.09717470407485962,-0.21363455057144165,-0.09156888723373413,-0.30492693185806274,-0.07919824123382568,-0.37134498357772827,-0.06771278381347656,-0.428821861743927,-0.061582863330841064,-0.2278185486793518,-0.08206743001937866,-0.33234432339668274,-0.0814865231513977,-0.3829779624938965,-0.07976764440536499,-0.43193894624710083,-0.02330148220062256,-0.2183626890182495,-0.006361603736877441,-0.2747223973274231,-0.006640076637268066,-0.20249170064926147,-0.0180206298828125,-0.15643638372421265,0.014205515384674072,-0.19394463300704956,0.028575420379638672,-0.23913788795471191,0.023102879524230957,-0.1899576187133789,0.0070694684982299805,-0.1570202112197876
0.0,0.0,-0.04378563165664673,-0.039454519748687744,-0.0724286437034607,-0.10953474044799805,-0.05530965328216553,-0.18283778429031372,-0.02002960443496704,-0.23773151636123657,-0.09976333379745483,-0.21789461374282837,-0.09588861465454102,-0.308208703994751,-0.08326119184494019,-0.3758052885532379,-0.07079732418060303,-0.43350905179977417,-0.063495934009552,-0.2326754331588745,-0.08490896224975586,-0.3358766734600067,-0.08462923765182495,-0.3879513740539551,-0.08285105228424072,-0.43685561418533325,-0.024703800678253174,-0.22304874658584595,-0.00854259729385376,-0.2778893709182739,-0.00847780704498291,-0.20373845100402832,-0.018581748008728027,-0.15594428777694702,0.013526320457458496,-0.19831150770187378,0.026829898357391357,-0.24361836910247803,0.0213320255279541,-0.1910417675971985,0.00600045919418335,-0.15535050630569458
0.0,0.0,-0.04337489604949951,-0.039834022521972656,-0.07120811939239502,-0.11098825931549072,-0.05617707967758179,-0.18338543176651,-0.02142888307571411,-0.23780721426010132,-0.099892258644104,-0.21944504976272583,-0.0957179069519043,-0.30926546454429626,-0.08371645212173462,-0.37590712308883667,-0.07199341058731079,-0.43345457315444946,-0.06369197368621826,-0.23393547534942627,-0.08453375101089478,-0.3360522389411926,-0.08481746912002563,-0.38899552822113037,-0.08438920974731445,-0.4384981095790863,-0.025181233882904053,-0.22492045164108276,-0.009351193904876709,-0.2777051329612732,-0.008085548877716064,-0.20085597038269043,-0.017658889293670654,-0.15160560607910156,0.012067556381225586,-0.20165711641311646,0.024073481559753418,-0.24528849124908447,0.019508004188537598,-0.19028639793395996,0.005218982696533203,-0.152978777885437
0.0,0.0,-0.04478621482849121,-0.0420873761177063,-0.07353788614273071,-0.1148141622543335,-0.05672502517700195,-0.18707215785980225,-0.021059811115264893,-0.24123013019561768,-0.1012037992477417,-0.22375231981277466,-0.09451615810394287,-0.31260570883750916,-0.08036559820175171,-0.37987616658210754,-0.06674814224243164,-0.43820980191230774,-0.06402862071990967,-0.23864978551864624,-0.08352917432785034,-0.3415619730949402,-0.0835992693901062,-0.394024133682251,-0.08283698558807373,-0.44322606921195984,-0.025005638599395752,-0.22980564832687378,-0.007238030433654785,-0.28303617238998413,-0.007189512252807617,-0.20454049110412598,-0.017771601676940918,-0.15441405773162842,0.012893855571746826,-0.20626026391983032,0.02642214298248291,-0.2488023042678833,0.020608127117156982,-0.1931045651435852,0.005078613758087158,-0.1563156247138977
0.0,0.0,-0.044005513191223145,-0.0424996018409729,-0.07178962230682373,-0.11355841159820557,-0.056024134159088135,-0.18620485067367554,-0.022459805011749268,-0.24199354648590088,-0.09991037845611572,-0.22329282760620117,-0.09394258260726929,-0.31297561526298523,-0.08081740140914917,-0.37935495376586914,-0.068267822265625,-0.437198668718338,-0.06304395198822021,-0.23827612400054932,-0.08251947164535522,-0.3406828045845032,-0.08308029174804688,-0.39494457840919495,-0.08242100477218628,-0.44432759284973145,-0.02429896593093872,-0.22910022735595703,-0.008134901523590088,-0.2824006676673889,-0.007820546627044678,-0.20568764209747314,-0.016346454620361328,-0.1533341407775879,0.013094007968902588,-0.2047867774963379,0.024240493774414062,-0.2485538125038147,0.019086182117462158,-0.19437962770462036,0.0062367916107177734,-0.15517520904541016
0.0,0.0,-0.04543304443359375,-0.04366403818130493,-0.07239657640457153,-0.11876320838928223,-0.05475038290023804,-0.19269996881484985,-0.019259750843048096,-0.24967849254608154,-0.10095781087875366,-0.22444981336593628,-0.09242933988571167,-0.3136427402496338,-0.07769185304641724,-0.3823065757751465,-0.06414544582366943,-0.44110381603240967,-0.0642346739768982,-0.24052482843399048,-0.08340245485305786,-0.34419912099838257,-0.08422279357910156,-0.3963337540626526,-0.0843624472618103,-0.4435466229915619,-0.0253983736038208,-0.23220491409301758,-0.007541775703430176,-0.28526490926742554,-0.006801247596740723,-0.20787513256072998,-0.016896605491638184,-0.1579715609550476,0.012431800365447998,-0.2095746397972107,0.026045501232147217,-0.2519935965538025,0.02030080556869507,-0.19679594039916992,0.0046517252922058105,-0.16010892391204834
0.0,0.0,-0.043850719928741455,-0.04384279251098633,-0.07055842876434326,-0.11982566118240356,-0.05487746000289917,-0.1941775679588318,-0.019600749015808105,-0.2495376467704773,-0.09897685050964355,-0.22554773092269897,-0.09304726123809814,-0.31593945622444153,-0.07999420166015625,-0.38247212767601013,-0.06733971834182739,-0.440023273229599,-0.06215924024581909,-0.2389337420463562,-0.07993584871292114,-0.3405560255050659,-0.08064049482345581,-0.39502015709877014,-0.08049577474594116,-0.444610595703125,-0.023195385932922363,-0.22921162843704224,-0.00674813985824585,-0.2840982675552368,-0.006962120532989502,-0.20833981037139893,-0.016132712364196777,-0.15693575143814087,0.014421701431274414,-0.20504963397979736,0.025921523571014404,-0.24962836503982544,0.02037137746810913,-0.19635623693466187,0.007027029991149902,-0.1580599546432495
0.0,0.0,-0.044636070728302,-0.0422133207321167,-0.07259523868560791,-0.11707675457000732,-0.05678284168243408,-0.1947060227394104,-0.02070450782775879,-0.25141221284866333,-0.0994841456413269,-0.2231053113937378,-0.09430325031280518,-0.31400781869888306,-0.0801393985748291,-0.3824611008167267,-0.0662240982055664,-0.4417649507522583,-0.06268054246902466,-0.23859930038452148,-0.08196854591369629,-0.34010088443756104,-0.08269774913787842,-0.3948948383331299,-0.08214914798736572,-0.4453946053981781,-0.023795366287231445,-0.23016613721847534,-0.008435666561126709,-0.2847254276275635,-0.008642911911010742,-0.20817196369171143,-0.016558408737182617,-0.15526777505874634,0.014080941677093506,-0.20586222410202026,0.024625837802886963,-0.24981927871704102,0.018611252307891846,-0.197021484375,0.005707979202270508,-0.15843188762664795
0.0,0.0,-0.0448380708694458,-0.04250293970108032,-0.07125884294509888,-0.11842203140258789,-0.05373162031173706,-0.1938621997833252,-0.018552720546722412,-0.25064408779144287,-0.0994294285774231,-0.22330611944198608,-0.09328967332839966,-0.3143619894981384,-0.07909148931503296,-0.3835085928440094,-0.06534147262573242,-0.4428325295448303,-0.06253659725189209,-0.23881685733795166,-0.08258247375488281,-0.3421233892440796,-0.08335316181182861,-0.39665985107421875,-0.08236461877822876,-0.44602569937705994,-0.023449957370758057,-0.23018598556518555,-0.008384227752685547,-0.28568416833877563,-0.008078455924987793,-0.20966774225234985,-0.016349434852600098,-0.15854036808013916,0.014660894870758057,-0.20703792572021484,0.025226950645446777,-0.25240087509155273,0.019758403301239014,-0.1990184783935547,0.006483495235443115,-0.16129249334335327
0.0,0.0,-0.04460936784744263,-0.041648268699645996,-0.07151073217391968,-0.11811286211013794,-0.05588710308074951,-0.19435399770736694,-0.022227883338928223,-0.2518777847290039,-0.10151845216751099,-0.22296804189682007,-0.09557533264160156,-0.313814252614975,-0.08211904764175415,-0.38274747133255005,-0.06922221183776855,-0.4414973855018616,-0.06487244367599487,-0.23764950037002563,-0.0845610499382019,-0.3412490785121918,-0.08534973859786987,-0.39565956592559814,-0.08475512266159058,-0.44528281688690186,-0.02586352825164795,-0.22880971431732178,-0.010221481323242188,-0.285828173160553,-0.008594512939453125,-0.20839166641235352,-0.016518831253051758,-0.15714478492736816,0.01227116584777832,-0.2057737112045288,0.022539138793945312,-0.2523312568664551,0.01843935251235962,-0.19803082942962646,0.00599437952041626,-0.16036051511764526
0.0,0.0,-0.04573345184326172,-0.041435837745666504,-0.07413595914840698,-0.11636960506439209,-0.058162689208984375,-0.1939343810081482,-0.022509753704071045,-0.250934362411499,-0.10025554895401001,-0.2216355800628662,-0.0956195592880249,-0.31313836574554443,-0.08266234397888184,-0.3823447823524475,-0.06993377208709717,-0.442028284072876,-0.06353384256362915,-0.23643708229064941,-0.08325153589248657,-0.33911940455436707,-0.08406168222427368,-0.39462363719940186,-0.08338773250579834,-0.44605541229248047,-0.024369657039642334,-0.22840255498886108,-0.010208368301391602,-0.2833409309387207,-0.010207891464233398,-0.20702123641967773,-0.01742076873779297,-0.15434402227401733,0.013926923274993896,-0.20514535903930664,0.0227012038230896,-0.249853253364563,0.01683056354522705,-0.19665664434432983,0.004752039909362793,-0.15739649534225464
0.0,0.0,-0.04589194059371948,-0.04248988628387451,-0.07397329807281494,-0.1169205904006958,-0.05833250284194946,-0.19433879852294922,-0.023126065731048584,-0.25052088499069214,-0.10189902782440186,-0.22266250848770142,-0.09676826000213623,-0.31396132707595825,-0.0834740400314331,-0.3818426728248596,-0.07057219743728638,-0.44094714522361755,-0.06440496444702148,-0.23711246252059937,-0.08334571123123169,-0.33790287375450134,-0.08365052938461304,-0.39407432079315186,-0.08279955387115479,-0.4462888836860657,-0.024924397468566895,-0.22855478525161743,-0.010793030261993408,-0.2822921872138977,-0.010318160057067871,-0.2065718173980713,-0.01736980676651001,-0.1536170244216919,0.013413965702056885,-0.20476526021957397,0.021813809871673584,-0.2503722310066223,0.016673028469085693,-0.19759142398834229,0.004948794841766357,-0.1573777198791504
0.0,0.0,-0.04588460922241211,-0.0413517951965332,-0.07465708255767822,-0.1151437759399414,-0.0584985613822937,-0.19210094213485718,-0.022394955158233643,-0.2456105351448059,-0.10000008344650269,-0.22011876106262207,-0.09540385007858276,-0.3118361830711365,-0.0824471116065979,-0.3794912099838257,-0.06995391845703125,-0.438485711812973,-0.06299436092376709,-0.2341780662536621,-0.08179247379302979,-0.33618438243865967,-0.08227866888046265,-0.3908427357673645,-0.08208531141281128,-0.44269323348999023,-0.023843765258789062,-0.22577613592147827,-0.009785234928131104,-0.28158730268478394,-0.010005831718444824,-0.20457088947296143,-0.01749241352081299,-0.1509861946105957,0.014098405838012695,-0.20105844736099243,0.023576796054840088,-0.24676954746246338,0.01753455400466919,-0.19379419088363647,0.0052651166915893555,-0.15389114618301392
0.0,0.0,-0.04378873109817505,-0.042949140071868896,-0.07154011726379395,-0.1164708137512207,-0.05715221166610718,-0.19213080406188965,-0.02393198013305664,-0.24682193994522095,-0.10015642642974854,-0.22135883569717407,-0.09684038162231445,-0.31472569704055786,-0.08591431379318237,-0.381716251373291,-0.07515287399291992,-0.4396176338195801,-0.06383484601974487,-0.23437738418579102,-0.08310329914093018,-0.33831048011779785,-0.0835871696472168,-0.3946983814239502,-0.08258873224258423,-0.44557374715805054,-0.024870753288269043,-0.22532325983047485,-0.010578691959381104,-0.28237348794937134,-0.00920259952545166,-0.20657497644424438,-0.015874505043029785,-0.1527591347694397,0.012680768966674805,-0.20176035165786743,0.021834850311279297,-0.24874341487884521,0.017685770988464355,-0.1969262957572937,0.006898164749145508,-0.15724807977676392
0.0,0.0,-0.04497891664505005,-0.040828704833984375,-0.07445675134658813,-0.11559563875198364,-0.05771934986114502,-0.1911376714706421,-0.022024095058441162,-0.24372947216033936,-0.10069763660430908,-0.2215195894241333,-0.0968669056892395,-0.3134832978248596,-0.08556497097015381,-0.37947604060173035,-0.07451337575912476,-0.4366343021392822,-0.06406599283218384,-0.2345694899559021,-0.08330440521240234,-0.3378765285015106,-0.08326148986816406,-0.3932512402534485,-0.08196449279785156,-0.44361811876296997,-0.02499932050704956,-0.22534525394439697,-0.008864402770996094,-0.28165680170059204,-0.00823301076889038,-0.20428234338760376,-0.0159834623336792,-0.150404691696167,0.013062655925750732,-0.20103996992111206,0.022640347480773926,-0.24748504161834717,0.01792168617248535,-0.19332337379455566,0.00638580322265625,-0.1531699299812317
0.0,0.0,-0.04408407211303711,-0.04020392894744873,-0.07299172878265381,-0.11327755451202393,-0.05885571241378784,-0.1890326738357544,-0.023648440837860107,-0.24351364374160767,-0.09974181652069092,-0.22077488899230957,-0.09533542394638062,-0.31205135583877563,-0.08305656909942627,-0.37911179661750793,-0.07116371393203735,-0.4372168481349945,-0.06277424097061157,-0.23449623584747314,-0.08097285032272339,-0.33778348565101624,-0.08180415630340576,-0.3926904499530792,-0.08170080184936523,-0.44415217638015747,-0.023562967777252197,-0.22552359104156494,-0.008427739143371582,-0.2829561233520508,-0.008901476860046387,-0.20602428913116455,-0.01708853244781494,-0.1525881290435791,0.014427244663238525,-0.2005598545074463,0.024572789669036865,-0.2479863166809082,0.018907368183135986,-0.19494307041168213,0.006222426891326904,-0.15488803386688232
