0.0,0.0,-0.05980139970779419,-0.03622555732727051,-0.08258962631225586,-0.08985751867294312,-0.0832366943359375,-0.1342572569847107,-0.06975895166397095,-0.1631476879119873,-0.0908244252204895,-0.15926623344421387,-0.0989467203617096,-0.20557063817977905,-0.09084862470626831,-0.17885291576385498,-0.0818558931350708,-0.15550553798675537,-0.0545426607131958,-0.1740902066230774,-0.06541985273361206,-0.21993237733840942,-0.058757007122039795,-0.1866627335548401,-0.05416405200958252,-0.1612066626548767,-0.020907282829284668,-0.17481684684753418,-0.028073668479919434,-0.215190589427948,-0.029178082942962646,-0.18810778856277466,-0.02433943748474121,-0.16214805841445923,0.011358022689819336,-0.16873699426651,-0.0005989670753479004,-0.19827800989151,-0.0035290122032165527,-0.176907479763031,0.0006219148635864258,-0.15617585182189941
0.0,0.0,-0.05006241798400879,-0.04527479410171509,-0.07977420091629028,-0.11066436767578125,-0.0751723051071167,-0.17699527740478516,-0.058382630348205566,-0.22083449363708496,-0.11236855387687683,-0.15949982404708862,-0.12552255392074585,-0.22222810983657837,-0.10889256000518799,-0.20235079526901245,-0.09539511799812317,-0.17992430925369263,-0.07822078466415405,-0.18129220604896545,-0.08782058954238892,-0.24380123615264893,-0.07164561748504639,-0.20986425876617432,-0.06405031681060791,-0.1839500069618225,-0.04283171892166138,-0.19014930725097656,-0.047665297985076904,-0.24155950546264648,-0.03829240798950195,-0.20859214663505554,-0.034264981746673584,-0.1819096803665161,-0.007029831409454346,-0.19034668803215027,-0.008981645107269287,-0.2254091203212738,-0.006322383880615234,-0.20040416717529297,-0.00619739294052124,-0.18119049072265625
0.0,0.0,-0.06779539585113525,-0.047890156507492065,-0.1106623113155365,-0.13888947665691376,-0.08740121126174927,-0.2212759032845497,-0.04146575927734375,-0.2553928941488266,-0.13762101531028748,-0.20317906886339188,-0.14394620060920715,-0.2680240422487259,-0.11070969700813293,-0.2100895792245865,-0.09570324420928955,-0.18147988617420197,-0.09266597032546997,-0.22727693617343903,-0.08766782283782959,-0.2853728085756302,-0.06017202138900757,-0.2130114510655403,-0.060062289237976074,-0.1947089284658432,-0.047782182693481445,-0.23935317993164062,-0.03678697347640991,-0.2869855463504791,-0.025278925895690918,-0.21614577621221542,-0.03121626377105713,-0.19175133109092712,-0.005986571311950684,-0.24211451411247253,0.0023360252380371094,-0.28105415403842926,0.004507541656494141,-0.22899888455867767,-0.0009956955909729004,-0.2046203315258026
0.0,0.0,-0.06586867570877075,-0.048144787549972534,-0.10697031021118164,-0.12988868355751038,-0.09891122579574585,-0.20771977305412292,-0.07189130783081055,-0.2591748684644699,-0.12912830710411072,-0.17440851032733917,-0.1463889479637146,-0.23234611749649048,-0.13861894607543945,-0.27600085735321045,-0.1280767023563385,-0.3166256546974182,-0.0884099006652832,-0.19951920211315155,-0.08175015449523926,-0.26385295391082764,-0.06844347715377808,-0.24567672610282898,-0.0656394362449646,-0.24650773406028748,-0.04503875970840454,-0.21343104541301727,-0.029525339603424072,-0.2684610188007355,-0.02882373332977295,-0.21497130393981934,-0.036348700523376465,-0.19467578828334808,-0.004233717918395996,-0.21343840658664703,0.009438395500183105,-0.2594919204711914,0.004108309745788574,-0.2176876664161682,-0.005793273448944092,-0.19632049649953842
0.0,0.0,-0.05959749221801758,-0.051702260971069336,-0.09938281774520874,-0.14078813791275024,-0.08395254611968994,-0.2293611764907837,-0.04410189390182495,-0.26383568346500397,-0.12359508872032166,-0.20288872718811035,-0.132112056016922,-0.2878664880990982,-0.10952180624008179,-0.21844623982906342,-0.10060286521911621,-0.18249711394309998,-0.08014225959777832,-0.21794262528419495,-0.08047646284103394,-0.29489804804325104,-0.06466931104660034,-0.21328620612621307,-0.06370794773101807,-0.19012296199798584,-0.03654211759567261,-0.22443735599517822,-0.03029191493988037,-0.28284648060798645,-0.023401081562042236,-0.20516961812973022,-0.026975572109222412,-0.1823386549949646,0.006033718585968018,-0.22183512151241302,0.009079217910766602,-0.271349161863327,0.008983254432678223,-0.21191391348838806,0.006927609443664551,-0.18477517366409302
0.0,0.0,-0.05458623170852661,-0.04815173149108887,-0.08945739269256592,-0.12602677941322327,-0.07777011394500732,-0.20882439613342285,-0.04574233293533325,-0.25101256370544434,-0.11630108952522278,-0.19543230533599854,-0.12019258737564087,-0.2732626497745514,-0.09711629152297974,-0.20608556270599365,-0.09218728542327881,-0.17541363835334778,-0.07502591609954834,-0.20783230662345886,-0.0735662579536438,-0.2837178409099579,-0.05809229612350464,-0.207573801279068,-0.06165015697479248,-0.18924182653427124,-0.03421682119369507,-0.21269968152046204,-0.02666318416595459,-0.26523011922836304,-0.019953787326812744,-0.19239529967308044,-0.027187764644622803,-0.1740128993988037,0.0051308274269104,-0.2095068395137787,0.009266018867492676,-0.2564840018749237,0.011213898658752441,-0.20315811038017273,0.007047057151794434,-0.17966777086257935
0.0,0.0,-0.053744494915008545,-0.044655561447143555,-0.09120148420333862,-0.1314249038696289,-0.07469433546066284,-0.21581274271011353,-0.03371971845626831,-0.24841681122779846,-0.11626464128494263,-0.18998539447784424,-0.1206972599029541,-0.2737496793270111,-0.09916418790817261,-0.20712792873382568,-0.09346592426300049,-0.17285627126693726,-0.07557827234268188,-0.20590505003929138,-0.07238858938217163,-0.28019025921821594,-0.05754232406616211,-0.2028340995311737,-0.061006128787994385,-0.1820383369922638,-0.03526061773300171,-0.2131439447402954,-0.025772035121917725,-0.2658430337905884,-0.019070982933044434,-0.1929962933063507,-0.025987684726715088,-0.17308855056762695,0.0032598376274108887,-0.21129348874092102,0.010086655616760254,-0.2548351287841797,0.010807037353515625,-0.20000845193862915,0.006198406219482422,-0.17584148049354553
0.0,0.0,-0.05635654926300049,-0.0472872257232666,-0.09173744916915894,-0.1347089409828186,-0.07294464111328125,-0.21745377779006958,-0.03158015012741089,-0.24805685877799988,-0.11583739519119263,-0.1915721893310547,-0.1191818118095398,-0.273725301027298,-0.09812009334564209,-0.2068774402141571,-0.09074199199676514,-0.17180010676383972,-0.07434093952178955,-0.2070653736591339,-0.06962871551513672,-0.2812083661556244,-0.055941998958587646,-0.20232218503952026,-0.05854153633117676,-0.1819452941417694,-0.033682048320770264,-0.21400049328804016,-0.022899627685546875,-0.26613977551460266,-0.0181540846824646,-0.1925065517425537,-0.025356769561767578,-0.17440563440322876,0.0053255558013916016,-0.21207332611083984,0.012157917022705078,-0.25255057215690613,0.011072039604187012,-0.1970163881778717,0.005738437175750732,-0.17461088299751282
0.0,0.0,-0.05602097511291504,-0.04537564516067505,-0.09230142831802368,-0.1354581117630005,-0.06975561380386353,-0.21982914209365845,-0.025473713874816895,-0.247996985912323,-0.11542177200317383,-0.18788141012191772,-0.12151885032653809,-0.2728067934513092,-0.10068342089653015,-0.20788079500198364,-0.09312719106674194,-0.17270314693450928,-0.07427740097045898,-0.20365411043167114,-0.07220810651779175,-0.27911341190338135,-0.05810809135437012,-0.201582670211792,-0.06000715494155884,-0.1794416308403015,-0.03409677743911743,-0.21061602234840393,-0.02511453628540039,-0.2660674750804901,-0.01954185962677002,-0.19154897332191467,-0.02582705020904541,-0.16982382535934448,0.004571199417114258,-0.20905530452728271,0.010783553123474121,-0.25319525599479675,0.010378539562225342,-0.1970248818397522,0.005991816520690918,-0.17106428742408752
0.0,0.0,-0.057080090045928955,-0.046223342418670654,-0.09393191337585449,-0.13758006691932678,-0.0710335373878479,-0.22215116024017334,-0.026219427585601807,-0.24712985754013062,-0.11680328845977783,-0.18748095631599426,-0.12261098623275757,-0.27408507466316223,-0.10062062740325928,-0.20907968282699585,-0.09319067001342773,-0.1740003526210785,-0.07536542415618896,-0.2030554711818695,-0.07293933629989624,-0.28029483556747437,-0.058084964752197266,-0.2037186324596405,-0.060569703578948975,-0.1819266378879547,-0.03502774238586426,-0.20977118611335754,-0.025374770164489746,-0.2670242488384247,-0.019484877586364746,-0.19352665543556213,-0.026341736316680908,-0.17251050472259521,0.0037195682525634766,-0.20808109641075134,0.011112511157989502,-0.2530442476272583,0.011035323143005371,-0.19721072912216187,0.00643312931060791,-0.17172503471374512
0.0,0.0,-0.05692964792251587,-0.04487168788909912,-0.09470230340957642,-0.13667452335357666,-0.07166075706481934,-0.22308620810508728,-0.026585638523101807,-0.25034183263778687,-0.11675018072128296,-0.19034168124198914,-0.12269410490989685,-0.2752513587474823,-0.10089045763015747,-0.20794343948364258,-0.09370630979537964,-0.17496153712272644,-0.07582676410675049,-0.20643633604049683,-0.07294654846191406,-0.281865656375885,-0.058713555335998535,-0.20215752720832825,-0.0617375373840332,-0.18425148725509644,-0.0360720157623291,-0.21281129121780396,-0.025937139987945557,-0.26840972900390625,-0.020666897296905518,-0.19288071990013123,-0.027585983276367188,-0.1757170557975769,0.0024926066398620605,-0.21090680360794067,0.009947121143341064,-0.2546786963939667,0.009248554706573486,-0.19819939136505127,0.004655122756958008,-0.17494475841522217
0.0,0.0,-0.05748295783996582,-0.04714757204055786,-0.09391903877258301,-0.1440751552581787,-0.07009005546569824,-0.23143208026885986,-0.026596009731292725,-0.2562154531478882,-0.11922359466552734,-0.19291353225708008,-0.12380623817443848,-0.2808768153190613,-0.10236826539039612,-0.2128082513809204,-0.09662246704101562,-0.17702040076255798,-0.0774880051612854,-0.2092275321483612,-0.07361060380935669,-0.2860140800476074,-0.05879414081573486,-0.20654624700546265,-0.06339329481124878,-0.18718978762626648,-0.037065088748931885,-0.21647396683692932,-0.026053011417388916,-0.27191147208213806,-0.01985299587249756,-0.1962142288684845,-0.028509080410003662,-0.17727524042129517,0.0014167428016662598,-0.21613255143165588,0.01036006212234497,-0.26008161902427673,0.010741591453552246,-0.2029540240764618,0.005037426948547363,-0.17850270867347717
0.0,0.0,-0.05648767948150635,-0.04534703493118286,-0.09501141309738159,-0.13920781016349792,-0.07773661613464355,-0.22730717062950134,-0.03611612319946289,-0.2585355043411255,-0.11875438690185547,-0.19606280326843262,-0.12459558248519897,-0.2832632064819336,-0.10177907347679138,-0.21541205048561096,-0.0951160192489624,-0.181054949760437,-0.07769709825515747,-0.211650550365448,-0.07465171813964844,-0.2888380289077759,-0.059815168380737305,-0.2104179859161377,-0.06360989809036255,-0.19274485111236572,-0.037283241748809814,-0.21757447719573975,-0.02679377794265747,-0.27296963334083557,-0.021486520767211914,-0.1984085738658905,-0.029448747634887695,-0.18109431862831116,0.0015857815742492676,-0.21595337986946106,0.009730398654937744,-0.26157146692276,0.009154438972473145,-0.20508313179016113,0.0034990310668945312,-0.18105992674827576
0.0,0.0,-0.057703495025634766,-0.04750990867614746,-0.0966772735118866,-0.14017680287361145,-0.0757790207862854,-0.22560223937034607,-0.03131091594696045,-0.2527051270008087,-0.11709094047546387,-0.19741421937942505,-0.12386149168014526,-0.28001195192337036,-0.10137590765953064,-0.21323591470718384,-0.09277445077896118,-0.17945024371147156,-0.07616764307022095,-0.21381837129592896,-0.07359206676483154,-0.2865419387817383,-0.05865412950515747,-0.20811790227890015,-0.06005352735519409,-0.18785959482192993,-0.035899341106414795,-0.21992668509483337,-0.02541208267211914,-0.2730945944786072,-0.019982576370239258,-0.1995255947113037,-0.026180386543273926,-0.17977583408355713,0.003076791763305664,-0.21746322512626648,0.010988891124725342,-0.25909051299095154,0.010152459144592285,-0.20355266332626343,0.005440711975097656,-0.1794610321521759
0.0,0.0,-0.05850327014923096,-0.04706168174743652,-0.09553536772727966,-0.13592040538787842,-0.07446426153182983,-0.2195136547088623,-0.031016945838928223,-0.2469913363456726,-0.11560416221618652,-0.19294559955596924,-0.12213438749313354,-0.2763018310070038,-0.1010420024394989,-0.2098776400089264,-0.09315687417984009,-0.175302654504776,-0.0741959810256958,-0.20688283443450928,-0.07296782732009888,-0.2811620235443115,-0.058638691902160645,-0.20312529802322388,-0.06016111373901367,-0.18217575550079346,-0.033587872982025146,-0.21222060918807983,-0.025363504886627197,-0.266691118478775,-0.01964724063873291,-0.19235721230506897,-0.02523219585418701,-0.17127355933189392,0.0056029558181762695,-0.20937630534172058,0.010862350463867188,-0.2552303969860077,0.010299384593963623,-0.19866928458213806,0.006419539451599121,-0.17218324542045593
0.0,0.0,-0.05808454751968384,-0.04775512218475342,-0.09559458494186401,-0.14287090301513672,-0.0720793604850769,-0.22732749581336975,-0.02682042121887207,-0.2512630224227905,-0.11742773652076721,-0.19590359926223755,-0.12374413013458252,-0.2800794541835785,-0.10133400559425354,-0.21199238300323486,-0.09343528747558594,-0.17789015173912048,-0.07561933994293213,-0.21099379658699036,-0.07317036390304565,-0.2864024043083191,-0.05813544988632202,-0.2059018313884735,-0.06032061576843262,-0.1863405406475067,-0.03439730405807495,-0.21688199043273926,-0.024522840976715088,-0.2718901038169861,-0.01867121458053589,-0.19531941413879395,-0.025135517120361328,-0.17572975158691406,0.005028247833251953,-0.21485581994056702,0.011722445487976074,-0.26000383496284485,0.01141589879989624,-0.20288538932800293,0.00722891092300415,-0.17778751254081726
0.0,0.0,-0.05792325735092163,-0.046320319175720215,-0.09691846370697021,-0.13910144567489624,-0.07679480314254761,-0.2247391641139984,-0.032971203327178955,-0.2507544159889221,-0.11838749051094055,-0.19581884145736694,-0.12505969405174255,-0.2797382175922394,-0.10252097249031067,-0.21163314580917358,-0.09508082270622253,-0.17836156487464905,-0.07686078548431396,-0.21120378375053406,-0.07458323240280151,-0.28567007184028625,-0.059243857860565186,-0.20574504137039185,-0.061692118644714355,-0.18762338161468506,-0.03602403402328491,-0.21704694628715515,-0.025952458381652832,-0.2703400254249573,-0.019905269145965576,-0.19505077600479126,-0.026656687259674072,-0.17763769626617432,0.0034927725791931152,-0.21507960557937622,0.011029362678527832,-0.2580556273460388,0.010748565196990967,-0.20115125179290771,0.006121993064880371,-0.17771869897842407
0.0,0.0,-0.058420419692993164,-0.04701143503189087,-0.0953194797039032,-0.1362733542919159,-0.07195675373077393,-0.21818658709526062,-0.027379631996154785,-0.24180278182029724,-0.11377373337745667,-0.19159731268882751,-0.12085816264152527,-0.2747018337249756,-0.10116666555404663,-0.20654287934303284,-0.09344601631164551,-0.17187264561653137,-0.07204431295394897,-0.20473143458366394,-0.07112711668014526,-0.28023672103881836,-0.05826461315155029,-0.2002246379852295,-0.05955910682678223,-0.17941606044769287,-0.03100794553756714,-0.20937630534172058,-0.02306067943572998,-0.26592615246772766,-0.01828765869140625,-0.18931230902671814,-0.02339494228363037,-0.16862890124320984,0.00870746374130249,-0.20584282279014587,0.013417065143585205,-0.25296568870544434,0.012276291847229004,-0.19573542475700378,0.009032607078552246,-0.1696508824825287
0.0,0.0,-0.05817502737045288,-0.04416412115097046,-0.09697020053863525,-0.13365784287452698,-0.07593756914138794,-0.21880272030830383,-0.03216516971588135,-0.244215190410614,-0.11540231108665466,-0.19230926036834717,-0.1235598623752594,-0.27626603841781616,-0.10239943861961365,-0.2076374590396881,-0.09423381090164185,-0.17424774169921875,-0.07405179738998413,-0.2071625292301178,-0.0739019513130188,-0.2815832197666168,-0.0596308708190918,-0.20114043354988098,-0.06091272830963135,-0.18142512440681458,-0.033232927322387695,-0.21310758590698242,-0.02551931142807007,-0.2686747610569,-0.02016359567642212,-0.19221609830856323,-0.02568751573562622,-0.17196887731552124,0.006493926048278809,-0.21073728799819946,0.011579692363739014,-0.25651317834854126,0.010843217372894287,-0.19878464937210083,0.007423758506774902,-0.17315247654914856
0.0,0.0,-0.05811566114425659,-0.04726281762123108,-0.09688055515289307,-0.14310139417648315,-0.07461857795715332,-0.2295871078968048,-0.028689920902252197,-0.25458210706710815,-0.11694151163101196,-0.197948157787323,-0.12312215566635132,-0.2825625240802765,-0.10216915607452393,-0.2136686146259308,-0.09582287073135376,-0.18067294359207153,-0.07581585645675659,-0.2129073143005371,-0.07361698150634766,-0.28738531470298767,-0.05944854021072388,-0.20711591839790344,-0.062408447265625,-0.1891070306301117,-0.035466790199279785,-0.21825170516967773,-0.025822460651397705,-0.2739754021167755,-0.020214855670928955,-0.19780686497688293,-0.026789069175720215,-0.17915752530097961,0.003973782062530518,-0.21566841006278992,0.011613905429840088,-0.26047760248184204,0.010980069637298584,-0.20322781801223755,0.006276845932006836,-0.1787542700767517
0.0,0.0,-0.05719262361526489,-0.04856389760971069,-0.09701108932495117,-0.14431005716323853,-0.07859611511230469,-0.23127007484436035,-0.031647324562072754,-0.25438931584358215,-0.1172700822353363,-0.19921955466270447,-0.12397339940071106,-0.28568241000175476,-0.10029232501983643,-0.21610510349273682,-0.0927157998085022,-0.18179181218147278,-0.0758136510848999,-0.21405687928199768,-0.07341879606246948,-0.2917993664741516,-0.057149410247802734,-0.21044257283210754,-0.06038486957550049,-0.1896393895149231,-0.03500562906265259,-0.21975496411323547,-0.024797022342681885,-0.27624598145484924,-0.018031179904937744,-0.19961267709732056,-0.025533556938171387,-0.17917117476463318,0.004589259624481201,-0.21741577982902527,0.011989951133728027,-0.2639354467391968,0.012209177017211914,-0.20683202147483826,0.007019102573394775,-0.18141013383865356
0.0,0.0,-0.057262122631073,-0.04778057336807251,-0.09539434313774109,-0.1375921368598938,-0.07729274034500122,-0.22223517298698425,-0.03425168991088867,-0.2523787021636963,-0.11845973134040833,-0.19826489686965942,-0.1242569088935852,-0.28106075525283813,-0.10115775465965271,-0.21330726146697998,-0.09330481290817261,-0.17906051874160767,-0.0767970085144043,-0.21303877234458923,-0.0736587643623352,-0.287126749753952,-0.05825400352478027,-0.20837873220443726,-0.060943663120269775,-0.1884850263595581,-0.03584003448486328,-0.21883219480514526,-0.02470928430557251,-0.27097088098526,-0.018940389156341553,-0.19706255197525024,-0.0262678861618042,-0.17794644832611084,0.003484010696411133,-0.2163277268409729,0.011781454086303711,-0.25940799713134766,0.011291265487670898,-0.20390814542770386,0.005686640739440918,-0.17978829145431519
0.0,0.0,-0.05888187885284424,-0.04684710502624512,-0.09721603989601135,-0.13856542110443115,-0.07761728763580322,-0.22485587000846863,-0.03263354301452637,-0.25213515758514404,-0.11652976274490356,-0.19901686906814575,-0.12306958436965942,-0.28218358755111694,-0.10008421540260315,-0.21480262279510498,-0.09169802069664001,-0.18068310618400574,-0.0745667815208435,-0.21328890323638916,-0.07187479734420776,-0.28774359822273254,-0.0567401647567749,-0.20760825276374817,-0.05948197841644287,-0.18782219290733337,-0.033662617206573486,-0.21798276901245117,-0.022958815097808838,-0.27260684967041016,-0.017267882823944092,-0.1960327923297882,-0.024310052394866943,-0.17660656571388245,0.006209254264831543,-0.21402767300605774,0.013715565204620361,-0.2594497799873352,0.013386249542236328,-0.20204144716262817,0.008036553859710693,-0.17690342664718628
0.0,0.0,-0.058997154235839844,-0.04924046993255615,-0.09762871265411377,-0.14574190974235535,-0.07702499628067017,-0.23357903957366943,-0.03092104196548462,-0.25967276096343994,-0.11646294593811035,-0.20283657312393188,-0.12404772639274597,-0.28815460205078125,-0.10023722052574158,-0.21695595979690552,-0.09186187386512756,-0.18243417143821716,-0.07529765367507935,-0.21856439113616943,-0.07377952337265015,-0.2953377068042755,-0.056961894035339355,-0.21297213435173035,-0.059110283851623535,-0.19182902574539185,-0.034773051738739014,-0.22417795658111572,-0.025312483310699463,-0.2803020477294922,-0.01821005344390869,-0.20373907685279846,-0.02467477321624756,-0.18359142541885376,0.004918396472930908,-0.22188785672187805,0.012927770614624023,-0.2671521008014679,0.013339519500732422,-0.21116095781326294,0.00859522819519043,-0.18707317113876343
0.0,0.0,-0.059594929218292236,-0.04893618822097778,-0.09684666991233826,-0.14405670762062073,-0.07655614614486694,-0.22908872365951538,-0.03172546625137329,-0.2523490786552429,-0.11751306056976318,-0.1987617313861847,-0.1250859498977661,-0.2862424850463867,-0.10173925757408142,-0.21594664454460144,-0.09321483969688416,-0.17896169424057007,-0.07633328437805176,-0.21274644136428833,-0.07468980550765991,-0.29220128059387207,-0.05797111988067627,-0.2100001573562622,-0.0602911114692688,-0.18718969821929932,-0.03540384769439697,-0.21860066056251526,-0.02580881118774414,-0.2758370637893677,-0.01854991912841797,-0.19759434461593628,-0.025025606155395508,-0.1758696436882019,0.004379987716674805,-0.21646347641944885,0.011551439762115479,-0.2636275887489319,0.011951625347137451,-0.20595473051071167,0.007275879383087158,-0.1794077455997467
0.0,0.0,-0.060042619705200195,-0.04908347129821777,-0.09835752844810486,-0.14244583249092102,-0.07503700256347656,-0.22661367058753967,-0.029390692710876465,-0.2514250874519348,-0.11525523662567139,-0.19821807742118835,-0.12229305505752563,-0.2828628718852997,-0.10184842348098755,-0.21453866362571716,-0.09457129240036011,-0.18003499507904053,-0.07357782125473022,-0.21236488223075867,-0.07175403833389282,-0.2875692844390869,-0.05836433172225952,-0.20752152800559998,-0.060710370540618896,-0.18759453296661377,-0.0324971079826355,-0.21731704473495483,-0.02242201566696167,-0.27333903312683105,-0.01787954568862915,-0.1973164677619934,-0.024595320224761963,-0.17723709344863892,0.007576882839202881,-0.21441194415092468,0.014539718627929688,-0.2607232332229614,0.013274669647216797,-0.20350095629692078,0.008592724800109863,-0.17815256118774414
0.0,0.0,-0.059703946113586426,-0.047320783138275146,-0.09951072931289673,-0.14045336842536926,-0.0785360336303711,-0.22672197222709656,-0.032585978507995605,-0.2531775236129761,-0.11862358450889587,-0.1961987018585205,-0.12719687819480896,-0.28149497509002686,-0.10425016283988953,-0.21270179748535156,-0.0962786078453064,-0.17769888043403625,-0.07769489288330078,-0.21185249090194702,-0.07648628950119019,-0.2885950207710266,-0.06058913469314575,-0.20806527137756348,-0.06323999166488647,-0.18837180733680725,-0.03717774152755737,-0.21824505925178528,-0.027500927448272705,-0.2742374539375305,-0.020669400691986084,-0.1973082721233368,-0.027391791343688965,-0.1782015562057495,0.0025194883346557617,-0.21643167734146118,0.009077191352844238,-0.26089203357696533,0.009208977222442627,-0.2028702199459076,0.004569947719573975,-0.1781964898109436
0.0,0.0,-0.060254812240600586,-0.048820316791534424,-0.09887668490409851,-0.14133140444755554,-0.0783422589302063,-0.22774139046669006,-0.03279596567153931,-0.2534513473510742,-0.11835706233978271,-0.19714117050170898,-0.12722843885421753,-0.28335392475128174,-0.10409992933273315,-0.21331822872161865,-0.09609192609786987,-0.17880645394325256,-0.07708781957626343,-0.21226584911346436,-0.07656371593475342,-0.28975242376327515,-0.060046255588531494,-0.20821702480316162,-0.06244319677352905,-0.1887204349040985,-0.036438941955566406,-0.21847152709960938,-0.02769523859024048,-0.2757517695426941,-0.020574569702148438,-0.1982167661190033,-0.027155280113220215,-0.17878106236457825,0.0033748745918273926,-0.21673360466957092,0.009458661079406738,-0.26361575722694397,0.009668350219726562,-0.20591071248054504,0.0049277544021606445,-0.18045765161514282
0.0,0.0,-0.06003868579864502,-0.047838807106018066,-0.09830132126808167,-0.14038991928100586,-0.07869648933410645,-0.22589534521102905,-0.03444230556488037,-0.2511112093925476,-0.11678662896156311,-0.20095878839492798,-0.12499243021011353,-0.285511314868927,-0.10161694884300232,-0.21565431356430054,-0.09312385320663452,-0.18095001578330994,-0.07526731491088867,-0.21447613835334778,-0.07494533061981201,-0.2908230423927307,-0.05831599235534668,-0.20955875515937805,-0.06032896041870117,-0.18876653909683228,-0.034079134464263916,-0.21917128562927246,-0.02596491575241089,-0.2749759256839752,-0.01836991310119629,-0.19794130325317383,-0.024428367614746094,-0.17748874425888062,0.006107509136199951,-0.21566569805145264,0.011089861392974854,-0.26407572627067566,0.012088596820831299,-0.20703724026679993,0.008175194263458252,-0.18141287565231323
0.0,0.0,-0.05930376052856445,-0.050760746002197266,-0.09809687733650208,-0.1452639102935791,-0.08164560794830322,-0.2308577299118042,-0.03760361671447754,-0.25655102729797363,-0.1194639801979065,-0.2041829228401184,-0.12647190690040588,-0.29021382331848145,-0.1024186909198761,-0.22043243050575256,-0.09494927525520325,-0.18635109066963196,-0.077919602394104,-0.21784701943397522,-0.07711750268936157,-0.2963111698627472,-0.05931699275970459,-0.21574491262435913,-0.06183069944381714,-0.19556662440299988,-0.03639686107635498,-0.22314292192459106,-0.027957797050476074,-0.27786925435066223,-0.019486606121063232,-0.20236694812774658,-0.026272177696228027,-0.1832563877105713,0.003883063793182373,-0.22088825702667236,0.010035514831542969,-0.2689829170703888,0.011118829250335693,-0.21279403567314148,0.006354033946990967,-0.18745675683021545
0.0,0.0,-0.05716848373413086,-0.045653700828552246,-0.09841465950012207,-0.1343364417552948,-0.08466184139251709,-0.22127369046211243,-0.040384113788604736,-0.24944287538528442,-0.11787447333335876,-0.19992417097091675,-0.1252487599849701,-0.2817196547985077,-0.0991925597190857,-0.21068572998046875,-0.09094858169555664,-0.17945876717567444,-0.0771796703338623,-0.2154233455657959,-0.07604598999023438,-0.2883433699607849,-0.05694890022277832,-0.2064792513847351,-0.06011807918548584,-0.18954479694366455,-0.03614366054534912,-0.22233954071998596,-0.02777332067489624,-0.2773747146129608,-0.01832890510559082,-0.20029526948928833,-0.025974154472351074,-0.18334582448005676,0.0038781166076660156,-0.22067323327064514,0.009347081184387207,-0.2641664743423462,0.011915266513824463,-0.2065678834915161,0.007166802883148193,-0.18464776873588562
0.0,0.0,-0.05826437473297119,-0.04602879285812378,-0.09924358129501343,-0.1344255805015564,-0.08586591482162476,-0.22014206647872925,-0.043367981910705566,-0.2468673288822174,-0.11826080083847046,-0.19810745120048523,-0.12630999088287354,-0.2819063365459442,-0.09966233372688293,-0.21272459626197815,-0.09066063165664673,-0.18009084463119507,-0.07800763845443726,-0.21328330039978027,-0.07704788446426392,-0.28659433126449585,-0.056707561016082764,-0.20639818906784058,-0.05926316976547241,-0.18610474467277527,-0.03762930631637573,-0.2198019027709961,-0.02962702512741089,-0.27516305446624756,-0.018706679344177246,-0.19949743151664734,-0.025269925594329834,-0.17893052101135254,0.0017663240432739258,-0.21750381588935852,0.0072075724601745605,-0.26348426938056946,0.011066436767578125,-0.20802724361419678,0.007167220115661621,-0.18428534269332886
0.0,0.0,-0.05882304906845093,-0.044891297817230225,-0.09973222017288208,-0.13645705580711365,-0.08130931854248047,-0.2213262915611267,-0.035888612270355225,-0.24483820796012878,-0.11591073870658875,-0.19750657677650452,-0.12366276979446411,-0.27984511852264404,-0.10009652376174927,-0.21058389544487,-0.09128755331039429,-0.1781071424484253,-0.0750390887260437,-0.21214944124221802,-0.07462877035140991,-0.28582674264907837,-0.05811357498168945,-0.20548444986343384,-0.060296714305877686,-0.18615248799324036,-0.03412580490112305,-0.2179802656173706,-0.026503682136535645,-0.27410179376602173,-0.0190390944480896,-0.1977393627166748,-0.025608420372009277,-0.17825159430503845,0.006257176399230957,-0.21540260314941406,0.010242581367492676,-0.26320698857307434,0.011763155460357666,-0.20615223050117493,0.007999300956726074,-0.18145844340324402
0.0,0.0,-0.05978339910507202,-0.04625070095062256,-0.09946534037590027,-0.13712948560714722,-0.07862335443496704,-0.22125735878944397,-0.03316092491149902,-0.24284806847572327,-0.1167093813419342,-0.19481441378593445,-0.12520968914031982,-0.278673380613327,-0.10092055797576904,-0.21153903007507324,-0.09203284978866577,-0.17778939008712769,-0.07566457986831665,-0.2091892957687378,-0.07578551769256592,-0.28550732135772705,-0.0574641227722168,-0.20721489191055298,-0.059873759746551514,-0.18545693159103394,-0.0349808931350708,-0.21571528911590576,-0.02716892957687378,-0.27222856879234314,-0.0179135799407959,-0.19778665900230408,-0.025021016597747803,-0.17727908492088318,0.00492703914642334,-0.2140209972858429,0.01002955436706543,-0.26131579279899597,0.012491703033447266,-0.20600977540016174,0.00823754072189331,-0.18113040924072266
0.0,0.0,-0.05918818712234497,-0.04412192106246948,-0.10039281845092773,-0.1369004249572754,-0.0816463828086853,-0.2232699692249298,-0.03614550828933716,-0.24537354707717896,-0.11895900964736938,-0.1980632245540619,-0.1256752610206604,-0.28071826696395874,-0.10110089182853699,-0.21208789944648743,-0.0928787887096405,-0.180169939994812,-0.07777577638626099,-0.2134602963924408,-0.0749477744102478,-0.2870115339756012,-0.056937217712402344,-0.20686155557632446,-0.06098616123199463,-0.18857619166374207,-0.03699463605880737,-0.21991369128227234,-0.026861846446990967,-0.2746943235397339,-0.017761647701263428,-0.19874230027198792,-0.026064276695251465,-0.18160822987556458,0.00302809476852417,-0.21784746646881104,0.009375989437103271,-0.26184582710266113,0.012563526630401611,-0.20473337173461914,0.007888615131378174,-0.18217653036117554
0.0,0.0,-0.05876040458679199,-0.0433315634727478,-0.10061407089233398,-0.13374817371368408,-0.0859384536743164,-0.22023171186447144,-0.043392300605773926,-0.24535080790519714,-0.11987137794494629,-0.19682630896568298,-0.1289154589176178,-0.28027427196502686,-0.1037384569644928,-0.20939475297927856,-0.09540268778800964,-0.1774318516254425,-0.07925033569335938,-0.21211624145507812,-0.07911300659179688,-0.28635865449905396,-0.06028944253921509,-0.20446893572807312,-0.06331688165664673,-0.18728497624397278,-0.038457512855529785,-0.21883165836334229,-0.031071722507476807,-0.2752913236618042,-0.020822584629058838,-0.1974411904811859,-0.027441203594207764,-0.1806485652923584,0.0016469359397888184,-0.21714824438095093,0.006405174732208252,-0.26276570558547974,0.01008450984954834,-0.20473724603652954,0.006587088108062744,-0.1826365888118744
0.0,0.0,-0.05878710746765137,-0.0450780987739563,-0.10032057762145996,-0.1318870186805725,-0.08605492115020752,-0.2172081172466278,-0.04279428720474243,-0.2456059753894806,-0.11928507685661316,-0.19683495163917542,-0.1278683841228485,-0.2789763808250427,-0.1035713255405426,-0.20858925580978394,-0.09543502330780029,-0.1774626076221466,-0.07822811603546143,-0.21184450387954712,-0.07877057790756226,-0.28675922751426697,-0.06044679880142212,-0.20638197660446167,-0.0632314682006836,-0.1888791024684906,-0.03698742389678955,-0.21870654821395874,-0.029990971088409424,-0.27496856451034546,-0.020745933055877686,-0.1986355483531952,-0.02828913927078247,-0.18201252818107605,0.0034172534942626953,-0.21692582964897156,0.007660210132598877,-0.26296713948249817,0.010711252689361572,-0.20550242066383362,0.006361722946166992,-0.18263572454452515
0.0,0.0,-0.059915781021118164,-0.0425868034362793,-0.10175013542175293,-0.1310674250125885,-0.08515810966491699,-0.2165626883506775,-0.042046189308166504,-0.23902630805969238,-0.11879175901412964,-0.19456490874290466,-0.12746894359588623,-0.2767876982688904,-0.10400313138961792,-0.20740652084350586,-0.09509176015853882,-0.17466658353805542,-0.07760995626449585,-0.20831671357154846,-0.0778612494468689,-0.28328314423561096,-0.06042438745498657,-0.20259985327720642,-0.06248319149017334,-0.18249616026878357,-0.03646892309188843,-0.21505451202392578,-0.02948051691055298,-0.2708345651626587,-0.020322144031524658,-0.19367441534996033,-0.026351451873779297,-0.17440703511238098,0.004214048385620117,-0.21323713660240173,0.008003175258636475,-0.2604273557662964,0.01049816608428955,-0.20281091332435608,0.007262289524078369,-0.17806828022003174
0.0,0.0,-0.05943143367767334,-0.04283195734024048,-0.10303807258605957,-0.13527396321296692,-0.08705013990402222,-0.2223350703716278,-0.04115933179855347,-0.2439989149570465,-0.11948171257972717,-0.19525504112243652,-0.1301247775554657,-0.27915507555007935,-0.1047619879245758,-0.20928123593330383,-0.09527918696403503,-0.17628434300422668,-0.07843202352523804,-0.21049460768699646,-0.0794873833656311,-0.2857750654220581,-0.06057518720626831,-0.2038652002811432,-0.06293487548828125,-0.18321049213409424,-0.03726702928543091,-0.21721151471138,-0.03043532371520996,-0.2731645107269287,-0.020324110984802246,-0.19508540630340576,-0.026867568492889404,-0.17516443133354187,0.0035050511360168457,-0.21588316559791565,0.007578074932098389,-0.2627253532409668,0.01069176197052002,-0.20476749539375305,0.007050812244415283,-0.18053442239761353
0.0,0.0,-0.06061321496963501,-0.04109597206115723,-0.10366886854171753,-0.13158273696899414,-0.08632546663284302,-0.21847796440124512,-0.04233354330062866,-0.24016278982162476,-0.11917567253112793,-0.19575491547584534,-0.1291273832321167,-0.27629774808883667,-0.10315543413162231,-0.20660334825515747,-0.09269779920578003,-0.17457938194274902,-0.0780256986618042,-0.210028737783432,-0.07813131809234619,-0.2833724915981293,-0.05969798564910889,-0.20102432370185852,-0.062496840953826904,-0.18211644887924194,-0.03700447082519531,-0.2164461612701416,-0.029553115367889404,-0.27326568961143494,-0.020253658294677734,-0.1942874789237976,-0.026855826377868652,-0.17611995339393616,0.003657102584838867,-0.21473342180252075,0.008071720600128174,-0.26054954528808594,0.010553419589996338,-0.20214441418647766,0.0070119500160217285,-0.17908787727355957
0.0,0.0,-0.05959552526473999,-0.04269528388977051,-0.10469961166381836,-0.13163381814956665,-0.09095370769500732,-0.2197108268737793,-0.044108450412750244,-0.2463555634021759,-0.12058442831039429,-0.19700095057487488,-0.1324787139892578,-0.2798006236553192,-0.10754141211509705,-0.2098633050918579,-0.09756451845169067,-0.17843082547187805,-0.07969897985458374,-0.21178480982780457,-0.08187901973724365,-0.2876628041267395,-0.06389766931533813,-0.20562446117401123,-0.06566977500915527,-0.18722611665725708,-0.03877460956573486,-0.21832126379013062,-0.03232574462890625,-0.2769447863101959,-0.02383655309677124,-0.19804438948631287,-0.030055701732635498,-0.17897182703018188,0.0022783279418945312,-0.21648913621902466,0.005498647689819336,-0.2646714150905609,0.00741952657699585,-0.2056010663509369,0.00392526388168335,-0.18061095476150513
0.0,0.0,-0.06128513813018799,-0.046468257904052734,-0.1071019172668457,-0.13387981057167053,-0.09330639243125916,-0.21961098909378052,-0.04462200403213501,-0.24409165978431702,-0.11956590414047241,-0.2002505660057068,-0.13155359029769897,-0.2791069746017456,-0.10646045207977295,-0.2083958089351654,-0.09538847208023071,-0.1772976517677307,-0.07915303111076355,-0.21502965688705444,-0.08263424038887024,-0.28891944885253906,-0.06435197591781616,-0.20682743191719055,-0.06342554092407227,-0.18698590993881226,-0.03769063949584961,-0.22109955549240112,-0.03334510326385498,-0.2794111371040344,-0.02553844451904297,-0.20226901769638062,-0.029664337635040283,-0.18209555745124817,0.004378616809844971,-0.21835431456565857,0.005528688430786133,-0.2667158246040344,0.006289839744567871,-0.21024611592292786,0.004028260707855225,-0.1855463981628418
0.0,0.0,-0.061845481395721436,-0.04039585590362549,-0.10900917649269104,-0.129648357629776,-0.0967707633972168,-0.21843552589416504,-0.05069422721862793,-0.24551743268966675,-0.12449586391448975,-0.1976355016231537,-0.1374199390411377,-0.2791077196598053,-0.1095866858959198,-0.20631447434425354,-0.09895366430282593,-0.1759580671787262,-0.0832667350769043,-0.21312791109085083,-0.08649978041648865,-0.28667309880256653,-0.06642889976501465,-0.20213669538497925,-0.06870681047439575,-0.18546420335769653,-0.04190874099731445,-0.22017529606819153,-0.0365329384803772,-0.2777557671070099,-0.02649712562561035,-0.19764554500579834,-0.03282666206359863,-0.18034455180168152,-0.0005985498428344727,-0.21917057037353516,0.0025496482849121094,-0.26692134141921997,0.006133139133453369,-0.20836865901947021,0.0032753348350524902,-0.18533393740653992
0.0,0.0,-0.06169140338897705,-0.0423770546913147,-0.10959494113922119,-0.1296364665031433,-0.0982256531715393,-0.21759504079818726,-0.05086719989776611,-0.24512752890586853,-0.12421196699142456,-0.1989624798297882,-0.13752686977386475,-0.27951580286026,-0.11027857661247253,-0.20704495906829834,-0.09972921013832092,-0.17608997225761414,-0.08302587270736694,-0.2137455940246582,-0.08717787265777588,-0.2875065207481384,-0.06670653820037842,-0.20420265197753906,-0.06863117218017578,-0.18659353256225586,-0.041433513164520264,-0.22081413865089417,-0.037120521068573,-0.27840572595596313,-0.026331841945648193,-0.19965016841888428,-0.0324479341506958,-0.18204441666603088,0.00030297040939331055,-0.2196190059185028,0.0021099448204040527,-0.2684899866580963,0.006254017353057861,-0.21060627698898315,0.0038529634475708008,-0.18724802136421204
0.0,0.0,-0.061795592308044434,-0.04152864217758179,-0.11014887690544128,-0.12933751940727234,-0.09823358058929443,-0.21775266528129578,-0.05111408233642578,-0.24282777309417725,-0.12374621629714966,-0.19597750902175903,-0.13677218556404114,-0.2738369107246399,-0.1101563572883606,-0.20283842086791992,-0.09969526529312134,-0.17332535982131958,-0.08291307091712952,-0.21179524064064026,-0.0869835913181305,-0.28470465540885925,-0.06654244661331177,-0.2024858593940735,-0.0673290491104126,-0.18404799699783325,-0.04141956567764282,-0.21950724720954895,-0.03706562519073486,-0.2757989764213562,-0.026365220546722412,-0.19810399413108826,-0.03175997734069824,-0.1803954541683197,0.00039839744567871094,-0.21881061792373657,0.0018311738967895508,-0.2645167112350464,0.005611062049865723,-0.20704498887062073,0.003719806671142578,-0.1847706437110901
0.0,0.0,-0.06417948007583618,-0.04163080453872681,-0.11317625641822815,-0.1327229142189026,-0.10028243064880371,-0.2215288281440735,-0.053240180015563965,-0.24586224555969238,-0.12457254528999329,-0.19826772809028625,-0.13852941989898682,-0.27726906538009644,-0.11059725284576416,-0.2059839963912964,-0.09924468398094177,-0.17480838298797607,-0.08328995108604431,-0.21480077505111694,-0.08776545524597168,-0.28763434290885925,-0.06580984592437744,-0.20472478866577148,-0.06656461954116821,-0.18519437313079834,-0.04187572002410889,-0.22269383072853088,-0.037803709506988525,-0.2809062898159027,-0.026030898094177246,-0.2021268904209137,-0.03130614757537842,-0.18230795860290527,-0.000552058219909668,-0.2224024534225464,0.0012339353561401367,-0.2695741057395935,0.005737245082855225,-0.21207699179649353,0.003567993640899658,-0.18879851698875427
0.0,0.0,-0.06322896480560303,-0.04118424654006958,-0.10885933041572571,-0.1281145215034485,-0.09735503792762756,-0.21498030424118042,-0.05383676290512085,-0.23802807927131653,-0.12133565545082092,-0.19242852926254272,-0.13499701023101807,-0.2732172906398773,-0.10912802815437317,-0.2027060091495514,-0.09804987907409668,-0.1693248748779297,-0.08020821213722229,-0.20745569467544556,-0.08563274145126343,-0.2816873788833618,-0.0657273530960083,-0.1997579038143158,-0.0659601092338562,-0.1784364879131317,-0.03867465257644653,-0.215318500995636,-0.03596550226211548,-0.2732357978820801,-0.025683343410491943,-0.19507372379302979,-0.030635058879852295,-0.1742221713066101,0.0029169321060180664,-0.21531686186790466,0.0037820935249328613,-0.26386696100234985,0.0070609450340271,-0.20678222179412842,0.004930555820465088,-0.18231505155563354
0.0,0.0,-0.06253480911254883,-0.04167431592941284,-0.10957708954811096,-0.13120174407958984,-0.09644162654876709,-0.21694937348365784,-0.051225483417510986,-0.23825034499168396,-0.11983221769332886,-0.19436603784561157,-0.13408204913139343,-0.27226316928863525,-0.10893061757087708,-0.20236948132514954,-0.09753596782684326,-0.17243584990501404,-0.07932418584823608,-0.21034687757492065,-0.08515694737434387,-0.28246009349823,-0.06644535064697266,-0.20007503032684326,-0.06544220447540283,-0.18206459283828735,-0.037994444370269775,-0.21780669689178467,-0.035352110862731934,-0.2759140133857727,-0.026362597942352295,-0.19711187481880188,-0.030328035354614258,-0.17864221334457397,0.0038837194442749023,-0.21696609258651733,0.004069149494171143,-0.2656954824924469,0.006389141082763672,-0.20751172304153442,0.00487750768661499,-0.18344637751579285
0.0,0.0,-0.06174969673156738,-0.04051738977432251,-0.10932540893554688,-0.12827911972999573,-0.09776175022125244,-0.21553727984428406,-0.051718294620513916,-0.23694762587547302,-0.12057864665985107,-0.1909179389476776,-0.13552385568618774,-0.27036988735198975,-0.10756877064704895,-0.20090103149414062,-0.09531262516975403,-0.16992247104644775,-0.07949277758598328,-0.20688167214393616,-0.0851631760597229,-0.28089311718940735,-0.06397926807403564,-0.19868621230125427,-0.0640571117401123,-0.1794935166835785,-0.03832286596298218,-0.2150510847568512,-0.03559434413909912,-0.27360251545906067,-0.024464011192321777,-0.19461753964424133,-0.028844714164733887,-0.1754848062992096,0.0032227039337158203,-0.2150859534740448,0.0036551952362060547,-0.2627399265766144,0.007950305938720703,-0.2052323818206787,0.006788313388824463,-0.18177396059036255
0.0,0.0,-0.06248009204864502,-0.04084062576293945,-0.1099105179309845,-0.13118678331375122,-0.09793210029602051,-0.21987581253051758,-0.052328288555145264,-0.24023911356925964,-0.12218093872070312,-0.19428986310958862,-0.13600236177444458,-0.2760392129421234,-0.10895764827728271,-0.20470023155212402,-0.09814780950546265,-0.1719372570514679,-0.08097553253173828,-0.20964020490646362,-0.084809809923172,-0.2844116687774658,-0.06461155414581299,-0.20079904794692993,-0.0668303370475769,-0.18065273761749268,-0.03966289758682251,-0.2171156108379364,-0.035127997398376465,-0.27660292387008667,-0.025004923343658447,-0.19714727997779846,-0.031947970390319824,-0.1777377724647522,0.001897275447845459,-0.21675288677215576,0.00459820032119751,-0.26543980836868286,0.00831913948059082,-0.20699584484100342,0.005082666873931885,-0.18282932043075562
0.0,0.0,-0.06362795829772949,-0.04042786359786987,-0.11069917678833008,-0.13078778982162476,-0.09463638067245483,-0.21961158514022827,-0.04762524366378784,-0.24044790863990784,-0.12107610702514648,-0.1961519420146942,-0.13546234369277954,-0.2779458165168762,-0.10880807042121887,-0.20572832226753235,-0.09778666496276855,-0.17355456948280334,-0.07982906699180603,-0.21122786402702332,-0.0854654610157013,-0.28612661361694336,-0.06583744287490845,-0.2023501694202423,-0.06652402877807617,-0.18262973427772522,-0.03847169876098633,-0.21841400861740112,-0.03559058904647827,-0.27742135524749756,-0.02553504705429077,-0.19823071360588074,-0.030364155769348145,-0.1791359782218933,0.0032601356506347656,-0.21768012642860413,0.004323720932006836,-0.2666749656200409,0.007703721523284912,-0.20874261856079102,0.006262719631195068,-0.18499183654785156
0.0,0.0,-0.06259804964065552,-0.04334580898284912,-0.11001512408256531,-0.13411107659339905,-0.09566059708595276,-0.2215619683265686,-0.04811394214630127,-0.2395792007446289,-0.11976820230484009,-0.19733887910842896,-0.1330859363079071,-0.27946239709854126,-0.10720553994178772,-0.2075771987438202,-0.0966101586818695,-0.17603552341461182,-0.0785989761352539,-0.21186494827270508,-0.08350589871406555,-0.28751295804977417,-0.0644078254699707,-0.20364683866500854,-0.06497037410736084,-0.18425849080085754,-0.037130773067474365,-0.21885928511619568,-0.033099234104156494,-0.27810612320899963,-0.024189114570617676,-0.19839462637901306,-0.029225826263427734,-0.17897209525108337,0.004612445831298828,-0.21770840883255005,0.006508052349090576,-0.2663730978965759,0.008746147155761719,-0.2085719108581543,0.0069525837898254395,-0.1848105788230896
0.0,0.0,-0.06059551239013672,-0.04251229763031006,-0.10835510492324829,-0.1373823881149292,-0.09467080235481262,-0.2255837619304657,-0.045295655727386475,-0.24403667449951172,-0.11879605054855347,-0.204186350107193,-0.1307363212108612,-0.28058987855911255,-0.10401710867881775,-0.20668068528175354,-0.0934407114982605,-0.1793747842311859,-0.07738760113716125,-0.2206295132637024,-0.08035016059875488,-0.29104599356651306,-0.06022244691848755,-0.2048170566558838,-0.061707258224487305,-0.18854781985282898,-0.03549683094024658,-0.22700753808021545,-0.030146360397338867,-0.28222954273223877,-0.020327091217041016,-0.20137980580329895,-0.026252806186676025,-0.18564417958259583,0.006243109703063965,-0.22530019283294678,0.008917629718780518,-0.26888352632522583,0.01230090856552124,-0.21018177270889282,0.009834647178649902,-0.1900157630443573
0.0,0.0,-0.06456851959228516,-0.04224288463592529,-0.11297732591629028,-0.13291412591934204,-0.09994995594024658,-0.2205309271812439,-0.05185568332672119,-0.24128055572509766,-0.12273067235946655,-0.19933634996414185,-0.13521021604537964,-0.2770172655582428,-0.10609948635101318,-0.20731085538864136,-0.09376919269561768,-0.1751551628112793,-0.08073830604553223,-0.21546152234077454,-0.08416128158569336,-0.28736692667007446,-0.06166529655456543,-0.2044370174407959,-0.0626947283744812,-0.18187448382377625,-0.03935420513153076,-0.22330033779144287,-0.03311222791671753,-0.27956289052963257,-0.02177053689956665,-0.20058771967887878,-0.02819150686264038,-0.17847657203674316,0.001955389976501465,-0.22226756811141968,0.006336033344268799,-0.26788556575775146,0.010917603969573975,-0.2105676233768463,0.007721126079559326,-0.18664798140525818
0.0,0.0,-0.0641675591468811,-0.04309791326522827,-0.1120246946811676,-0.13490435481071472,-0.09877866506576538,-0.22363823652267456,-0.0525282621383667,-0.2441721260547638,-0.1203170120716095,-0.2014009654521942,-0.13385283946990967,-0.28054213523864746,-0.10657578706741333,-0.2086089551448822,-0.09412181377410889,-0.17652052640914917,-0.07812625169754028,-0.21737846732139587,-0.0833503007888794,-0.29110708832740784,-0.062018394470214844,-0.20668339729309082,-0.06082803010940552,-0.18262073397636414,-0.03582620620727539,-0.2245638370513916,-0.03300422430038452,-0.283353716135025,-0.022010505199432373,-0.2035471498966217,-0.026275575160980225,-0.1803913712501526,0.006375610828399658,-0.2228003442287445,0.006749927997589111,-0.27132347226142883,0.010349810123443604,-0.21371173858642578,0.008593082427978516,-0.18883785605430603
0.0,0.0,-0.06319683790206909,-0.04364287853240967,-0.11001157760620117,-0.13265293836593628,-0.09818887710571289,-0.221061110496521,-0.05331528186798096,-0.2522062361240387,-0.11941304802894592,-0.2053506076335907,-0.13414615392684937,-0.2833858132362366,-0.10598450899124146,-0.20988765358924866,-0.09458121657371521,-0.18104711174964905,-0.0773056149482727,-0.2213514745235443,-0.0830618143081665,-0.2935444712638855,-0.06128019094467163,-0.2080327868461609,-0.06207764148712158,-0.18866968154907227,-0.035039544105529785,-0.22772762179374695,-0.033517658710479736,-0.28643912076950073,-0.021530210971832275,-0.20476236939430237,-0.02622222900390625,-0.1848316788673401,0.007018744945526123,-0.22540411353111267,0.006208479404449463,-0.2742187976837158,0.010545492172241211,-0.2152951955795288,0.00823056697845459,-0.19174331426620483
0.0,0.0,-0.06444036960601807,-0.0449979305267334,-0.1123623251914978,-0.136041522026062,-0.09894722700119019,-0.22489634156227112,-0.05021733045578003,-0.24785012006759644,-0.12041163444519043,-0.20535656809806824,-0.13497552275657654,-0.28315499424934387,-0.10707470774650574,-0.21093350648880005,-0.09474551677703857,-0.17938590049743652,-0.07856783270835876,-0.2211441695690155,-0.08332887291908264,-0.2923857867717743,-0.06095165014266968,-0.20843374729156494,-0.060988783836364746,-0.18581846356391907,-0.03646528720855713,-0.2274392545223236,-0.033116161823272705,-0.28439879417419434,-0.021008312702178955,-0.20504459738731384,-0.02572321891784668,-0.18238750100135803,0.005422353744506836,-0.22502195835113525,0.0061081647872924805,-0.2722286581993103,0.010251641273498535,-0.215118408203125,0.008211195468902588,-0.19086414575576782
0.0,0.0,-0.06397438049316406,-0.04401201009750366,-0.11225518584251404,-0.1358148157596588,-0.09730264544487,-0.22618377208709717,-0.04831087589263916,-0.2497740089893341,-0.120053231716156,-0.20349887013435364,-0.13531434535980225,-0.28298527002334595,-0.10796195268630981,-0.2113107442855835,-0.09574294090270996,-0.18128043413162231,-0.07804816961288452,-0.22018975019454956,-0.08367463946342468,-0.293229341506958,-0.06316035985946655,-0.20863747596740723,-0.0636412501335144,-0.18842127919197083,-0.036011338233947754,-0.2269841730594635,-0.03297048807144165,-0.2860583961009979,-0.023178815841674805,-0.20537421107292175,-0.028579771518707275,-0.18459361791610718,0.006005406379699707,-0.22509104013442993,0.006722211837768555,-0.27150967717170715,0.009055078029632568,-0.21273639798164368,0.006232857704162598,-0.18888455629348755
0.0,0.0,-0.06450492143630981,-0.04325348138809204,-0.11259618401527405,-0.13338792324066162,-0.09872159361839294,-0.2219477891921997,-0.051563560962677,-0.2470225989818573,-0.1211513876914978,-0.203467458486557,-0.13423138856887817,-0.28164902329444885,-0.10689830780029297,-0.21035346388816833,-0.09521397948265076,-0.17917507886886597,-0.07879993319511414,-0.21904534101486206,-0.08282515406608582,-0.2914586663246155,-0.06192737817764282,-0.2075481116771698,-0.0629224181175232,-0.186143696308136,-0.03649020195007324,-0.22558054327964783,-0.032099127769470215,-0.28308942914009094,-0.021409928798675537,-0.20305779576301575,-0.0272519588470459,-0.18138286471366882,0.005721330642700195,-0.22312214970588684,0.007486701011657715,-0.27125516533851624,0.010809242725372314,-0.21296820044517517,0.00771564245223999,-0.18841999769210815
0.0,0.0,-0.06569769978523254,-0.04539376497268677,-0.11469432711601257,-0.14026933908462524,-0.09797841310501099,-0.22874000668525696,-0.047966718673706055,-0.2496483325958252,-0.12105697393417358,-0.20631694793701172,-0.1357472538948059,-0.28471899032592773,-0.10810688138008118,-0.211940735578537,-0.09610915184020996,-0.18265557289123535,-0.07898172736167908,-0.22203847765922546,-0.08375412225723267,-0.29496079683303833,-0.06299793720245361,-0.20906296372413635,-0.06360924243927002,-0.18939274549484253,-0.03678959608078003,-0.22860616445541382,-0.0326542854309082,-0.28657203912734985,-0.02233225107192993,-0.2047974169254303,-0.0274084210395813,-0.18422088027000427,0.005240321159362793,-0.22693893313407898,0.0068634748458862305,-0.2745618224143982,0.009783744812011719,-0.2154695987701416,0.0074977874755859375,-0.19142431020736694
0.0,0.0,-0.06469255685806274,-0.0410119891166687,-0.1104687750339508,-0.13027545809745789,-0.0991087555885315,-0.21997946500778198,-0.0576554536819458,-0.2522020637989044,-0.12236201763153076,-0.20309051871299744,-0.13651901483535767,-0.2822432816028595,-0.10643413662910461,-0.21118977665901184,-0.0946442186832428,-0.18151307106018066,-0.08024200797080994,-0.2192649245262146,-0.0851714015007019,-0.29299163818359375,-0.06166958808898926,-0.2093139886856079,-0.06382721662521362,-0.18965688347816467,-0.03828561305999756,-0.2265717089176178,-0.035523056983947754,-0.2840881645679474,-0.022100746631622314,-0.20439496636390686,-0.028071224689483643,-0.18530181050300598,0.0034471750259399414,-0.22569632530212402,0.004173398017883301,-0.2738403081893921,0.010015487670898438,-0.21623337268829346,0.0072037577629089355,-0.1933692991733551
0.0,0.0,-0.06451809406280518,-0.0467265248298645,-0.11341917514801025,-0.14216125011444092,-0.10034143924713135,-0.23186957836151123,-0.05041879415512085,-0.2543952167034149,-0.11985594034194946,-0.21076703071594238,-0.13450056314468384,-0.2883574068546295,-0.10723647475242615,-0.2148023247718811,-0.09620809555053711,-0.18717491626739502,-0.07772025465965271,-0.22665634751319885,-0.08280184864997864,-0.29830655455589294,-0.062489867210388184,-0.21250003576278687,-0.06354212760925293,-0.1943162977695465,-0.035128235816955566,-0.23219335079193115,-0.03189361095428467,-0.29080677032470703,-0.02240198850631714,-0.20967072248458862,-0.027820885181427002,-0.19034355878829956,0.007530689239501953,-0.22954514622688293,0.008104383945465088,-0.2776404023170471,0.01029825210571289,-0.21906942129135132,0.007668733596801758,-0.19559121131896973
0.0,0.0,-0.06435221433639526,-0.04332166910171509,-0.1126437783241272,-0.1360156536102295,-0.10085731744766235,-0.22556504607200623,-0.05565148591995239,-0.24775949120521545,-0.12260249257087708,-0.20349010825157166,-0.13764873147010803,-0.282873272895813,-0.10715994238853455,-0.21037209033966064,-0.0948164165019989,-0.17919141054153442,-0.08155083656311035,-0.21995091438293457,-0.0871831476688385,-0.29248660802841187,-0.0636759102344513,-0.20799291133880615,-0.06478738784790039,-0.1859883964061737,-0.04019749164581299,-0.2272813320159912,-0.03698289394378662,-0.2853299081325531,-0.02453845739364624,-0.20528098940849304,-0.029956936836242676,-0.18336841464042664,0.0011615157127380371,-0.22622805833816528,0.002971053123474121,-0.2734721302986145,0.007992386817932129,-0.21591591835021973,0.005887627601623535,-0.191766619682312
0.0,0.0,-0.06451800465583801,-0.041835665702819824,-0.11171525716781616,-0.13087236881256104,-0.1000438928604126,-0.22087562084197998,-0.055411845445632935,-0.24750003218650818,-0.1201980710029602,-0.20237627625465393,-0.13535505533218384,-0.2814567983150482,-0.10811135172843933,-0.21002888679504395,-0.09604310989379883,-0.17882633209228516,-0.07844597101211548,-0.21814751625061035,-0.08492445945739746,-0.2908633351325989,-0.06379997730255127,-0.20685049891471863,-0.0639747679233551,-0.18594887852668762,-0.036676645278930664,-0.22460728883743286,-0.03480714559555054,-0.28375983238220215,-0.024144649505615234,-0.20321646332740784,-0.028963685035705566,-0.1818283200263977,0.005190491676330566,-0.22259145975112915,0.004738569259643555,-0.27117323875427246,0.00813448429107666,-0.21246135234832764,0.0058463215827941895,-0.1877063810825348
0.0,0.0,-0.06534960865974426,-0.04070150852203369,-0.11242645978927612,-0.1273108422756195,-0.09973052144050598,-0.21533751487731934,-0.055304497480392456,-0.24118220806121826,-0.12019604444503784,-0.19918373227119446,-0.13590273261070251,-0.2753424644470215,-0.10764554142951965,-0.20603704452514648,-0.09423503279685974,-0.17618247866630554,-0.07847544550895691,-0.21409732103347778,-0.08513766527175903,-0.2855767607688904,-0.06319129467010498,-0.20280489325523376,-0.06252551078796387,-0.1821194589138031,-0.03677254915237427,-0.2211553156375885,-0.0351681113243103,-0.27850571274757385,-0.022990047931671143,-0.19897067546844482,-0.026629507541656494,-0.17840081453323364,0.005423307418823242,-0.21939843893051147,0.00457763671875,-0.268807053565979,0.009297072887420654,-0.21075952053070068,0.008074402809143066,-0.18604856729507446
0.0,0.0,-0.06419149041175842,-0.03932470083236694,-0.11156213283538818,-0.12624511122703552,-0.09997892379760742,-0.21598967909812927,-0.05502316355705261,-0.24520590901374817,-0.12248215079307556,-0.2024347484111786,-0.13564324378967285,-0.2789554297924042,-0.10736855864524841,-0.20639759302139282,-0.09588804841041565,-0.17841753363609314,-0.08010539412498474,-0.21713215112686157,-0.08490714430809021,-0.28871890902519226,-0.06403428316116333,-0.20295068621635437,-0.06587237119674683,-0.18657949566841125,-0.038024306297302246,-0.224093496799469,-0.03359586000442505,-0.27964842319488525,-0.023266315460205078,-0.19756174087524414,-0.029791295528411865,-0.18105491995811462,0.0042580366134643555,-0.22296467423439026,0.005795776844024658,-0.2705668807029724,0.009921550750732422,-0.21113330125808716,0.006963670253753662,-0.18911024928092957
0.0,0.0,-0.06475710868835449,-0.04167693853378296,-0.1107875406742096,-0.12541446089744568,-0.09892046451568604,-0.21224462985992432,-0.05463114380836487,-0.24190843105316162,-0.11945018172264099,-0.20310115814208984,-0.13321459293365479,-0.2751799523830414,-0.10693478584289551,-0.20472794771194458,-0.09481203556060791,-0.17673146724700928,-0.07731756567955017,-0.21667376160621643,-0.08211880922317505,-0.2858755588531494,-0.062168657779693604,-0.20216265320777893,-0.06251132488250732,-0.18387559056282043,-0.034792423248291016,-0.22222808003425598,-0.03142207860946655,-0.27630114555358887,-0.02113795280456543,-0.19534608721733093,-0.02614736557006836,-0.17755046486854553,0.007959723472595215,-0.2187204360961914,0.008178353309631348,-0.26605910062789917,0.011358797550201416,-0.20682966709136963,0.008806943893432617,-0.18382582068443298
0.0,0.0,-0.0660979151725769,-0.04341936111450195,-0.11493545770645142,-0.12907114624977112,-0.10299873352050781,-0.21480223536491394,-0.05840286612510681,-0.24322625994682312,-0.12071976065635681,-0.20122206211090088,-0.13673800230026245,-0.27546125650405884,-0.1109548807144165,-0.20477625727653503,-0.09912583231925964,-0.17691731452941895,-0.07943257689476013,-0.21624988317489624,-0.08747535943984985,-0.28695565462112427,-0.06846076250076294,-0.20417797565460205,-0.06708437204360962,-0.18572962284088135,-0.03789550065994263,-0.22286787629127502,-0.037382543087005615,-0.2800641357898712,-0.028538227081298828,-0.20095404982566833,-0.03193634748458862,-0.18294548988342285,0.004489004611968994,-0.2212524712085724,0.0029216408729553223,-0.2682980000972748,0.004619419574737549,-0.21061325073242188,0.0028339624404907227,-0.18739396333694458
0.0,0.0,-0.06646940112113953,-0.04123002290725708,-0.11957499384880066,-0.13199305534362793,-0.10903584957122803,-0.21829497814178467,-0.06360363960266113,-0.24222391843795776,-0.12352389097213745,-0.2047630250453949,-0.14048755168914795,-0.27682730555534363,-0.11476185917854309,-0.20213985443115234,-0.10369804501533508,-0.17920786142349243,-0.08232539892196655,-0.2201107144355774,-0.09130769968032837,-0.28914791345596313,-0.07241147756576538,-0.2020433247089386,-0.07066980004310608,-0.18823537230491638,-0.03999319672584534,-0.22652196884155273,-0.04083442687988281,-0.28221601247787476,-0.030762135982513428,-0.19966056942939758,-0.032290101051330566,-0.18552762269973755,0.0033675432205200195,-0.22500663995742798,-0.0005640387535095215,-0.2741699516773224,0.0021110177040100098,-0.21423941850662231,0.002848029136657715,-0.19239988923072815
0.0,0.0,-0.06624364852905273,-0.04217219352722168,-0.11698228120803833,-0.13056835532188416,-0.10535797476768494,-0.2157016098499298,-0.06012716889381409,-0.23792436718940735,-0.12022945284843445,-0.20033615827560425,-0.13715288043022156,-0.27387499809265137,-0.11334693431854248,-0.19974923133850098,-0.10251066088676453,-0.1745355725288391,-0.07999768853187561,-0.21512359380722046,-0.08968979120254517,-0.28387588262557983,-0.07221633195877075,-0.19801050424575806,-0.07031410932540894,-0.1831052005290985,-0.03845423460006714,-0.22118955850601196,-0.04032933712005615,-0.2772870361804962,-0.03171220421791077,-0.19548553228378296,-0.03345790505409241,-0.17984861135482788,0.0041634440422058105,-0.21924042701721191,-0.0011973977088928223,-0.2678290009498596,0.0002599954605102539,-0.20791271328926086,0.0006259679794311523,-0.18488070368766785
0.0,0.0,-0.06586864590644836,-0.045325398445129395,-0.11608433723449707,-0.13305678963661194,-0.10767099261283875,-0.21844330430030823,-0.06362801790237427,-0.24339863657951355,-0.1198248565196991,-0.2026273012161255,-0.14013782143592834,-0.2777678668498993,-0.11503535509109497,-0.20540010929107666,-0.10227450728416443,-0.18027466535568237,-0.07995808124542236,-0.2177686095237732,-0.09258610010147095,-0.2880840599536896,-0.07368910312652588,-0.2034090757369995,-0.06946134567260742,-0.18729445338249207,-0.038351625204086304,-0.22418314218521118,-0.04335343837738037,-0.28105300664901733,-0.033715903759002686,-0.19947481155395508,-0.0329870879650116,-0.1824975311756134,0.004832446575164795,-0.22276687622070312,-0.003906548023223877,-0.2741330564022064,-0.0022377371788024902,-0.21511203050613403,-0.0003336668014526367,-0.1909182369709015
0.0,0.0,-0.06683856248855591,-0.04764193296432495,-0.11727672815322876,-0.1409115195274353,-0.10437595844268799,-0.2253521978855133,-0.05782994627952576,-0.24444305896759033,-0.11869335174560547,-0.20618027448654175,-0.13839635252952576,-0.28128644824028015,-0.11572122573852539,-0.20698624849319458,-0.10291728377342224,-0.18125495314598083,-0.07869818806648254,-0.22057998180389404,-0.09119373559951782,-0.29285553097724915,-0.07479590177536011,-0.2068081498146057,-0.06906992197036743,-0.19057223200798035,-0.03640606999397278,-0.22585543990135193,-0.04145413637161255,-0.28604820370674133,-0.03445398807525635,-0.2033902406692505,-0.0324857234954834,-0.1857110559940338,0.007389843463897705,-0.2236030399799347,-0.00217282772064209,-0.2768864333629608,-0.0024680495262145996,-0.21721655130386353,0.0005277395248413086,-0.1922731101512909
0.0,0.0,-0.06622618436813354,-0.03999662399291992,-0.11743378639221191,-0.1243496835231781,-0.10959097743034363,-0.21162238717079163,-0.06618273258209229,-0.2382095456123352,-0.1216016411781311,-0.1975472867488861,-0.14147591590881348,-0.27447181940078735,-0.1160663366317749,-0.20290330052375793,-0.1022026538848877,-0.17391878366470337,-0.08128216862678528,-0.21214717626571655,-0.09229505062103271,-0.28345000743865967,-0.0727749764919281,-0.19895440340042114,-0.06949788331985474,-0.17993119359016418,-0.04007008671760559,-0.21900340914726257,-0.04295364022254944,-0.27739718556404114,-0.03275853395462036,-0.19622966647148132,-0.03360480070114136,-0.17663228511810303,0.002577543258666992,-0.21756473183631897,-0.0036574602127075195,-0.2692956030368805,-0.001124739646911621,-0.21091383695602417,-9.870529174804688e-05,-0.18581169843673706
0.0,0.0,-0.06611192226409912,-0.04151374101638794,-0.11593213677406311,-0.12783217430114746,-0.10575535893440247,-0.21293240785598755,-0.06166267395019531,-0.23860010504722595,-0.12139484286308289,-0.20106589794158936,-0.13977280259132385,-0.2771928906440735,-0.11566236615180969,-0.20383208990097046,-0.10233807563781738,-0.17676329612731934,-0.08044162392616272,-0.21463149785995483,-0.09087613224983215,-0.2870219349861145,-0.07389134168624878,-0.20119333267211914,-0.07042932510375977,-0.1845329999923706,-0.03848305344581604,-0.22042444348335266,-0.04125833511352539,-0.27963852882385254,-0.03332597017288208,-0.19713154435157776,-0.03365284204483032,-0.17989251017570496,0.0047470927238464355,-0.2182416021823883,-0.001668095588684082,-0.26970094442367554,-0.0008285641670227051,-0.209964781999588,0.00022429227828979492,-0.18570756912231445
0.0,0.0,-0.06583523750305176,-0.040744006633758545,-0.11726242303848267,-0.12893319129943848,-0.10853412747383118,-0.21631652116775513,-0.0645517110824585,-0.24043256044387817,-0.12206435203552246,-0.1996687650680542,-0.1416429877281189,-0.2760657072067261,-0.11628186702728271,-0.20347058773040771,-0.10263967514038086,-0.17590796947479248,-0.08130812644958496,-0.214989572763443,-0.09234586358070374,-0.287577748298645,-0.07342219352722168,-0.20194318890571594,-0.06926712393760681,-0.18307223916053772,-0.03921949863433838,-0.22169363498687744,-0.04228872060775757,-0.28157299757003784,-0.03292757272720337,-0.1988237202167511,-0.032378971576690674,-0.17925485968589783,0.004239201545715332,-0.2208772599697113,-0.002536475658416748,-0.2722885012626648,-0.0009865760803222656,-0.2129894495010376,0.000775456428527832,-0.18841546773910522
0.0,0.0,-0.06556081771850586,-0.04307687282562256,-0.11609447002410889,-0.13261330127716064,-0.10547459125518799,-0.2196592390537262,-0.05971813201904297,-0.24378108978271484,-0.12069478631019592,-0.2051442563533783,-0.1391219198703766,-0.2790587842464447,-0.11207333207130432,-0.20581656694412231,-0.09852173924446106,-0.18019655346870422,-0.07961791753768921,-0.22037625312805176,-0.08854913711547852,-0.28973811864852905,-0.06964528560638428,-0.20384112000465393,-0.06787434220314026,-0.18827152252197266,-0.037900954484939575,-0.22607207298278809,-0.03807064890861511,-0.2824612557888031,-0.0294111967086792,-0.20030057430267334,-0.031721293926239014,-0.18381595611572266,0.004830896854400635,-0.22411441802978516,0.0026117563247680664,-0.2718304991722107,0.003655552864074707,-0.2122841477394104,0.0026874542236328125,-0.18939656019210815
0.0,0.0,-0.06661766767501831,-0.04268687963485718,-0.11552825570106506,-0.13044914603233337,-0.10198688507080078,-0.2171909511089325,-0.05743202567100525,-0.24488165974617004,-0.11833071708679199,-0.20163795351982117,-0.13700437545776367,-0.27834853529930115,-0.11228623986244202,-0.2051222026348114,-0.09853893518447876,-0.1768275499343872,-0.07717537879943848,-0.2167959213256836,-0.08762839436531067,-0.28998106718063354,-0.06984955072402954,-0.20451077818870544,-0.06577169895172119,-0.18520420789718628,-0.03560301661491394,-0.22319519519805908,-0.03770166635513306,-0.2836800813674927,-0.0295027494430542,-0.2013627290725708,-0.029780447483062744,-0.1819484829902649,0.007081151008605957,-0.22156566381454468,0.0025805234909057617,-0.2730429172515869,0.003256380558013916,-0.21322596073150635,0.0036513209342956543,-0.1884530782699585
0.0,0.0,-0.06834998726844788,-0.04492974281311035,-0.11699134111404419,-0.13636276125907898,-0.10302180051803589,-0.22295519709587097,-0.0593428909778595,-0.24408870935440063,-0.12003815174102783,-0.20209696888923645,-0.13960647583007812,-0.2822887897491455,-0.11591154336929321,-0.20860901474952698,-0.10326385498046875,-0.1781514585018158,-0.07922598719596863,-0.216474711894989,-0.0902775228023529,-0.29107430577278137,-0.07280394434928894,-0.2058267891407013,-0.06913423538208008,-0.18600979447364807,-0.03713187575340271,-0.22264647483825684,-0.040321528911590576,-0.28354331851005554,-0.031992316246032715,-0.20190241932868958,-0.032297730445861816,-0.18189290165901184,0.005932033061981201,-0.22107002139091492,-1.0609626770019531e-05,-0.27465853095054626,0.0005052089691162109,-0.21543848514556885,0.0014467239379882812,-0.18944939970970154
0.0,0.0,-0.06622955203056335,-0.044980406761169434,-0.11384612321853638,-0.13030824065208435,-0.10162857174873352,-0.2169935703277588,-0.05809029936790466,-0.2484630048274994,-0.11791041493415833,-0.20382872223854065,-0.1360151469707489,-0.2814686596393585,-0.11242926120758057,-0.20723000168800354,-0.09937131404876709,-0.17709559202194214,-0.07680949568748474,-0.21882003545761108,-0.08620649576187134,-0.29051917791366577,-0.06905850768089294,-0.20552796125411987,-0.0652710497379303,-0.18605190515518188,-0.03542280197143555,-0.2259390652179718,-0.0371403694152832,-0.28398555517196655,-0.029178380966186523,-0.20259198546409607,-0.02917337417602539,-0.18247219920158386,0.006957828998565674,-0.22494721412658691,0.0022159814834594727,-0.27553391456604004,0.0028519630432128906,-0.21675577759742737,0.0037775039672851562,-0.19184336066246033
0.0,0.0,-0.06352978944778442,-0.04380220174789429,-0.10996857285499573,-0.12553071975708008,-0.09845539927482605,-0.20994403958320618,-0.05273839831352234,-0.24282598495483398,-0.11290150880813599,-0.19957971572875977,-0.13074666261672974,-0.27423468232154846,-0.10792398452758789,-0.20246493816375732,-0.09534001350402832,-0.17399805784225464,-0.07231345772743225,-0.21218186616897583,-0.08171340823173523,-0.2821454703807831,-0.06514951586723328,-0.19919681549072266,-0.06183961033821106,-0.1816321313381195,-0.031609535217285156,-0.216522216796875,-0.0324670672416687,-0.2716243267059326,-0.025406599044799805,-0.19329452514648438,-0.026735901832580566,-0.17605262994766235,0.010002374649047852,-0.2129494547843933,0.007000625133514404,-0.2612166702747345,0.006505429744720459,-0.20408427715301514,0.005532562732696533,-0.18078753352165222
0.0,0.0,-0.0637841522693634,-0.04414844512939453,-0.10819369554519653,-0.12996900081634521,-0.09503030776977539,-0.21485090255737305,-0.05115655064582825,-0.2431095540523529,-0.11376279592514038,-0.20244213938713074,-0.1286351978778839,-0.2770364284515381,-0.10460874438285828,-0.20344462990760803,-0.09444335103034973,-0.17536234855651855,-0.07277774810791016,-0.21445751190185547,-0.07835274934768677,-0.283812940120697,-0.060744911432266235,-0.1992090940475464,-0.06148660182952881,-0.18338370323181152,-0.032052040100097656,-0.21870315074920654,-0.029844939708709717,-0.2730694115161896,-0.02135777473449707,-0.19382044672966003,-0.02587789297103882,-0.1788572072982788,0.008737802505493164,-0.21528905630111694,0.008892953395843506,-0.2593298852443695,0.010492384433746338,-0.20122817158699036,0.008017659187316895,-0.18035933375358582
0.0,0.0,-0.06425261497497559,-0.041595518589019775,-0.1098097562789917,-0.13055112957954407,-0.09447115659713745,-0.21660417318344116,-0.04956018924713135,-0.24258661270141602,-0.11372113227844238,-0.197390615940094,-0.12786144018173218,-0.27493777871131897,-0.10412150621414185,-0.20192179083824158,-0.0937860906124115,-0.1724293828010559,-0.07286220788955688,-0.2108076810836792,-0.0785285234451294,-0.28335750102996826,-0.06107437610626221,-0.19869482517242432,-0.06145179271697998,-0.18109825253486633,-0.03213554620742798,-0.21664026379585266,-0.030050277709960938,-0.2735849618911743,-0.0215761661529541,-0.19280129671096802,-0.0257570743560791,-0.17566931247711182,0.00865703821182251,-0.2149166762828827,0.008510410785675049,-0.2619190812110901,0.010421454906463623,-0.20291799306869507,0.008622407913208008,-0.18061798810958862
0.0,0.0,-0.06440490484237671,-0.046423256397247314,-0.11013135313987732,-0.13612931966781616,-0.09400543570518494,-0.22139841318130493,-0.04680711030960083,-0.24684807658195496,-0.11436793208122253,-0.20228618383407593,-0.12847095727920532,-0.27962782979011536,-0.10331416130065918,-0.20716071128845215,-0.09266841411590576,-0.17647549510002136,-0.07314452528953552,-0.21485519409179688,-0.0784057080745697,-0.28738099336624146,-0.060606926679611206,-0.2040373980998993,-0.06109270453453064,-0.1839992105960846,-0.03227812051773071,-0.21920102834701538,-0.028998136520385742,-0.27592670917510986,-0.021333932876586914,-0.19671866297721863,-0.02621668577194214,-0.1765548288822174,0.008355855941772461,-0.21598052978515625,0.009383022785186768,-0.2626694440841675,0.010336220264434814,-0.2056565284729004,0.0077509284019470215,-0.18232867121696472
0.0,0.0,-0.06393641233444214,-0.03911978006362915,-0.10868614912033081,-0.12690773606300354,-0.09386229515075684,-0.2141493260860443,-0.0503382682800293,-0.242330402135849,-0.11394304037094116,-0.19846820831298828,-0.1264970302581787,-0.27623096108436584,-0.10304966568946838,-0.2021128237247467,-0.09374725818634033,-0.17275482416152954,-0.07288035750389099,-0.21017932891845703,-0.07639086246490479,-0.28260117769241333,-0.06018170714378357,-0.1968972086906433,-0.06231367588043213,-0.18062782287597656,-0.03248894214630127,-0.21505549550056458,-0.0274927020072937,-0.27102360129356384,-0.020198345184326172,-0.18928250670433044,-0.025942325592041016,-0.1730116903781891,0.008280336856842041,-0.21264225244522095,0.011371076107025146,-0.2578740119934082,0.012999236583709717,-0.19833272695541382,0.009909868240356445,-0.17657017707824707
0.0,0.0,-0.06415772438049316,-0.046705007553100586,-0.10714802145957947,-0.13506901264190674,-0.09105166792869568,-0.22054719924926758,-0.04565834999084473,-0.24644562602043152,-0.11117953062057495,-0.20545724034309387,-0.12408202886581421,-0.2816354036331177,-0.10106799006462097,-0.21021834015846252,-0.09019404649734497,-0.1794557273387909,-0.06953904032707214,-0.2168676257133484,-0.07420313358306885,-0.2887965440750122,-0.05806684494018555,-0.2053680419921875,-0.057766497135162354,-0.18570375442504883,-0.02809840440750122,-0.22001129388809204,-0.02499973773956299,-0.27743738889694214,-0.018432974815368652,-0.19729459285736084,-0.022529184818267822,-0.17720550298690796,0.013552963733673096,-0.2150157392024994,0.013202250003814697,-0.26413607597351074,0.01315760612487793,-0.20575934648513794,0.010654866695404053,-0.18167340755462646
0.0,0.0,-0.06250962615013123,-0.04303795099258423,-0.10754308104515076,-0.13112711906433105,-0.09240329265594482,-0.21631312370300293,-0.046864986419677734,-0.23891055583953857,-0.11224380135536194,-0.19818824529647827,-0.12506496906280518,-0.27591490745544434,-0.1028175950050354,-0.20359551906585693,-0.0933428406715393,-0.1735754907131195,-0.0711870789527893,-0.20941007137298584,-0.07638612389564514,-0.2823024094104767,-0.060382843017578125,-0.1988314688205719,-0.06069853901863098,-0.18161863088607788,-0.029810667037963867,-0.21364426612854004,-0.027286827564239502,-0.27178722620010376,-0.020021498203277588,-0.19138038158416748,-0.02421736717224121,-0.17376911640167236,0.011915862560272217,-0.210324227809906,0.011492371559143066,-0.25882548093795776,0.012610316276550293,-0.20015621185302734,0.011022865772247314,-0.17708346247673035
0.0,0.0,-0.06471440196037292,-0.045623779296875,-0.10889139771461487,-0.13667604327201843,-0.09160196781158447,-0.22417747974395752,-0.04486817121505737,-0.247056245803833,-0.11354443430900574,-0.20710521936416626,-0.1263355314731598,-0.28137147426605225,-0.10224378108978271,-0.20915678143501282,-0.0918940007686615,-0.17980238795280457,-0.07165634632110596,-0.21948862075805664,-0.0754418671131134,-0.2893257141113281,-0.057912617921829224,-0.2059561014175415,-0.05846688151359558,-0.18782857060432434,-0.030258536338806152,-0.22296252846717834,-0.025859832763671875,-0.27815163135528564,-0.018616676330566406,-0.1994011104106903,-0.02377849817276001,-0.1814168393611908,0.010735154151916504,-0.2184433937072754,0.012431740760803223,-0.26316601037979126,0.013302147388458252,-0.2060498595237732,0.010536670684814453,-0.18415895104408264
0.0,0.0,-0.06385046243667603,-0.04601240158081055,-0.10969880223274231,-0.13826552033424377,-0.0940520167350769,-0.2255362570285797,-0.04659932851791382,-0.24654382467269897,-0.11439627408981323,-0.2055899202823639,-0.12782180309295654,-0.28204017877578735,-0.10367891192436218,-0.2091233730316162,-0.0933685302734375,-0.1780836284160614,-0.07285362482070923,-0.21771055459976196,-0.07816818356513977,-0.2890356183052063,-0.06043544411659241,-0.2053859531879425,-0.060541778802871704,-0.18632739782333374,-0.03139352798461914,-0.22158604860305786,-0.02854233980178833,-0.27806076407432556,-0.02077239751815796,-0.1987656056880951,-0.025228023529052734,-0.17912393808364868,0.009833991527557373,-0.21783658862113953,0.01007997989654541,-0.2654324769973755,0.011362075805664062,-0.20850247144699097,0.009529173374176025,-0.18495440483093262
0.0,0.0,-0.06447985768318176,-0.04511284828186035,-0.11013644933700562,-0.13611656427383423,-0.09494870901107788,-0.22341951727867126,-0.04844662547111511,-0.24729302525520325,-0.11397552490234375,-0.20476588606834412,-0.12757188081741333,-0.28200432658195496,-0.1022951602935791,-0.2092610001564026,-0.09151148796081543,-0.1772734522819519,-0.07243862748146057,-0.2174103856086731,-0.07790675759315491,-0.28902167081832886,-0.05893030762672424,-0.20565983653068542,-0.05892011523246765,-0.18511104583740234,-0.03102940320968628,-0.2221221923828125,-0.028685152530670166,-0.2791920006275177,-0.01968008279800415,-0.19976848363876343,-0.02405005693435669,-0.17870178818702698,0.010198712348937988,-0.21901297569274902,0.00931471586227417,-0.26829347014427185,0.011647284030914307,-0.21088430285453796,0.00996851921081543,-0.18660995364189148
0.0,0.0,-0.0650128722190857,-0.045029640197753906,-0.11046892404556274,-0.1371285617351532,-0.09262195229530334,-0.22379252314567566,-0.04524761438369751,-0.24509990215301514,-0.11300787329673767,-0.20602986216545105,-0.12651953101158142,-0.28240883350372314,-0.10404255986213684,-0.2100314199924469,-0.09311220049858093,-0.17803329229354858,-0.07170718908309937,-0.21786922216415405,-0.07708665728569031,-0.29033389687538147,-0.061041831970214844,-0.2062780261039734,-0.060478270053863525,-0.18582013249397278,-0.03019338846206665,-0.22153297066688538,-0.027267515659332275,-0.27965429425239563,-0.021079182624816895,-0.19878122210502625,-0.025258243083953857,-0.17780572175979614,0.011583864688873291,-0.2169782817363739,0.010910749435424805,-0.26648446917533875,0.010798096656799316,-0.20754411816596985,0.008774042129516602,-0.18246442079544067
0.0,0.0,-0.06556832790374756,-0.044927239418029785,-0.11141544580459595,-0.134812593460083,-0.09550449252128601,-0.22072076797485352,-0.05057227611541748,-0.24457624554634094,-0.11417990922927856,-0.20512235164642334,-0.12823036313056946,-0.2804887890815735,-0.1044653058052063,-0.20771411061286926,-0.09386268258094788,-0.17757803201675415,-0.07284882664680481,-0.21654435992240906,-0.07879051566123962,-0.28805112838745117,-0.06159844994544983,-0.2038024365901947,-0.06154531240463257,-0.1851651966571808,-0.03132396936416626,-0.22078028321266174,-0.029821932315826416,-0.27848485112190247,-0.021815955638885498,-0.1973242163658142,-0.025501132011413574,-0.17858707904815674,0.010655522346496582,-0.21735957264900208,0.009234964847564697,-0.2673163414001465,0.010714232921600342,-0.20822036266326904,0.009372115135192871,-0.18419966101646423
0.0,0.0,-0.06446990370750427,-0.04090148210525513,-0.11101877689361572,-0.13207551836967468,-0.09437057375907898,-0.21980267763137817,-0.04874935746192932,-0.2425365149974823,-0.11454606056213379,-0.20173925161361694,-0.1286224126815796,-0.2778172194957733,-0.10449358820915222,-0.20517250895500183,-0.09353119134902954,-0.17491430044174194,-0.07319262623786926,-0.2147267758846283,-0.07902446389198303,-0.28667590022087097,-0.06137016415596008,-0.20140928030014038,-0.061285436153411865,-0.18224430084228516,-0.031888484954833984,-0.2198333740234375,-0.02949655055999756,-0.27699899673461914,-0.021111786365509033,-0.19486576318740845,-0.02512449026107788,-0.17591896653175354,0.009905576705932617,-0.21679261326789856,0.009486377239227295,-0.26452648639678955,0.011342167854309082,-0.20471152663230896,0.009754776954650879,-0.18139788508415222
0.0,0.0,-0.06392139196395874,-0.04481232166290283,-0.11021822690963745,-0.13775715231895447,-0.0941615104675293,-0.22423285245895386,-0.0481722354888916,-0.24781185388565063,-0.11480551958084106,-0.20431339740753174,-0.1295267939567566,-0.28287336230278015,-0.10452049970626831,-0.20926791429519653,-0.09384211897850037,-0.1793527901172638,-0.0734231173992157,-0.21732160449028015,-0.07909369468688965,-0.2907044589519501,-0.06079283356666565,-0.20500248670578003,-0.06127232313156128,-0.1864337921142578,-0.03180581331253052,-0.22205889225006104,-0.02975904941558838,-0.28059113025665283,-0.02115398645401001,-0.19917476177215576,-0.025515496730804443,-0.18077686429023743,0.009915351867675781,-0.21963444352149963,0.009176909923553467,-0.2691816985607147,0.010877728462219238,-0.21079367399215698,0.009073913097381592,-0.18759503960609436
0.0,0.0,-0.065143883228302,-0.04658561944961548,-0.1114884614944458,-0.13838213682174683,-0.09543371200561523,-0.22394302487373352,-0.048437535762786865,-0.2469862997531891,-0.1140335202217102,-0.20828145742416382,-0.1281643509864807,-0.2836667001247406,-0.1047232449054718,-0.2108558714389801,-0.09444999694824219,-0.18253907561302185,-0.07233729958534241,-0.2203938066959381,-0.07790178060531616,-0.29188692569732666,-0.06121242046356201,-0.20709332823753357,-0.06119644641876221,-0.1889798939228058,-0.030167818069458008,-0.2242445945739746,-0.02784287929534912,-0.28095945715904236,-0.020688235759735107,-0.20002377033233643,-0.024825692176818848,-0.18188440799713135,0.012103617191314697,-0.2200441062450409,0.010992765426635742,-0.26893919706344604,0.011608302593231201,-0.21021637320518494,0.00983971357345581,-0.18683916330337524
0.0,0.0,-0.06494233012199402,-0.04697984457015991,-0.11129897832870483,-0.13683491945266724,-0.09536325931549072,-0.22199127078056335,-0.04820507764816284,-0.24616995453834534,-0.11462727189064026,-0.20818474888801575,-0.12950849533081055,-0.28420454263687134,-0.10428699851036072,-0.21105274558067322,-0.09257715940475464,-0.18059933185577393,-0.07287293672561646,-0.22051012516021729,-0.07959911227226257,-0.2920626997947693,-0.06161224842071533,-0.20747992396354675,-0.06107068061828613,-0.18780171871185303,-0.031185030937194824,-0.22419139742851257,-0.029838621616363525,-0.28214871883392334,-0.02204155921936035,-0.2012573480606079,-0.025798678398132324,-0.1812189221382141,0.010591566562652588,-0.21924006938934326,0.009607970714569092,-0.267443984746933,0.010084390640258789,-0.20880135893821716,0.007831692695617676,-0.18420910835266113
0.0,0.0,-0.06326985359191895,-0.04590904712677002,-0.10920539498329163,-0.13686838746070862,-0.09421318769454956,-0.22308146953582764,-0.04775029420852661,-0.248536616563797,-0.11313197016716003,-0.2078041434288025,-0.1277713179588318,-0.28470897674560547,-0.10422715544700623,-0.2094613015651703,-0.0930340588092804,-0.1808452606201172,-0.07175442576408386,-0.22049593925476074,-0.07798415422439575,-0.29214128851890564,-0.061879128217697144,-0.20493581891059875,-0.0607835054397583,-0.18869367241859436,-0.03017193078994751,-0.22438237071037292,-0.028261005878448486,-0.28040555119514465,-0.021887123584747314,-0.19839197397232056,-0.024505972862243652,-0.1824861466884613,0.011873185634613037,-0.2204742431640625,0.01064687967300415,-0.26824915409088135,0.010299205780029297,-0.2095390260219574,0.009381234645843506,-0.1877569556236267
0.0,0.0,-0.06449604034423828,-0.04439377784729004,-0.11071702837944031,-0.134990394115448,-0.09553548693656921,-0.22208496928215027,-0.04985678195953369,-0.2452394962310791,-0.11359339952468872,-0.2013164758682251,-0.13009077310562134,-0.28094157576560974,-0.10653749108314514,-0.20887058973312378,-0.09478718042373657,-0.1771029233932495,-0.07224810123443604,-0.2137894332408905,-0.08037763833999634,-0.2882988452911377,-0.06305620074272156,-0.20424500107765198,-0.06112712621688843,-0.18415915966033936,-0.030892550945281982,-0.2188759744167328,-0.03072047233581543,-0.2780051827430725,-0.023029446601867676,-0.19736474752426147,-0.025400638580322266,-0.17752155661582947,0.01096278429031372,-0.216708242893219,0.008438050746917725,-0.26707854866981506,0.00915062427520752,-0.20888933539390564,0.008383989334106445,-0.18453362584114075
0.0,0.0,-0.06495532393455505,-0.04397177696228027,-0.11174359917640686,-0.13529729843139648,-0.09798422455787659,-0.22388070821762085,-0.054395198822021484,-0.24812424182891846,-0.11586141586303711,-0.20618286728858948,-0.13142648339271545,-0.28446274995803833,-0.10595360398292542,-0.21143889427185059,-0.09457960724830627,-0.1807447075843811,-0.07436814904212952,-0.21817228198051453,-0.08079922199249268,-0.29079127311706543,-0.06184202432632446,-0.2057799994945526,-0.06183001399040222,-0.18671777844429016,-0.03249680995941162,-0.22241052985191345,-0.031703293323516846,-0.2796279191970825,-0.02242457866668701,-0.19840672612190247,-0.02617579698562622,-0.1798519790172577,0.009705662727355957,-0.21900349855422974,0.007420778274536133,-0.26966553926467896,0.0099983811378479,-0.2108791470527649,0.009131133556365967,-0.18706190586090088
0.0,0.0,-0.06519541144371033,-0.04735380411148071,-0.1120729148387909,-0.1405840516090393,-0.0966014564037323,-0.22729381918907166,-0.05049854516983032,-0.24871081113815308,-0.11479741334915161,-0.2080112099647522,-0.13087421655654907,-0.28615254163742065,-0.10639706254005432,-0.2119375765323639,-0.09452608227729797,-0.18243002891540527,-0.07319831848144531,-0.22037991881370544,-0.08100077509880066,-0.2935319244861603,-0.06364309787750244,-0.20718157291412354,-0.062030285596847534,-0.18823257088661194,-0.03091740608215332,-0.22458752989768982,-0.03129702806472778,-0.2843054234981537,-0.023743033409118652,-0.20203107595443726,-0.02599930763244629,-0.18276607990264893,0.011779069900512695,-0.2212243676185608,0.00846010446548462,-0.27318283915519714,0.008938908576965332,-0.21420103311538696,0.008578479290008545,-0.18983840942382812
0.0,0.0,-0.06428754329681396,-0.04375737905502319,-0.11037105321884155,-0.1329594850540161,-0.0961097776889801,-0.21951594948768616,-0.05145427584648132,-0.24588820338249207,-0.11553820967674255,-0.2033739984035492,-0.13063058257102966,-0.2816306948661804,-0.10443612933158875,-0.21039921045303345,-0.09163650870323181,-0.1790056824684143,-0.07370838522911072,-0.21645984053611755,-0.08007809519767761,-0.28834068775177,-0.06058245897293091,-0.2039247751235962,-0.05924084782600403,-0.18301263451576233,-0.031834542751312256,-0.22149795293807983,-0.030567586421966553,-0.2783984839916229,-0.02121061086654663,-0.19791263341903687,-0.02415621280670166,-0.17732015252113342,0.010210633277893066,-0.21821355819702148,0.00856083631515503,-0.2679622769355774,0.010745465755462646,-0.21038606762886047,0.009897232055664062,-0.18636447191238403
