0.0,0.0,-0.05069464445114136,-0.06710129976272583,-0.07161122560501099,-0.1478143334388733,-0.066597580909729,-0.221241295337677,-0.055104970932006836,-0.2729406952857971,-0.05641871690750122,-0.1689608097076416,-0.05710405111312866,-0.26679766178131104,-0.05655181407928467,-0.3226012587547302,-0.05647480487823486,-0.366172194480896,-0.014044880867004395,-0.16130614280700684,-0.014888167381286621,-0.26438450813293457,-0.01603609323501587,-0.32120367884635925,-0.018032610416412354,-0.36398327350616455,0.030442416667938232,-0.14339089393615723,0.03531581163406372,-0.24031352996826172,0.03393679857254028,-0.28357213735580444,0.03252565860748291,-0.3106082081794739,0.07493352890014648,-0.11827319860458374,0.08452582359313965,-0.19023406505584717,0.08358657360076904,-0.22173243761062622,0.08234941959381104,-0.24339812994003296
0.0,0.0,-0.056556761264801025,-0.06832116842269897,-0.08753269910812378,-0.17986047267913818,-0.07805931568145752,-0.28680118918418884,-0.05574297904968262,-0.3585151135921478,-0.0918150544166565,-0.27058160305023193,-0.09763365983963013,-0.37616127729415894,-0.07592952251434326,-0.3559470474720001,-0.060202836990356445,-0.3185146450996399,-0.03790867328643799,-0.2676236033439636,-0.02172243595123291,-0.3427448868751526,-0.019754886627197266,-0.2665659189224243,-0.031191110610961914,-0.22821751236915588,0.011524856090545654,-0.2513853907585144,0.030046939849853516,-0.298709511756897,0.018444716930389404,-0.2169971764087677,-0.00011080503463745117,-0.18038246035575867,0.055780112743377686,-0.22723767161369324,0.06885498762130737,-0.2722613215446472,0.05559629201889038,-0.20974111557006836,0.03819757699966431,-0.17476284503936768
0.0,0.0,-0.06161123514175415,-0.07533019781112671,-0.0905027985572815,-0.17731422185897827,-0.08038777112960815,-0.27922219038009644,-0.06209754943847656,-0.3540818989276886,-0.09082019329071045,-0.25669997930526733,-0.09689503908157349,-0.3702836036682129,-0.08378112316131592,-0.3424011468887329,-0.07361292839050293,-0.2915698289871216,-0.04200923442840576,-0.255707323551178,-0.033145248889923096,-0.34121155738830566,-0.027689874172210693,-0.26743853092193604,-0.03063446283340454,-0.1997501254081726,0.004516243934631348,-0.24469253420829773,0.011552989482879639,-0.3005112409591675,0.0071408748626708984,-0.22075825929641724,-0.0011895298957824707,-0.15522891283035278,0.04840528964996338,-0.22718095779418945,0.0486980676651001,-0.2740965485572815,0.04030376672744751,-0.21642857789993286,0.03308570384979248,-0.16767972707748413
0.0,0.0,-0.062487244606018066,-0.08417415618896484,-0.08573466539382935,-0.18069273233413696,-0.08036047220230103,-0.2758931517601013,-0.0702696442604065,-0.34956973791122437,-0.09139984846115112,-0.24271529912948608,-0.10136955976486206,-0.34000077843666077,-0.08546942472457886,-0.33386287093162537,-0.06926989555358887,-0.29904571175575256,-0.04468953609466553,-0.23806995153427124,-0.03625178337097168,-0.3177706003189087,-0.02881556749343872,-0.2520696520805359,-0.03104943037033081,-0.18576514720916748,0.00012123584747314453,-0.22769427299499512,0.009751200675964355,-0.2798371911048889,0.0057718753814697266,-0.20674920082092285,-0.003525674343109131,-0.13924992084503174,0.04160434007644653,-0.21778905391693115,0.043747007846832275,-0.2576292157173157,0.03641730546951294,-0.20296210050582886,0.029965102672576904,-0.1508733630180359
0.0,0.0,-0.06442075967788696,-0.07721388339996338,-0.08712512254714966,-0.1797424554824829,-0.07803863286972046,-0.27725017070770264,-0.06748294830322266,-0.3493727445602417,-0.09299015998840332,-0.24238336086273193,-0.10025113821029663,-0.3423568606376648,-0.07995331287384033,-0.3178667426109314,-0.06319934129714966,-0.26984578371047974,-0.04455012083053589,-0.23971819877624512,-0.03294956684112549,-0.31682175397872925,-0.02484649419784546,-0.2384980320930481,-0.028321802616119385,-0.16883283853530884,-0.0006008148193359375,-0.2268160581588745,0.011321544647216797,-0.2776377201080322,0.006323099136352539,-0.19609403610229492,-0.0030982494354248047,-0.12944269180297852,0.04058074951171875,-0.21068602800369263,0.04746115207672119,-0.2555452585220337,0.03922480344772339,-0.19747084379196167,0.030840039253234863,-0.14735150337219238
0.0,0.0,-0.0647774338722229,-0.07885277271270752,-0.08783483505249023,-0.18053096532821655,-0.07988107204437256,-0.2761967182159424,-0.06853526830673218,-0.3456481099128723,-0.08998239040374756,-0.23929321765899658,-0.09885591268539429,-0.3380243182182312,-0.0802915096282959,-0.31931430101394653,-0.06390249729156494,-0.27586185932159424,-0.04234367609024048,-0.23566663265228271,-0.03310692310333252,-0.31154316663742065,-0.026195168495178223,-0.23710298538208008,-0.029162943363189697,-0.16826999187469482,0.0011360645294189453,-0.2222287654876709,0.011402428150177002,-0.27320438623428345,0.005750894546508789,-0.1935930848121643,-0.0036829710006713867,-0.12643885612487793,0.04236561059951782,-0.2059251070022583,0.04733926057815552,-0.24999266862869263,0.037986159324645996,-0.19334489107131958,0.02917778491973877,-0.14339345693588257
0.0,0.0,-0.06327944993972778,-0.07737851142883301,-0.08645802736282349,-0.18149197101593018,-0.07926535606384277,-0.2804309129714966,-0.07049059867858887,-0.35348832607269287,-0.09143233299255371,-0.24249184131622314,-0.09869980812072754,-0.34262996912002563,-0.07847869396209717,-0.3199673295021057,-0.06151556968688965,-0.2736414670944214,-0.04379606246948242,-0.23911458253860474,-0.03311985731124878,-0.31562885642051697,-0.024890005588531494,-0.2395380735397339,-0.027269721031188965,-0.17042756080627441,-0.0004496574401855469,-0.22613155841827393,0.01053917407989502,-0.2765098214149475,0.005912363529205322,-0.194926917552948,-0.0026396512985229492,-0.12758421897888184,0.04102909564971924,-0.21021759510040283,0.046503663063049316,-0.25451594591140747,0.03826546669006348,-0.19653606414794922,0.03004598617553711,-0.14603346586227417
0.0,0.0,-0.06139737367630005,-0.07325810194015503,-0.08440899848937988,-0.17916983366012573,-0.07625949382781982,-0.27954620122909546,-0.06590956449508667,-0.3521515727043152,-0.09002292156219482,-0.24472886323928833,-0.09719723463058472,-0.34498536586761475,-0.07655662298202515,-0.3241563141345978,-0.05834555625915527,-0.27626901865005493,-0.04157894849777222,-0.24093228578567505,-0.030324935913085938,-0.3175627589225769,-0.02364218235015869,-0.23906230926513672,-0.026512503623962402,-0.16907238960266113,0.002097904682159424,-0.22663897275924683,0.01314312219619751,-0.277113139629364,0.007413268089294434,-0.19306302070617676,-0.00105971097946167,-0.12637948989868164,0.043092191219329834,-0.2073790431022644,0.04886287450790405,-0.25379306077957153,0.04014694690704346,-0.19479089975357056,0.031682729721069336,-0.1448778510093689
0.0,0.0,-0.06505817174911499,-0.0773811936378479,-0.08829736709594727,-0.18278908729553223,-0.07773315906524658,-0.28233981132507324,-0.0643492341041565,-0.3535410761833191,-0.09187483787536621,-0.2421480417251587,-0.100888192653656,-0.3416630029678345,-0.07958489656448364,-0.32757145166397095,-0.05832475423812866,-0.286384642124176,-0.04305219650268555,-0.23883295059204102,-0.030790746212005615,-0.3151860237121582,-0.024525701999664307,-0.23496615886688232,-0.027171850204467773,-0.1647537350654602,0.0008658766746520996,-0.22554749250411987,0.013083815574645996,-0.2758678197860718,0.006250858306884766,-0.19098883867263794,-0.002566993236541748,-0.124350905418396,0.04260861873626709,-0.2086862325668335,0.048827528953552246,-0.2523728013038635,0.039315760135650635,-0.19193261861801147,0.03109443187713623,-0.14287686347961426
0.0,0.0,-0.0640518069267273,-0.07569420337677002,-0.08642852306365967,-0.182470440864563,-0.0755927562713623,-0.2823563814163208,-0.06338512897491455,-0.35392552614212036,-0.08571046590805054,-0.24612468481063843,-0.09371930360794067,-0.34460631012916565,-0.07338947057723999,-0.3275793194770813,-0.05414384603500366,-0.2836664915084839,-0.037455737590789795,-0.24234485626220703,-0.023961246013641357,-0.3179178833961487,-0.01793581247329712,-0.23493385314941406,-0.021061182022094727,-0.1623528003692627,0.005463898181915283,-0.22781246900558472,0.01942765712738037,-0.2776779532432556,0.01214510202407837,-0.19158035516738892,0.0030514001846313477,-0.12398141622543335,0.0459328293800354,-0.20825976133346558,0.05450397729873657,-0.25266218185424805,0.04415392875671387,-0.1925947070121765,0.03422361612319946,-0.143335223197937
0.0,0.0,-0.06529873609542847,-0.07684022188186646,-0.08461761474609375,-0.19090640544891357,-0.07376343011856079,-0.2939032316207886,-0.053495168685913086,-0.35928112268447876,-0.08249819278717041,-0.25225305557250977,-0.08513879776000977,-0.34708189964294434,-0.06322222948074341,-0.3170362114906311,-0.04679596424102783,-0.26870787143707275,-0.034779250621795654,-0.2469746470451355,-0.018025875091552734,-0.3221738338470459,-0.013003051280975342,-0.23931974172592163,-0.019117653369903564,-0.16825217008590698,0.007250547409057617,-0.23164796829223633,0.024913311004638672,-0.2789832353591919,0.015564143657684326,-0.19233977794647217,0.003790616989135742,-0.12617909908294678,0.04756784439086914,-0.21214282512664795,0.05765736103057861,-0.25200045108795166,0.04549217224121094,-0.1892685890197754,0.03412294387817383,-0.14051693677902222
0.0,0.0,-0.06471270322799683,-0.07333719730377197,-0.08577573299407959,-0.18410199880599976,-0.07167667150497437,-0.28592318296432495,-0.051537513732910156,-0.35730627179145813,-0.0809485912322998,-0.2538740038871765,-0.08242547512054443,-0.3517947494983673,-0.06421512365341187,-0.31991100311279297,-0.04978734254837036,-0.267646849155426,-0.03232741355895996,-0.2480173110961914,-0.01897144317626953,-0.32453489303588867,-0.015096545219421387,-0.2413603663444519,-0.0193634033203125,-0.1710662841796875,0.010456204414367676,-0.2313840389251709,0.022636830806732178,-0.2793295979499817,0.013689875602722168,-0.19171005487442017,0.004973948001861572,-0.12643200159072876,0.051959872245788574,-0.20932096242904663,0.05873233079910278,-0.25160449743270874,0.047219932079315186,-0.1887463927268982,0.03870326280593872,-0.1413060426712036
0.0,0.0,-0.06501370668411255,-0.07446205615997314,-0.08815079927444458,-0.1841323971748352,-0.0780898928642273,-0.2859673500061035,-0.06479501724243164,-0.35988539457321167,-0.07929503917694092,-0.25333690643310547,-0.08046317100524902,-0.354436993598938,-0.0651361346244812,-0.3128877282142639,-0.054966628551483154,-0.25676822662353516,-0.03259599208831787,-0.2476494312286377,-0.019590020179748535,-0.32273155450820923,-0.016122937202453613,-0.23634594678878784,-0.019709229469299316,-0.16512584686279297,0.009264707565307617,-0.23142528533935547,0.0226404070854187,-0.2799830436706543,0.013835132122039795,-0.19242453575134277,0.005338490009307861,-0.12628978490829468,0.05041021108627319,-0.21006518602371216,0.05786949396133423,-0.25547611713409424,0.0463222861289978,-0.19393765926361084,0.037417590618133545,-0.14567583799362183
0.0,0.0,-0.0635102391242981,-0.07469570636749268,-0.08449190855026245,-0.18594366312026978,-0.07108604907989502,-0.28700733184814453,-0.05851852893829346,-0.3596419095993042,-0.08147644996643066,-0.2558748722076416,-0.08322441577911377,-0.3557029366493225,-0.06571638584136963,-0.31426072120666504,-0.05342864990234375,-0.2567223906517029,-0.0330963134765625,-0.2507612109184265,-0.021919608116149902,-0.3250209093093872,-0.01689457893371582,-0.23886412382125854,-0.020166516304016113,-0.16794079542160034,0.009902596473693848,-0.23444807529449463,0.02071559429168701,-0.282659649848938,0.013257205486297607,-0.19397085905075073,0.005401968955993652,-0.12730425596237183,0.05189704895019531,-0.21279782056808472,0.056729137897491455,-0.25693994760513306,0.04598402976989746,-0.19385379552841187,0.038182199001312256,-0.1453661322593689
0.0,0.0,-0.06496256589889526,-0.07357454299926758,-0.08884429931640625,-0.18693065643310547,-0.07940053939819336,-0.2898043394088745,-0.06429117918014526,-0.3628172278404236,-0.08511489629745483,-0.25377386808395386,-0.08959305286407471,-0.35399505496025085,-0.07066327333450317,-0.3204956650733948,-0.055838942527770996,-0.26700663566589355,-0.03799712657928467,-0.24910509586334229,-0.025417327880859375,-0.32267528772354126,-0.019799649715423584,-0.23769539594650269,-0.023155391216278076,-0.16857510805130005,0.004560947418212891,-0.2331882119178772,0.017395853996276855,-0.2803000211715698,0.009876132011413574,-0.19137650728225708,0.0008742809295654297,-0.12688905000686646,0.04625546932220459,-0.21237128973007202,0.0536232590675354,-0.25435519218444824,0.04273253679275513,-0.19132524728775024,0.033263206481933594,-0.14459604024887085
0.0,0.0,-0.06302905082702637,-0.07294690608978271,-0.08658069372177124,-0.1851864457130432,-0.07508379220962524,-0.28845512866973877,-0.05972433090209961,-0.3635871410369873,-0.08482307195663452,-0.25406211614608765,-0.08815932273864746,-0.3560800552368164,-0.0699235200881958,-0.32055121660232544,-0.05630898475646973,-0.2659568786621094,-0.03659754991531372,-0.249994158744812,-0.024807453155517578,-0.32537683844566345,-0.019385039806365967,-0.24041813611984253,-0.022589802742004395,-0.1708376407623291,0.006839454174041748,-0.2345457673072815,0.01841634511947632,-0.2826427221298218,0.011214911937713623,-0.19368243217468262,0.002747833728790283,-0.1288512945175171,0.04928481578826904,-0.2144331932067871,0.05511540174484253,-0.2579467296600342,0.045051395893096924,-0.19650328159332275,0.0368838906288147,-0.150712788105011
0.0,0.0,-0.06578874588012695,-0.0738450288772583,-0.08875113725662231,-0.18857377767562866,-0.0779220461845398,-0.2924766540527344,-0.06393933296203613,-0.3665868937969208,-0.08536767959594727,-0.2551904320716858,-0.0895269513130188,-0.35721978545188904,-0.07077997922897339,-0.32163041830062866,-0.05655437707901001,-0.2664845585823059,-0.03785061836242676,-0.2506027817726135,-0.026123046875,-0.32512229681015015,-0.020815670490264893,-0.24166274070739746,-0.02463972568511963,-0.17411047220230103,0.0051850080490112305,-0.23490488529205322,0.01717466115951538,-0.2826712131500244,0.009300827980041504,-0.1951780915260315,0.00022280216217041016,-0.1313837766647339,0.04815828800201416,-0.21576547622680664,0.05393022298812866,-0.2581791281700134,0.04280710220336914,-0.19537842273712158,0.03447848558425903,-0.14837253093719482
0.0,0.0,-0.06561726331710815,-0.07376515865325928,-0.0916982889175415,-0.19161254167556763,-0.08322465419769287,-0.29548126459121704,-0.06452959775924683,-0.36835408210754395,-0.08713275194168091,-0.255862295627594,-0.08934104442596436,-0.35864150524139404,-0.07005316019058228,-0.32576483488082886,-0.056490421295166016,-0.27312707901000977,-0.04053914546966553,-0.25167012214660645,-0.0275384783744812,-0.3249585032463074,-0.020852267742156982,-0.24196487665176392,-0.025064945220947266,-0.172726571559906,0.001772761344909668,-0.235903799533844,0.015318810939788818,-0.2834728956222534,0.00937122106552124,-0.19580888748168945,-0.0003542304039001465,-0.1312084197998047,0.043829917907714844,-0.21556860208511353,0.0531122088432312,-0.2581326961517334,0.043066561222076416,-0.1969393491744995,0.032779157161712646,-0.1510811448097229
0.0,0.0,-0.06626725196838379,-0.07241666316986084,-0.09222877025604248,-0.1880294680595398,-0.08132660388946533,-0.2908863425254822,-0.06205129623413086,-0.36291563510894775,-0.08612746000289917,-0.25381314754486084,-0.09044528007507324,-0.3562246859073639,-0.0723617672920227,-0.3232729434967041,-0.05791598558425903,-0.26963740587234497,-0.039154648780822754,-0.24955612421035767,-0.027369558811187744,-0.3244200348854065,-0.022350430488586426,-0.2402646541595459,-0.02559596300125122,-0.17193317413330078,0.0034011006355285645,-0.2333044409751892,0.015874266624450684,-0.28310298919677734,0.00800776481628418,-0.19348740577697754,-0.0010378360748291016,-0.12895166873931885,0.04570603370666504,-0.2109454870223999,0.05331778526306152,-0.2553284168243408,0.041787803173065186,-0.19286185503005981,0.0316806435585022,-0.14670312404632568
0.0,0.0,-0.06711560487747192,-0.07253742218017578,-0.09187614917755127,-0.1855594515800476,-0.0752522349357605,-0.2860155701637268,-0.05555713176727295,-0.35596606135368347,-0.08708912134170532,-0.25094521045684814,-0.09242892265319824,-0.3530416488647461,-0.07543081045150757,-0.32414716482162476,-0.06046634912490845,-0.27286654710769653,-0.03834235668182373,-0.24792331457138062,-0.0276033878326416,-0.323495477437973,-0.022614479064941406,-0.2417001724243164,-0.026340365409851074,-0.1736452579498291,0.004989147186279297,-0.23300540447235107,0.01619821786880493,-0.2826348543167114,0.009582340717315674,-0.19529372453689575,0.0015235543251037598,-0.1317107081413269,0.047869980335235596,-0.2119174599647522,0.054442405700683594,-0.2583591938018799,0.044789791107177734,-0.1968962550163269,0.03691595792770386,-0.15052896738052368
0.0,0.0,-0.06446689367294312,-0.07310241460800171,-0.08791452646255493,-0.18754416704177856,-0.07559078931808472,-0.2878020405769348,-0.05785161256790161,-0.358035683631897,-0.08681356906890869,-0.253761887550354,-0.09143167734146118,-0.35746118426322937,-0.0731000304222107,-0.31854337453842163,-0.060781896114349365,-0.26255303621292114,-0.040565311908721924,-0.2494930624961853,-0.029837846755981445,-0.3239084482192993,-0.022817909717559814,-0.24329477548599243,-0.026606738567352295,-0.1753140687942505,0.0022076964378356934,-0.23413389921188354,0.013396263122558594,-0.2826945185661316,0.007918596267700195,-0.1961323618888855,-0.001730203628540039,-0.1311434507369995,0.043734967708587646,-0.21358215808868408,0.05045461654663086,-0.26024770736694336,0.041165828704833984,-0.1992601752281189,0.03137129545211792,-0.15070366859436035
0.0,0.0,-0.06545555591583252,-0.07404649257659912,-0.09008491039276123,-0.18771356344223022,-0.07487207651138306,-0.28844183683395386,-0.054677486419677734,-0.3601568639278412,-0.08985710144042969,-0.25651025772094727,-0.09493112564086914,-0.36247891187667847,-0.08021050691604614,-0.3214946985244751,-0.06928783655166626,-0.266554594039917,-0.04227989912033081,-0.25204944610595703,-0.0331692099571228,-0.3270310163497925,-0.0281221866607666,-0.24370795488357544,-0.031001746654510498,-0.17630040645599365,0.0023261308670043945,-0.23631083965301514,0.010747730731964111,-0.2896499037742615,0.004982113838195801,-0.2004528045654297,-0.00301438570022583,-0.13546359539031982,0.045587897300720215,-0.21385693550109863,0.04870498180389404,-0.26350075006484985,0.038197875022888184,-0.20095324516296387,0.029648005962371826,-0.15335381031036377
0.0,0.0,-0.06784933805465698,-0.07297271490097046,-0.094748854637146,-0.1884462833404541,-0.07925635576248169,-0.289237380027771,-0.05944561958312988,-0.3592504858970642,-0.09398692846298218,-0.25372397899627686,-0.09981173276901245,-0.35792386531829834,-0.0847940444946289,-0.32479411363601685,-0.07189136743545532,-0.2722635269165039,-0.045826256275177,-0.2506462335586548,-0.037245869636535645,-0.32610201835632324,-0.0313686728477478,-0.243233323097229,-0.03359276056289673,-0.17698824405670166,-0.0014586448669433594,-0.23635023832321167,0.007123708724975586,-0.2888086438179016,0.0020095109939575195,-0.2002282738685608,-0.005474388599395752,-0.1372508406639099,0.04256647825241089,-0.21664661169052124,0.046222150325775146,-0.26495808362960815,0.03784066438674927,-0.2034759521484375,0.030788958072662354,-0.15799164772033691
0.0,0.0,-0.06730741262435913,-0.06829458475112915,-0.094981849193573,-0.1838376522064209,-0.07769113779067993,-0.28349316120147705,-0.056583940982818604,-0.35349035263061523,-0.09394371509552002,-0.250670850276947,-0.10106468200683594,-0.35530173778533936,-0.08472263813018799,-0.32012495398521423,-0.06994974613189697,-0.2651291489601135,-0.044632673263549805,-0.24872756004333496,-0.03755587339401245,-0.3241817355155945,-0.031112849712371826,-0.23806166648864746,-0.03197216987609863,-0.16978240013122559,0.0003929734230041504,-0.2342810034751892,0.0074503421783447266,-0.2855875492095947,0.003063678741455078,-0.1943712830543518,-0.0034703612327575684,-0.1301048994064331,0.04429972171783447,-0.21352273225784302,0.047634780406951904,-0.25949013233184814,0.03862261772155762,-0.1973116397857666,0.031110942363739014,-0.15283292531967163
0.0,0.0,-0.06993687152862549,-0.0695960521697998,-0.09641444683074951,-0.18770909309387207,-0.07971632480621338,-0.28860801458358765,-0.05799978971481323,-0.35685524344444275,-0.09255117177963257,-0.2524741291999817,-0.09947937726974487,-0.35785728693008423,-0.0848119854927063,-0.3196152150630951,-0.07269084453582764,-0.2654341459274292,-0.045315682888031006,-0.24971359968185425,-0.036723971366882324,-0.3240535259246826,-0.03182339668273926,-0.23994630575180054,-0.034868061542510986,-0.17309117317199707,-0.0010292530059814453,-0.23518067598342896,0.007621407508850098,-0.2871481776237488,0.0018419623374938965,-0.19552069902420044,-0.006150364875793457,-0.13128656148910522,0.04269731044769287,-0.21413415670394897,0.04551231861114502,-0.2614118456840515,0.035691916942596436,-0.19689953327178955,0.02836829423904419,-0.1507328748703003
0.0,0.0,-0.06637042760848999,-0.06714880466461182,-0.09260040521621704,-0.18601900339126587,-0.07742470502853394,-0.2876315116882324,-0.05769854784011841,-0.35824063420295715,-0.09292411804199219,-0.2550317049026489,-0.09901130199432373,-0.364234983921051,-0.08363479375839233,-0.32527366280555725,-0.07213008403778076,-0.26821088790893555,-0.045340538024902344,-0.2528578042984009,-0.0364232063293457,-0.3262290060520172,-0.030963778495788574,-0.24063390493392944,-0.034106671810150146,-0.17421329021453857,-0.0006709694862365723,-0.23819845914840698,0.00810319185256958,-0.2912895083427429,0.0026354193687438965,-0.20144426822662354,-0.005688726902008057,-0.13842159509658813,0.04269301891326904,-0.21783965826034546,0.04710584878921509,-0.2679474949836731,0.03714627027511597,-0.2072100043296814,0.028550028800964355,-0.16271191835403442
0.0,0.0,-0.06795299053192139,-0.06274217367172241,-0.09660327434539795,-0.18074768781661987,-0.08091694116592407,-0.2817192077636719,-0.05857586860656738,-0.3505454659461975,-0.09400981664657593,-0.24784594774246216,-0.10277578234672546,-0.35343021154403687,-0.08655679225921631,-0.325397253036499,-0.07091295719146729,-0.2710444927215576,-0.04635387659072876,-0.24641203880310059,-0.03898954391479492,-0.32156902551651,-0.03246229887008667,-0.23931026458740234,-0.03399127721786499,-0.17061203718185425,-0.0018205046653747559,-0.23243266344070435,0.006011009216308594,-0.2856992483139038,0.0018725991249084473,-0.19591397047042847,-0.004835665225982666,-0.13067299127578735,0.04194599390029907,-0.21196746826171875,0.04368996620178223,-0.2583043575286865,0.035837650299072266,-0.1960587501525879,0.03019767999649048,-0.15026408433914185
0.0,0.0,-0.06643229722976685,-0.06648200750350952,-0.09497720003128052,-0.18429458141326904,-0.07901883125305176,-0.2847004532814026,-0.05690580606460571,-0.3539435863494873,-0.09359925985336304,-0.24756526947021484,-0.10326823592185974,-0.352135568857193,-0.0861859917640686,-0.32483890652656555,-0.06851553916931152,-0.27257204055786133,-0.04537564516067505,-0.2462296485900879,-0.03681623935699463,-0.3203592300415039,-0.030926287174224854,-0.23593688011169434,-0.032822489738464355,-0.16905391216278076,-0.0007531642913818359,-0.2323528528213501,0.00808495283126831,-0.2845996022224426,0.003011465072631836,-0.19385063648223877,-0.003964483737945557,-0.13056111335754395,0.042991816997528076,-0.2120996117591858,0.04688304662704468,-0.2585609555244446,0.03797870874404907,-0.1959289312362671,0.031514525413513184,-0.15151381492614746
0.0,0.0,-0.06785368919372559,-0.06691378355026245,-0.09430795907974243,-0.18552851676940918,-0.07729870080947876,-0.2854198217391968,-0.057720959186553955,-0.35439425706863403,-0.09308528900146484,-0.2496103048324585,-0.10173642635345459,-0.35597169399261475,-0.08543902635574341,-0.32285794615745544,-0.07054919004440308,-0.2693479657173157,-0.04544168710708618,-0.24709481000900269,-0.03662729263305664,-0.3208114206790924,-0.031093478202819824,-0.23584896326065063,-0.03358268737792969,-0.16925054788589478,-0.0014972686767578125,-0.2322099208831787,0.007362425327301025,-0.28368300199508667,0.0021309256553649902,-0.19337022304534912,-0.005142807960510254,-0.13104206323623657,0.0417214035987854,-0.21159052848815918,0.04510617256164551,-0.2580376863479614,0.035755693912506104,-0.19573652744293213,0.02910059690475464,-0.15230625867843628
0.0,0.0,-0.06747609376907349,-0.06775867938995361,-0.09386336803436279,-0.18255621194839478,-0.07865661382675171,-0.2809426188468933,-0.0597153902053833,-0.34949588775634766,-0.09252333641052246,-0.24567604064941406,-0.1014816164970398,-0.3490601181983948,-0.0844651460647583,-0.3162502646446228,-0.06923377513885498,-0.26319313049316406,-0.0453721284866333,-0.24360907077789307,-0.03774666786193848,-0.31741613149642944,-0.03205627202987671,-0.2354169487953186,-0.03389918804168701,-0.1688692569732666,-0.0017920732498168945,-0.2286299467086792,0.006345152854919434,-0.27970409393310547,0.0010371208190917969,-0.19133210182189941,-0.005249679088592529,-0.12810677289962769,0.041702091693878174,-0.20710372924804688,0.04443490505218506,-0.25482630729675293,0.03529709577560425,-0.19434314966201782,0.029105067253112793,-0.1500186324119568
0.0,0.0,-0.06807070970535278,-0.06632822751998901,-0.09606349468231201,-0.18314099311828613,-0.07884037494659424,-0.2805066704750061,-0.0555955171585083,-0.3481426239013672,-0.0916178822517395,-0.2462092638015747,-0.10121491551399231,-0.34874916076660156,-0.0840272307395935,-0.3187420666217804,-0.06730633974075317,-0.2643420100212097,-0.04446005821228027,-0.24410808086395264,-0.03607457876205444,-0.3162614107131958,-0.02973496913909912,-0.2322404980659485,-0.030794143676757812,-0.16510874032974243,-0.0008560419082641602,-0.22968155145645142,0.009255588054656982,-0.27872711420059204,0.0037105679512023926,-0.18877142667770386,-0.003560781478881836,-0.1258412003517151,0.04204714298248291,-0.20932328701019287,0.04663729667663574,-0.2544381022453308,0.0372624397277832,-0.1921328902244568,0.029960930347442627,-0.14782309532165527
0.0,0.0,-0.06901955604553223,-0.06659811735153198,-0.09892308712005615,-0.18350070714950562,-0.08462798595428467,-0.2855597734451294,-0.06296128034591675,-0.356403648853302,-0.09704244136810303,-0.24843287467956543,-0.10693097114562988,-0.35545283555984497,-0.09156352281570435,-0.32006752490997314,-0.07703220844268799,-0.26578497886657715,-0.04926884174346924,-0.246911883354187,-0.04215872287750244,-0.3216888904571533,-0.0352056622505188,-0.2357422113418579,-0.03579074144363403,-0.16769248247146606,-0.005164146423339844,-0.23328757286071777,0.00386655330657959,-0.2850189208984375,-0.00036513805389404297,-0.1932505965232849,-0.006685197353363037,-0.12841826677322388,0.03909718990325928,-0.21411895751953125,0.042533278465270996,-0.26027101278305054,0.03406929969787598,-0.1966097354888916,0.02772897481918335,-0.15111202001571655
0.0,0.0,-0.06901353597640991,-0.06543892621994019,-0.09751719236373901,-0.18166816234588623,-0.08402901887893677,-0.2840806841850281,-0.06850546598434448,-0.3572930097579956,-0.09735053777694702,-0.24823546409606934,-0.1073954701423645,-0.35430586338043213,-0.09064596891403198,-0.31803667545318604,-0.07633572816848755,-0.2611750364303589,-0.04865974187850952,-0.24676865339279175,-0.04210472106933594,-0.3210722804069519,-0.03476792573928833,-0.23782962560653687,-0.035623013973236084,-0.16701412200927734,-0.003252387046813965,-0.2332592010498047,0.003161489963531494,-0.28272897005081177,-0.0010561943054199219,-0.19349128007888794,-0.008019328117370605,-0.12718456983566284,0.04098367691040039,-0.2142450213432312,0.041544556617736816,-0.2590862512588501,0.03300786018371582,-0.19683223962783813,0.026752233505249023,-0.15005290508270264
0.0,0.0,-0.06982070207595825,-0.06596928834915161,-0.09969186782836914,-0.184492826461792,-0.08596247434616089,-0.2870454788208008,-0.06759142875671387,-0.35810208320617676,-0.09998160600662231,-0.24860703945159912,-0.11036461591720581,-0.3540225923061371,-0.09315633773803711,-0.32267528772354126,-0.07599049806594849,-0.2687445878982544,-0.05132776498794556,-0.2470051646232605,-0.04311835765838623,-0.3198040723800659,-0.03527563810348511,-0.23390251398086548,-0.03535181283950806,-0.16456443071365356,-0.006213486194610596,-0.23302018642425537,0.002496182918548584,-0.28454238176345825,-0.001165628433227539,-0.19246411323547363,-0.00724107027053833,-0.12721014022827148,0.03861647844314575,-0.21397650241851807,0.04189997911453247,-0.25902259349823,0.03398430347442627,-0.19550031423568726,0.0284155011177063,-0.15077465772628784
0.0,0.0,-0.06961876153945923,-0.06305438280105591,-0.10021853446960449,-0.1822054386138916,-0.08851385116577148,-0.2862017750740051,-0.07109898328781128,-0.35992032289505005,-0.09965664148330688,-0.24864202737808228,-0.10874560475349426,-0.3549114465713501,-0.09079217910766602,-0.3217339515686035,-0.07448196411132812,-0.2633945941925049,-0.051140785217285156,-0.24785572290420532,-0.04274779558181763,-0.32115840911865234,-0.03513753414154053,-0.23565298318862915,-0.03515714406967163,-0.16429847478866577,-0.005741596221923828,-0.23416286706924438,0.0039460062980651855,-0.28371500968933105,-0.000368654727935791,-0.19327771663665771,-0.006663799285888672,-0.12699919939041138,0.039245545864105225,-0.21507340669631958,0.042860209941864014,-0.2586919069290161,0.03433769941329956,-0.19734835624694824,0.028128087520599365,-0.15215617418289185
0.0,0.0,-0.06924790143966675,-0.06506949663162231,-0.09854400157928467,-0.18329226970672607,-0.08520299196243286,-0.286176860332489,-0.06932592391967773,-0.3598015010356903,-0.09893983602523804,-0.24834871292114258,-0.10947766900062561,-0.3542324900627136,-0.09319543838500977,-0.32117700576782227,-0.07769083976745605,-0.2646946907043457,-0.05051088333129883,-0.24716705083847046,-0.04331141710281372,-0.3208380937576294,-0.03508353233337402,-0.23589158058166504,-0.03404265642166138,-0.16397839784622192,-0.005076289176940918,-0.23368996381759644,0.002953469753265381,-0.2826114296913147,-0.0003962516784667969,-0.1917775273323059,-0.006016373634338379,-0.12490737438201904,0.03970754146575928,-0.21574735641479492,0.04149383306503296,-0.25896841287612915,0.033863723278045654,-0.19744831323623657,0.028750836849212646,-0.15201455354690552
0.0,0.0,-0.06856518983840942,-0.06538379192352295,-0.09865224361419678,-0.18614524602890015,-0.0889081358909607,-0.28970301151275635,-0.0743822455406189,-0.36302340030670166,-0.0983152687549591,-0.25008058547973633,-0.10786741971969604,-0.35579705238342285,-0.09175384044647217,-0.3242337107658386,-0.07623136043548584,-0.2682020664215088,-0.04997676610946655,-0.2482011914253235,-0.04288703203201294,-0.3218558430671692,-0.03509169816970825,-0.23596036434173584,-0.03343331813812256,-0.16475802659988403,-0.0046961307525634766,-0.23411214351654053,0.004433989524841309,-0.28383195400238037,0.00033485889434814453,-0.19253110885620117,-0.005222916603088379,-0.12654262781143188,0.04042685031890869,-0.21525484323501587,0.043841004371643066,-0.25828707218170166,0.03477972745895386,-0.19591456651687622,0.02865809202194214,-0.15120762586593628
0.0,0.0,-0.07230442762374878,-0.06590056419372559,-0.10155624151229858,-0.1841166615486145,-0.08597642183303833,-0.288702130317688,-0.06789165735244751,-0.3619915246963501,-0.10019493103027344,-0.2489628791809082,-0.11164331436157227,-0.3587251603603363,-0.09472835063934326,-0.31949520111083984,-0.07907748222351074,-0.2637817859649658,-0.051913321018218994,-0.2472773790359497,-0.044587910175323486,-0.32342857122421265,-0.03836148977279663,-0.2368934154510498,-0.03908991813659668,-0.16621720790863037,-0.007247626781463623,-0.23295539617538452,0.000549018383026123,-0.2855681777000427,-0.004420638084411621,-0.19261926412582397,-0.010758757591247559,-0.12628906965255737,0.03806626796722412,-0.21409887075424194,0.03952878713607788,-0.2608381509780884,0.029770195484161377,-0.19703495502471924,0.023617029190063477,-0.1507396697998047
0.0,0.0,-0.06996291875839233,-0.0641290545463562,-0.09940469264984131,-0.18463951349258423,-0.08592104911804199,-0.28930044174194336,-0.07142090797424316,-0.3635191321372986,-0.10200008749961853,-0.25003546476364136,-0.11299428343772888,-0.3595453202724457,-0.09479022026062012,-0.3234224319458008,-0.07791751623153687,-0.2657647132873535,-0.053344011306762695,-0.24911624193191528,-0.0459744930267334,-0.3245360851287842,-0.03676420450210571,-0.23561382293701172,-0.03555142879486084,-0.16339659690856934,-0.008044004440307617,-0.23575031757354736,0.0008066296577453613,-0.28642064332962036,-0.0024206042289733887,-0.1921156644821167,-0.008348822593688965,-0.12512332201004028,0.037196457386016846,-0.21828609704971313,0.04009658098220825,-0.26261430978775024,0.03186821937561035,-0.19858288764953613,0.02561432123184204,-0.15280073881149292
0.0,0.0,-0.06997674703598022,-0.06512576341629028,-0.09997618198394775,-0.18506038188934326,-0.08821696043014526,-0.289528489112854,-0.07307159900665283,-0.3633921146392822,-0.09662169218063354,-0.25025999546051025,-0.10656875371932983,-0.35686689615249634,-0.09040802717208862,-0.3227447271347046,-0.07508420944213867,-0.2659723162651062,-0.04828619956970215,-0.2484768033027649,-0.042080581188201904,-0.32216519117355347,-0.03554213047027588,-0.23600000143051147,-0.03538256883621216,-0.1639249324798584,-0.0033749938011169434,-0.23397386074066162,0.0038672685623168945,-0.28475916385650635,-0.001208961009979248,-0.1916833519935608,-0.007636964321136475,-0.12371516227722168,0.04184067249298096,-0.21459579467773438,0.04351842403411865,-0.2592219114303589,0.033915817737579346,-0.19633054733276367,0.027267813682556152,-0.14982187747955322
0.0,0.0,-0.07108134031295776,-0.06547403335571289,-0.10164821147918701,-0.18664544820785522,-0.08847051858901978,-0.2905460596084595,-0.07084614038467407,-0.363363116979599,-0.09934505820274353,-0.25085723400115967,-0.10988801717758179,-0.3581729531288147,-0.09327352046966553,-0.3249075412750244,-0.07730752229690552,-0.2681840658187866,-0.05047327280044556,-0.24912124872207642,-0.043144404888153076,-0.32371753454208374,-0.036494433879852295,-0.23778700828552246,-0.03677177429199219,-0.1661851406097412,-0.005039811134338379,-0.2353513240814209,0.003252267837524414,-0.2857277989387512,-0.0015516281127929688,-0.19357633590698242,-0.008146703243255615,-0.12634271383285522,0.039936363697052,-0.21696680784225464,0.042097389698028564,-0.2612990736961365,0.033496975898742676,-0.19838160276412964,0.02767479419708252,-0.1521396040916443
0.0,0.0,-0.07050073146820068,-0.06419938802719116,-0.10162431001663208,-0.18421393632888794,-0.09007900953292847,-0.2885777950286865,-0.07299268245697021,-0.3623691499233246,-0.09957391023635864,-0.2501501441001892,-0.11091262102127075,-0.3568667769432068,-0.09383207559585571,-0.3228647708892822,-0.07706201076507568,-0.26677608489990234,-0.051077842712402344,-0.24950450658798218,-0.04423379898071289,-0.32376009225845337,-0.03823786973953247,-0.23610877990722656,-0.03833127021789551,-0.16608911752700806,-0.00633317232131958,-0.23582375049591064,0.002103567123413086,-0.2869247794151306,-0.00366818904876709,-0.19322454929351807,-0.009450316429138184,-0.12700265645980835,0.039071857929229736,-0.21726864576339722,0.042067766189575195,-0.26092642545700073,0.03174781799316406,-0.19729411602020264,0.02539163827896118,-0.15281611680984497
0.0,0.0,-0.07117360830307007,-0.06205451488494873,-0.10148423910140991,-0.18340390920639038,-0.08752238750457764,-0.28808343410491943,-0.07007300853729248,-0.3613382577896118,-0.10063934326171875,-0.24957036972045898,-0.11192119121551514,-0.35758161544799805,-0.09462565183639526,-0.3245081305503845,-0.07793575525283813,-0.2679116129875183,-0.05152773857116699,-0.24909943342208862,-0.044464290142059326,-0.32490038871765137,-0.036651551723480225,-0.23701679706573486,-0.03643012046813965,-0.16461211442947388,-0.006258666515350342,-0.23634624481201172,0.0019404292106628418,-0.28519976139068604,-0.0020585060119628906,-0.19054853916168213,-0.008437395095825195,-0.12303060293197632,0.03841960430145264,-0.21904891729354858,0.040652334690093994,-0.2601742744445801,0.032141268253326416,-0.19503390789031982,0.025784850120544434,-0.14935654401779175
0.0,0.0,-0.07153522968292236,-0.06463068723678589,-0.10190010070800781,-0.1829431653022766,-0.08760625123977661,-0.2869274616241455,-0.07016068696975708,-0.3599092364311218,-0.09899395704269409,-0.2503225803375244,-0.1112436056137085,-0.3567016124725342,-0.0941954255104065,-0.322556734085083,-0.07751554250717163,-0.266690194606781,-0.04999697208404541,-0.24974822998046875,-0.04603934288024902,-0.3252972960472107,-0.03961688280105591,-0.23854780197143555,-0.038922786712646484,-0.16650545597076416,-0.004849433898925781,-0.2374112606048584,-0.00038999319076538086,-0.2872048020362854,-0.005235075950622559,-0.19271636009216309,-0.01020878553390503,-0.12422192096710205,0.039958953857421875,-0.22043836116790771,0.038583993911743164,-0.26029592752456665,0.029690027236938477,-0.19619566202163696,0.02543056011199951,-0.15112149715423584
0.0,0.0,-0.07038545608520508,-0.0654296875,-0.10019069910049438,-0.18798333406448364,-0.0893857479095459,-0.29367387294769287,-0.07608872652053833,-0.3690691590309143,-0.10020005702972412,-0.2520957589149475,-0.11159604787826538,-0.35932642221450806,-0.09394305944442749,-0.3253934979438782,-0.07666534185409546,-0.2683004140853882,-0.051324427127838135,-0.2511327862739563,-0.04556983709335327,-0.3274286985397339,-0.03740435838699341,-0.23935145139694214,-0.035926759243011475,-0.16798508167266846,-0.005974113941192627,-0.23717647790908813,0.0004960894584655762,-0.29048001766204834,-0.003773927688598633,-0.19554919004440308,-0.008728861808776855,-0.1275804042816162,0.040148019790649414,-0.2195025086402893,0.04063880443572998,-0.2642103433609009,0.031210482120513916,-0.19989436864852905,0.02565741539001465,-0.15365171432495117
0.0,0.0,-0.06996142864227295,-0.06297749280929565,-0.1011534035205841,-0.18624985218048096,-0.08944857120513916,-0.29250389337539673,-0.07477110624313354,-0.3680190443992615,-0.10147026181221008,-0.2539212703704834,-0.11200881004333496,-0.3617897927761078,-0.09543764591217041,-0.33091962337493896,-0.07890051603317261,-0.2747507095336914,-0.05221235752105713,-0.2526046633720398,-0.04482698440551758,-0.3286840319633484,-0.03774839639663696,-0.2407245635986328,-0.03711962699890137,-0.1682056188583374,-0.006627976894378662,-0.23831844329833984,0.002142488956451416,-0.2893097400665283,-0.002759277820587158,-0.19543671607971191,-0.008874952793121338,-0.12834519147872925,0.03885543346405029,-0.2193526029586792,0.04169076681137085,-0.26455652713775635,0.03229975700378418,-0.20142030715942383,0.025920331478118896,-0.15610241889953613
0.0,0.0,-0.0699160099029541,-0.06310766935348511,-0.10092121362686157,-0.1860032081604004,-0.08653753995895386,-0.2905932068824768,-0.06820076704025269,-0.3645072877407074,-0.09902912378311157,-0.2526998519897461,-0.11068543791770935,-0.3616688847541809,-0.09345638751983643,-0.3254167437553406,-0.07684707641601562,-0.2672223448753357,-0.05027419328689575,-0.25215786695480347,-0.04381364583969116,-0.32655787467956543,-0.036689698696136475,-0.23785072565078735,-0.03591066598892212,-0.16580802202224731,-0.004909873008728027,-0.2386721968650818,0.0018469691276550293,-0.28759950399398804,-0.0027276277542114258,-0.19331789016723633,-0.007758438587188721,-0.1259859800338745,0.040524959564208984,-0.22018057107925415,0.041400253772735596,-0.2633666396141052,0.032776713371276855,-0.20062029361724854,0.028251171112060547,-0.1564273238182068
0.0,0.0,-0.06850957870483398,-0.06295418739318848,-0.09949100017547607,-0.18345075845718384,-0.08732175827026367,-0.2886020541191101,-0.07032054662704468,-0.36352407932281494,-0.0983918309211731,-0.25155383348464966,-0.10891562700271606,-0.35921764373779297,-0.09300637245178223,-0.3247886896133423,-0.07723116874694824,-0.26783478260040283,-0.049426913261413574,-0.2505189776420593,-0.04309612512588501,-0.32478755712509155,-0.03710770606994629,-0.23743104934692383,-0.03694796562194824,-0.16631829738616943,-0.0038806796073913574,-0.23658961057662964,0.0031533241271972656,-0.2870575785636902,-0.0025281310081481934,-0.1937742829322815,-0.008901417255401611,-0.1265658140182495,0.04143381118774414,-0.21722668409347534,0.042533934116363525,-0.26055002212524414,0.03202855587005615,-0.1964794397354126,0.025104105472564697,-0.15023589134216309
0.0,0.0,-0.07009679079055786,-0.06372272968292236,-0.10078901052474976,-0.18378746509552002,-0.08896291255950928,-0.2895727753639221,-0.0732308030128479,-0.36483198404312134,-0.10035353899002075,-0.25268954038619995,-0.11070448160171509,-0.3614738881587982,-0.09345614910125732,-0.32769775390625,-0.07682985067367554,-0.27004289627075195,-0.05184894800186157,-0.2514699101448059,-0.043382883071899414,-0.326633095741272,-0.0357053279876709,-0.23829585313796997,-0.03557008504867554,-0.1677412986755371,-0.006702840328216553,-0.23783737421035767,0.0033930540084838867,-0.28843432664871216,-0.0014680027961730957,-0.19455945491790771,-0.008226454257965088,-0.12803399562835693,0.038520216941833496,-0.21914291381835938,0.042228877544403076,-0.2645014524459839,0.03370177745819092,-0.2002987265586853,0.02719825506210327,-0.15360069274902344
0.0,0.0,-0.06830394268035889,-0.0643690824508667,-0.09939658641815186,-0.18176084756851196,-0.08737814426422119,-0.2880616784095764,-0.06933468580245972,-0.3642251491546631,-0.10106462240219116,-0.25045955181121826,-0.11213916540145874,-0.36144617199897766,-0.09376603364944458,-0.32810306549072266,-0.07725691795349121,-0.27063900232315063,-0.05238443613052368,-0.24972206354141235,-0.045455873012542725,-0.32649070024490356,-0.035683274269104004,-0.23906105756759644,-0.034599125385284424,-0.1652611494064331,-0.006768286228179932,-0.23699629306793213,0.0017041563987731934,-0.2893560528755188,-0.0010381340980529785,-0.19552582502365112,-0.007235407829284668,-0.12559008598327637,0.03849107027053833,-0.21900856494903564,0.04150402545928955,-0.2634509801864624,0.033910393714904785,-0.19997143745422363,0.02774447202682495,-0.1521732211112976
0.0,0.0,-0.07023155689239502,-0.06401205062866211,-0.10282039642333984,-0.18460321426391602,-0.0931633710861206,-0.29012131690979004,-0.07921791076660156,-0.36582058668136597,-0.10148438811302185,-0.25312381982803345,-0.1132856011390686,-0.36016619205474854,-0.09699767827987671,-0.3254415988922119,-0.08141446113586426,-0.2702699899673462,-0.053232669830322266,-0.25288504362106323,-0.047903478145599365,-0.3281741142272949,-0.03971141576766968,-0.2405109405517578,-0.038037776947021484,-0.17007970809936523,-0.008305072784423828,-0.23935461044311523,-0.0002789497375488281,-0.2912757396697998,-0.003629744052886963,-0.19800513982772827,-0.008437097072601318,-0.13165271282196045,0.03675270080566406,-0.22080308198928833,0.03959918022155762,-0.2654570937156677,0.031209349632263184,-0.20176607370376587,0.02601391077041626,-0.15623939037322998
0.0,0.0,-0.06976956129074097,-0.0622025728225708,-0.10073661804199219,-0.1824536919593811,-0.08851271867752075,-0.2894060015678406,-0.07148700952529907,-0.3653760552406311,-0.10010293126106262,-0.252050518989563,-0.11260601878166199,-0.36388880014419556,-0.0949062705039978,-0.3233188986778259,-0.07897162437438965,-0.2653862237930298,-0.05153876543045044,-0.25099366903305054,-0.045273005962371826,-0.32698267698287964,-0.03760027885437012,-0.23786026239395142,-0.037366509437561035,-0.16485923528671265,-0.006472945213317871,-0.23681288957595825,0.0008043646812438965,-0.28917282819747925,-0.00299149751663208,-0.19497179985046387,-0.008862316608428955,-0.12646538019180298,0.037758827209472656,-0.21710538864135742,0.039742112159729004,-0.2627728581428528,0.030651986598968506,-0.19882887601852417,0.02445042133331299,-0.15130925178527832
0.0,0.0,-0.06687504053115845,-0.06029319763183594,-0.09894043207168579,-0.1788480281829834,-0.08744841814041138,-0.28475600481033325,-0.06909984350204468,-0.3607845604419708,-0.09779864549636841,-0.250377357006073,-0.10892975330352783,-0.3603214621543884,-0.09187304973602295,-0.3181512951850891,-0.07657390832901001,-0.2585682272911072,-0.04967731237411499,-0.24877464771270752,-0.04379194974899292,-0.32339054346084595,-0.03651785850524902,-0.23467886447906494,-0.035895586013793945,-0.1634477972984314,-0.004405796527862549,-0.23497992753982544,0.002616703510284424,-0.2881215214729309,-0.0013872981071472168,-0.19389325380325317,-0.007429599761962891,-0.12626969814300537,0.03980177640914917,-0.21525609493255615,0.040907442569732666,-0.2617473602294922,0.03154951333999634,-0.1969285011291504,0.02499544620513916,-0.14942491054534912
0.0,0.0,-0.06874740123748779,-0.06367814540863037,-0.09802085161209106,-0.18003815412521362,-0.08614665269851685,-0.28408801555633545,-0.07147866487503052,-0.3582006096839905,-0.09965217113494873,-0.2458518147468567,-0.10975846648216248,-0.35421615839004517,-0.09219425916671753,-0.31606221199035645,-0.07699519395828247,-0.2603147625923157,-0.05257105827331543,-0.24449390172958374,-0.04429161548614502,-0.3185216784477234,-0.03629159927368164,-0.23453301191329956,-0.0365525484085083,-0.16479438543319702,-0.008702695369720459,-0.2312975525856018,0.001049816608428955,-0.2810223698616028,-0.0027832984924316406,-0.1899622082710266,-0.010318577289581299,-0.12400603294372559,0.03477436304092407,-0.21324515342712402,0.03920847177505493,-0.25861066579818726,0.030687928199768066,-0.19612771272659302,0.022763550281524658,-0.14939725399017334
0.0,0.0,-0.0689544677734375,-0.06209844350814819,-0.09878993034362793,-0.18132144212722778,-0.08520430326461792,-0.285067617893219,-0.06682014465332031,-0.3577613830566406,-0.0964391827583313,-0.24682241678237915,-0.10726118087768555,-0.35364261269569397,-0.09043735265731812,-0.3163554072380066,-0.07447701692581177,-0.26163721084594727,-0.04917877912521362,-0.24550825357437134,-0.04210948944091797,-0.3166190981864929,-0.03472989797592163,-0.23023974895477295,-0.03489863872528076,-0.16183865070343018,-0.005082428455352783,-0.23240172863006592,0.0035122036933898926,-0.2837717533111572,-0.00034433603286743164,-0.19127267599105835,-0.007035434246063232,-0.12649017572402954,0.038157522678375244,-0.21433931589126587,0.04080921411514282,-0.2587871551513672,0.032196044921875,-0.19384264945983887,0.0259360671043396,-0.14793473482131958
0.0,0.0,-0.06960725784301758,-0.06437742710113525,-0.09927687048912048,-0.17980027198791504,-0.08475792407989502,-0.2827932834625244,-0.0686601996421814,-0.3558647036552429,-0.0992777943611145,-0.24539977312088013,-0.11046487092971802,-0.3522735834121704,-0.09382954239845276,-0.3132252097129822,-0.07828515768051147,-0.2582293748855591,-0.051186323165893555,-0.24456912279129028,-0.045196712017059326,-0.31786060333251953,-0.03803849220275879,-0.23153620958328247,-0.03751373291015625,-0.1624324917793274,-0.006390631198883057,-0.23177629709243774,4.589557647705078e-06,-0.28204822540283203,-0.003527402877807617,-0.18963247537612915,-0.008607983589172363,-0.12507164478302002,0.03794229030609131,-0.21360820531845093,0.038128554821014404,-0.25840437412261963,0.029291808605194092,-0.19500786066055298,0.02418661117553711,-0.1506710648536682
0.0,0.0,-0.06895208358764648,-0.06263458728790283,-0.09976136684417725,-0.1785321831703186,-0.08527255058288574,-0.2823788523674011,-0.06758981943130493,-0.3559057116508484,-0.09791502356529236,-0.24497896432876587,-0.11016744375228882,-0.35506772994995117,-0.09349232912063599,-0.3147662878036499,-0.07846993207931519,-0.25884127616882324,-0.050298869609832764,-0.24327325820922852,-0.04479914903640747,-0.31906843185424805,-0.03722435235977173,-0.2327248454093933,-0.036637723445892334,-0.1626705527305603,-0.005781054496765137,-0.2291271686553955,0.0002301335334777832,-0.28190380334854126,-0.0030654072761535645,-0.1888543963432312,-0.008539199829101562,-0.12214899063110352,0.03844773769378662,-0.2094404697418213,0.038998186588287354,-0.2563159465789795,0.030120372772216797,-0.19328051805496216,0.02407747507095337,-0.1466158628463745
0.0,0.0,-0.06799781322479248,-0.062417030334472656,-0.10030430555343628,-0.18045932054519653,-0.08962762355804443,-0.28418606519699097,-0.07318365573883057,-0.35730820894241333,-0.10105392336845398,-0.24775588512420654,-0.11209022998809814,-0.35598281025886536,-0.09413206577301025,-0.31829243898391724,-0.07796776294708252,-0.26159459352493286,-0.052980124950408936,-0.24693453311920166,-0.04688328504562378,-0.321882426738739,-0.03682655096054077,-0.23330342769622803,-0.03512239456176758,-0.164512038230896,-0.008063435554504395,-0.23309874534606934,-0.00019848346710205078,-0.2871352434158325,-0.0019571781158447266,-0.19308030605316162,-0.006855607032775879,-0.12681645154953003,0.03640991449356079,-0.21338295936584473,0.039882779121398926,-0.2613028883934021,0.03246665000915527,-0.19805055856704712,0.026511430740356445,-0.15216249227523804
0.0,0.0,-0.07162719964981079,-0.057660579681396484,-0.10406354069709778,-0.1738814115524292,-0.09080460667610168,-0.27829259634017944,-0.07447057962417603,-0.3508008122444153,-0.10145661234855652,-0.24365311861038208,-0.11512988805770874,-0.3495769500732422,-0.09717485308647156,-0.31290918588638306,-0.07942789793014526,-0.2593225836753845,-0.05295848846435547,-0.2442467212677002,-0.04754596948623657,-0.31802213191986084,-0.0390889048576355,-0.22688955068588257,-0.03844642639160156,-0.15902215242385864,-0.008528590202331543,-0.232282817363739,-0.001515209674835205,-0.28506314754486084,-0.0037803053855895996,-0.18948328495025635,-0.008002698421478271,-0.12634563446044922,0.03557538986206055,-0.2142990231513977,0.03731614351272583,-0.25886470079421997,0.029864072799682617,-0.1934596300125122,0.02530115842819214,-0.15118837356567383
0.0,0.0,-0.06950080394744873,-0.059615492820739746,-0.10231232643127441,-0.17736923694610596,-0.09214967489242554,-0.2811562418937683,-0.0755036473274231,-0.35443198680877686,-0.10139897465705872,-0.24683237075805664,-0.11272209882736206,-0.35444509983062744,-0.09464755654335022,-0.31542378664016724,-0.0788581371307373,-0.2586524486541748,-0.05382227897644043,-0.2465398907661438,-0.047512590885162354,-0.32071882486343384,-0.03884696960449219,-0.23435962200164795,-0.03780776262283325,-0.16481560468673706,-0.00902259349822998,-0.23355919122695923,-0.0007947087287902832,-0.28525465726852417,-0.003188908100128174,-0.192721426486969,-0.008401334285736084,-0.12656325101852417,0.03500586748123169,-0.21435338258743286,0.0377269983291626,-0.2617139220237732,0.030287563800811768,-0.19794881343841553,0.024818778038024902,-0.1511051058769226
0.0,0.0,-0.06930273771286011,-0.058466315269470215,-0.10143870115280151,-0.17489629983901978,-0.09071323275566101,-0.27981317043304443,-0.07466632127761841,-0.3541811406612396,-0.1017335057258606,-0.24493896961212158,-0.11313879489898682,-0.3537873923778534,-0.09459346532821655,-0.31173425912857056,-0.07894200086593628,-0.2547675371170044,-0.053658902645111084,-0.2445327639579773,-0.04737842082977295,-0.32038331031799316,-0.03930765390396118,-0.23339343070983887,-0.038900792598724365,-0.16447442770004272,-0.008643627166748047,-0.23184609413146973,-0.0018041133880615234,-0.2849885821342468,-0.004293560981750488,-0.1920498013496399,-0.008958816528320312,-0.12705010175704956,0.03585958480834961,-0.21295607089996338,0.03637653589248657,-0.2618042230606079,0.02869802713394165,-0.19755971431732178,0.02412968873977661,-0.1517930030822754
0.0,0.0,-0.06968724727630615,-0.060265302658081055,-0.10168576240539551,-0.17600131034851074,-0.08968055248260498,-0.2809750437736511,-0.07363617420196533,-0.35562992095947266,-0.10171830654144287,-0.24591577053070068,-0.11377039551734924,-0.3560329079627991,-0.09573620557785034,-0.31273627281188965,-0.0801801085472107,-0.25577443838119507,-0.053529202938079834,-0.24587923288345337,-0.04883688688278198,-0.32343780994415283,-0.0406305193901062,-0.23595565557479858,-0.03949558734893799,-0.1655678153038025,-0.008587062358856201,-0.2329878807067871,-0.0027156472206115723,-0.28665685653686523,-0.0050078630447387695,-0.1932501196861267,-0.009284555912017822,-0.12689876556396484,0.03636115789413452,-0.2134873867034912,0.0367245078086853,-0.2614407539367676,0.028448820114135742,-0.19735586643218994,0.023260176181793213,-0.15095293521881104
0.0,0.0,-0.06996196508407593,-0.05767488479614258,-0.10335174202919006,-0.17518317699432373,-0.09116730093955994,-0.28123438358306885,-0.073574960231781,-0.35595187544822693,-0.10303157567977905,-0.2456495761871338,-0.11548313498497009,-0.35690420866012573,-0.09647953510284424,-0.310454785823822,-0.08084160089492798,-0.25288259983062744,-0.05450427532196045,-0.24536490440368652,-0.049745261669158936,-0.3241156339645386,-0.04108870029449463,-0.23434722423553467,-0.04038822650909424,-0.16452521085739136,-0.00926065444946289,-0.23271459341049194,-0.004011094570159912,-0.2875710129737854,-0.005639016628265381,-0.19224435091018677,-0.010023117065429688,-0.12630051374435425,0.03530317544937134,-0.21370208263397217,0.034651219844818115,-0.26261472702026367,0.02784252166748047,-0.197329580783844,0.023760676383972168,-0.15137910842895508
0.0,0.0,-0.0697374939918518,-0.05604982376098633,-0.10301569104194641,-0.17500042915344238,-0.0914718508720398,-0.2809162139892578,-0.07560902833938599,-0.3561002016067505,-0.10357969999313354,-0.24538928270339966,-0.11624780297279358,-0.3558359444141388,-0.09731867909431458,-0.30901598930358887,-0.0809553861618042,-0.2512894868850708,-0.055567264556884766,-0.24657917022705078,-0.05094343423843384,-0.32211363315582275,-0.04151862859725952,-0.23082095384597778,-0.039294540882110596,-0.16305267810821533,-0.010721802711486816,-0.23448926210403442,-0.004658639430999756,-0.2850467562675476,-0.005718052387237549,-0.18910419940948486,-0.009175598621368408,-0.12677931785583496,0.03398871421813965,-0.21621471643447876,0.03419232368469238,-0.2611367702484131,0.027151405811309814,-0.196039617061615,0.02290046215057373,-0.15411049127578735
0.0,0.0,-0.0703384280204773,-0.0566478967666626,-0.10417625308036804,-0.17651009559631348,-0.09224411845207214,-0.2812156677246094,-0.07361525297164917,-0.35329669713974,-0.1018301248550415,-0.2442082166671753,-0.11284798383712769,-0.3531302213668823,-0.09490260481834412,-0.30747437477111816,-0.07964545488357544,-0.24892336130142212,-0.05389279127120972,-0.24416542053222656,-0.04684567451477051,-0.31878596544265747,-0.038686513900756836,-0.22812122106552124,-0.03796970844268799,-0.15985459089279175,-0.008976399898529053,-0.23102796077728271,-0.00021922588348388672,-0.28271937370300293,-0.00272977352142334,-0.18840330839157104,-0.0076296329498291016,-0.12559491395950317,0.03539013862609863,-0.211419939994812,0.0387800931930542,-0.25873297452926636,0.03117680549621582,-0.19480973482131958,0.026042044162750244,-0.15194135904312134
0.0,0.0,-0.0711401104927063,-0.059182941913604736,-0.10395678877830505,-0.17559653520584106,-0.0914953351020813,-0.28075534105300903,-0.07449406385421753,-0.3547854721546173,-0.10220730304718018,-0.24474239349365234,-0.1152074933052063,-0.3537355065345764,-0.09647685289382935,-0.31095266342163086,-0.07998448610305786,-0.25460654497146606,-0.054177045822143555,-0.24469244480133057,-0.048099637031555176,-0.32041746377944946,-0.039677560329437256,-0.23106783628463745,-0.03885525465011597,-0.16133832931518555,-0.009237051010131836,-0.23236620426177979,-0.00238192081451416,-0.2855061888694763,-0.0047013163566589355,-0.19082146883010864,-0.009197711944580078,-0.12559467554092407,0.03543078899383545,-0.21346020698547363,0.035578787326812744,-0.2603970170021057,0.02802664041519165,-0.19515454769134521,0.02326667308807373,-0.1498820185661316
0.0,0.0,-0.06908047199249268,-0.05924338102340698,-0.1023135781288147,-0.17546045780181885,-0.09212127327919006,-0.2808275818824768,-0.07694590091705322,-0.3562554121017456,-0.10234516859054565,-0.24550515413284302,-0.11375677585601807,-0.3550700843334198,-0.09508979320526123,-0.31031495332717896,-0.0802115797996521,-0.25252580642700195,-0.05439305305480957,-0.24483275413513184,-0.04894363880157471,-0.32059532403945923,-0.04012930393218994,-0.23202598094940186,-0.03914111852645874,-0.16351741552352905,-0.009334325790405273,-0.23197364807128906,-0.0023056864738464355,-0.2842273712158203,-0.0040493011474609375,-0.19032227993011475,-0.009036004543304443,-0.12594205141067505,0.034853577613830566,-0.21346557140350342,0.03591996431350708,-0.26091456413269043,0.028716325759887695,-0.1972828507423401,0.023520290851593018,-0.15281754732131958
0.0,0.0,-0.06932145357131958,-0.057724714279174805,-0.10323694348335266,-0.1751144528388977,-0.09267735481262207,-0.28028327226638794,-0.07666730880737305,-0.35515862703323364,-0.10312983393669128,-0.24619203805923462,-0.11529284715652466,-0.355330228805542,-0.09698343276977539,-0.31407034397125244,-0.08108031749725342,-0.2567928433418274,-0.054898083209991455,-0.24629193544387817,-0.04986143112182617,-0.3221839666366577,-0.04094666242599487,-0.23413097858428955,-0.039271652698516846,-0.16508996486663818,-0.009548962116241455,-0.23375022411346436,-0.003737151622772217,-0.2852470874786377,-0.005496561527252197,-0.19130611419677734,-0.009446918964385986,-0.12622177600860596,0.03530389070510864,-0.21493631601333618,0.035288095474243164,-0.2612096667289734,0.028012335300445557,-0.196966290473938,0.023444831371307373,-0.1520923376083374
0.0,0.0,-0.07008284330368042,-0.05847054719924927,-0.10350921750068665,-0.1751449704170227,-0.09215733408927917,-0.28147900104522705,-0.07670003175735474,-0.35767585039138794,-0.10345295071601868,-0.24659818410873413,-0.11624091863632202,-0.35750722885131836,-0.09737053513526917,-0.31301385164260864,-0.08203709125518799,-0.25571566820144653,-0.05508297681808472,-0.24649739265441895,-0.049633800983428955,-0.323733389377594,-0.04070943593978882,-0.23365181684494019,-0.03994864225387573,-0.16403019428253174,-0.00993567705154419,-0.2342877984046936,-0.003417670726776123,-0.286912202835083,-0.005142092704772949,-0.19193696975708008,-0.009380936622619629,-0.12752646207809448,0.034900009632110596,-0.21604686975479126,0.0347905158996582,-0.2629767656326294,0.027484357357025146,-0.19734054803848267,0.023136615753173828,-0.1527462601661682
0.0,0.0,-0.07111579179763794,-0.058537304401397705,-0.10526734590530396,-0.17703664302825928,-0.09279835224151611,-0.2838705778121948,-0.07546108961105347,-0.3593321144580841,-0.10392254590988159,-0.2483001947402954,-0.11672407388687134,-0.35947185754776,-0.09953105449676514,-0.3139711022377014,-0.08448255062103271,-0.2571905255317688,-0.0551031231880188,-0.24808406829833984,-0.04996919631958008,-0.32704830169677734,-0.041830480098724365,-0.23634445667266846,-0.04080766439437866,-0.16567474603652954,-0.009565532207489014,-0.2356165647506714,-0.004112184047698975,-0.28810983896255493,-0.006190359592437744,-0.19223588705062866,-0.010454714298248291,-0.12679189443588257,0.03537404537200928,-0.21695071458816528,0.03443014621734619,-0.26281827688217163,0.02663356065750122,-0.1969054937362671,0.02177882194519043,-0.15169090032577515
0.0,0.0,-0.07039302587509155,-0.056863486766815186,-0.10474720597267151,-0.17542964220046997,-0.09311342239379883,-0.28345435857772827,-0.0774458646774292,-0.3604974150657654,-0.10508841276168823,-0.24832171201705933,-0.118355393409729,-0.35980015993118286,-0.10018712282180786,-0.31498420238494873,-0.08445662260055542,-0.2579970955848694,-0.05633068084716797,-0.24891752004623413,-0.05170845985412598,-0.32679736614227295,-0.042868971824645996,-0.23634392023086548,-0.04192924499511719,-0.16676831245422363,-0.011039197444915771,-0.2373354434967041,-0.005257606506347656,-0.29092127084732056,-0.0068874359130859375,-0.19463038444519043,-0.010935723781585693,-0.12986338138580322,0.034108877182006836,-0.22005707025527954,0.0331074595451355,-0.2670398950576782,0.02580893039703369,-0.20031362771987915,0.021799445152282715,-0.15543770790100098
0.0,0.0,-0.07006716728210449,-0.05608087778091431,-0.1045222282409668,-0.1748446226119995,-0.09467178583145142,-0.28174126148223877,-0.07809925079345703,-0.35760658979415894,-0.10363131761550903,-0.24696487188339233,-0.11701902747154236,-0.3558598756790161,-0.09895545244216919,-0.31442177295684814,-0.08223402500152588,-0.2580028176307678,-0.055386364459991455,-0.24871015548706055,-0.05005878210067749,-0.3242011070251465,-0.04171919822692871,-0.2339540719985962,-0.040784358978271484,-0.166354238986969,-0.010553359985351562,-0.23740679025650024,-0.0032498836517333984,-0.28937119245529175,-0.0058196187019348145,-0.19345355033874512,-0.010044634342193604,-0.13046962022781372,0.03497034311294556,-0.21991539001464844,0.03600800037384033,-0.2651821970939636,0.02770918607711792,-0.19924873113632202,0.022618651390075684,-0.1566256284713745
0.0,0.0,-0.07064354419708252,-0.05662912130355835,-0.10547679662704468,-0.1747538447380066,-0.0939626395702362,-0.28145331144332886,-0.07572203874588013,-0.3569170832633972,-0.10256975889205933,-0.2464146614074707,-0.11614534258842468,-0.3575727045536041,-0.09877783060073853,-0.3113425374031067,-0.08341783285140991,-0.2539311647415161,-0.054140686988830566,-0.2467210292816162,-0.048836588859558105,-0.32381415367126465,-0.04139035940170288,-0.2318211793899536,-0.04077655076980591,-0.16203522682189941,-0.00901782512664795,-0.23453330993652344,-0.0031386613845825195,-0.28700387477874756,-0.0054988861083984375,-0.19014191627502441,-0.009432077407836914,-0.12559497356414795,0.03610259294509888,-0.21602672338485718,0.03545999526977539,-0.2618776559829712,0.027517259120941162,-0.1954752802848816,0.023078978061676025,-0.15123754739761353
0.0,0.0,-0.06782013177871704,-0.056908488273620605,-0.10176429152488708,-0.1740473508834839,-0.09338298439979553,-0.2797697186470032,-0.07841181755065918,-0.3560658097267151,-0.10260498523712158,-0.24621188640594482,-0.11428019404411316,-0.3547544479370117,-0.09546530246734619,-0.31400322914123535,-0.07979792356491089,-0.2571136951446533,-0.05388641357421875,-0.24665939807891846,-0.04763531684875488,-0.32211166620254517,-0.039326012134552,-0.23372513055801392,-0.03884851932525635,-0.16386520862579346,-0.008726418018341064,-0.2344120740890503,-0.0006894469261169434,-0.28409743309020996,-0.003219902515411377,-0.1899784803390503,-0.008429944515228271,-0.1253650188446045,0.036377787590026855,-0.21622711420059204,0.0381588339805603,-0.2598728537559509,0.03058326244354248,-0.19542920589447021,0.02505248785018921,-0.15167629718780518
0.0,0.0,-0.06876349449157715,-0.056862473487854004,-0.10346293449401855,-0.1722242832183838,-0.09259936213493347,-0.27843189239501953,-0.0746304988861084,-0.354675829410553,-0.1038087010383606,-0.24495422840118408,-0.11586272716522217,-0.35481685400009155,-0.09670349955558777,-0.31144237518310547,-0.08149898052215576,-0.25392234325408936,-0.0547366738319397,-0.24578917026519775,-0.04969501495361328,-0.3235529661178589,-0.04050630331039429,-0.23338788747787476,-0.040191650390625,-0.16299062967300415,-0.00922173261642456,-0.2341165542602539,-0.0032166242599487305,-0.28682035207748413,-0.004601418972015381,-0.190923810005188,-0.009152054786682129,-0.12495821714401245,0.036270976066589355,-0.21585816144943237,0.03576582670211792,-0.26159459352493286,0.029420077800750732,-0.19497191905975342,0.025107145309448242,-0.14950847625732422
0.0,0.0,-0.06973230838775635,-0.057270586490631104,-0.10427200794219971,-0.17668849229812622,-0.09672176837921143,-0.28300952911376953,-0.08215105533599854,-0.3578020930290222,-0.10605663061141968,-0.24737489223480225,-0.11657872796058655,-0.3575582504272461,-0.09707951545715332,-0.3155684471130371,-0.08127790689468384,-0.25783854722976685,-0.05747956037521362,-0.24753087759017944,-0.04909700155258179,-0.3238442540168762,-0.03892707824707031,-0.233359694480896,-0.03824114799499512,-0.16377073526382446,-0.012250721454620361,-0.2348809838294983,-0.0022429823875427246,-0.28631871938705444,-0.003411710262298584,-0.19037282466888428,-0.009203910827636719,-0.12565970420837402,0.032637953758239746,-0.21659553050994873,0.037837326526641846,-0.26373422145843506,0.03131979703903198,-0.19862669706344604,0.024812161922454834,-0.15435391664505005
0.0,0.0,-0.07076716423034668,-0.058971524238586426,-0.10437753796577454,-0.17612653970718384,-0.09332931041717529,-0.28139764070510864,-0.07712668180465698,-0.3561544418334961,-0.10407942533493042,-0.24590909481048584,-0.11611652374267578,-0.3550851345062256,-0.09688729047775269,-0.31197142601013184,-0.08115214109420776,-0.2555240988731384,-0.055117785930633545,-0.24610036611557007,-0.049375951290130615,-0.32391148805618286,-0.04010683298110962,-0.2348421812057495,-0.03930056095123291,-0.1634829044342041,-0.009828388690948486,-0.23380589485168457,-0.003104686737060547,-0.28528380393981934,-0.004769384860992432,-0.18981724977493286,-0.009504973888397217,-0.12321776151657104,0.0351373553276062,-0.21537995338439941,0.03531545400619507,-0.26095741987228394,0.02815699577331543,-0.19492119550704956,0.023219168186187744,-0.14891982078552246
0.0,0.0,-0.07084661722183228,-0.05843168497085571,-0.10318922996520996,-0.17730170488357544,-0.09142395853996277,-0.2828267812728882,-0.07824361324310303,-0.3564777374267578,-0.10476744174957275,-0.24708867073059082,-0.11596578359603882,-0.3566465377807617,-0.09546738862991333,-0.3113662004470825,-0.0792962908744812,-0.25296133756637573,-0.0558893084526062,-0.24745392799377441,-0.04987001419067383,-0.3238133192062378,-0.0388447642326355,-0.23331218957901,-0.03749340772628784,-0.16309088468551636,-0.010564148426055908,-0.23541009426116943,-0.003450453281402588,-0.2863159775733948,-0.004012882709503174,-0.19106656312942505,-0.008359193801879883,-0.12623631954193115,0.035001397132873535,-0.21763300895690918,0.03571349382400513,-0.2626482844352722,0.029090046882629395,-0.19700109958648682,0.024087369441986084,-0.1530245542526245
0.0,0.0,-0.0710986852645874,-0.060053348541259766,-0.10382309556007385,-0.17815905809402466,-0.09365826845169067,-0.28423476219177246,-0.08020377159118652,-0.3589743673801422,-0.10286951065063477,-0.24857699871063232,-0.11417543888092041,-0.35639289021492004,-0.09532752633094788,-0.3136388063430786,-0.0794563889503479,-0.25730663537979126,-0.05421382188796997,-0.24876773357391357,-0.04858881235122681,-0.3253100514411926,-0.039112627506256104,-0.23547720909118652,-0.037609994411468506,-0.16428840160369873,-0.008958101272583008,-0.23676353693008423,-0.002385079860687256,-0.28800690174102783,-0.0036059021949768066,-0.19255757331848145,-0.0072203874588012695,-0.126456618309021,0.036468327045440674,-0.21852582693099976,0.03656655550003052,-0.2655388116836548,0.02955770492553711,-0.19973605871200562,0.025292277336120605,-0.15413057804107666
0.0,0.0,-0.07178175449371338,-0.05761069059371948,-0.10542786121368408,-0.17632144689559937,-0.0961618423461914,-0.2844865918159485,-0.08410662412643433,-0.3611096739768982,-0.1054428219795227,-0.24747294187545776,-0.11686557531356812,-0.3579568564891815,-0.09815257787704468,-0.31400102376937866,-0.08266282081604004,-0.25810712575912476,-0.05720114707946777,-0.2479647397994995,-0.05036044120788574,-0.3249838352203369,-0.0416334867477417,-0.23541224002838135,-0.041046977043151855,-0.16596204042434692,-0.012468934059143066,-0.23636263608932495,-0.0044664740562438965,-0.2879895567893982,-0.0061647891998291016,-0.19233959913253784,-0.010770320892333984,-0.12720972299575806,0.032575368881225586,-0.21974599361419678,0.03358733654022217,-0.2655029892921448,0.02662217617034912,-0.19968408346176147,0.021861493587493896,-0.15501463413238525
0.0,0.0,-0.07156914472579956,-0.05792129039764404,-0.10585641860961914,-0.17877274751663208,-0.09473088383674622,-0.285392701625824,-0.07808268070220947,-0.3604355454444885,-0.1051446795463562,-0.24957966804504395,-0.11772549152374268,-0.357671320438385,-0.09880763292312622,-0.31559455394744873,-0.08255690336227417,-0.25900620222091675,-0.05600845813751221,-0.24970728158950806,-0.050597429275512695,-0.32660722732543945,-0.04105734825134277,-0.23846197128295898,-0.03942519426345825,-0.1673722267150879,-0.010322213172912598,-0.23783797025680542,-0.0035134553909301758,-0.29033583402633667,-0.005146801471710205,-0.19493871927261353,-0.009605169296264648,-0.12737363576889038,0.03464639186859131,-0.21994924545288086,0.03495973348617554,-0.2673126459121704,0.028119385242462158,-0.2001122236251831,0.023455381393432617,-0.1517961025238037
0.0,0.0,-0.07047790288925171,-0.05419313907623291,-0.10553044080734253,-0.17713147401809692,-0.09794273972511292,-0.28497976064682007,-0.0824592113494873,-0.3613978922367096,-0.10372161865234375,-0.24961864948272705,-0.11567920446395874,-0.35975128412246704,-0.09602037072181702,-0.31723666191101074,-0.07931584119796753,-0.2587219476699829,-0.055351436138153076,-0.25026118755340576,-0.0490494966506958,-0.3259270191192627,-0.03969329595565796,-0.23527783155441284,-0.038303256034851074,-0.16544944047927856,-0.010234713554382324,-0.23808425664901733,-0.002149820327758789,-0.2900170087814331,-0.0038717985153198242,-0.19303447008132935,-0.00806581974029541,-0.12766844034194946,0.03519797325134277,-0.2203184962272644,0.036382853984832764,-0.26650869846343994,0.02918422222137451,-0.199599027633667,0.024580955505371094,-0.1548718810081482
0.0,0.0,-0.07056432962417603,-0.056994080543518066,-0.10507091879844666,-0.17647701501846313,-0.0942944586277008,-0.2838563919067383,-0.07655191421508789,-0.35993582010269165,-0.1042197048664093,-0.24856960773468018,-0.11823603510856628,-0.3595210015773773,-0.09858128428459167,-0.3133527636528015,-0.0817059874534607,-0.25617551803588867,-0.05545830726623535,-0.249386727809906,-0.049388229846954346,-0.3271855115890503,-0.04034757614135742,-0.2351260781288147,-0.03991544246673584,-0.16437441110610962,-0.010351121425628662,-0.23777180910110474,-0.0030897855758666992,-0.2914050817489624,-0.004565298557281494,-0.19422954320907593,-0.008982539176940918,-0.12851709127426147,0.034693896770477295,-0.22041213512420654,0.03533434867858887,-0.2670203447341919,0.028031885623931885,-0.19994264841079712,0.023471057415008545,-0.15481770038604736
0.0,0.0,-0.07178747653961182,-0.06159847974777222,-0.10526546835899353,-0.1775912046432495,-0.09518325328826904,-0.28379374742507935,-0.07979792356491089,-0.35886794328689575,-0.10473272204399109,-0.2472461462020874,-0.11680179834365845,-0.3543364703655243,-0.09695729613304138,-0.3133629560470581,-0.08031564950942993,-0.25787466764450073,-0.05559182167053223,-0.2470695972442627,-0.04937833547592163,-0.3232690691947937,-0.039616525173187256,-0.23433583974838257,-0.03867918252944946,-0.1628051996231079,-0.010261058807373047,-0.23528742790222168,-0.0032420754432678223,-0.28735291957855225,-0.0047258734703063965,-0.19233733415603638,-0.009295523166656494,-0.1256645917892456,0.034895896911621094,-0.21745848655700684,0.03537154197692871,-0.2634892463684082,0.028391718864440918,-0.197482168674469,0.023568689823150635,-0.15127217769622803
0.0,0.0,-0.07295888662338257,-0.058479368686676025,-0.1074279248714447,-0.1762905716896057,-0.09658107161521912,-0.2827470898628235,-0.07853394746780396,-0.3578827381134033,-0.10380643606185913,-0.24530619382858276,-0.11689496040344238,-0.35418301820755005,-0.09842783212661743,-0.3132322430610657,-0.08197718858718872,-0.25857627391815186,-0.05473881959915161,-0.24633294343948364,-0.048811912536621094,-0.3237912058830261,-0.04092162847518921,-0.23450040817260742,-0.0401342511177063,-0.16291886568069458,-0.009330272674560547,-0.23438042402267456,-0.002716362476348877,-0.28615784645080566,-0.005722522735595703,-0.19088315963745117,-0.009916543960571289,-0.12435823678970337,0.03642207384109497,-0.21617358922958374,0.03568398952484131,-0.26222705841064453,0.027625739574432373,-0.1970897912979126,0.023448169231414795,-0.15146231651306152
0.0,0.0,-0.0722004771232605,-0.0602840781211853,-0.10565391182899475,-0.18064796924591064,-0.09528288245201111,-0.2863953113555908,-0.0803455114364624,-0.3614557981491089,-0.10496985912322998,-0.2502443790435791,-0.11662417650222778,-0.3585158884525299,-0.09645462036132812,-0.31470173597335815,-0.08054625988006592,-0.2579265832901001,-0.05633687973022461,-0.25012487173080444,-0.049262285232543945,-0.3253806233406067,-0.040130555629730225,-0.23697185516357422,-0.039791882038116455,-0.16748046875,-0.010941624641418457,-0.23771989345550537,-0.0019335746765136719,-0.28818005323410034,-0.0037556886672973633,-0.19319188594818115,-0.009347975254058838,-0.1280297040939331,0.033813416957855225,-0.2197064757347107,0.036511898040771484,-0.2664235830307007,0.029091358184814453,-0.20039796829223633,0.02320241928100586,-0.15451079607009888
0.0,0.0,-0.07000041007995605,-0.059006333351135254,-0.10333508253097534,-0.1768297553062439,-0.09222027659416199,-0.28235334157943726,-0.07534521818161011,-0.3578447699546814,-0.10317301750183105,-0.24656891822814941,-0.1154787540435791,-0.3559496998786926,-0.09638205170631409,-0.31310558319091797,-0.08066993951797485,-0.2548254132270813,-0.054601430892944336,-0.24614620208740234,-0.04896479845046997,-0.3240777850151062,-0.03985762596130371,-0.23642635345458984,-0.03891092538833618,-0.16515088081359863,-0.00898134708404541,-0.23301458358764648,-0.0019639134407043457,-0.28553080558776855,-0.00404435396194458,-0.19206589460372925,-0.009162962436676025,-0.1253361701965332,0.03638178110122681,-0.2139090895652771,0.03715860843658447,-0.2620967626571655,0.030223608016967773,-0.19796109199523926,0.02534639835357666,-0.15092366933822632
0.0,0.0,-0.07093709707260132,-0.05691182613372803,-0.1058160662651062,-0.17568320035934448,-0.09542834758758545,-0.2824861407279968,-0.07857382297515869,-0.3585994243621826,-0.1061297059059143,-0.24730628728866577,-0.11862960457801819,-0.35621190071105957,-0.09892797470092773,-0.3116135001182556,-0.08245187997817993,-0.2538130283355713,-0.05704355239868164,-0.24824053049087524,-0.05069148540496826,-0.32463347911834717,-0.040463030338287354,-0.23545628786087036,-0.03882706165313721,-0.1644192934036255,-0.011280238628387451,-0.2368067502975464,-0.003763437271118164,-0.2874857783317566,-0.0049724578857421875,-0.19206386804580688,-0.009823203086853027,-0.1251920461654663,0.0337977409362793,-0.21946418285369873,0.03530687093734741,-0.26511871814727783,0.028623521327972412,-0.199149489402771,0.023459672927856445,-0.1524091362953186
0.0,0.0,-0.07166296243667603,-0.05778235197067261,-0.10557019710540771,-0.17694777250289917,-0.09666842222213745,-0.2850063443183899,-0.0818527340888977,-0.3623356223106384,-0.10471022129058838,-0.2486056089401245,-0.11720433831214905,-0.3588676452636719,-0.09843263030052185,-0.315043568611145,-0.08245044946670532,-0.257615864276886,-0.05613744258880615,-0.2489188313484192,-0.05044513940811157,-0.3276957869529724,-0.04163295030593872,-0.2388749122619629,-0.04013544321060181,-0.16689056158065796,-0.010643303394317627,-0.23650169372558594,-0.004384458065032959,-0.2889701724052429,-0.006582736968994141,-0.1940569281578064,-0.010722160339355469,-0.1267872452735901,0.03481537103652954,-0.21845471858978271,0.03494453430175781,-0.2662352919578552,0.027626872062683105,-0.20118290185928345,0.023320138454437256,-0.15371942520141602
0.0,0.0,-0.07119971513748169,-0.05988532304763794,-0.10495799779891968,-0.17825764417648315,-0.09485095739364624,-0.28516918420791626,-0.080161452293396,-0.362022340297699,-0.10466742515563965,-0.249270498752594,-0.11723595857620239,-0.35908275842666626,-0.09794852137565613,-0.31537842750549316,-0.08243221044540405,-0.2576320171356201,-0.05577605962753296,-0.24898231029510498,-0.050151824951171875,-0.3274102807044983,-0.04141438007354736,-0.2399798035621643,-0.04094189405441284,-0.16885364055633545,-0.009992599487304688,-0.23623061180114746,-0.002756953239440918,-0.2895021438598633,-0.005367279052734375,-0.19472330808639526,-0.010901391506195068,-0.1268603801727295,0.03551286458969116,-0.21780413389205933,0.036069393157958984,-0.2664557099342346,0.02868860960006714,-0.20097339153289795,0.023537158966064453,-0.15260100364685059
0.0,0.0,-0.07133305072784424,-0.05718719959259033,-0.10754126310348511,-0.1791982650756836,-0.0983838140964508,-0.2870689034461975,-0.08003699779510498,-0.363720178604126,-0.1057010293006897,-0.25000494718551636,-0.11862197518348694,-0.35913562774658203,-0.09899520874023438,-0.3189985156059265,-0.0819975733757019,-0.26145559549331665,-0.05651158094406128,-0.25072813034057617,-0.05093151330947876,-0.3277236819267273,-0.04218566417694092,-0.2382056713104248,-0.040728986263275146,-0.16512531042099,-0.01060783863067627,-0.23889076709747314,-0.003766775131225586,-0.2904115915298462,-0.006291687488555908,-0.19397574663162231,-0.010922431945800781,-0.1251668930053711,0.034900665283203125,-0.22135025262832642,0.03572189807891846,-0.26767319440841675,0.02829432487487793,-0.2019307017326355,0.023576736450195312,-0.1543397307395935
0.0,0.0,-0.06890690326690674,-0.05599009990692139,-0.1042470633983612,-0.17641085386276245,-0.09525275230407715,-0.2841651439666748,-0.07820987701416016,-0.3620283603668213,-0.102540522813797,-0.2507932782173157,-0.11666223406791687,-0.3591192960739136,-0.0979929268360138,-0.3175441026687622,-0.08128374814987183,-0.2603156566619873,-0.05361473560333252,-0.2514766454696655,-0.04941529035568237,-0.3263320326805115,-0.04124695062637329,-0.23439496755599976,-0.03983664512634277,-0.16303396224975586,-0.0079878568649292,-0.2392967939376831,-0.003161013126373291,-0.29058772325515747,-0.005264461040496826,-0.19190561771392822,-0.008543312549591064,-0.12435513734817505,0.03770303726196289,-0.22097307443618774,0.03572052717208862,-0.26605916023254395,0.02808356285095215,-0.19872307777404785,0.024408400058746338,-0.1528911590576172
0.0,0.0,-0.07012104988098145,-0.05683714151382446,-0.10458740592002869,-0.17563676834106445,-0.09593409299850464,-0.28236597776412964,-0.08297830820083618,-0.35914790630340576,-0.10501444339752197,-0.24852973222732544,-0.11759096384048462,-0.3566732406616211,-0.09842550754547119,-0.3154086470603943,-0.08238810300827026,-0.25831419229507446,-0.05588805675506592,-0.24858975410461426,-0.049437105655670166,-0.32473301887512207,-0.040730953216552734,-0.23582416772842407,-0.04025048017501831,-0.16475504636764526,-0.010037779808044434,-0.23624861240386963,-0.001488327980041504,-0.2881643772125244,-0.003984212875366211,-0.1926993727684021,-0.009854435920715332,-0.12579649686813354,0.035089075565338135,-0.21761667728424072,0.03711414337158203,-0.264213502407074,0.029604315757751465,-0.19694554805755615,0.023457586765289307,-0.14892810583114624
0.0,0.0,-0.06988668441772461,-0.05642688274383545,-0.10506737232208252,-0.17672115564346313,-0.09606826305389404,-0.28387314081192017,-0.08009731769561768,-0.3606962561607361,-0.10625404119491577,-0.24933946132659912,-0.11801809072494507,-0.35939598083496094,-0.09810921549797058,-0.31882572174072266,-0.08165454864501953,-0.26044994592666626,-0.05722576379776001,-0.24988090991973877,-0.05090737342834473,-0.326863169670105,-0.040142178535461426,-0.23722010850906372,-0.03817826509475708,-0.16527509689331055,-0.011202454566955566,-0.237932026386261,-0.003241896629333496,-0.2891605496406555,-0.004035830497741699,-0.1935180425643921,-0.00869065523147583,-0.12629294395446777,0.0342596173286438,-0.22039979696273804,0.03611183166503906,-0.2678174376487732,0.030081212520599365,-0.20264917612075806,0.025295913219451904,-0.1561068296432495
0.0,0.0,-0.07178056240081787,-0.05930817127227783,-0.10661876201629639,-0.1788942813873291,-0.09733322262763977,-0.2864064574241638,-0.08234971761703491,-0.36370912194252014,-0.10713750123977661,-0.2500115633010864,-0.12050092220306396,-0.3608599901199341,-0.10091885924339294,-0.3195975422859192,-0.08452582359313965,-0.2622409462928772,-0.05776965618133545,-0.2514932155609131,-0.05187726020812988,-0.3291422128677368,-0.04170811176300049,-0.2396753430366516,-0.040389835834503174,-0.16736215353012085,-0.012024343013763428,-0.24044686555862427,-0.004512369632720947,-0.2922303080558777,-0.005787909030914307,-0.19686567783355713,-0.010500133037567139,-0.1288365125656128,0.03344208002090454,-0.2242693305015564,0.03474855422973633,-0.2693988084793091,0.0277368426322937,-0.20427340269088745,0.02231353521347046,-0.1576177477836609
0.0,0.0,-0.07204151153564453,-0.05971711874008179,-0.10637235641479492,-0.17824405431747437,-0.09635528922080994,-0.2854543924331665,-0.08246147632598877,-0.36288315057754517,-0.10919421911239624,-0.2492612600326538,-0.12208616733551025,-0.36021387577056885,-0.101421058177948,-0.3162493109703064,-0.0844045877456665,-0.2586662173271179,-0.06020897626876831,-0.25016915798187256,-0.05356645584106445,-0.3277525305747986,-0.04220080375671387,-0.23694771528244019,-0.0402793288230896,-0.1654161810874939,-0.014489889144897461,-0.23808932304382324,-0.006689190864562988,-0.2908216714859009,-0.006774425506591797,-0.19467931985855103,-0.0107421875,-0.1276063323020935,0.031020939350128174,-0.22031885385513306,0.03262263536453247,-0.26853716373443604,0.026727139949798584,-0.20244574546813965,0.02220296859741211,-0.15525752305984497
0.0,0.0,-0.07244032621383667,-0.05822795629501343,-0.10723298788070679,-0.17846089601516724,-0.09595105051994324,-0.28583967685699463,-0.07950377464294434,-0.36184659600257874,-0.10676470398902893,-0.2518428564071655,-0.11978793144226074,-0.362112820148468,-0.09902822971343994,-0.3186572194099426,-0.08184623718261719,-0.26043206453323364,-0.05718761682510376,-0.2529817819595337,-0.051294028759002686,-0.3295062184333801,-0.04109710454940796,-0.23767715692520142,-0.03986090421676636,-0.16544532775878906,-0.011693954467773438,-0.24185484647750854,-0.004457414150238037,-0.29319310188293457,-0.005738556385040283,-0.19594943523406982,-0.009763181209564209,-0.127635657787323,0.03366971015930176,-0.2252674102783203,0.03428155183792114,-0.26993483304977417,0.028177380561828613,-0.20289605855941772,0.024546563625335693,-0.15623068809509277
0.0,0.0,-0.07102799415588379,-0.05778402090072632,-0.10584330558776855,-0.1782466173171997,-0.09695422649383545,-0.28627657890319824,-0.08267337083816528,-0.3641541302204132,-0.10674324631690979,-0.2510727047920227,-0.11994493007659912,-0.36108362674713135,-0.09937846660614014,-0.3172011375427246,-0.08214426040649414,-0.2590511441230774,-0.0579642653465271,-0.25248128175735474,-0.05218064785003662,-0.32950782775878906,-0.04188579320907593,-0.2386457920074463,-0.03992205858230591,-0.1677778959274292,-0.012383043766021729,-0.24067360162734985,-0.004928767681121826,-0.2930055260658264,-0.0062621235847473145,-0.19627279043197632,-0.010036766529083252,-0.1299850344657898,0.033508360385894775,-0.2231042981147766,0.03445279598236084,-0.26902657747268677,0.02713322639465332,-0.20220404863357544,0.022616565227508545,-0.15649569034576416
0.0,0.0,-0.07190924882888794,-0.05992347002029419,-0.10638228058815002,-0.18068599700927734,-0.09882339835166931,-0.2885481119155884,-0.08340686559677124,-0.36506301164627075,-0.10641330480575562,-0.251353919506073,-0.11965891718864441,-0.3612610697746277,-0.09901922941207886,-0.3191724419593811,-0.08241361379623413,-0.2620083689689636,-0.05772620439529419,-0.25198274850845337,-0.05013763904571533,-0.32853132486343384,-0.04028511047363281,-0.23952335119247437,-0.040203750133514404,-0.16812735795974731,-0.012507379055023193,-0.23996639251708984,-0.0032639503479003906,-0.2910430431365967,-0.004662692546844482,-0.19586122035980225,-0.010233283042907715,-0.12884467840194702,0.03253912925720215,-0.22256672382354736,0.03543180227279663,-0.2690879702568054,0.02901136875152588,-0.20335990190505981,0.023535609245300293,-0.15647834539413452
0.0,0.0,-0.07178539037704468,-0.05879783630371094,-0.10719931125640869,-0.17746365070343018,-0.09928017854690552,-0.28473949432373047,-0.08563309907913208,-0.36104676127433777,-0.10876905918121338,-0.24924558401107788,-0.12199389934539795,-0.35739412903785706,-0.10156908631324768,-0.31629133224487305,-0.08425158262252808,-0.25884509086608887,-0.05913114547729492,-0.24915480613708496,-0.05360710620880127,-0.3264651298522949,-0.0424380898475647,-0.2366587519645691,-0.040284574031829834,-0.16361457109451294,-0.012911498546600342,-0.2370089888572693,-0.005433380603790283,-0.28881967067718506,-0.005712389945983887,-0.19233393669128418,-0.010323286056518555,-0.12396156787872314,0.03249514102935791,-0.21882981061935425,0.0340692400932312,-0.2663431763648987,0.028148531913757324,-0.19916266202926636,0.022932708263397217,-0.15102684497833252
