0.0,0.0,-0.037907034158706665,-0.020959913730621338,-0.04806157946586609,-0.0614355206489563,-0.016908466815948486,-0.08148211240768433,0.01676887273788452,-0.0921143889427185,-0.04080575704574585,-0.1653159260749817,-0.06801259517669678,-0.27049607038497925,-0.08082029223442078,-0.33590131998062134,-0.09128382802009583,-0.39065027236938477,0.006328314542770386,-0.16284871101379395,0.030531257390975952,-0.2829574942588806,0.05334874987602234,-0.34936171770095825,0.07164767384529114,-0.4075336456298828,0.04401758313179016,-0.1340199112892151,0.049913614988327026,-0.14143621921539307,0.029017776250839233,-0.09002506732940674,0.014567941427230835,-0.05929666757583618,0.07196101546287537,-0.0933997631072998,0.0698489248752594,-0.09099197387695312,0.05135926604270935,-0.057632625102996826,0.03825053572654724,-0.03560727834701538
0.0,0.0,-0.04234135150909424,-0.03659093379974365,-0.05440869927406311,-0.10272175073623657,-0.0013155937194824219,-0.1482793688774109,0.049585700035095215,-0.185929536819458,-0.05339065194129944,-0.26872336864471436,-0.08253926038742065,-0.3813406825065613,-0.09960156679153442,-0.4563819169998169,-0.11295601725578308,-0.5200375318527222,-0.0022861063480377197,-0.2709815502166748,0.01977527141571045,-0.39804843068122864,0.03925579786300659,-0.47689127922058105,0.05760300159454346,-0.5469969511032104,0.03573864698410034,-0.23478245735168457,0.062226951122283936,-0.24999892711639404,0.03726416826248169,-0.18680894374847412,0.01837247610092163,-0.1522884964942932,0.06143534183502197,-0.18167060613632202,0.07818740606307983,-0.1858035922050476,0.05263698101043701,-0.14455759525299072,0.028815150260925293,-0.12242001295089722
0.0,0.0,-0.04465365409851074,-0.03619784116744995,-0.056479185819625854,-0.10652804374694824,-0.0008871555328369141,-0.15179020166397095,0.05444002151489258,-0.1868411898612976,-0.05424422025680542,-0.2682877779006958,-0.07810106873512268,-0.38625216484069824,-0.09245416522026062,-0.46384477615356445,-0.10389953851699829,-0.529792845249176,-0.003564178943634033,-0.27215057611465454,0.019697070121765137,-0.4019678235054016,0.039537131786346436,-0.48486077785491943,0.057550013065338135,-0.5571746826171875,0.03459078073501587,-0.23829573392868042,0.06124800443649292,-0.2516205906867981,0.03656291961669922,-0.18520742654800415,0.016150712966918945,-0.14795160293579102,0.06136369705200195,-0.18805748224258423,0.07979804277420044,-0.1873754858970642,0.05296963453292847,-0.1448512077331543,0.02552133798599243,-0.1222946047782898
0.0,0.0,-0.04515686631202698,-0.03651219606399536,-0.05738675594329834,-0.10616856813430786,-0.0035544633865356445,-0.1516222357749939,0.04943561553955078,-0.18897587060928345,-0.05341753363609314,-0.27316200733184814,-0.07993906736373901,-0.391196072101593,-0.096157968044281,-0.4697282016277313,-0.10911479592323303,-0.535800576210022,-0.0014192461967468262,-0.27565068006515503,0.020089387893676758,-0.4059510827064514,0.03860968351364136,-0.48944228887557983,0.05540740489959717,-0.5612910091876984,0.03797692060470581,-0.24041569232940674,0.06014066934585571,-0.25319284200668335,0.03496307134628296,-0.18477821350097656,0.015434503555297852,-0.14733564853668213,0.06580758094787598,-0.18912875652313232,0.08029037714004517,-0.19313198328018188,0.05392342805862427,-0.14843636751174927,0.029121875762939453,-0.12490886449813843
0.0,0.0,-0.044717937707901,-0.03730064630508423,-0.05810478329658508,-0.10668396949768066,-0.005115985870361328,-0.15289610624313354,0.048016130924224854,-0.18990784883499146,-0.05300113558769226,-0.2723732590675354,-0.07890725135803223,-0.390777587890625,-0.09472185373306274,-0.46960121393203735,-0.10751283168792725,-0.5354930758476257,-0.0017110705375671387,-0.2757301926612854,0.016546189785003662,-0.40561363101005554,0.032826781272888184,-0.4881695508956909,0.047564566135406494,-0.5587817430496216,0.03762984275817871,-0.24181222915649414,0.06008923053741455,-0.252515971660614,0.035708725452423096,-0.18616211414337158,0.015805542469024658,-0.15052729845046997,0.06556439399719238,-0.19155055284500122,0.07975941896438599,-0.1912422776222229,0.053220272064208984,-0.148190438747406,0.027400493621826172,-0.12719488143920898
0.0,0.0,-0.04393777251243591,-0.035972774028778076,-0.0560283362865448,-0.10595196485519409,-0.0019320249557495117,-0.1519836187362671,0.05100703239440918,-0.18961679935455322,-0.05308923125267029,-0.27078157663345337,-0.079569011926651,-0.38803279399871826,-0.09593099355697632,-0.46701759099960327,-0.10979452729225159,-0.5336043834686279,-0.0020963549613952637,-0.27457404136657715,0.015606582164764404,-0.4031602740287781,0.03108292818069458,-0.4859694838523865,0.044660985469818115,-0.557113379240036,0.037156879901885986,-0.24070042371749878,0.05983865261077881,-0.2510725259780884,0.035967230796813965,-0.18282705545425415,0.016369640827178955,-0.1451857089996338,0.06507450342178345,-0.1900823712348938,0.07973653078079224,-0.18867498636245728,0.05381667613983154,-0.14354395866394043,0.028996169567108154,-0.1206095814704895
0.0,0.0,-0.044498056173324585,-0.03752690553665161,-0.05677080154418945,-0.1055634617805481,-0.0041237473487854,-0.15432053804397583,0.04699426889419556,-0.19206774234771729,-0.057203710079193115,-0.2715168595314026,-0.08331829309463501,-0.3886306881904602,-0.0989278256893158,-0.46674904227256775,-0.11231744289398193,-0.5317663252353668,-0.006516873836517334,-0.2759501338005066,0.010451972484588623,-0.4056971073150635,0.025747716426849365,-0.4878078103065491,0.03915446996688843,-0.5575359761714935,0.03269827365875244,-0.24300915002822876,0.05466490983963013,-0.2502356171607971,0.03166079521179199,-0.18528389930725098,0.01316523551940918,-0.15020090341567993,0.05984330177307129,-0.19298183917999268,0.07415956258773804,-0.19225549697875977,0.04984503984451294,-0.1490333080291748,0.027049243450164795,-0.12658387422561646
0.0,0.0,-0.044472694396972656,-0.0384904146194458,-0.057380467653274536,-0.10861426591873169,-0.005455672740936279,-0.1583646535873413,0.04580354690551758,-0.19572633504867554,-0.05423411726951599,-0.2741321325302124,-0.08011394739151001,-0.3900616765022278,-0.09575709700584412,-0.46738201379776,-0.10907483100891113,-0.5312059223651886,-0.004386454820632935,-0.2776927947998047,0.011735320091247559,-0.4081932306289673,0.02517646551132202,-0.49077901244163513,0.03722977638244629,-0.5602684020996094,0.03428769111633301,-0.24380755424499512,0.0526653528213501,-0.25745946168899536,0.029541730880737305,-0.19249498844146729,0.012452423572540283,-0.15492820739746094,0.060833513736724854,-0.19250035285949707,0.07218027114868164,-0.19661426544189453,0.04706764221191406,-0.15349572896957397,0.025115370750427246,-0.12885582447052002
0.0,0.0,-0.044715434312820435,-0.036902427673339844,-0.05859172344207764,-0.10601484775543213,-0.007969528436660767,-0.152479887008667,0.04241466522216797,-0.18818390369415283,-0.05494427680969238,-0.26964712142944336,-0.08110466599464417,-0.3850092887878418,-0.09732690453529358,-0.46148088574409485,-0.11049157381057739,-0.5249438285827637,-0.004957765340805054,-0.2735457420349121,0.010351896286010742,-0.4008108973503113,0.023099064826965332,-0.48234692215919495,0.03479909896850586,-0.551507294178009,0.03405708074569702,-0.24158138036727905,0.054463207721710205,-0.2531667947769165,0.031908631324768066,-0.18897473812103271,0.01394355297088623,-0.15177202224731445,0.061196088790893555,-0.19315367937088013,0.0738745927810669,-0.19410455226898193,0.049506187438964844,-0.1509305238723755,0.026757478713989258,-0.12685418128967285
0.0,0.0,-0.045610129833221436,-0.03545349836349487,-0.06008461117744446,-0.10553628206253052,-0.009389698505401611,-0.15392446517944336,0.04314577579498291,-0.18910086154937744,-0.05745556950569153,-0.26733946800231934,-0.0833590030670166,-0.3843006491661072,-0.09900891780853271,-0.46166014671325684,-0.1119423508644104,-0.525924414396286,-0.006862729787826538,-0.27338868379592896,0.008572101593017578,-0.4005438983440399,0.02217996120452881,-0.48293209075927734,0.03441035747528076,-0.5528985857963562,0.03268545866012573,-0.24288278818130493,0.05024749040603638,-0.2506721615791321,0.02832651138305664,-0.18581533432006836,0.01155555248260498,-0.14871877431869507,0.060344696044921875,-0.19586193561553955,0.06926792860031128,-0.1930350661277771,0.044918596744537354,-0.15064221620559692,0.023012220859527588,-0.12799173593521118
0.0,0.0,-0.04465547204017639,-0.03685629367828369,-0.059089481830596924,-0.10662233829498291,-0.011248886585235596,-0.154829204082489,0.039732784032821655,-0.1890769600868225,-0.058701783418655396,-0.27046406269073486,-0.08456134796142578,-0.38856762647628784,-0.10054203867912292,-0.465953528881073,-0.11354240775108337,-0.5300781726837158,-0.008374452590942383,-0.2742946743965149,0.006935089826583862,-0.40347182750701904,0.020137876272201538,-0.48686712980270386,0.032168835401535034,-0.5579280257225037,0.031934529542922974,-0.24259185791015625,0.0501801073551178,-0.25639110803604126,0.028039246797561646,-0.19140750169754028,0.010784775018692017,-0.1523195505142212,0.06078103184700012,-0.19419831037521362,0.07005289196968079,-0.19829463958740234,0.04626426100730896,-0.1559717059135437,0.02481052279472351,-0.13105404376983643
0.0,0.0,-0.045002281665802,-0.03686004877090454,-0.059136152267456055,-0.10560089349746704,-0.011657893657684326,-0.15081393718719482,0.038733333349227905,-0.1839277148246765,-0.05870506167411804,-0.26788896322250366,-0.08557859063148499,-0.3847184181213379,-0.10182484984397888,-0.46131521463394165,-0.11524003744125366,-0.5255333185195923,-0.009050577878952026,-0.2719794511795044,0.006456047296524048,-0.40067431330680847,0.020019739866256714,-0.4838414788246155,0.03239980340003967,-0.555955171585083,0.030458956956863403,-0.24066627025604248,0.048892050981521606,-0.24842596054077148,0.026562601327896118,-0.18290895223617554,0.00904497504234314,-0.14584147930145264,0.0584048330783844,-0.19285732507705688,0.06881287693977356,-0.1927458643913269,0.044701606035232544,-0.14911431074142456,0.022452086210250854,-0.12507396936416626
0.0,0.0,-0.04387778043746948,-0.03631776571273804,-0.0573311448097229,-0.10395032167434692,-0.012647151947021484,-0.15048819780349731,0.03624826669692993,-0.18459194898605347,-0.06187000870704651,-0.2681242823600769,-0.09028977155685425,-0.38488635420799255,-0.1071614921092987,-0.4612267017364502,-0.12067249417304993,-0.5246222913265228,-0.012588590383529663,-0.27216845750808716,0.002220749855041504,-0.4021533727645874,0.015046834945678711,-0.485356867313385,0.027097642421722412,-0.556492269039154,0.027224183082580566,-0.2410750389099121,0.044850170612335205,-0.24888628721237183,0.02334350347518921,-0.1842784285545349,0.007094919681549072,-0.14771372079849243,0.05512034893035889,-0.1935485601425171,0.06547337770462036,-0.195858895778656,0.04238098859786987,-0.15267086029052734,0.02182590961456299,-0.12777847051620483
0.0,0.0,-0.043796151876449585,-0.036647915840148926,-0.05753302574157715,-0.10678040981292725,-0.014058917760848999,-0.1519085168838501,0.03303945064544678,-0.18489021062850952,-0.06293213367462158,-0.2677209973335266,-0.0914231538772583,-0.38576215505599976,-0.10833233594894409,-0.46102333068847656,-0.12172111868858337,-0.5243639349937439,-0.012842446565628052,-0.2737492322921753,0.0014436542987823486,-0.4037950038909912,0.013602614402770996,-0.488092303276062,0.0248640775680542,-0.5598442852497101,0.027946054935455322,-0.2441301941871643,0.04156011343002319,-0.2561536431312561,0.021380603313446045,-0.19324278831481934,0.007049649953842163,-0.15520977973937988,0.056848108768463135,-0.19757616519927979,0.06171327829360962,-0.19647979736328125,0.039244771003723145,-0.1540285348892212,0.020500361919403076,-0.12898439168930054
0.0,0.0,-0.043838828802108765,-0.037804245948791504,-0.05728977918624878,-0.10547149181365967,-0.01214754581451416,-0.15101665258407593,0.03729856014251709,-0.1840144395828247,-0.0626656711101532,-0.2707747220993042,-0.09057730436325073,-0.38747236132621765,-0.10738056898117065,-0.46263623237609863,-0.12099412083625793,-0.5258930921554565,-0.013584315776824951,-0.27669185400009155,0.0008996129035949707,-0.4058578312397003,0.01347208023071289,-0.4890991449356079,0.02505314350128174,-0.5602713525295258,0.025930404663085938,-0.24700427055358887,0.04200547933578491,-0.2538059949874878,0.021186411380767822,-0.18873131275177002,0.005474746227264404,-0.15147334337234497,0.0543513298034668,-0.20114821195602417,0.06405812501907349,-0.19876283407211304,0.041402339935302734,-0.155042827129364,0.021269917488098145,-0.12968719005584717
0.0,0.0,-0.0445995032787323,-0.036609947681427,-0.0583682656288147,-0.1049966812133789,-0.014418840408325195,-0.1507989764213562,0.03470867872238159,-0.18396413326263428,-0.06376025080680847,-0.26952338218688965,-0.09222966432571411,-0.3858969211578369,-0.10960036516189575,-0.4608103334903717,-0.12391319870948792,-0.5239154100418091,-0.014443159103393555,-0.2759179472923279,-0.00035372376441955566,-0.40574899315834045,0.01170051097869873,-0.4892696738243103,0.022539079189300537,-0.5606948733329773,0.02552485466003418,-0.24661529064178467,0.04022270441055298,-0.2530069351196289,0.020022928714752197,-0.18733692169189453,0.004947781562805176,-0.1494743824005127,0.05393487215042114,-0.20080840587615967,0.06219226121902466,-0.19969308376312256,0.04043835401535034,-0.15543776750564575,0.02118074893951416,-0.1294427514076233
0.0,0.0,-0.044273048639297485,-0.03609877824783325,-0.058563828468322754,-0.10363870859146118,-0.014100641012191772,-0.1509827971458435,0.03441500663757324,-0.18680834770202637,-0.06464329361915588,-0.2706548571586609,-0.09371894598007202,-0.38726162910461426,-0.1110183596611023,-0.4629509449005127,-0.12516066431999207,-0.5263258814811707,-0.01519697904586792,-0.2771762013435364,-0.0008404552936553955,-0.4076414108276367,0.011185944080352783,-0.49171918630599976,0.022114813327789307,-0.5624839067459106,0.024967968463897705,-0.24775272607803345,0.04205113649368286,-0.2552145719528198,0.021273493766784668,-0.18974173069000244,0.005237460136413574,-0.15170198678970337,0.0539587140083313,-0.20153772830963135,0.06494754552841187,-0.20190048217773438,0.042214155197143555,-0.15763109922409058,0.02120572328567505,-0.13145989179611206
0.0,0.0,-0.04671385884284973,-0.037082552909851074,-0.06267997622489929,-0.10594022274017334,-0.01755744218826294,-0.14999210834503174,0.030600816011428833,-0.18346142768859863,-0.06658461689949036,-0.271609365940094,-0.09670791029930115,-0.3888578712940216,-0.11446577310562134,-0.46460628509521484,-0.12916770577430725,-0.5284594595432281,-0.0158674418926239,-0.27787941694259644,-0.003106415271759033,-0.40713971853256226,0.008374303579330444,-0.4918052852153778,0.019052118062973022,-0.5638986825942993,0.02536138892173767,-0.24807488918304443,0.03818288445472717,-0.25308752059936523,0.017768174409866333,-0.18828821182250977,0.0029092133045196533,-0.15072733163833618,0.05493608117103577,-0.20117908716201782,0.0602860152721405,-0.1966404914855957,0.03705742955207825,-0.15240347385406494,0.017162054777145386,-0.1272186040878296
0.0,0.0,-0.048216670751571655,-0.03885364532470703,-0.06460106372833252,-0.10908085107803345,-0.019976764917373657,-0.15281224250793457,0.026707351207733154,-0.18799030780792236,-0.06572863459587097,-0.2749180793762207,-0.09516134858131409,-0.3918129801750183,-0.11319869756698608,-0.46694809198379517,-0.12826526165008545,-0.530554860830307,-0.015080928802490234,-0.28166890144348145,-0.004849851131439209,-0.41176629066467285,0.004004865884780884,-0.4965479373931885,0.012255430221557617,-0.5693411231040955,0.02586120367050171,-0.2518380284309387,0.034469664096832275,-0.25800371170043945,0.014955848455429077,-0.19324642419815063,0.001801609992980957,-0.15555673837661743,0.054218411445617676,-0.2042834758758545,0.0557367205619812,-0.19788438081741333,0.0331195592880249,-0.15331780910491943,0.015425622463226318,-0.12790995836257935
0.0,0.0,-0.04976761341094971,-0.03789472579956055,-0.06679296493530273,-0.10997933149337769,-0.019634336233139038,-0.1550111174583435,0.029203474521636963,-0.18851220607757568,-0.06769239902496338,-0.27461135387420654,-0.09777387976646423,-0.39102908968925476,-0.11545717716217041,-0.4662717878818512,-0.13002312183380127,-0.5286608636379242,-0.015703588724136353,-0.2817642092704773,-0.004434734582901001,-0.41272228956222534,0.00467604398727417,-0.49829602241516113,0.013467639684677124,-0.5709182322025299,0.026094138622283936,-0.251395046710968,0.036325156688690186,-0.25928711891174316,0.01540827751159668,-0.1940213441848755,0.0010890662670135498,-0.15567094087600708,0.055319249629974365,-0.20294427871704102,0.05846107006072998,-0.19762980937957764,0.034568727016448975,-0.15335851907730103,0.014877498149871826,-0.12801581621170044
0.0,0.0,-0.04642477631568909,-0.0352553129196167,-0.0626392662525177,-0.10386216640472412,-0.015350669622421265,-0.1474573016166687,0.034382164478302,-0.182878315448761,-0.06507796049118042,-0.27071887254714966,-0.09477734565734863,-0.38692373037338257,-0.1127658486366272,-0.4629536271095276,-0.12770527601242065,-0.527949333190918,-0.013840645551681519,-0.27827930450439453,-0.0015663504600524902,-0.4091861844062805,0.008332312107086182,-0.49351179599761963,0.017024993896484375,-0.5666188597679138,0.02716052532196045,-0.2485184669494629,0.04166930913925171,-0.25554996728897095,0.021512746810913086,-0.18764108419418335,0.006008654832839966,-0.14920133352279663,0.05614674091339111,-0.2011081576347351,0.06406939029693604,-0.19632327556610107,0.04018062353134155,-0.15008920431137085,0.018249571323394775,-0.124836266040802
0.0,0.0,-0.04414677619934082,-0.03720885515213013,-0.057198673486709595,-0.10729038715362549,-0.010716408491134644,-0.15250778198242188,0.03716602921485901,-0.18706399202346802,-0.0564916729927063,-0.2723537087440491,-0.08614048361778259,-0.3887186646461487,-0.10408824682235718,-0.4656534194946289,-0.11904904246330261,-0.5305663347244263,-0.006442427635192871,-0.27946579456329346,0.004418045282363892,-0.40976259112358093,0.013363629579544067,-0.49505507946014404,0.021300703287124634,-0.5688299834728241,0.03400269150733948,-0.24974852800369263,0.04616937041282654,-0.2542582154273987,0.025816768407821655,-0.18712455034255981,0.010557979345321655,-0.14898914098739624,0.06247064471244812,-0.20249319076538086,0.06848892569541931,-0.19534993171691895,0.04441925883293152,-0.14986222982406616,0.023429423570632935,-0.12558168172836304
0.0,0.0,-0.04349637031555176,-0.03694963455200195,-0.05693608522415161,-0.104991614818573,-0.012612074613571167,-0.15070807933807373,0.034841448068618774,-0.18570077419281006,-0.058142006397247314,-0.2729915976524353,-0.08775091171264648,-0.38868582248687744,-0.10547533631324768,-0.46456027030944824,-0.1199769377708435,-0.5281258225440979,-0.008680731058120728,-0.2791195511817932,0.0031207799911499023,-0.40826815366744995,0.012370854616165161,-0.4921647906303406,0.02092006802558899,-0.5630395710468292,0.031196624040603638,-0.24893248081207275,0.04457417130470276,-0.25451362133026123,0.0236835777759552,-0.18890738487243652,0.008102834224700928,-0.15073728561401367,0.059244781732559204,-0.2018170952796936,0.06701859831809998,-0.1985267996788025,0.04350528120994568,-0.15409237146377563,0.02277788519859314,-0.12882190942764282
0.0,0.0,-0.044423192739486694,-0.03875863552093506,-0.05710715055465698,-0.10883694887161255,-0.01149362325668335,-0.15230578184127808,0.035596221685409546,-0.18580955266952515,-0.057838499546051025,-0.2735491991043091,-0.08676621317863464,-0.38893675804138184,-0.10448196530342102,-0.46457940340042114,-0.11905834078788757,-0.528512179851532,-0.007790744304656982,-0.2782507538795471,0.0064973533153533936,-0.40684273838996887,0.018001645803451538,-0.4905009865760803,0.028692275285720825,-0.562614232301712,0.03213724493980408,-0.24673396348953247,0.04587063193321228,-0.25307607650756836,0.02433064579963684,-0.1872043013572693,0.008900344371795654,-0.14998960494995117,0.059843748807907104,-0.19811487197875977,0.0678376853466034,-0.19626754522323608,0.043800145387649536,-0.1519426703453064,0.023057252168655396,-0.12719547748565674
0.0,0.0,-0.04146623611450195,-0.03471195697784424,-0.05363243818283081,-0.10165399312973022,-0.007778733968734741,-0.14632058143615723,0.04163816571235657,-0.18060290813446045,-0.05766606330871582,-0.2660316824913025,-0.08797594904899597,-0.38308781385421753,-0.10582521557807922,-0.45988959074020386,-0.1199706494808197,-0.5249002873897552,-0.008601844310760498,-0.2721632122993469,0.005529552698135376,-0.40218621492385864,0.017452329397201538,-0.4862250089645386,0.028444617986679077,-0.5581290423870087,0.030868977308273315,-0.24230223894119263,0.04750600457191467,-0.248507559299469,0.026327401399612427,-0.18160271644592285,0.010474711656570435,-0.14329159259796143,0.05864325165748596,-0.1960834264755249,0.06995180249214172,-0.19343405961990356,0.04657408595085144,-0.14798104763031006,0.025860100984573364,-0.1221848726272583
0.0,0.0,-0.044986188411712646,-0.03613680601119995,-0.05915629863739014,-0.10392719507217407,-0.012059569358825684,-0.14859038591384888,0.03780969977378845,-0.1830763816833496,-0.06035351753234863,-0.2710651159286499,-0.09060627222061157,-0.3871254324913025,-0.1085762083530426,-0.4641371965408325,-0.12305265665054321,-0.5289068520069122,-0.009509742259979248,-0.2770782709121704,0.004554480314254761,-0.40523144602775574,0.01599135994911194,-0.4889718294143677,0.026604443788528442,-0.5607765018939972,0.03082326054573059,-0.2466282844543457,0.044925302267074585,-0.25092631578445435,0.022520631551742554,-0.18374156951904297,0.005977898836135864,-0.1467570662498474,0.059433430433273315,-0.1995863914489746,0.0673551857471466,-0.19489163160324097,0.04220476746559143,-0.15020185708999634,0.02009376883506775,-0.1270429491996765
0.0,0.0,-0.044410645961761475,-0.034500300884246826,-0.060074687004089355,-0.10103112459182739,-0.015319973230361938,-0.14540833234786987,0.03574496507644653,-0.18075740337371826,-0.06102314591407776,-0.2701109051704407,-0.09147977828979492,-0.3858765959739685,-0.10963431000709534,-0.46287065744400024,-0.1239389181137085,-0.5280936062335968,-0.01005542278289795,-0.27666664123535156,0.0039525628089904785,-0.40504685044288635,0.01573944091796875,-0.4894258677959442,0.026690781116485596,-0.5623674690723419,0.030302226543426514,-0.2467736005783081,0.04360467195510864,-0.24842888116836548,0.022355854511260986,-0.1809489130973816,0.006864309310913086,-0.14421045780181885,0.058929502964019775,-0.20038050413131714,0.0651436448097229,-0.19131267070770264,0.04047966003417969,-0.14577609300613403,0.01880747079849243,-0.12265747785568237
0.0,0.0,-0.04615101218223572,-0.03776437044143677,-0.060015708208084106,-0.10855549573898315,-0.012217283248901367,-0.15265345573425293,0.037105292081832886,-0.18683063983917236,-0.06091538071632385,-0.2719646096229553,-0.09140586853027344,-0.38716477155685425,-0.10976192355155945,-0.46357461810112,-0.12475541234016418,-0.5281488001346588,-0.009941160678863525,-0.27822935581207275,0.004321843385696411,-0.40720295906066895,0.01570078730583191,-0.49186021089553833,0.0262739360332489,-0.5643445253372192,0.0305652916431427,-0.24813950061798096,0.04394462704658508,-0.2542579770088196,0.021710246801376343,-0.18660324811935425,0.005815267562866211,-0.14834469556808472,0.059515565633773804,-0.20138686895370483,0.06706288456916809,-0.19908839464187622,0.04196938872337341,-0.15333598852157593,0.020261436700820923,-0.12836092710494995
0.0,0.0,-0.045051634311676025,-0.038583576679229736,-0.059132128953933716,-0.10790508985519409,-0.01355522871017456,-0.1530742049217224,0.034856975078582764,-0.1880689263343811,-0.05985364317893982,-0.2720032334327698,-0.090298593044281,-0.3888808488845825,-0.10891449451446533,-0.4649943709373474,-0.12384903430938721,-0.5296913087368011,-0.009200036525726318,-0.27906161546707153,0.003499656915664673,-0.4096684157848358,0.014995336532592773,-0.49479788541793823,0.025783836841583252,-0.5665967464447021,0.03107243776321411,-0.24968206882476807,0.04148012399673462,-0.255958616733551,0.020892798900604248,-0.19035100936889648,0.006365150213241577,-0.15209174156188965,0.05971109867095947,-0.20349597930908203,0.06466317176818848,-0.20014894008636475,0.0410844087600708,-0.15536248683929443,0.021069228649139404,-0.12970370054244995
0.0,0.0,-0.04555386304855347,-0.03578144311904907,-0.06017273664474487,-0.1045730710029602,-0.012258589267730713,-0.1474841833114624,0.03941702842712402,-0.1797802448272705,-0.061887502670288086,-0.2683377265930176,-0.0920671820640564,-0.38472044467926025,-0.1099780797958374,-0.4606691002845764,-0.12470406293869019,-0.5252792239189148,-0.010573029518127441,-0.2766631245613098,0.0028127431869506836,-0.40581539273262024,0.014518916606903076,-0.4899454116821289,0.025435686111450195,-0.5615628361701965,0.030305027961730957,-0.247874915599823,0.04198998212814331,-0.2503296136856079,0.021198034286499023,-0.18434679508209229,0.006550401449203491,-0.1471322774887085,0.05940932035446167,-0.20256102085113525,0.0650600790977478,-0.19332659244537354,0.04141581058502197,-0.14840340614318848,0.021267354488372803,-0.12437289953231812
0.0,0.0,-0.04677596688270569,-0.03534752130508423,-0.06441378593444824,-0.10167688131332397,-0.02012234926223755,-0.14509057998657227,0.02933967113494873,-0.1803661584854126,-0.0663500428199768,-0.2696482539176941,-0.09788104891777039,-0.38517022132873535,-0.11678564548492432,-0.4608590006828308,-0.1321580708026886,-0.5251277387142181,-0.01518183946609497,-0.2763422727584839,-0.002828747034072876,-0.40591704845428467,0.007497012615203857,-0.49045276641845703,0.017048001289367676,-0.5619469881057739,0.026009738445281982,-0.24676811695098877,0.038533926010131836,-0.25157445669174194,0.01792234182357788,-0.18488049507141113,0.002578645944595337,-0.14668750762939453,0.05534714460372925,-0.1999620795249939,0.06162470579147339,-0.19544410705566406,0.038628578186035156,-0.14970827102661133,0.018325209617614746,-0.12388849258422852
0.0,0.0,-0.04824131727218628,-0.03817856311798096,-0.06700929999351501,-0.10952901840209961,-0.020726382732391357,-0.1502082347869873,0.02919211983680725,-0.18214333057403564,-0.06419110298156738,-0.26914799213409424,-0.09618750214576721,-0.38235753774642944,-0.11554691195487976,-0.4565942883491516,-0.13098248839378357,-0.5197025537490845,-0.013005614280700684,-0.27662795782089233,-0.003055095672607422,-0.407049298286438,0.005665510892868042,-0.4908671975135803,0.014905571937561035,-0.5633781254291534,0.02823472023010254,-0.24729615449905396,0.03296056389808655,-0.2523724436759949,0.012524604797363281,-0.1859777569770813,0.0003923475742340088,-0.1484805941581726,0.05734589695930481,-0.20043277740478516,0.054095834493637085,-0.19119977951049805,0.03091791272163391,-0.14578306674957275,0.014370888471603394,-0.12110024690628052
0.0,0.0,-0.049450576305389404,-0.03572756052017212,-0.06863367557525635,-0.10484826564788818,-0.02375870943069458,-0.1477985382080078,0.025787174701690674,-0.1833673119544983,-0.0694744884967804,-0.2671266794204712,-0.10060936212539673,-0.38123399019241333,-0.11930230259895325,-0.4552648961544037,-0.13374483585357666,-0.5190611183643341,-0.017191708087921143,-0.27610623836517334,-0.0066877007484436035,-0.40602555871009827,0.0021805763244628906,-0.49015605449676514,0.011349678039550781,-0.5622878074645996,0.02513575553894043,-0.2476993203163147,0.030410349369049072,-0.25553542375564575,0.01153939962387085,-0.18906331062316895,9.775161743164062e-05,-0.1514175534248352,0.055285632610321045,-0.20209085941314697,0.05340760946273804,-0.19548946619033813,0.03138250112533569,-0.1504840850830078,0.01487499475479126,-0.12633895874023438
0.0,0.0,-0.05044353008270264,-0.036148905754089355,-0.07007375359535217,-0.10446387529373169,-0.02432122826576233,-0.1455388069152832,0.026038944721221924,-0.17796796560287476,-0.07015785574913025,-0.26472723484039307,-0.10172280669212341,-0.37869781255722046,-0.12029796838760376,-0.4527507722377777,-0.13488170504570007,-0.5163501799106598,-0.01780492067337036,-0.27435630559921265,-0.00747033953666687,-0.4044448137283325,0.0018534958362579346,-0.4890008568763733,0.011458277702331543,-0.5617785453796387,0.02482008934020996,-0.2460595965385437,0.028684675693511963,-0.24961388111114502,0.00984257459640503,-0.183338463306427,-0.0009551942348480225,-0.1459183692932129,0.0550803542137146,-0.2003985047340393,0.05070012807846069,-0.18868160247802734,0.028635919094085693,-0.1439204216003418,0.012494802474975586,-0.12010914087295532
0.0,0.0,-0.04987117648124695,-0.031268537044525146,-0.0735989511013031,-0.09529972076416016,-0.02892288565635681,-0.13779675960540771,0.022261202335357666,-0.17598247528076172,-0.0739058256149292,-0.2620641589164734,-0.10547292232513428,-0.3769363760948181,-0.12481558322906494,-0.450192391872406,-0.13922160863876343,-0.5141788423061371,-0.020619511604309082,-0.27264535427093506,-0.010656952857971191,-0.4028052091598511,-0.0015806257724761963,-0.4878530204296112,0.00797310471534729,-0.5615377426147461,0.02238011360168457,-0.2449626326560974,0.025856733322143555,-0.2486991286277771,0.0072616636753082275,-0.180530846118927,-0.0037830471992492676,-0.14175373315811157,0.053147733211517334,-0.1998388171195984,0.04826545715332031,-0.18660420179367065,0.026814818382263184,-0.1404305100440979,0.010898590087890625,-0.11532366275787354
0.0,0.0,-0.051157861948013306,-0.029453277587890625,-0.0764022171497345,-0.09253507852554321,-0.03350481390953064,-0.13306647539138794,0.017728745937347412,-0.17086321115493774,-0.07797536253929138,-0.2610863447189331,-0.11087870597839355,-0.3760107159614563,-0.13091999292373657,-0.4491347074508667,-0.14602410793304443,-0.5136218070983887,-0.024677962064743042,-0.27267199754714966,-0.01564735174179077,-0.4030945897102356,-0.007736951112747192,-0.4890110492706299,0.00035068392753601074,-0.5652743577957153,0.018703699111938477,-0.24625593423843384,0.019959062337875366,-0.2488042712211609,0.0029864907264709473,-0.17871564626693726,-0.006689220666885376,-0.14007872343063354,0.05023312568664551,-0.20248836278915405,0.04463475942611694,-0.18795621395111084,0.024225980043411255,-0.1411266326904297,0.00890427827835083,-0.11592751741409302
0.0,0.0,-0.05275273323059082,-0.03422999382019043,-0.07690402865409851,-0.10142332315444946,-0.03357002139091492,-0.14271986484527588,0.015694886445999146,-0.1772216558456421,-0.07419285178184509,-0.26374220848083496,-0.10788419842720032,-0.3768525719642639,-0.12819987535476685,-0.44947147369384766,-0.14363887906074524,-0.5116215944290161,-0.02171313762664795,-0.27471649646759033,-0.013487249612808228,-0.4041958451271057,-0.0060062408447265625,-0.4901849627494812,0.002451866865158081,-0.5635301768779755,0.020653575658798218,-0.2478325366973877,0.01760503649711609,-0.24865376949310303,0.0008829832077026367,-0.18457716703414917,-0.006811738014221191,-0.14666974544525146,0.05065193772315979,-0.20333212614059448,0.03925397992134094,-0.1870030164718628,0.019710004329681396,-0.1437762975692749,0.007174938917160034,-0.11901640892028809
0.0,0.0,-0.04715782403945923,-0.032031357288360596,-0.06697413325309753,-0.09715098142623901,-0.023755639791488647,-0.1379939317703247,0.027491450309753418,-0.1704985499382019,-0.06755292415618896,-0.2579910159111023,-0.10153010487556458,-0.3722332715988159,-0.12177151441574097,-0.4451327323913574,-0.13685870170593262,-0.5071999728679657,-0.015588551759719849,-0.2686566710472107,-0.0062344372272491455,-0.3964889943599701,0.002684175968170166,-0.479218453168869,0.012522786855697632,-0.5516892969608307,0.02599656581878662,-0.2422487735748291,0.025662362575531006,-0.24034881591796875,0.0069168806076049805,-0.17534929513931274,-0.0021442174911499023,-0.14050006866455078,0.055404722690582275,-0.1989123821258545,0.04638683795928955,-0.17936205863952637,0.02455216646194458,-0.13487952947616577,0.011107861995697021,-0.1122618317604065
0.0,0.0,-0.04979923367500305,-0.03058600425720215,-0.0719352662563324,-0.09652823209762573,-0.02694922685623169,-0.14017045497894287,0.026709020137786865,-0.17288613319396973,-0.07531094551086426,-0.25947266817092896,-0.10756093263626099,-0.37555158138275146,-0.1267032027244568,-0.45041292905807495,-0.1417231261730194,-0.5143786370754242,-0.022248417139053345,-0.2714744806289673,-0.01091533899307251,-0.4018661379814148,-0.0005782246589660645,-0.48758697509765625,0.008899956941604614,-0.561371773481369,0.020969271659851074,-0.24535435438156128,0.025754094123840332,-0.24476861953735352,0.00786811113357544,-0.17771053314208984,-0.003293663263320923,-0.13960540294647217,0.05212289094924927,-0.20145273208618164,0.0482478141784668,-0.18487471342086792,0.02625364065170288,-0.14092159271240234,0.00895652174949646,-0.11707031726837158
0.0,0.0,-0.05026215314865112,-0.027827978134155273,-0.0747038722038269,-0.0912291407585144,-0.030563056468963623,-0.13678675889968872,0.02426806092262268,-0.1736103892326355,-0.07800480723381042,-0.2608393430709839,-0.11008885502815247,-0.3790942430496216,-0.12980636954307556,-0.4546512961387634,-0.14496436715126038,-0.5194218754768372,-0.024060159921646118,-0.2729940414428711,-0.01265174150466919,-0.4034186005592346,-0.0021266043186187744,-0.4908275902271271,0.00787249207496643,-0.5666252970695496,0.020037323236465454,-0.24681860208511353,0.02698644995689392,-0.2501358985900879,0.008186489343643188,-0.18022799491882324,-0.004245072603225708,-0.14133715629577637,0.05234798789024353,-0.20265531539916992,0.05081281065940857,-0.18932253122329712,0.028758972883224487,-0.1433156132698059,0.010933786630630493,-0.11888182163238525
0.0,0.0,-0.0496964156627655,-0.026251494884490967,-0.07548969984054565,-0.08859467506408691,-0.03275561332702637,-0.13226675987243652,0.020864039659500122,-0.17011529207229614,-0.07721540331840515,-0.2597658634185791,-0.11027029156684875,-0.3786553144454956,-0.13063424825668335,-0.45362401008605957,-0.14603522419929504,-0.5182462632656097,-0.02351665496826172,-0.27270084619522095,-0.01168164610862732,-0.4040287137031555,-0.0015059411525726318,-0.4901762008666992,0.007866114377975464,-0.5650538802146912,0.019930392503738403,-0.24760860204696655,0.023899048566818237,-0.24780160188674927,0.006139039993286133,-0.1766679883003235,-0.004590451717376709,-0.1368563175201416,0.051309555768966675,-0.20432281494140625,0.04690071940422058,-0.186428964138031,0.025480300188064575,-0.13934540748596191,0.009239226579666138,-0.11401981115341187
0.0,0.0,-0.05006024241447449,-0.025346875190734863,-0.075705885887146,-0.0863388180732727,-0.03143662214279175,-0.13076496124267578,0.02385127544403076,-0.16990649700164795,-0.07688921689987183,-0.25458961725234985,-0.10968759655952454,-0.3740770220756531,-0.1298190951347351,-0.448947548866272,-0.14481624960899353,-0.5139041244983673,-0.022661715745925903,-0.26858288049697876,-0.010729312896728516,-0.3996920585632324,-0.00047838687896728516,-0.4858819246292114,0.00900694727897644,-0.5607313811779022,0.02115941047668457,-0.24412530660629272,0.025242149829864502,-0.24370276927947998,0.006737411022186279,-0.17083841562271118,-0.0048063695430755615,-0.13066434860229492,0.053465306758880615,-0.20198017358779907,0.049047768115997314,-0.18393659591674805,0.02764803171157837,-0.1361624002456665,0.011091291904449463,-0.11049258708953857
0.0,0.0,-0.04876983165740967,-0.028781473636627197,-0.0734015703201294,-0.09088492393493652,-0.027921974658966064,-0.13383883237838745,0.026279807090759277,-0.1696121096611023,-0.07364782691001892,-0.25932198762893677,-0.10729360580444336,-0.3787093162536621,-0.12700191140174866,-0.45345258712768555,-0.14238181710243225,-0.5183947682380676,-0.019975513219833374,-0.2718956470489502,-0.007299333810806274,-0.4037623405456543,0.003025054931640625,-0.49028509855270386,0.012602388858795166,-0.5651327967643738,0.023143112659454346,-0.24569392204284668,0.028802871704101562,-0.24631202220916748,0.009616285562515259,-0.17711317539215088,-0.0020062923431396484,-0.1373792290687561,0.05462270975112915,-0.20145630836486816,0.053070008754730225,-0.18633818626403809,0.030501365661621094,-0.14160287380218506,0.013003051280975342,-0.11665952205657959
0.0,0.0,-0.049994438886642456,-0.02706301212310791,-0.07635065913200378,-0.08868151903152466,-0.03072720766067505,-0.13304626941680908,0.025545090436935425,-0.17111825942993164,-0.07399994134902954,-0.25978296995162964,-0.10675463080406189,-0.3791877031326294,-0.12674331665039062,-0.454145610332489,-0.14166590571403503,-0.5193161070346832,-0.01844245195388794,-0.27359843254089355,-0.006193786859512329,-0.40450817346572876,0.00398668646812439,-0.4903773069381714,0.014282554388046265,-0.5650224685668945,0.02597108483314514,-0.24774843454360962,0.027797549962997437,-0.24506622552871704,0.007855534553527832,-0.1740642786026001,-0.0036053359508514404,-0.13515985012054443,0.058500081300735474,-0.20393002033233643,0.051147133111953735,-0.1834753155708313,0.028478950262069702,-0.13757240772247314,0.012067288160324097,-0.1139756441116333
0.0,0.0,-0.049720704555511475,-0.025114774703979492,-0.07466113567352295,-0.08509320020675659,-0.03168085217475891,-0.1293398141860962,0.022245019674301147,-0.167777419090271,-0.07479330897331238,-0.25650036334991455,-0.10822507739067078,-0.37441664934158325,-0.12839150428771973,-0.44964921474456787,-0.14371168613433838,-0.5148078203201294,-0.020797133445739746,-0.2696114182472229,-0.00817367434501648,-0.3997834324836731,0.002694427967071533,-0.48634761571884155,0.012669235467910767,-0.5618537366390228,0.022572726011276245,-0.24402040243148804,0.030161947011947632,-0.24281805753707886,0.011529624462127686,-0.17058801651000977,-0.0012530982494354248,-0.13132625818252563,0.05474939942359924,-0.2005513310432434,0.05397406220436096,-0.18356770277023315,0.03164324164390564,-0.1354295015335083,0.012694686651229858,-0.11055511236190796
0.0,0.0,-0.04976734519004822,-0.026068806648254395,-0.07455706596374512,-0.0872795581817627,-0.030751794576644897,-0.12995874881744385,0.023764759302139282,-0.16727113723754883,-0.07502713799476624,-0.25687354803085327,-0.10884219408035278,-0.3758876919746399,-0.1291448473930359,-0.4501078724861145,-0.14480242133140564,-0.5146785378456116,-0.021927595138549805,-0.2700791358947754,-0.009726613759994507,-0.4006918668746948,0.001359701156616211,-0.48593151569366455,0.011710643768310547,-0.5590887069702148,0.021153360605239868,-0.24487197399139404,0.027108341455459595,-0.2442445158958435,0.008113473653793335,-0.17295652627944946,-0.003899127244949341,-0.13375771045684814,0.05299070477485657,-0.20210367441177368,0.052165836095809937,-0.18723970651626587,0.02990153431892395,-0.1406671404838562,0.012304633855819702,-0.11481684446334839
0.0,0.0,-0.04783639311790466,-0.02970677614212036,-0.07056012749671936,-0.09410607814788818,-0.02594020962715149,-0.13738715648651123,0.0261060893535614,-0.17358529567718506,-0.0693294107913971,-0.26247459650039673,-0.10351040959358215,-0.381389856338501,-0.12377238273620605,-0.4559858739376068,-0.13980618119239807,-0.520449310541153,-0.01638507843017578,-0.2736307382583618,-0.0048780739307403564,-0.40548646450042725,0.005573093891143799,-0.49071428179740906,0.01620766520500183,-0.5634045302867889,0.025885671377182007,-0.24643301963806152,0.027837425470352173,-0.24716269969940186,0.008970111608505249,-0.18024557828903198,-0.0015561878681182861,-0.1416083574295044,0.05660596489906311,-0.20235884189605713,0.052346259355545044,-0.18832653760910034,0.030974656343460083,-0.14401495456695557,0.015609115362167358,-0.11929446458816528
0.0,0.0,-0.04765307903289795,-0.03504765033721924,-0.06494075059890747,-0.10434907674789429,-0.01867961883544922,-0.15126299858093262,0.03161609172821045,-0.18960928916931152,-0.06424263119697571,-0.2726331353187561,-0.09438180923461914,-0.3915103077888489,-0.11261498928070068,-0.46793439984321594,-0.1270119547843933,-0.532429963350296,-0.012330502271652222,-0.2809501886367798,0.0008701086044311523,-0.41360992193222046,0.011865973472595215,-0.49933600425720215,0.022185206413269043,-0.5710977911949158,0.028893232345581055,-0.25184035301208496,0.03893071413040161,-0.26351088285446167,0.01903611421585083,-0.1962200403213501,0.005172312259674072,-0.15589630603790283,0.058729350566864014,-0.20565634965896606,0.06440114974975586,-0.20758354663848877,0.042297959327697754,-0.1620122194290161,0.02366936206817627,-0.1345033049583435
0.0,0.0,-0.04565522074699402,-0.04009568691253662,-0.059476375579833984,-0.11177206039428711,-0.010525047779083252,-0.15679699182510376,0.03883546590805054,-0.1906375288963318,-0.057625263929367065,-0.2766028046607971,-0.0874684751033783,-0.39316874742507935,-0.10564327239990234,-0.4690673351287842,-0.12079748511314392,-0.5328405797481537,-0.007142961025238037,-0.28322869539260864,0.007491111755371094,-0.41420844197273254,0.019328594207763672,-0.4994790852069855,0.030408501625061035,-0.5699445605278015,0.032545626163482666,-0.25233161449432373,0.044065773487091064,-0.2612728476524353,0.023876667022705078,-0.19693255424499512,0.010149657726287842,-0.15793943405151367,0.06111663579940796,-0.20438385009765625,0.0667232871055603,-0.20085537433624268,0.04300689697265625,-0.1576164960861206,0.023111462593078613,-0.13199293613433838
0.0,0.0,-0.04443013668060303,-0.03588145971298218,-0.05816984176635742,-0.1046597957611084,-0.01114422082901001,-0.15011531114578247,0.037404000759124756,-0.18734049797058105,-0.061128079891204834,-0.2738620638847351,-0.0901506245136261,-0.39014023542404175,-0.10766372084617615,-0.4666908383369446,-0.1218683123588562,-0.5316680669784546,-0.011347532272338867,-0.28025388717651367,0.0037568211555480957,-0.4105391204357147,0.01729804277420044,-0.4945862889289856,0.029723405838012695,-0.5653437077999115,0.02838081121444702,-0.24988549947738647,0.04641789197921753,-0.25829750299453735,0.025667130947113037,-0.18959248065948486,0.009491264820098877,-0.14969658851623535,0.05747389793395996,-0.20305967330932617,0.069552481174469,-0.2029578685760498,0.046630144119262695,-0.15662717819213867,0.025339841842651367,-0.12991029024124146
0.0,0.0,-0.041850119829177856,-0.03524869680404663,-0.05467560887336731,-0.1028175950050354,-0.008134722709655762,-0.14861708879470825,0.04135081171989441,-0.1841946840286255,-0.058833181858062744,-0.2688012719154358,-0.08850136399269104,-0.3855099081993103,-0.10658091306686401,-0.46155819296836853,-0.12135833501815796,-0.5260189175605774,-0.009710341691970825,-0.27454471588134766,0.005812317132949829,-0.4044584631919861,0.01924195885658264,-0.4884245991706848,0.031431883573532104,-0.559269517660141,0.029831796884536743,-0.24419450759887695,0.04773560166358948,-0.2530355453491211,0.026238709688186646,-0.18403804302215576,0.00964781641960144,-0.14400255680084229,0.05922392010688782,-0.1978556513786316,0.07104918360710144,-0.19814544916152954,0.04714527726173401,-0.15183764696121216,0.025316685438156128,-0.12486249208450317
0.0,0.0,-0.04486668109893799,-0.03824692964553833,-0.05734613537788391,-0.10866886377334595,-0.010288327932357788,-0.153328537940979,0.03744038939476013,-0.18696361780166626,-0.060883939266204834,-0.2727919816970825,-0.09030181169509888,-0.38882648944854736,-0.10819825530052185,-0.4643474221229553,-0.1232684850692749,-0.5283489525318146,-0.0115642249584198,-0.2782365679740906,0.004097074270248413,-0.40781891345977783,0.017377108335494995,-0.49170976877212524,0.029197782278060913,-0.5627480149269104,0.028109818696975708,-0.247916579246521,0.04552242159843445,-0.256603479385376,0.024482518434524536,-0.18919938802719116,0.008427470922470093,-0.15070712566375732,0.05717393755912781,-0.20148372650146484,0.06926950812339783,-0.2022113800048828,0.04615047574043274,-0.15598398447036743,0.025272101163864136,-0.12967687845230103
0.0,0.0,-0.04319104552268982,-0.037265896797180176,-0.055307209491729736,-0.10595041513442993,-0.008382081985473633,-0.151031494140625,0.040290266275405884,-0.18517404794692993,-0.060364484786987305,-0.26944321393966675,-0.09009042382240295,-0.385280966758728,-0.10818222165107727,-0.46046310663223267,-0.12312620878219604,-0.5243125557899475,-0.011186808347702026,-0.2765243649482727,0.004183977842330933,-0.40577390789985657,0.017300575971603394,-0.4897787570953369,0.028997749090194702,-0.560975968837738,0.028556078672409058,-0.24717473983764648,0.04404035210609436,-0.2517249584197998,0.023227721452713013,-0.18424969911575317,0.007493942975997925,-0.14529842138290405,0.0578254759311676,-0.20138555765151978,0.06818565726280212,-0.19797754287719727,0.04515346884727478,-0.1521303653717041,0.024398475885391235,-0.12522703409194946
0.0,0.0,-0.04134243726730347,-0.03445011377334595,-0.05206465721130371,-0.10276609659194946,-0.004363834857940674,-0.14573794603347778,0.045584797859191895,-0.17881172895431519,-0.05819651484489441,-0.26603519916534424,-0.08816725015640259,-0.38287055492401123,-0.1060483455657959,-0.45878392457962036,-0.12068024277687073,-0.5234155654907227,-0.008652269840240479,-0.27359694242477417,0.007329106330871582,-0.4036167860031128,0.02083885669708252,-0.48748093843460083,0.03276622295379639,-0.5594944953918457,0.031045854091644287,-0.24472928047180176,0.046996116638183594,-0.2486385703086853,0.026521921157836914,-0.17999613285064697,0.011309623718261719,-0.14267420768737793,0.05953174829483032,-0.1996004581451416,0.06933563947677612,-0.19310390949249268,0.04536622762680054,-0.14735865592956543,0.023998796939849854,-0.12313669919967651
0.0,0.0,-0.04473334550857544,-0.039445698261260986,-0.05716729164123535,-0.11090540885925293,-0.009053587913513184,-0.153924822807312,0.03958728909492493,-0.18517577648162842,-0.05969834327697754,-0.27093255519866943,-0.08862364292144775,-0.3864089846611023,-0.10667645931243896,-0.4621657729148865,-0.12151166796684265,-0.5264529585838318,-0.009206444025039673,-0.27677762508392334,0.006888777017593384,-0.40588751435279846,0.02054765820503235,-0.49065953493118286,0.03334513306617737,-0.5633556544780731,0.0313851535320282,-0.2464439868927002,0.04708269238471985,-0.25445860624313354,0.025600522756576538,-0.18810343742370605,0.009764701128005981,-0.14914506673812866,0.06118699908256531,-0.19968777894973755,0.07001033425331116,-0.19779366254806519,0.04578176140785217,-0.15466761589050293,0.02445998787879944,-0.13012421131134033
0.0,0.0,-0.043886035680770874,-0.03555577993392944,-0.057327210903167725,-0.10347026586532593,-0.011144936084747314,-0.14655011892318726,0.03753140568733215,-0.17999976873397827,-0.060969263315200806,-0.2677996754646301,-0.08999508619308472,-0.38342171907424927,-0.10813012719154358,-0.45932310819625854,-0.12315353751182556,-0.5240527987480164,-0.010766416788101196,-0.27448606491088867,0.005235821008682251,-0.40296250581741333,0.01881071925163269,-0.4867359399795532,0.03072771430015564,-0.5584751069545746,0.02942034602165222,-0.2443680763244629,0.04481729865074158,-0.2513009309768677,0.02442505955696106,-0.1837613582611084,0.009122580289840698,-0.1443115472793579,0.058815568685531616,-0.19764554500579834,0.06844249367713928,-0.19540369510650635,0.04497209191322327,-0.15089112520217896,0.0239047110080719,-0.12501078844070435
0.0,0.0,-0.04477754235267639,-0.03994804620742798,-0.057508617639541626,-0.11103755235671997,-0.009893625974655151,-0.15325689315795898,0.03931725025177002,-0.18501251935958862,-0.05981868505477905,-0.27408653497695923,-0.08865135908126831,-0.3892971873283386,-0.10625430941581726,-0.4648406505584717,-0.12099376320838928,-0.5289810597896576,-0.009944796562194824,-0.2792903780937195,0.006326854228973389,-0.4090287387371063,0.019915521144866943,-0.4933762848377228,0.03221285343170166,-0.565404087305069,0.0301133394241333,-0.2481364607810974,0.04678058624267578,-0.25735414028167725,0.025444209575653076,-0.19013845920562744,0.009660005569458008,-0.15085601806640625,0.05930906534194946,-0.20070046186447144,0.06968772411346436,-0.20057475566864014,0.04604846239089966,-0.15475177764892578,0.025355875492095947,-0.12764883041381836
0.0,0.0,-0.04386645555496216,-0.03499048948287964,-0.05773580074310303,-0.10378473997116089,-0.011318176984786987,-0.14950013160705566,0.037645965814590454,-0.18453019857406616,-0.06266582012176514,-0.26947349309921265,-0.09292766451835632,-0.386146605014801,-0.11107838153839111,-0.4621770679950714,-0.12582188844680786,-0.5269231796264648,-0.012428909540176392,-0.27640867233276367,0.0031892359256744385,-0.40733540058135986,0.016530126333236694,-0.49236422777175903,0.028529971837997437,-0.5639528334140778,0.028206676244735718,-0.24679780006408691,0.04404613375663757,-0.25509053468704224,0.023783177137374878,-0.18592166900634766,0.008739978075027466,-0.14651381969451904,0.05831661820411682,-0.20081615447998047,0.06894168257713318,-0.2021053433418274,0.04482927918434143,-0.15581530332565308,0.02327898144721985,-0.12927460670471191
0.0,0.0,-0.04516315460205078,-0.03764396905899048,-0.059110045433044434,-0.10777878761291504,-0.01197698712348938,-0.1522989273071289,0.03768360614776611,-0.18484783172607422,-0.061697304248809814,-0.2711731195449829,-0.09175267815589905,-0.386813759803772,-0.1096574068069458,-0.46263885498046875,-0.12466049194335938,-0.5267255902290344,-0.011674702167510986,-0.2766328454017639,0.00437551736831665,-0.4073823094367981,0.017906367778778076,-0.4923415780067444,0.029943227767944336,-0.5641653835773468,0.02850133180618286,-0.2459583878517151,0.04628181457519531,-0.25522059202194214,0.025660991668701172,-0.18784290552139282,0.009612798690795898,-0.14877676963806152,0.05821025371551514,-0.19900214672088623,0.07025384902954102,-0.200786292552948,0.04668736457824707,-0.15515881776809692,0.02478700876235962,-0.12814122438430786
0.0,0.0,-0.04350835084915161,-0.036265790462493896,-0.056920409202575684,-0.10557401180267334,-0.010250270366668701,-0.14918333292007446,0.03941243886947632,-0.183638334274292,-0.06005436182022095,-0.2704384922981262,-0.08954861760139465,-0.3873918652534485,-0.10770440101623535,-0.46307995915412903,-0.12260782718658447,-0.5277085900306702,-0.009871155023574829,-0.2771837115287781,0.006507277488708496,-0.4078180193901062,0.020603477954864502,-0.49249887466430664,0.03301888704299927,-0.5642226338386536,0.030250608921051025,-0.24744296073913574,0.04763537645339966,-0.25324565172195435,0.0272330641746521,-0.18412387371063232,0.01089620590209961,-0.14442288875579834,0.05942678451538086,-0.2014014720916748,0.07154667377471924,-0.1983436942100525,0.04827845096588135,-0.1519593596458435,0.02611321210861206,-0.12493473291397095
0.0,0.0,-0.04436257481575012,-0.03755295276641846,-0.05964171886444092,-0.10760533809661865,-0.012725681066513062,-0.14907395839691162,0.03780302405357361,-0.18187379837036133,-0.06083640456199646,-0.27091073989868164,-0.0904005765914917,-0.3892192244529724,-0.10824429988861084,-0.46440380811691284,-0.12272647023200989,-0.5289857089519501,-0.009645074605941772,-0.2779296636581421,0.006160467863082886,-0.40905338525772095,0.01963922381401062,-0.49333202838897705,0.03202667832374573,-0.5652708113193512,0.03152462840080261,-0.24829071760177612,0.04572746157646179,-0.2551373243331909,0.025167733430862427,-0.18597185611724854,0.010471194982528687,-0.1460995078086853,0.06147173047065735,-0.20222187042236328,0.06959274411201477,-0.1986948847770691,0.04633709788322449,-0.15309298038482666,0.026244312524795532,-0.12699389457702637
0.0,0.0,-0.04542320966720581,-0.03524303436279297,-0.061603009700775146,-0.10340189933776855,-0.014019817113876343,-0.14712005853652954,0.03732562065124512,-0.18245363235473633,-0.06303498148918152,-0.2706242799758911,-0.09310421347618103,-0.388910710811615,-0.1113329529762268,-0.46531710028648376,-0.12591460347175598,-0.5306013524532318,-0.012160271406173706,-0.27908486127853394,0.0029915273189544678,-0.4093322157859802,0.016292035579681396,-0.49476921558380127,0.02851003408432007,-0.5674778521060944,0.028315722942352295,-0.25082534551620483,0.04237145185470581,-0.25565338134765625,0.02181684970855713,-0.18649333715438843,0.006538212299346924,-0.146770179271698,0.058188676834106445,-0.20626479387283325,0.06677329540252686,-0.19979780912399292,0.043101370334625244,-0.15363198518753052,0.021629929542541504,-0.12789207696914673
0.0,0.0,-0.04582628607749939,-0.035173237323760986,-0.06352889537811279,-0.10175657272338867,-0.01852056384086609,-0.142228901386261,0.032160669565200806,-0.17501312494277954,-0.06633421778678894,-0.2638419270515442,-0.0972072184085846,-0.38207852840423584,-0.11584463715553284,-0.4574708640575409,-0.13089394569396973,-0.52202969789505,-0.015136688947677612,-0.2731960415840149,-0.0015088319778442383,-0.4032018780708313,0.010980159044265747,-0.4886314272880554,0.023051053285598755,-0.5622652769088745,0.02628675103187561,-0.24589300155639648,0.03632315993309021,-0.2462022304534912,0.01627597212791443,-0.18016654253005981,0.0028412938117980957,-0.14273595809936523,0.056515783071517944,-0.20176708698272705,0.059422820806503296,-0.1879352331161499,0.03656896948814392,-0.14357906579971313,0.01782044768333435,-0.11958849430084229
0.0,0.0,-0.04483342170715332,-0.034198641777038574,-0.06232094764709473,-0.1018754243850708,-0.017239034175872803,-0.1438807249069214,0.03515017032623291,-0.17702460289001465,-0.06247052550315857,-0.2664680480957031,-0.09373146295547485,-0.38513559103012085,-0.11300674080848694,-0.46057361364364624,-0.12826699018478394,-0.5252254903316498,-0.011198759078979492,-0.2766627073287964,0.002715170383453369,-0.4067217707633972,0.014964640140533447,-0.4921792447566986,0.02676689624786377,-0.5653650760650635,0.029936015605926514,-0.24937576055526733,0.03632807731628418,-0.24875473976135254,0.017023742198944092,-0.1808432936668396,0.005024552345275879,-0.14214277267456055,0.059859514236450195,-0.2053123116493225,0.05920052528381348,-0.18998992443084717,0.0367894172668457,-0.14418309926986694,0.01941239833831787,-0.11949247121810913
0.0,0.0,-0.047177791595458984,-0.03680145740509033,-0.06528487801551819,-0.10860002040863037,-0.01836603879928589,-0.15164411067962646,0.03294536471366882,-0.18511724472045898,-0.0655159056186676,-0.272723913192749,-0.0954710841178894,-0.3908693790435791,-0.11364880204200745,-0.46598517894744873,-0.12859347462654114,-0.5301928818225861,-0.014158099889755249,-0.280864953994751,0.0011267662048339844,-0.4112001657485962,0.01339772343635559,-0.49644652009010315,0.024987727403640747,-0.5692256689071655,0.026881426572799683,-0.25247853994369507,0.03766295313835144,-0.25803279876708984,0.01758292317390442,-0.19055867195129395,0.004234433174133301,-0.15144801139831543,0.056806713342666626,-0.20740973949432373,0.06062355637550354,-0.19850456714630127,0.037680476903915405,-0.15334641933441162,0.018770664930343628,-0.12843209505081177
0.0,0.0,-0.046125710010528564,-0.03738921880722046,-0.06286916136741638,-0.10861390829086304,-0.015072792768478394,-0.1527530550956726,0.036762624979019165,-0.18617922067642212,-0.06394186615943909,-0.2707706689834595,-0.09430977702140808,-0.38835400342941284,-0.11244633793830872,-0.4636484384536743,-0.12730303406715393,-0.5279245674610138,-0.012670248746871948,-0.27790582180023193,0.0026296377182006836,-0.4084576964378357,0.015227824449539185,-0.4940192401409149,0.027074843645095825,-0.566874772310257,0.028235286474227905,-0.2489054799079895,0.041980475187301636,-0.2550284266471863,0.020824939012527466,-0.18807226419448853,0.005693703889846802,-0.14953190088272095,0.058321982622146606,-0.20354902744293213,0.06607452034950256,-0.19860845804214478,0.04218563437461853,-0.15401476621627808,0.021309226751327515,-0.12878388166427612
0.0,0.0,-0.04758542776107788,-0.03354543447494507,-0.06550422310829163,-0.10241734981536865,-0.018869996070861816,-0.14623284339904785,0.03330260515213013,-0.1817062497138977,-0.06727930903434753,-0.26770156621932983,-0.09780791401863098,-0.385334312915802,-0.11633521318435669,-0.4610491394996643,-0.13115572929382324,-0.5256986916065216,-0.016235321760177612,-0.27715057134628296,-0.0018538236618041992,-0.40741032361984253,0.009973466396331787,-0.492637038230896,0.020777404308319092,-0.565500408411026,0.02423679828643799,-0.24986344575881958,0.035363614559173584,-0.25296878814697266,0.01532512903213501,-0.18410885334014893,0.0012751221656799316,-0.144989013671875,0.05345076322555542,-0.20614373683929443,0.05941194295883179,-0.19631963968276978,0.03642767667770386,-0.14964795112609863,0.016333699226379395,-0.12404203414916992
0.0,0.0,-0.047191619873046875,-0.03885197639465332,-0.06349924206733704,-0.1115674376487732,-0.015133649110794067,-0.1551806926727295,0.03620252013206482,-0.18711352348327637,-0.06401854753494263,-0.2730178236961365,-0.09378376603126526,-0.38958877325057983,-0.1115921139717102,-0.46511244773864746,-0.12639564275741577,-0.5290117263793945,-0.013310015201568604,-0.27923649549484253,0.0011647045612335205,-0.4109196066856384,0.01371040940284729,-0.4962484836578369,0.025526434183120728,-0.5688899159431458,0.027698427438735962,-0.24898779392242432,0.042285412549972534,-0.25686371326446533,0.02062109112739563,-0.18969714641571045,0.004982799291610718,-0.1510581374168396,0.05774542689323425,-0.20167315006256104,0.06533971428871155,-0.19966673851013184,0.041760653257369995,-0.15388566255569458,0.02121993899345398,-0.12787532806396484
0.0,0.0,-0.04630410671234131,-0.03679370880126953,-0.06290891766548157,-0.1085742712020874,-0.016142278909683228,-0.1522122025489807,0.03593486547470093,-0.18441855907440186,-0.06407397985458374,-0.2720062732696533,-0.09376204013824463,-0.3905685544013977,-0.11195951700210571,-0.465989887714386,-0.12719875574111938,-0.5304381251335144,-0.013029783964157104,-0.2793717384338379,0.0021605193614959717,-0.41101646423339844,0.014612913131713867,-0.4960130453109741,0.02583789825439453,-0.5679089426994324,0.027954161167144775,-0.2506641149520874,0.041441917419433594,-0.25792282819747925,0.020889580249786377,-0.18932795524597168,0.006044864654541016,-0.14933669567108154,0.05832940340042114,-0.20566785335540771,0.06559258699417114,-0.20038503408432007,0.04229217767715454,-0.15314602851867676,0.02216392755508423,-0.12574875354766846
0.0,0.0,-0.0479644238948822,-0.03708982467651367,-0.06433311104774475,-0.11000984907150269,-0.016185492277145386,-0.1538604497909546,0.03505715727806091,-0.18617719411849976,-0.06603312492370605,-0.27016323804855347,-0.09683176875114441,-0.3872174620628357,-0.11516577005386353,-0.46255743503570557,-0.13030579686164856,-0.5265896320343018,-0.014962226152420044,-0.2775261402130127,-0.0004914402961730957,-0.40884166955947876,0.011804670095443726,-0.4944174289703369,0.023325473070144653,-0.5678736567497253,0.02608153223991394,-0.24850624799728394,0.03999635577201843,-0.2556777000427246,0.019215434789657593,-0.1873874068260193,0.004307150840759277,-0.14769405126571655,0.056305497884750366,-0.2027319073677063,0.0640348494052887,-0.1992751955986023,0.04148581624031067,-0.15279650688171387,0.021927684545516968,-0.1259743571281433
0.0,0.0,-0.04816660284996033,-0.03773003816604614,-0.0636986792087555,-0.11134380102157593,-0.015153110027313232,-0.15687620639801025,0.03510701656341553,-0.1903468370437622,-0.06622111797332764,-0.2735554575920105,-0.09571820497512817,-0.3915090560913086,-0.11363530158996582,-0.4669575095176697,-0.12880438566207886,-0.531021237373352,-0.015020400285720825,-0.2803840637207031,0.0004918873310089111,-0.41176220774650574,0.013367533683776855,-0.4970942735671997,0.02482903003692627,-0.5689190626144409,0.026019692420959473,-0.2508019208908081,0.0405120849609375,-0.2592537999153137,0.02009415626525879,-0.19196701049804688,0.005046069622039795,-0.15264898538589478,0.05605196952819824,-0.20454281568527222,0.06411105394363403,-0.2019326090812683,0.041385769844055176,-0.15577399730682373,0.021159827709197998,-0.12938261032104492
0.0,0.0,-0.04824376106262207,-0.03588300943374634,-0.06617558002471924,-0.10613065958023071,-0.02078065276145935,-0.1490563154220581,0.029313206672668457,-0.18370914459228516,-0.06801921129226685,-0.27180296182632446,-0.09776502847671509,-0.38920921087265015,-0.11591124534606934,-0.4649295210838318,-0.13094156980514526,-0.5293567776679993,-0.01732349395751953,-0.2786032557487488,-0.002304583787918091,-0.4095918536186218,0.0099564790725708,-0.4951525330543518,0.02127605676651001,-0.5679481029510498,0.023647964000701904,-0.24949556589126587,0.038172364234924316,-0.25579553842544556,0.01721435785293579,-0.18726980686187744,0.0017955601215362549,-0.14806103706359863,0.05358874797821045,-0.20401275157928467,0.06189626455307007,-0.200700044631958,0.038969457149505615,-0.153908371925354,0.018435955047607422,-0.12770509719848633
0.0,0.0,-0.04608863592147827,-0.03669774532318115,-0.062144339084625244,-0.10735976696014404,-0.014934122562408447,-0.1509116291999817,0.03614500164985657,-0.18394315242767334,-0.06505534052848816,-0.2710925340652466,-0.09427070617675781,-0.3872119188308716,-0.11230310797691345,-0.46225813031196594,-0.1272767186164856,-0.5262830555438995,-0.01492646336555481,-0.2780234217643738,0.0002853870391845703,-0.4088437557220459,0.013066500425338745,-0.4929613471031189,0.024776548147201538,-0.5647335648536682,0.02562853693962097,-0.24887889623641968,0.04228714108467102,-0.25599539279937744,0.022098451852798462,-0.1869235634803772,0.006794601678848267,-0.14749133586883545,0.055627137422561646,-0.20335865020751953,0.06630095839500427,-0.20080119371414185,0.04393306374549866,-0.15380382537841797,0.023333460092544556,-0.12726575136184692
0.0,0.0,-0.045975714921951294,-0.03588271141052246,-0.062123775482177734,-0.10554397106170654,-0.015462011098861694,-0.14818930625915527,0.03550755977630615,-0.18220031261444092,-0.06445053219795227,-0.2684098482131958,-0.09384512901306152,-0.3855654001235962,-0.1117316484451294,-0.4600718021392822,-0.1261308789253235,-0.5240896940231323,-0.013249695301055908,-0.27763843536376953,0.0018813610076904297,-0.4076189398765564,0.014985799789428711,-0.49167102575302124,0.027060329914093018,-0.5631919801235199,0.02772688865661621,-0.2500336766242981,0.03949916362762451,-0.2528166174888611,0.01872485876083374,-0.1846955418586731,0.0037334859371185303,-0.1465131640434265,0.05768764019012451,-0.20604729652404785,0.06258875131607056,-0.19421452283859253,0.038746535778045654,-0.14759725332260132,0.017934679985046387,-0.12281453609466553
0.0,0.0,-0.044390588998794556,-0.03752630949020386,-0.05903679132461548,-0.1085156798362732,-0.012277662754058838,-0.1518232226371765,0.037648797035217285,-0.18585824966430664,-0.06197473406791687,-0.27096545696258545,-0.0916871428489685,-0.3887667655944824,-0.10964107513427734,-0.4639151096343994,-0.12430614233016968,-0.528372198343277,-0.01157715916633606,-0.27846580743789673,0.003955841064453125,-0.40931597352027893,0.01728057861328125,-0.49415910243988037,0.02940577268600464,-0.5665269494056702,0.029259681701660156,-0.25001126527786255,0.043283939361572266,-0.2564469575881958,0.023101091384887695,-0.18753129243850708,0.008292436599731445,-0.14848333597183228,0.05948066711425781,-0.20534604787826538,0.06781661510467529,-0.2004421353340149,0.045000553131103516,-0.1537644863128662,0.024930953979492188,-0.12778884172439575
0.0,0.0,-0.0464838445186615,-0.037106215953826904,-0.0615600049495697,-0.10848534107208252,-0.013164043426513672,-0.15216976404190063,0.037797749042510986,-0.18523311614990234,-0.0634375810623169,-0.27086949348449707,-0.09339773654937744,-0.3878644108772278,-0.1113341748714447,-0.4632388949394226,-0.12607818841934204,-0.527247965335846,-0.01297229528427124,-0.27782708406448364,0.002532452344894409,-0.4084712266921997,0.015764057636260986,-0.49325817823410034,0.027621746063232422,-0.5648583173751831,0.027197659015655518,-0.24856650829315186,0.043712496757507324,-0.2569219470024109,0.02340167760848999,-0.18955355882644653,0.007804512977600098,-0.15054470300674438,0.056794822216033936,-0.2030428647994995,0.0680464506149292,-0.20042645931243896,0.0446319580078125,-0.1546381711959839,0.022853314876556396,-0.12843018770217896
0.0,0.0,-0.04533964395523071,-0.036044955253601074,-0.06026965379714966,-0.10528308153152466,-0.01314324140548706,-0.14968830347061157,0.03829801082611084,-0.18288344144821167,-0.06261652708053589,-0.2702396512031555,-0.09266930818557739,-0.3869096636772156,-0.11093670129776001,-0.46263283491134644,-0.12575379014015198,-0.5268097221851349,-0.012455344200134277,-0.2774133086204529,0.002888113260269165,-0.4078904986381531,0.01619035005569458,-0.49306607246398926,0.028348922729492188,-0.5648683309555054,0.02801978588104248,-0.24809807538986206,0.04430347681045532,-0.2528371810913086,0.02346700429916382,-0.18455231189727783,0.007468163967132568,-0.14553189277648926,0.05775099992752075,-0.20233923196792603,0.06880342960357666,-0.19735372066497803,0.04500222206115723,-0.15117740631103516,0.023020625114440918,-0.12514328956604004
0.0,0.0,-0.0446399450302124,-0.03739166259765625,-0.059492021799087524,-0.10678333044052124,-0.013943880796432495,-0.14964210987091064,0.036684244871139526,-0.1823219656944275,-0.061735183000564575,-0.2708522081375122,-0.09155741333961487,-0.38794052600860596,-0.10976922512054443,-0.4633629322052002,-0.12449514865875244,-0.5274464190006256,-0.010916143655776978,-0.27751094102859497,0.004533529281616211,-0.4073076844215393,0.017395228147506714,-0.49265772104263306,0.029342561960220337,-0.5647420883178711,0.030273467302322388,-0.24797195196151733,0.0440269410610199,-0.2534513473510742,0.023505717515945435,-0.18498724699020386,0.008654683828353882,-0.14560937881469727,0.06056442856788635,-0.20211541652679443,0.06802913546562195,-0.19790643453598022,0.044405609369277954,-0.15219354629516602,0.023890167474746704,-0.12618279457092285
0.0,0.0,-0.04562646150588989,-0.03741896152496338,-0.06174561381340027,-0.10800397396087646,-0.015603125095367432,-0.15184152126312256,0.035760700702667236,-0.18476122617721558,-0.06390559673309326,-0.26991957426071167,-0.0942395031452179,-0.38763654232025146,-0.11260777711868286,-0.46276143193244934,-0.1273583471775055,-0.5269625782966614,-0.013399064540863037,-0.2774110436439514,0.0012488067150115967,-0.40758591890335083,0.013994097709655762,-0.49262410402297974,0.026079297065734863,-0.5651126801967621,0.027365922927856445,-0.24881082773208618,0.040674030780792236,-0.2548023462295532,0.02015012502670288,-0.18715929985046387,0.0053708553314208984,-0.14815503358840942,0.05744689702987671,-0.20386958122253418,0.06449645757675171,-0.19808775186538696,0.04099321365356445,-0.15284162759780884,0.02050381898880005,-0.12724989652633667
0.0,0.0,-0.04576268792152405,-0.0340123176574707,-0.06302714347839355,-0.1013827919960022,-0.017534226179122925,-0.1453416347503662,0.03378668427467346,-0.1803072690963745,-0.06647476553916931,-0.2666495442390442,-0.09617477655410767,-0.38479387760162354,-0.11421748995780945,-0.46051204204559326,-0.1286483108997345,-0.5254546701908112,-0.015466034412384033,-0.2745579481124878,-0.0005289018154144287,-0.40405064821243286,0.012874573469161987,-0.48904091119766235,0.02503851056098938,-0.5618435144424438,0.0255720317363739,-0.24642914533615112,0.03955528140068054,-0.251420259475708,0.02015933394432068,-0.18252557516098022,0.005551844835281372,-0.14265549182891846,0.05585178732872009,-0.2020232081413269,0.06432494521141052,-0.19813215732574463,0.04208609461784363,-0.15222108364105225,0.02166244387626648,-0.12572938203811646
0.0,0.0,-0.046304523944854736,-0.034911930561065674,-0.06365090608596802,-0.10384595394134521,-0.018144577741622925,-0.14728295803070068,0.03355860710144043,-0.18137317895889282,-0.06606912612915039,-0.2687171697616577,-0.09700131416320801,-0.38713616132736206,-0.11557024717330933,-0.4634028375148773,-0.13042598962783813,-0.5284585952758789,-0.015077441930770874,-0.2767062187194824,-0.0006413459777832031,-0.40780097246170044,0.012166380882263184,-0.49301213026046753,0.023512721061706543,-0.5651998519897461,0.025799691677093506,-0.24807578325271606,0.04104524850845337,-0.2543323040008545,0.021313250064849854,-0.18583500385284424,0.005930900573730469,-0.14620590209960938,0.05558043718338013,-0.2028011679649353,0.06525963544845581,-0.1990380883216858,0.04247570037841797,-0.15331047773361206,0.0210343599319458,-0.12686419486999512
0.0,0.0,-0.04775705933570862,-0.03380227088928223,-0.06692922115325928,-0.10256612300872803,-0.020801782608032227,-0.14718705415725708,0.03144720196723938,-0.1834595799446106,-0.06892779469490051,-0.2685006260871887,-0.0994095504283905,-0.3860454559326172,-0.11773023009300232,-0.461436927318573,-0.13249728083610535,-0.5258077085018158,-0.017298132181167603,-0.2777274250984192,-0.002497732639312744,-0.40743333101272583,0.009415417909622192,-0.49307042360305786,0.020131081342697144,-0.5661271512508392,0.023937851190567017,-0.2502804398536682,0.03710612654685974,-0.2540127635002136,0.01621231436729431,-0.18495959043502808,0.0007932186126708984,-0.14599108695983887,0.054198771715164185,-0.20599651336669922,0.06125184893608093,-0.19625258445739746,0.0375954806804657,-0.149431049823761,0.016297072172164917,-0.12438923120498657
0.0,0.0,-0.045406192541122437,-0.031833767890930176,-0.06318020820617676,-0.09905511140823364,-0.016515403985977173,-0.14450186491012573,0.03714081645011902,-0.17878735065460205,-0.06522315740585327,-0.2637345790863037,-0.09620723128318787,-0.38168030977249146,-0.11444428563117981,-0.4570924639701843,-0.12885424494743347,-0.5216098129749298,-0.014136910438537598,-0.27467912435531616,-0.00021693110466003418,-0.4043002128601074,0.012461572885513306,-0.4892945885658264,0.02431240677833557,-0.5619337260723114,0.02647659182548523,-0.2485547661781311,0.03786930441856384,-0.24714893102645874,0.018098503351211548,-0.17861425876617432,0.004069924354553223,-0.14008408784866333,0.056375592947006226,-0.20571613311767578,0.06114158034324646,-0.1900286078453064,0.03835365176200867,-0.143527090549469,0.018527597188949585,-0.11841994524002075
0.0,0.0,-0.04517081379890442,-0.030422508716583252,-0.06302240490913391,-0.09435629844665527,-0.017916858196258545,-0.13794159889221191,0.034842103719711304,-0.17392969131469727,-0.06575405597686768,-0.2619132399559021,-0.09696227312088013,-0.38014233112335205,-0.11587879061698914,-0.4558348059654236,-0.1303173303604126,-0.5206735730171204,-0.014373928308486938,-0.27341318130493164,-0.0003724396228790283,-0.4020680785179138,0.011788874864578247,-0.4865689277648926,0.023115187883377075,-0.5594795048236847,0.02639344334602356,-0.24775832891464233,0.03664126992225647,-0.24469566345214844,0.016238242387771606,-0.17541295289993286,0.0018400251865386963,-0.13796764612197876,0.056080251932144165,-0.2052956223487854,0.05864045023918152,-0.18635404109954834,0.0355817973613739,-0.13913053274154663,0.016010910272598267,-0.1151629090309143
0.0,0.0,-0.046126365661621094,-0.03204548358917236,-0.06405925750732422,-0.09809058904647827,-0.018961817026138306,-0.142566978931427,0.03506907820701599,-0.17703962326049805,-0.066780686378479,-0.26273757219314575,-0.09814205765724182,-0.38120895624160767,-0.11722838878631592,-0.45753198862075806,-0.13204944133758545,-0.5222784876823425,-0.01545095443725586,-0.27411139011383057,-0.0015915930271148682,-0.40391218662261963,0.010640949010848999,-0.48891377449035645,0.021945327520370483,-0.5607956051826477,0.02572616934776306,-0.2485123872756958,0.03664860129356384,-0.24859464168548584,0.016587287187576294,-0.17952615022659302,0.0021151304244995117,-0.1402943730354309,0.05573967099189758,-0.20628178119659424,0.059696048498153687,-0.1920156478881836,0.0370614230632782,-0.1461859941482544,0.017116457223892212,-0.12135195732116699
0.0,0.0,-0.046464741230010986,-0.0313723087310791,-0.0648246705532074,-0.09775549173355103,-0.01853814721107483,-0.14247089624404907,0.036232054233551025,-0.17712867259979248,-0.0657341480255127,-0.26278185844421387,-0.0971284806728363,-0.38078778982162476,-0.11632606387138367,-0.45675116777420044,-0.13104131817817688,-0.5216933190822601,-0.014177441596984863,-0.2750928997993469,-0.0016405880451202393,-0.40536177158355713,0.009923577308654785,-0.49029481410980225,0.02141636610031128,-0.5634815990924835,0.0269356369972229,-0.2489355206489563,0.03559142351150513,-0.24778950214385986,0.01451122760772705,-0.17794859409332275,0.0005456507205963135,-0.1403944492340088,0.057067930698394775,-0.20578539371490479,0.05802220106124878,-0.18683063983917236,0.034119248390197754,-0.13966739177703857,0.014499843120574951,-0.11559969186782837
0.0,0.0,-0.0434323251247406,-0.03185164928436279,-0.059978604316711426,-0.09823465347290039,-0.014505177736282349,-0.14240694046020508,0.03780853748321533,-0.177049458026886,-0.06293734908103943,-0.2630416750907898,-0.09411406517028809,-0.38035494089126587,-0.11318489909172058,-0.45579540729522705,-0.12837302684783936,-0.5205593407154083,-0.01249668002128601,-0.2737463712692261,0.0014305412769317627,-0.4033546447753906,0.013462305068969727,-0.4871068000793457,0.024682581424713135,-0.5589600205421448,0.027772247791290283,-0.24725443124771118,0.040464937686920166,-0.24807065725326538,0.019951164722442627,-0.17853319644927979,0.005602389574050903,-0.1397985816001892,0.05733990669250488,-0.20431512594223022,0.06378406286239624,-0.19103485345840454,0.04045283794403076,-0.14373904466629028,0.020352542400360107,-0.1181688904762268
0.0,0.0,-0.044705331325531006,-0.03302556276321411,-0.060966551303863525,-0.10049360990524292,-0.016025125980377197,-0.1435500979423523,0.035261839628219604,-0.1780155897140503,-0.06497400999069214,-0.26467210054397583,-0.09555795788764954,-0.38222765922546387,-0.11440065503120422,-0.45732200145721436,-0.12924394011497498,-0.5215226411819458,-0.013924598693847656,-0.27547258138656616,0.00036013126373291016,-0.40476882457733154,0.01234850287437439,-0.4893079996109009,0.023396044969558716,-0.5616214871406555,0.027147263288497925,-0.24985527992248535,0.037087053060531616,-0.24885231256484985,0.017116039991378784,-0.17996186017990112,0.0032917559146881104,-0.14176076650619507,0.057053178548812866,-0.20784318447113037,0.0608842670917511,-0.19193512201309204,0.03752884268760681,-0.14446747303009033,0.017988771200180054,-0.11925715208053589
0.0,0.0,-0.0444449782371521,-0.02944272756576538,-0.062479168176651,-0.09348219633102417,-0.018934786319732666,-0.13834714889526367,0.03359842300415039,-0.17564070224761963,-0.06827694177627563,-0.26228493452072144,-0.09887555241584778,-0.37962180376052856,-0.11742541193962097,-0.45505374670028687,-0.13170748949050903,-0.5193532407283783,-0.01753649115562439,-0.27342647314071655,-0.0032606124877929688,-0.403278648853302,0.00962841510772705,-0.4871267080307007,0.020939886569976807,-0.5587713420391083,0.023370444774627686,-0.2474263310432434,0.03741711378097534,-0.2470172643661499,0.018119633197784424,-0.1772337555885315,0.0029876232147216797,-0.1391114592552185,0.05298495292663574,-0.2045499086380005,0.06071394681930542,-0.19058656692504883,0.03841841220855713,-0.14297306537628174,0.01747339963912964,-0.11794090270996094
0.0,0.0,-0.044208914041519165,-0.03510749340057373,-0.06118074059486389,-0.10346198081970215,-0.015685170888900757,-0.14535051584243774,0.036787956953048706,-0.17713618278503418,-0.0627511739730835,-0.26601290702819824,-0.09296935796737671,-0.38401806354522705,-0.11136266589164734,-0.45893511176109314,-0.12589067220687866,-0.5230830013751984,-0.01139405369758606,-0.27461427450180054,0.00373956561088562,-0.404377818107605,0.01634177565574646,-0.48848283290863037,0.028351277112960815,-0.5606172680854797,0.029874414205551147,-0.24677306413650513,0.04134979844093323,-0.25043171644210815,0.021054714918136597,-0.18093132972717285,0.007148832082748413,-0.14191579818725586,0.06028071045875549,-0.20231395959854126,0.06527170538902283,-0.19412297010421753,0.04180923104286194,-0.14893501996994019,0.021875053644180298,-0.1245647668838501
0.0,0.0,-0.04299613833427429,-0.03157442808151245,-0.059877246618270874,-0.09764891862869263,-0.015176206827163696,-0.14301621913909912,0.0387742817401886,-0.17841696739196777,-0.06360733509063721,-0.2631757855415344,-0.09395742416381836,-0.38149845600128174,-0.11258545517921448,-0.4576205611228943,-0.12728700041770935,-0.5227646231651306,-0.0129566490650177,-0.27430033683776855,0.0019615590572357178,-0.4055073857307434,0.014823347330093384,-0.489909827709198,0.026394397020339966,-0.562119722366333,0.027818232774734497,-0.24773389101028442,0.041369110345840454,-0.2506120204925537,0.02107974886894226,-0.18010050058364868,0.006194859743118286,-0.14070791006088257,0.05785289406776428,-0.20402687788009644,0.06613072752952576,-0.1944558024406433,0.04236176609992981,-0.14786362648010254,0.020885080099105835,-0.12203246355056763
0.0,0.0,-0.044440120458602905,-0.034302353858947754,-0.06059473752975464,-0.10268378257751465,-0.014509499073028564,-0.14778810739517212,0.03700602054595947,-0.18324071168899536,-0.06461793184280396,-0.26801711320877075,-0.0953822135925293,-0.3861437439918518,-0.11427146196365356,-0.461478590965271,-0.12928372621536255,-0.525985062122345,-0.01392298936843872,-0.27768319845199585,0.00042182207107543945,-0.4083375930786133,0.012824296951293945,-0.49295324087142944,0.024850845336914062,-0.5651030838489532,0.026726841926574707,-0.2504236102104187,0.03933298587799072,-0.255678653717041,0.019010961055755615,-0.18671953678131104,0.0048375725746154785,-0.14764875173568726,0.05676668882369995,-0.20668691396713257,0.06351596117019653,-0.19873297214508057,0.040058672428131104,-0.15261012315750122,0.01990419626235962,-0.12749189138412476
0.0,0.0,-0.04548656940460205,-0.03512275218963623,-0.06214421987533569,-0.10453826189041138,-0.01485598087310791,-0.14949047565460205,0.036587268114089966,-0.18521952629089355,-0.06395941972732544,-0.2695990204811096,-0.09386008977890015,-0.3875347971916199,-0.1126219630241394,-0.4632735252380371,-0.12783187627792358,-0.5281155407428741,-0.013328015804290771,-0.27874457836151123,0.0006013810634613037,-0.4100717306137085,0.013466566801071167,-0.4952597916126251,0.025757580995559692,-0.5675929486751556,0.027659088373184204,-0.25058746337890625,0.041714102029800415,-0.25643426179885864,0.021495312452316284,-0.18697917461395264,0.006472140550613403,-0.14659398794174194,0.05809268355369568,-0.20540326833724976,0.06532040238380432,-0.1976134181022644,0.04228362441062927,-0.15128684043884277,0.02165171504020691,-0.12577766180038452
0.0,0.0,-0.04468920826911926,-0.03332489728927612,-0.06076759099960327,-0.10074704885482788,-0.01307302713394165,-0.145122230052948,0.03781053423881531,-0.18326592445373535,-0.06464311480522156,-0.2669414281845093,-0.09474614262580872,-0.3844243288040161,-0.11350607872009277,-0.46027591824531555,-0.12859076261520386,-0.5251521170139313,-0.013441532850265503,-0.2765676975250244,0.001172095537185669,-0.40695226192474365,0.013639479875564575,-0.49116969108581543,0.024733513593673706,-0.5633837878704071,0.027582556009292603,-0.24929922819137573,0.04330882430076599,-0.25458085536956787,0.023059695959091187,-0.18318778276443481,0.006960421800613403,-0.14382517337799072,0.05823591351509094,-0.20530211925506592,0.06800314784049988,-0.1971275806427002,0.04404333233833313,-0.1487690806388855,0.021377593278884888,-0.12317132949829102
0.0,0.0,-0.04419583082199097,-0.03214895725250244,-0.06111815571784973,-0.0980675220489502,-0.015662014484405518,-0.14213496446609497,0.03564333915710449,-0.17839157581329346,-0.06461367011070251,-0.2646734118461609,-0.09483969211578369,-0.3825538158416748,-0.11353540420532227,-0.45843249559402466,-0.12826457619667053,-0.5233465135097504,-0.013346999883651733,-0.2748255729675293,0.0014637410640716553,-0.40526509284973145,0.013793647289276123,-0.489793062210083,0.025027871131896973,-0.5620295703411102,0.027898788452148438,-0.2474743127822876,0.04168778657913208,-0.25202059745788574,0.02121102809906006,-0.1820591688156128,0.006083130836486816,-0.14257603883743286,0.05835443735122681,-0.20301824808120728,0.0655331015586853,-0.1949542760848999,0.041583120822906494,-0.1484224796295166,0.020135104656219482,-0.12310034036636353
0.0,0.0,-0.04437905550003052,-0.0353584885597229,-0.06096237897872925,-0.10384106636047363,-0.015207290649414062,-0.14864277839660645,0.036771178245544434,-0.18304038047790527,-0.06366801261901855,-0.26908403635025024,-0.09427887201309204,-0.3872207999229431,-0.11307314038276672,-0.4623647928237915,-0.12846285104751587,-0.5265932083129883,-0.012329041957855225,-0.27844059467315674,0.002354919910430908,-0.4092785716056824,0.014737188816070557,-0.4936968982219696,0.025909364223480225,-0.5654953122138977,0.029035210609436035,-0.25069427490234375,0.042387187480926514,-0.25428491830825806,0.022022545337677002,-0.18584471940994263,0.007064104080200195,-0.14694839715957642,0.05971980094909668,-0.20587164163589478,0.06630098819732666,-0.19621014595031738,0.04241442680358887,-0.15041786432266235,0.021292805671691895,-0.1253359317779541
0.0,0.0,-0.045594364404678345,-0.035088300704956055,-0.061249494552612305,-0.10459744930267334,-0.013830602169036865,-0.14820647239685059,0.03661841154098511,-0.18248891830444336,-0.06454768776893616,-0.2694322466850281,-0.09455060958862305,-0.3868167996406555,-0.11299768090248108,-0.46217477321624756,-0.12806427478790283,-0.5263212621212006,-0.013205796480178833,-0.27808666229248047,0.0010700225830078125,-0.40859854221343994,0.013874590396881104,-0.4930252432823181,0.026044011116027832,-0.5648991465568542,0.027960121631622314,-0.24955588579177856,0.043031275272369385,-0.25446832180023193,0.02243494987487793,-0.18636608123779297,0.007120013236999512,-0.14789342880249023,0.058080077171325684,-0.2041592001914978,0.06556135416030884,-0.19509857892990112,0.04220086336135864,-0.14914542436599731,0.02143406867980957,-0.12459051609039307
0.0,0.0,-0.04516780376434326,-0.03441166877746582,-0.06122270226478577,-0.10333985090255737,-0.01476183533668518,-0.1475684642791748,0.03649502992630005,-0.1829826831817627,-0.06422168016433716,-0.26786184310913086,-0.09511756896972656,-0.38647210597991943,-0.11376017332077026,-0.46155136823654175,-0.12850305438041687,-0.5259032249450684,-0.013268530368804932,-0.2772086262702942,0.0010869503021240234,-0.40804731845855713,0.013371765613555908,-0.4925447106361389,0.025044023990631104,-0.5644416213035583,0.02778458595275879,-0.24997204542160034,0.04119819402694702,-0.2542857527732849,0.020838677883148193,-0.18490177392959595,0.006380677223205566,-0.14526081085205078,0.057897210121154785,-0.2064758539199829,0.06500482559204102,-0.1990373134613037,0.041849374771118164,-0.15224552154541016,0.02184772491455078,-0.1260148286819458
0.0,0.0,-0.044963717460632324,-0.035030364990234375,-0.06130823493003845,-0.10440641641616821,-0.013199865818023682,-0.1483529806137085,0.04002535343170166,-0.18229079246520996,-0.06340602040290833,-0.2677593231201172,-0.09357094764709473,-0.38530707359313965,-0.11209189891815186,-0.46044331789016724,-0.12682199478149414,-0.5246724784374237,-0.01242569088935852,-0.2773321866989136,0.0015525519847869873,-0.40737730264663696,0.014155805110931396,-0.4916270971298218,0.02659320831298828,-0.563490241765976,0.028584718704223633,-0.24974673986434937,0.04188263416290283,-0.25275087356567383,0.021506190299987793,-0.18351584672927856,0.0073323845863342285,-0.14445853233337402,0.05879783630371094,-0.20559442043304443,0.06541013717651367,-0.1958490014076233,0.04243302345275879,-0.1498228907585144,0.022736966609954834,-0.12494033575057983
0.0,0.0,-0.044889867305755615,-0.03312218189239502,-0.06227150559425354,-0.09917140007019043,-0.01687052845954895,-0.14295268058776855,0.035412222146987915,-0.1795406937599182,-0.06567594408988953,-0.2656865119934082,-0.09632411599159241,-0.38367366790771484,-0.11523863673210144,-0.4591561257839203,-0.12960076332092285,-0.5239170491695404,-0.01428648829460144,-0.27516424655914307,-0.00010150671005249023,-0.40545594692230225,0.012159854173660278,-0.4898817539215088,0.02371320128440857,-0.5618949234485626,0.02710619568824768,-0.24788600206375122,0.04057767987251282,-0.25196582078933716,0.02001550793647766,-0.18159687519073486,0.005076199769973755,-0.14209461212158203,0.057380229234695435,-0.20388251543045044,0.06385847926139832,-0.19525682926177979,0.04029551148414612,-0.14819681644439697,0.019512265920639038,-0.12271380424499512
