0.0,0.0,-0.03751891851425171,-0.02089005708694458,-0.048318684101104736,-0.06141829490661621,-0.02964872121810913,-0.09653139114379883,-0.011254996061325073,-0.12889111042022705,-0.04867666959762573,-0.1657204031944275,-0.06577321887016296,-0.27638936042785645,-0.07493886351585388,-0.34277307987213135,-0.08206009864807129,-0.3969709277153015,-0.007376581430435181,-0.17526596784591675,-0.011778324842453003,-0.30341506004333496,-0.013179391622543335,-0.38137996196746826,-0.014806479215621948,-0.4408404529094696,0.028251826763153076,-0.15612995624542236,0.04760509729385376,-0.2557789087295532,0.060246825218200684,-0.3259308338165283,0.07107347249984741,-0.3779175281524658,0.05738222599029541,-0.11458301544189453,0.050403594970703125,-0.1362522840499878,0.033490896224975586,-0.1150747537612915,0.02372664213180542,-0.08135807514190674
0.0,0.0,-0.04904577136039734,-0.036916911602020264,-0.06967031955718994,-0.1194726824760437,-0.015967965126037598,-0.18400657176971436,0.03995603322982788,-0.22069549560546875,-0.06363403797149658,-0.2865983843803406,-0.09280094504356384,-0.40420812368392944,-0.10981041193008423,-0.47414839267730713,-0.12513625621795654,-0.5386979281902313,-0.014743387699127197,-0.30213814973831177,-0.023505449295043945,-0.43841010332107544,-0.029548674821853638,-0.5209360122680664,-0.03688165545463562,-0.5900294482707977,0.026192069053649902,-0.2818392515182495,0.06331640481948853,-0.39405906200408936,0.08054888248443604,-0.46909892559051514,0.09250837564468384,-0.5379476845264435,0.061656177043914795,-0.2273350954055786,0.0640915036201477,-0.2764797806739807,0.04447603225708008,-0.22427082061767578,0.029261231422424316,-0.16606003046035767
0.0,0.0,-0.045940518379211426,-0.03716433048248291,-0.06009355187416077,-0.11910027265548706,-0.006282150745391846,-0.18884879350662231,0.04898786544799805,-0.236183762550354,-0.06307333707809448,-0.3028802275657654,-0.09384000301361084,-0.4226756691932678,-0.11195379495620728,-0.4948248267173767,-0.1283208727836609,-0.5610233247280121,-0.01402139663696289,-0.3208616375923157,-0.026797235012054443,-0.46007978916168213,-0.032829463481903076,-0.5418891608715057,-0.0421062707901001,-0.6103052496910095,0.026965439319610596,-0.30033308267593384,0.06079345941543579,-0.4137827754020691,0.07770836353302002,-0.4859369397163391,0.08853495121002197,-0.5525251626968384,0.06248706579208374,-0.24609041213989258,0.0664440393447876,-0.2986729145050049,0.04874277114868164,-0.24452835321426392,0.0342639684677124,-0.18699496984481812
0.0,0.0,-0.0398537814617157,-0.03879272937774658,-0.04768383502960205,-0.12207263708114624,0.0047986507415771484,-0.1922672986984253,0.05740523338317871,-0.23935085535049438,-0.05742239952087402,-0.2955283522605896,-0.08641281723976135,-0.41596466302871704,-0.1035296618938446,-0.48811641335487366,-0.11940890550613403,-0.5544526875019073,-0.011013269424438477,-0.31349486112594604,-0.022677600383758545,-0.4529905915260315,-0.02781575918197632,-0.536214679479599,-0.036734819412231445,-0.6059432327747345,0.02834796905517578,-0.2938256859779358,0.06281745433807373,-0.40780210494995117,0.08131110668182373,-0.4815676808357239,0.0929722785949707,-0.5486434102058411,0.06295150518417358,-0.2432982325553894,0.0695338249206543,-0.29409587383270264,0.05416470766067505,-0.24130570888519287,0.04211759567260742,-0.1852220892906189
0.0,0.0,-0.03841590881347656,-0.043333232402801514,-0.047151923179626465,-0.12595218420028687,0.0063378214836120605,-0.19329833984375,0.0600166916847229,-0.23410499095916748,-0.05814462900161743,-0.2940044403076172,-0.08842027187347412,-0.4127810001373291,-0.10534772276878357,-0.48341286182403564,-0.12059786915779114,-0.5484144687652588,-0.011026501655578613,-0.3100312352180481,-0.02350825071334839,-0.4470665454864502,-0.028930962085723877,-0.5280215740203857,-0.037511229515075684,-0.5966907441616058,0.028461575508117676,-0.289162278175354,0.06045252084732056,-0.39886921644210815,0.07775688171386719,-0.471787691116333,0.08845770359039307,-0.5394461750984192,0.06257504224777222,-0.237041175365448,0.06833535432815552,-0.2911921739578247,0.05358314514160156,-0.24431204795837402,0.040579915046691895,-0.19237995147705078
0.0,0.0,-0.037346601486206055,-0.042687058448791504,-0.04528909921646118,-0.12414801120758057,0.006413757801055908,-0.19099843502044678,0.05920219421386719,-0.23171734809875488,-0.05934101343154907,-0.2884451150894165,-0.08892261981964111,-0.40555906295776367,-0.10551923513412476,-0.47615087032318115,-0.12042427062988281,-0.5410324335098267,-0.013026654720306396,-0.30491191148757935,-0.025286734104156494,-0.4405590891838074,-0.03018784523010254,-0.520704984664917,-0.03874117136001587,-0.5897624492645264,0.026095092296600342,-0.2853730320930481,0.0577126145362854,-0.39275163412094116,0.074912428855896,-0.4645957946777344,0.08523082733154297,-0.5306962132453918,0.05987197160720825,-0.23614227771759033,0.06665855646133423,-0.2869526147842407,0.053367793560028076,-0.24139541387557983,0.04149580001831055,-0.1913747787475586
0.0,0.0,-0.03840303421020508,-0.04308116436004639,-0.047001928091049194,-0.12384140491485596,0.005207657814025879,-0.19044095277786255,0.05762910842895508,-0.2315840721130371,-0.06199830770492554,-0.28753185272216797,-0.09171092510223389,-0.4045313000679016,-0.10836389660835266,-0.4745631217956543,-0.12344413995742798,-0.5389483273029327,-0.015520930290222168,-0.304556667804718,-0.028002023696899414,-0.44071370363235474,-0.03331446647644043,-0.5209601819515228,-0.04213237762451172,-0.5901838839054108,0.023480117321014404,-0.2854610085487366,0.05477428436279297,-0.3942543864250183,0.07109028100967407,-0.4661182165145874,0.0807110071182251,-0.5327054858207703,0.05737483501434326,-0.2359330654144287,0.06516897678375244,-0.2869667410850525,0.052723228931427,-0.24132704734802246,0.0416790246963501,-0.191433846950531
0.0,0.0,-0.03662288188934326,-0.041798949241638184,-0.04482528567314148,-0.12416315078735352,0.005726516246795654,-0.19192856550216675,0.05796939134597778,-0.23366016149520874,-0.0636577308177948,-0.28497976064682007,-0.0932101309299469,-0.4018864631652832,-0.10985001921653748,-0.47203871607780457,-0.12555646896362305,-0.536065399646759,-0.01784229278564453,-0.3027194142341614,-0.030390024185180664,-0.4383019208908081,-0.035925209522247314,-0.518982857465744,-0.04550006985664368,-0.5874746739864349,0.021602332592010498,-0.2845313549041748,0.051863133907318115,-0.39376091957092285,0.06779295206069946,-0.4665181040763855,0.07750111818313599,-0.532396674156189,0.056388020515441895,-0.23730576038360596,0.06255191564559937,-0.2849273681640625,0.05035609006881714,-0.23757123947143555,0.040554702281951904,-0.18629616498947144
0.0,0.0,-0.037084877490997314,-0.04172796010971069,-0.04692623019218445,-0.12232530117034912,0.0025595426559448242,-0.1914321780204773,0.053854942321777344,-0.23355364799499512,-0.06526872515678406,-0.2836710810661316,-0.0969158411026001,-0.3994969129562378,-0.11430466175079346,-0.4689024090766907,-0.13072142004966736,-0.5327253341674805,-0.020049989223480225,-0.30120962858200073,-0.033309996128082275,-0.43613195419311523,-0.038727402687072754,-0.51595738530159,-0.047894567251205444,-0.5837958455085754,0.018681228160858154,-0.2830495238304138,0.04812026023864746,-0.3922174572944641,0.06482744216918945,-0.4641367793083191,0.07510942220687866,-0.5298371911048889,0.05297255516052246,-0.23556303977966309,0.05834341049194336,-0.2880004644393921,0.04717510938644409,-0.24162006378173828,0.03824526071548462,-0.1903051733970642
0.0,0.0,-0.03742152452468872,-0.04202157258987427,-0.048131346702575684,-0.12288504838943481,0.00017195940017700195,-0.19346964359283447,0.05070209503173828,-0.23685622215270996,-0.06797358393669128,-0.2850566506385803,-0.09985530376434326,-0.39981114864349365,-0.11774387955665588,-0.46937012672424316,-0.13457515835762024,-0.5333233773708344,-0.02278268337249756,-0.30313360691070557,-0.03650885820388794,-0.43772226572036743,-0.04221859574317932,-0.5175429284572601,-0.05146205425262451,-0.5853121280670166,0.016250967979431152,-0.2850956320762634,0.04542505741119385,-0.39370280504226685,0.06110084056854248,-0.4657796025276184,0.07065486907958984,-0.530864953994751,0.050863802433013916,-0.23792165517807007,0.05722850561141968,-0.2887014150619507,0.046847403049468994,-0.2435779571533203,0.038575828075408936,-0.19392752647399902
0.0,0.0,-0.03971385955810547,-0.04311800003051758,-0.052289098501205444,-0.12494504451751709,-0.0015508532524108887,-0.1938343048095703,0.05023127794265747,-0.23432999849319458,-0.06948447227478027,-0.28527504205703735,-0.10252726078033447,-0.3981362581253052,-0.11918902397155762,-0.4682101011276245,-0.1348450779914856,-0.5319351553916931,-0.02238363027572632,-0.30266010761260986,-0.029623568058013916,-0.43573981523513794,-0.029603004455566406,-0.516162097454071,-0.033877789974212646,-0.5832088887691498,0.016989409923553467,-0.2834920287132263,0.0495067834854126,-0.3925987482070923,0.06859123706817627,-0.46544861793518066,0.08124828338623047,-0.5299863815307617,0.05161231756210327,-0.23540496826171875,0.05700540542602539,-0.28672635555267334,0.04392045736312866,-0.2422860860824585,0.03237950801849365,-0.19264429807662964
0.0,0.0,-0.04160124063491821,-0.04475116729736328,-0.054058581590652466,-0.12772107124328613,-0.002389967441558838,-0.19467324018478394,0.050222575664520264,-0.23546355962753296,-0.06720024347305298,-0.2907787561416626,-0.10028880834579468,-0.4034404754638672,-0.11766183376312256,-0.4735265374183655,-0.13351863622665405,-0.5374344289302826,-0.01978069543838501,-0.3075094223022461,-0.02636706829071045,-0.4417338967323303,-0.025288164615631104,-0.5230795741081238,-0.027865052223205566,-0.5904559195041656,0.01919388771057129,-0.2874613404273987,0.052078843116760254,-0.39808475971221924,0.07177627086639404,-0.4720810651779175,0.08554208278656006,-0.5379431545734406,0.05340218544006348,-0.2380528450012207,0.05738353729248047,-0.288993775844574,0.04295855760574341,-0.24258899688720703,0.03082042932510376,-0.19110983610153198
0.0,0.0,-0.0408308207988739,-0.041211605072021484,-0.05234679579734802,-0.12148696184158325,-0.0009406805038452148,-0.1907099485397339,0.05023777484893799,-0.23527181148529053,-0.0685819685459137,-0.28614717721939087,-0.10158079862594604,-0.39932310581207275,-0.11942878365516663,-0.46950018405914307,-0.134933739900589,-0.5338671505451202,-0.021629750728607178,-0.3039599657058716,-0.02765113115310669,-0.43750888109207153,-0.02601158618927002,-0.5189870595932007,-0.027733802795410156,-0.5869391560554504,0.01671987771987915,-0.2849133610725403,0.05043840408325195,-0.39565253257751465,0.0715445876121521,-0.4686082601547241,0.08642053604125977,-0.5328874588012695,0.05034679174423218,-0.23718136548995972,0.05488443374633789,-0.2862268090248108,0.042366981506347656,-0.23844057321548462,0.032343506813049316,-0.18604332208633423
0.0,0.0,-0.04128545522689819,-0.04034888744354248,-0.05394226312637329,-0.11974287033081055,-0.0036002397537231445,-0.18700474500656128,0.046979665756225586,-0.23051416873931885,-0.07086426019668579,-0.2830638289451599,-0.10399144887924194,-0.3956008553504944,-0.12208724021911621,-0.4657798409461975,-0.1376834213733673,-0.5296583473682404,-0.024094998836517334,-0.3014068007469177,-0.030835986137390137,-0.43466609716415405,-0.02907419204711914,-0.5161241888999939,-0.03012758493423462,-0.5832592248916626,0.014736294746398926,-0.2824283838272095,0.04770702123641968,-0.39325350522994995,0.06825625896453857,-0.46565622091293335,0.08342450857162476,-0.5285705626010895,0.04888659715652466,-0.23512345552444458,0.052863240242004395,-0.28279203176498413,0.03939032554626465,-0.23566371202468872,0.028415441513061523,-0.18448811769485474
0.0,0.0,-0.04267674684524536,-0.041268229484558105,-0.05571168661117554,-0.12185144424438477,-0.005791902542114258,-0.18968969583511353,0.04401582479476929,-0.23249971866607666,-0.07183453440666199,-0.28662824630737305,-0.1061038076877594,-0.3996694087982178,-0.12431389093399048,-0.4695201516151428,-0.14053219556808472,-0.5333692133426666,-0.024924278259277344,-0.3038926124572754,-0.031927645206451416,-0.43906253576278687,-0.030769765377044678,-0.5204203128814697,-0.03296661376953125,-0.5880192816257477,0.01331329345703125,-0.28428781032562256,0.04605478048324585,-0.39627599716186523,0.0667656660079956,-0.4691861569881439,0.0814049243927002,-0.5332371294498444,0.04680293798446655,-0.23533844947814941,0.05046170949935913,-0.28739458322525024,0.03795391321182251,-0.24033766984939575,0.02780073881149292,-0.18822956085205078
0.0,0.0,-0.04200109839439392,-0.04338580369949341,-0.056434035301208496,-0.12434369325637817,-0.006033837795257568,-0.1919437050819397,0.04550623893737793,-0.23455137014389038,-0.06966596841812134,-0.2903708219528198,-0.10403794050216675,-0.4030500650405884,-0.12240549921989441,-0.4728623330593109,-0.13864874839782715,-0.5367487967014313,-0.022215604782104492,-0.30760127305984497,-0.02936422824859619,-0.44251155853271484,-0.02828395366668701,-0.5242525041103363,-0.030599474906921387,-0.5929316878318787,0.016534507274627686,-0.28801488876342773,0.04872763156890869,-0.3988338112831116,0.06865090131759644,-0.4720067083835602,0.0824022889137268,-0.5373610258102417,0.05069124698638916,-0.23893028497695923,0.05416691303253174,-0.28985440731048584,0.04057037830352783,-0.24266451597213745,0.029257774353027344,-0.19084125757217407
0.0,0.0,-0.042451560497283936,-0.04192829132080078,-0.05712983012199402,-0.12134450674057007,-0.007375478744506836,-0.18865257501602173,0.04389744997024536,-0.2318529486656189,-0.0709870457649231,-0.28828519582748413,-0.10533758997917175,-0.40089112520217896,-0.12369990348815918,-0.4711451828479767,-0.13971376419067383,-0.5348024368286133,-0.02352893352508545,-0.30571413040161133,-0.030105292797088623,-0.44154608249664307,-0.02901625633239746,-0.5235824584960938,-0.031207352876663208,-0.5916072130203247,0.015219509601593018,-0.2860211730003357,0.0477752685546875,-0.39767032861709595,0.06764721870422363,-0.4710579514503479,0.08160775899887085,-0.5359074175357819,0.049279987812042236,-0.23638099431991577,0.052604496479034424,-0.2859821915626526,0.03938627243041992,-0.2395719289779663,0.028959214687347412,-0.1879957914352417
0.0,0.0,-0.04226124286651611,-0.04290950298309326,-0.05637750029563904,-0.12341636419296265,-0.00556182861328125,-0.19222259521484375,0.046406328678131104,-0.23672622442245483,-0.06936514377593994,-0.2907417416572571,-0.10308560729026794,-0.4038476347923279,-0.12121543288230896,-0.47405174374580383,-0.1376161277294159,-0.5379734039306641,-0.02133774757385254,-0.3083503246307373,-0.028135299682617188,-0.44297701120376587,-0.02731001377105713,-0.5244317352771759,-0.030123531818389893,-0.5920997560024261,0.017730116844177246,-0.2882990837097168,0.049479901790618896,-0.40047603845596313,0.06917071342468262,-0.47334086894989014,0.08301794528961182,-0.5380467772483826,0.05175870656967163,-0.23910987377166748,0.0543290376663208,-0.29010069370269775,0.04055655002593994,-0.24483102560043335,0.029072165489196777,-0.19546765089035034
0.0,0.0,-0.040655165910720825,-0.044386208057403564,-0.05323716998100281,-0.1257496476173401,-0.0020979642868041992,-0.19315409660339355,0.04976123571395874,-0.23496872186660767,-0.06954550743103027,-0.2860919237136841,-0.10278528928756714,-0.3991110324859619,-0.12034577131271362,-0.46886539459228516,-0.13601696491241455,-0.5332207977771759,-0.022472381591796875,-0.30350494384765625,-0.028096139430999756,-0.43727684020996094,-0.026287317276000977,-0.5191055536270142,-0.027732908725738525,-0.5872511863708496,0.016143739223480225,-0.28381866216659546,0.048973262310028076,-0.39449965953826904,0.06977498531341553,-0.4676898121833801,0.0847519040107727,-0.5323866009712219,0.050152719020843506,-0.23609161376953125,0.05339646339416504,-0.28544485569000244,0.040291011333465576,-0.2379823923110962,0.029728829860687256,-0.18660229444503784
0.0,0.0,-0.04081380367279053,-0.04338747262954712,-0.05218023061752319,-0.12587177753448486,-0.0007293820381164551,-0.1932644248008728,0.04985630512237549,-0.2360057234764099,-0.0692179799079895,-0.28641611337661743,-0.10237514972686768,-0.398845911026001,-0.1198354959487915,-0.46876540780067444,-0.135442852973938,-0.5328215062618256,-0.022274136543273926,-0.30370354652404785,-0.02848517894744873,-0.43711280822753906,-0.02691328525543213,-0.5188882648944855,-0.028682231903076172,-0.587154746055603,0.01613926887512207,-0.2846069931983948,0.0485958456993103,-0.39414817094802856,0.068958580493927,-0.46760278940200806,0.08363401889801025,-0.5327395796775818,0.04969745874404907,-0.2373848557472229,0.052958011627197266,-0.28492623567581177,0.040067315101623535,-0.236503005027771,0.02999347448348999,-0.18449699878692627
0.0,0.0,-0.04099598526954651,-0.041538357734680176,-0.05320283770561218,-0.1223260760307312,-0.00333559513092041,-0.18819957971572876,0.04670274257659912,-0.2300512194633484,-0.06997495889663696,-0.28402554988861084,-0.10344615578651428,-0.39640992879867554,-0.12165305018424988,-0.46684932708740234,-0.13797196745872498,-0.5312440395355225,-0.023403584957122803,-0.30126386880874634,-0.029804587364196777,-0.43546387553215027,-0.02858632802963257,-0.5178514122962952,-0.03057962656021118,-0.5864817798137665,0.014450788497924805,-0.28128767013549805,0.04735594987869263,-0.39230579137802124,0.06775891780853271,-0.4658597409725189,0.08194440603256226,-0.5307668447494507,0.04774332046508789,-0.23252952098846436,0.052188336849212646,-0.2811228632926941,0.04016757011413574,-0.23402732610702515,0.029968321323394775,-0.18259930610656738
0.0,0.0,-0.040894001722335815,-0.04009300470352173,-0.05333113670349121,-0.11869299411773682,-0.004612088203430176,-0.18735486268997192,0.044413208961486816,-0.23202699422836304,-0.07138437032699585,-0.2839964032173157,-0.10447567701339722,-0.3956161141395569,-0.1225256621837616,-0.465973436832428,-0.13872507214546204,-0.5302793979644775,-0.024863839149475098,-0.30177366733551025,-0.03125154972076416,-0.43514737486839294,-0.02972710132598877,-0.5170681774616241,-0.032060980796813965,-0.5858770906925201,0.013086974620819092,-0.28246837854385376,0.04537701606750488,-0.3925561308860779,0.0660521388053894,-0.4655719995498657,0.08016765117645264,-0.5302344858646393,0.04642593860626221,-0.23505210876464844,0.05083763599395752,-0.28444045782089233,0.03903740644454956,-0.238106369972229,0.028820514678955078,-0.18768244981765747
0.0,0.0,-0.040794193744659424,-0.04180938005447388,-0.05216515064239502,-0.12211763858795166,-0.0024580955505371094,-0.19008159637451172,0.04729551076889038,-0.23424756526947021,-0.06959876418113708,-0.28548741340637207,-0.10225632786750793,-0.39806753396987915,-0.1199827790260315,-0.46807169914245605,-0.13592860102653503,-0.5320920646190643,-0.022769272327423096,-0.3029005527496338,-0.02811819314956665,-0.43738892674446106,-0.02645629644393921,-0.5192580223083496,-0.028539001941680908,-0.5877552032470703,0.01565617322921753,-0.2834842801094055,0.048052847385406494,-0.3951672315597534,0.06862759590148926,-0.46856996417045593,0.08314758539199829,-0.5340209305286407,0.04974687099456787,-0.235667884349823,0.053151845932006836,-0.2848321795463562,0.04048573970794678,-0.2368106245994568,0.030325353145599365,-0.18516498804092407
0.0,0.0,-0.039826542139053345,-0.03975480794906616,-0.053312718868255615,-0.11838042736053467,-0.003951430320739746,-0.18649142980575562,0.046742141246795654,-0.22927576303482056,-0.07085609436035156,-0.278980016708374,-0.10390239953994751,-0.39136165380477905,-0.12152278423309326,-0.4622129797935486,-0.13712084293365479,-0.5269359052181244,-0.02394503355026245,-0.29672425985336304,-0.03031289577484131,-0.4306787848472595,-0.028467774391174316,-0.5125023722648621,-0.030047953128814697,-0.5809766054153442,0.014530301094055176,-0.2777135968208313,0.04644131660461426,-0.3883734941482544,0.0662074089050293,-0.4611932039260864,0.0798538327217102,-0.5257963240146637,0.048542559146881104,-0.23052680492401123,0.052848756313323975,-0.28055739402770996,0.04089176654815674,-0.2344815731048584,0.030428647994995117,-0.18394780158996582
0.0,0.0,-0.040463775396347046,-0.04220318794250488,-0.05301967263221741,-0.12063783407211304,-0.004218041896820068,-0.18692225217819214,0.04563790559768677,-0.2286258339881897,-0.07124060392379761,-0.2809556722640991,-0.10550779104232788,-0.39337801933288574,-0.12392345070838928,-0.46328073740005493,-0.14030161499977112,-0.5271658599376678,-0.02451026439666748,-0.2978343963623047,-0.03133648633956909,-0.4319837987422943,-0.030022859573364258,-0.5137568414211273,-0.03261828422546387,-0.5822254121303558,0.013914346694946289,-0.27860593795776367,0.04579901695251465,-0.388576865196228,0.06542325019836426,-0.46241962909698486,0.07831388711929321,-0.5282635688781738,0.047769129276275635,-0.2308216691017151,0.05134904384613037,-0.283149778842926,0.03865557909011841,-0.23717886209487915,0.027922391891479492,-0.1859380006790161
0.0,0.0,-0.04019305109977722,-0.0401461124420166,-0.05290728807449341,-0.11947810649871826,-0.004423618316650391,-0.18469542264938354,0.04438060522079468,-0.22677558660507202,-0.07042786478996277,-0.2807650566101074,-0.10397464036941528,-0.3917974829673767,-0.12225288152694702,-0.4615025520324707,-0.13875839114189148,-0.5251686871051788,-0.023778915405273438,-0.29857558012008667,-0.030619680881500244,-0.4327539801597595,-0.029690861701965332,-0.514640212059021,-0.031857430934906006,-0.5824096500873566,0.014675557613372803,-0.27883070707321167,0.045919835567474365,-0.38913726806640625,0.06554895639419556,-0.4627609848976135,0.07960450649261475,-0.5284087359905243,0.048572421073913574,-0.23051029443740845,0.05099266767501831,-0.2774931788444519,0.038283467292785645,-0.2308046817779541,0.027940988540649414,-0.18031829595565796
0.0,0.0,-0.038938045501708984,-0.04109847545623779,-0.05064991116523743,-0.12058275938034058,-0.0018842220306396484,-0.18746477365493774,0.04717206954956055,-0.2304127812385559,-0.06730854511260986,-0.28163784742355347,-0.10096985101699829,-0.39435499906539917,-0.11889863014221191,-0.4650810956954956,-0.13500189781188965,-0.5294453203678131,-0.020625710487365723,-0.2991566061973572,-0.02725398540496826,-0.4343070387840271,-0.02591884136199951,-0.516415923833847,-0.027891576290130615,-0.5842657685279846,0.017632484436035156,-0.2797989249229431,0.049938321113586426,-0.3912307024002075,0.06959766149520874,-0.4645252525806427,0.0833362340927124,-0.5291855931282043,0.05149567127227783,-0.2321658730506897,0.0545009970664978,-0.28221559524536133,0.04159533977508545,-0.23718935251235962,0.03085172176361084,-0.18699651956558228
0.0,0.0,-0.04268467426300049,-0.04187411069869995,-0.05624726414680481,-0.12250632047653198,-0.005519747734069824,-0.18834716081619263,0.04581272602081299,-0.2288845181465149,-0.0720224678516388,-0.2821353077888489,-0.1061553955078125,-0.3944213390350342,-0.12460148334503174,-0.4642832279205322,-0.14105483889579773,-0.5282039046287537,-0.024887561798095703,-0.2998024821281433,-0.03176087141036987,-0.4340866208076477,-0.031129062175750732,-0.5166001915931702,-0.033202946186065674,-0.5846160650253296,0.014064610004425049,-0.2796230912208557,0.04557746648788452,-0.3915156126022339,0.06524765491485596,-0.46592986583709717,0.07971042394638062,-0.5318455696105957,0.048477351665496826,-0.23082846403121948,0.05036288499832153,-0.2792620062828064,0.03707963228225708,-0.23225945234298706,0.026507019996643066,-0.18098443746566772
0.0,0.0,-0.04178062081336975,-0.03923827409744263,-0.0553971529006958,-0.11875426769256592,-0.005263924598693848,-0.18531250953674316,0.04567158222198486,-0.22794383764266968,-0.07130897045135498,-0.2819331884384155,-0.10542893409729004,-0.3934206962585449,-0.12380808591842651,-0.46372199058532715,-0.1405801773071289,-0.5277851819992065,-0.024049580097198486,-0.300004780292511,-0.030829548835754395,-0.43442004919052124,-0.0301285982131958,-0.5165539979934692,-0.0331537127494812,-0.5854776799678802,0.01481550931930542,-0.28063416481018066,0.04619431495666504,-0.39200568199157715,0.06624466180801392,-0.4657219648361206,0.08029389381408691,-0.5319909751415253,0.04913055896759033,-0.2322128415107727,0.052038490772247314,-0.28261351585388184,0.039480388164520264,-0.23523598909378052,0.028880000114440918,-0.18405699729919434
0.0,0.0,-0.04207456111907959,-0.04053717851638794,-0.055742472410202026,-0.11997634172439575,-0.0057204365730285645,-0.18737608194351196,0.04424333572387695,-0.23197561502456665,-0.07186621427536011,-0.28514111042022705,-0.10697317123413086,-0.39712095260620117,-0.12590044736862183,-0.46721187233924866,-0.14264237880706787,-0.5315663814544678,-0.024957895278930664,-0.30304598808288574,-0.03197169303894043,-0.438042551279068,-0.031198501586914062,-0.5201974809169769,-0.03388845920562744,-0.5890100002288818,0.013463973999023438,-0.2837424874305725,0.045519351959228516,-0.3956429362297058,0.06613320112228394,-0.46993109583854675,0.08054828643798828,-0.5363016426563263,0.04766547679901123,-0.2353319525718689,0.05078095197677612,-0.28391867876052856,0.03864842653274536,-0.2348511815071106,0.02873772382736206,-0.18192970752716064
0.0,0.0,-0.04125577211380005,-0.0397225022315979,-0.054537296295166016,-0.12108480930328369,-0.005023539066314697,-0.1888645887374878,0.044293105602264404,-0.2334458827972412,-0.07263413071632385,-0.28349506855010986,-0.10744649171829224,-0.3955860733985901,-0.1261516809463501,-0.4653928279876709,-0.14276966452598572,-0.5290024280548096,-0.02608436346054077,-0.3018636107444763,-0.03317025303840637,-0.43616044521331787,-0.03255504369735718,-0.5171735882759094,-0.03553575277328491,-0.5853912830352783,0.01226341724395752,-0.28382283449172974,0.042860567569732666,-0.3947722911834717,0.06137251853942871,-0.4684288501739502,0.07409054040908813,-0.5344889760017395,0.046510517597198486,-0.2371126413345337,0.049482107162475586,-0.2858288288116455,0.0377773642539978,-0.2366851568222046,0.028805434703826904,-0.18396639823913574
0.0,0.0,-0.04964637756347656,-0.03730243444442749,-0.07472050189971924,-0.11643218994140625,-0.031124204397201538,-0.1842280626296997,0.016997039318084717,-0.2289268970489502,-0.09097546339035034,-0.280609667301178,-0.12952330708503723,-0.39010924100875854,-0.15104705095291138,-0.4583434462547302,-0.17081287503242493,-0.5207785665988922,-0.042590200901031494,-0.302731990814209,-0.05399048328399658,-0.43697601556777954,-0.05837768316268921,-0.5198688805103302,-0.0641096830368042,-0.5890947878360748,-0.001740872859954834,-0.28488707542419434,0.024065375328063965,-0.3988454341888428,0.038179755210876465,-0.4744556248188019,0.04866105318069458,-0.543885350227356,0.034677863121032715,-0.2370198369026184,0.028826534748077393,-0.2849423289299011,0.01632702350616455,-0.237934410572052,0.007848024368286133,-0.18956518173217773
0.0,0.0,-0.049612462520599365,-0.03823137283325195,-0.07208067178726196,-0.12059646844863892,-0.02437761425971985,-0.19026100635528564,0.025800883769989014,-0.23578041791915894,-0.08684435486793518,-0.2838548421859741,-0.1256750226020813,-0.39459747076034546,-0.1463729739189148,-0.46383512020111084,-0.1649373173713684,-0.5271944105625153,-0.03816065192222595,-0.3055434823036194,-0.048953086137771606,-0.44024670124053955,-0.05173945426940918,-0.5229716300964355,-0.055944353342056274,-0.5913602113723755,0.002495288848876953,-0.2874619960784912,0.02877563238143921,-0.40102511644363403,0.04446983337402344,-0.47630512714385986,0.05692005157470703,-0.5439954102039337,0.038828253746032715,-0.23969900608062744,0.03602731227874756,-0.28332656621932983,0.02431398630142212,-0.2332286834716797,0.01644909381866455,-0.18203336000442505
0.0,0.0,-0.04876640439033508,-0.0371016263961792,-0.07148662209510803,-0.11734116077423096,-0.023506373167037964,-0.18729859590530396,0.02827972173690796,-0.2335485816001892,-0.08579093217849731,-0.28312093019485474,-0.12547552585601807,-0.39285004138946533,-0.14705145359039307,-0.4618118405342102,-0.1662067174911499,-0.5250302851200104,-0.03787297010421753,-0.30536574125289917,-0.0495152473449707,-0.4402453303337097,-0.052934110164642334,-0.5229071974754333,-0.0578635036945343,-0.5916163325309753,0.002246379852294922,-0.28746169805526733,0.028962314128875732,-0.40159904956817627,0.044736623764038086,-0.47729921340942383,0.0566372275352478,-0.5455965101718903,0.03865242004394531,-0.23935210704803467,0.0358281135559082,-0.2830154299736023,0.024473726749420166,-0.23283565044403076,0.016599953174591064,-0.18099331855773926
0.0,0.0,-0.04801550507545471,-0.03851795196533203,-0.06986135244369507,-0.1206122636795044,-0.022283077239990234,-0.19082629680633545,0.027487337589263916,-0.2366046905517578,-0.0865563452243805,-0.2828919291496277,-0.12473875284194946,-0.3927435278892517,-0.14484643936157227,-0.46153467893600464,-0.16298672556877136,-0.5246685445308685,-0.03845137357711792,-0.30449676513671875,-0.04866659641265869,-0.43922048807144165,-0.05082041025161743,-0.5217947661876678,-0.05518317222595215,-0.5912052690982819,0.0017483234405517578,-0.28722667694091797,0.02855592966079712,-0.40187734365463257,0.045157015323638916,-0.4768607020378113,0.05739480257034302,-0.5447772145271301,0.03808104991912842,-0.24089479446411133,0.03662240505218506,-0.2861630320549011,0.02505648136138916,-0.23613733053207397,0.01652204990386963,-0.18495821952819824
0.0,0.0,-0.045752912759780884,-0.0373191237449646,-0.06377109885215759,-0.118732750415802,-0.015802979469299316,-0.18955588340759277,0.03269475698471069,-0.23552948236465454,-0.08219748735427856,-0.28275060653686523,-0.11996099352836609,-0.392977237701416,-0.14023908972740173,-0.46236997842788696,-0.15805381536483765,-0.5254516303539276,-0.03455758094787598,-0.30319881439208984,-0.04429236054420471,-0.4382786154747009,-0.04531073570251465,-0.5206509232521057,-0.048826515674591064,-0.5891305804252625,0.0049040913581848145,-0.28577208518981934,0.032484233379364014,-0.39879775047302246,0.049873411655426025,-0.47313234210014343,0.06247282028198242,-0.5395442545413971,0.04047471284866333,-0.23938649892807007,0.03991943597793579,-0.28530722856521606,0.028510451316833496,-0.23659807443618774,0.020300686359405518,-0.1852484941482544
0.0,0.0,-0.04743218421936035,-0.03870391845703125,-0.06425464153289795,-0.12292760610580444,-0.014495551586151123,-0.19634026288986206,0.03270226716995239,-0.24699866771697998,-0.08189532160758972,-0.2868235111236572,-0.1185348629951477,-0.3967856764793396,-0.13822054862976074,-0.46540337800979614,-0.15578243136405945,-0.5282350182533264,-0.034057050943374634,-0.3082351088523865,-0.044128090143203735,-0.4428290128707886,-0.045732080936431885,-0.5246968865394592,-0.05008283257484436,-0.5932190716266632,0.005680739879608154,-0.2914043068885803,0.032472312450408936,-0.40840208530426025,0.050396859645843506,-0.48148301243782043,0.06323373317718506,-0.5484946966171265,0.04189687967300415,-0.245075523853302,0.039990246295928955,-0.3000251054763794,0.029089391231536865,-0.2496134638786316,0.021842658519744873,-0.1970561146736145
0.0,0.0,-0.04569214582443237,-0.037545084953308105,-0.06303748488426208,-0.12008601427078247,-0.01703929901123047,-0.19234800338745117,0.027556538581848145,-0.24246186017990112,-0.08642199635505676,-0.2786875367164612,-0.12386313080787659,-0.3878552317619324,-0.14402252435684204,-0.45646220445632935,-0.1614973247051239,-0.5192970037460327,-0.03988492488861084,-0.3023437261581421,-0.05100402235984802,-0.4349590539932251,-0.053209125995635986,-0.5164918899536133,-0.05730387568473816,-0.5846178829669952,-0.00031942129135131836,-0.28797441720962524,0.026656389236450195,-0.40283679962158203,0.044026076793670654,-0.4760199785232544,0.056731224060058594,-0.5410874783992767,0.03569072484970093,-0.24505412578582764,0.03370946645736694,-0.2918233275413513,0.023182213306427002,-0.24163329601287842,0.01643306016921997,-0.18977314233779907
0.0,0.0,-0.043741047382354736,-0.03932487964630127,-0.06345319747924805,-0.11891859769821167,-0.019549250602722168,-0.18989968299865723,0.026147305965423584,-0.23718297481536865,-0.08662033081054688,-0.27354884147644043,-0.12436568737030029,-0.38217484951019287,-0.1439078450202942,-0.450874924659729,-0.16093885898590088,-0.5136585831642151,-0.04002824425697327,-0.2952999472618103,-0.05161347985267639,-0.4262252449989319,-0.05455589294433594,-0.5078562200069427,-0.05888804793357849,-0.5758985280990601,0.0001068115234375,-0.27853918075561523,0.02617359161376953,-0.39256036281585693,0.04200476408004761,-0.4671289920806885,0.05413156747817993,-0.5339535176753998,0.03684049844741821,-0.23367702960968018,0.03471183776855469,-0.2788141369819641,0.022797882556915283,-0.23182713985443115,0.013924002647399902,-0.18341439962387085
0.0,0.0,-0.046230822801589966,-0.0404546856880188,-0.06545552611351013,-0.12404435873031616,-0.019525885581970215,-0.1926611065864563,0.02609652280807495,-0.23837178945541382,-0.08865615725517273,-0.2760946750640869,-0.12654176354408264,-0.3829113245010376,-0.14643734693527222,-0.4509013593196869,-0.16402068734169006,-0.5134375393390656,-0.042096853256225586,-0.29920029640197754,-0.05315318703651428,-0.429462194442749,-0.05620810389518738,-0.510714590549469,-0.060981571674346924,-0.5788821578025818,-0.0019887685775756836,-0.28400492668151855,0.023235201835632324,-0.3973842263221741,0.03857088088989258,-0.47102755308151245,0.050462186336517334,-0.5379545092582703,0.034336626529693604,-0.2412196397781372,0.029761075973510742,-0.2847365140914917,0.017840862274169922,-0.236017644405365,0.010315358638763428,-0.18736428022384644
0.0,0.0,-0.04617971181869507,-0.0422741174697876,-0.06363755464553833,-0.1289861798286438,-0.015028655529022217,-0.20042210817337036,0.032584965229034424,-0.24521392583847046,-0.08428347110748291,-0.27865248918533325,-0.12099134922027588,-0.3874434232711792,-0.14074280858039856,-0.45593538880348206,-0.15823495388031006,-0.5190935730934143,-0.03782770037651062,-0.3000801205635071,-0.04842782020568848,-0.43184253573417664,-0.05103880167007446,-0.5137142539024353,-0.05521661043167114,-0.5829935371875763,0.001862168312072754,-0.2835823893547058,0.027713477611541748,-0.39819324016571045,0.04421299695968628,-0.4722658395767212,0.05697077512741089,-0.5390481650829315,0.0378948450088501,-0.23930758237838745,0.03527843952178955,-0.28507745265960693,0.023795247077941895,-0.2355828881263733,0.015903115272521973,-0.18555474281311035
0.0,0.0,-0.04637059569358826,-0.03995853662490845,-0.06654608249664307,-0.12328976392745972,-0.02246031165122986,-0.1948109269142151,0.022965431213378906,-0.2402799129486084,-0.0876009464263916,-0.27311182022094727,-0.124320387840271,-0.38034671545028687,-0.14398908615112305,-0.44841480255126953,-0.16152814030647278,-0.5109970271587372,-0.04107162356376648,-0.29560238122940063,-0.05045121908187866,-0.4250512719154358,-0.05297011137008667,-0.505906343460083,-0.05777481198310852,-0.5743662416934967,-0.0010179877281188965,-0.2804507613182068,0.023262202739715576,-0.3934241235256195,0.0394551157951355,-0.46660202741622925,0.052153706550598145,-0.532952606678009,0.03526419401168823,-0.23804062604904175,0.02894437313079834,-0.28324252367019653,0.01686239242553711,-0.23349153995513916,0.009163141250610352,-0.1843940019607544
0.0,0.0,-0.04613187909126282,-0.04036378860473633,-0.06720444560050964,-0.12070572376251221,-0.025858938694000244,-0.1911686658859253,0.016962528228759766,-0.2385808825492859,-0.08941754698753357,-0.2696129083633423,-0.12661871314048767,-0.3747895061969757,-0.14699429273605347,-0.4419637620449066,-0.16490018367767334,-0.5028814971446991,-0.04406934976577759,-0.29130589962005615,-0.05361443758010864,-0.4201257526874542,-0.057092636823654175,-0.5012257099151611,-0.06238618493080139,-0.5687762200832367,-0.004894077777862549,-0.2752186059951782,0.019150972366333008,-0.3897252082824707,0.0335003137588501,-0.46471065282821655,0.044258713722229004,-0.5324547588825226,0.031130969524383545,-0.2314777970314026,0.02703988552093506,-0.2753753066062927,0.014628887176513672,-0.2274864912033081,0.005267441272735596,-0.17994296550750732
0.0,0.0,-0.0463101863861084,-0.03928577899932861,-0.06837338209152222,-0.1169244647026062,-0.026486873626708984,-0.18562418222427368,0.018263399600982666,-0.23106598854064941,-0.08932101726531982,-0.2684105634689331,-0.1267237663269043,-0.3731898069381714,-0.14706015586853027,-0.4401516914367676,-0.16479045152664185,-0.5013121366500854,-0.043838441371917725,-0.2900960445404053,-0.05404120683670044,-0.4169526994228363,-0.057007670402526855,-0.4976210594177246,-0.061353474855422974,-0.5647205114364624,-0.0047386884689331055,-0.2733578681945801,0.01940011978149414,-0.3826538324356079,0.03382033109664917,-0.45603305101394653,0.044781625270843506,-0.5222467184066772,0.03038233518600464,-0.22974514961242676,0.02523881196975708,-0.27178269624710083,0.012294113636016846,-0.2260085940361023,0.002249002456665039,-0.18055415153503418
0.0,0.0,-0.04377850890159607,-0.038095712661743164,-0.06580188870429993,-0.11426448822021484,-0.024405300617218018,-0.18314802646636963,0.01996135711669922,-0.22763413190841675,-0.08781009912490845,-0.26177823543548584,-0.12555038928985596,-0.3660683035850525,-0.1458633542060852,-0.43265753984451294,-0.16382098197937012,-0.4934612512588501,-0.042791277170181274,-0.283627986907959,-0.05361992120742798,-0.4098624885082245,-0.05726638436317444,-0.49015846848487854,-0.06253379583358765,-0.5572570860385895,-0.0035691261291503906,-0.2677376866340637,0.021008789539337158,-0.37659358978271484,0.03567022085189819,-0.450805127620697,0.04687851667404175,-0.5174544751644135,0.03180837631225586,-0.22528821229934692,0.025486469268798828,-0.2646862268447876,0.011668026447296143,-0.21807080507278442,0.0012273192405700684,-0.17183679342269897
0.0,0.0,-0.04569506645202637,-0.040637314319610596,-0.06673827767372131,-0.12176364660263062,-0.02342700958251953,-0.19066882133483887,0.021309614181518555,-0.23511600494384766,-0.09043806791305542,-0.26871436834335327,-0.1282796859741211,-0.37425026297569275,-0.14850875735282898,-0.44209280610084534,-0.1661418378353119,-0.5039641559123993,-0.045324742794036865,-0.29170602560043335,-0.05595880746841431,-0.4191712439060211,-0.05915623903274536,-0.5000088512897491,-0.06390789151191711,-0.567860335111618,-0.006095230579376221,-0.2770434021949768,0.01893007755279541,-0.3863182067871094,0.03414660692214966,-0.4605536460876465,0.04601168632507324,-0.5264752209186554,0.02933967113494873,-0.23538494110107422,0.024670839309692383,-0.27129167318344116,0.012051403522491455,-0.22301894426345825,0.002957463264465332,-0.17567849159240723
0.0,0.0,-0.04529795050621033,-0.041963040828704834,-0.06484100222587585,-0.12440896034240723,-0.022056519985198975,-0.192064106464386,0.02254509925842285,-0.23485445976257324,-0.08807119727134705,-0.26811885833740234,-0.12515968084335327,-0.37335875630378723,-0.14543485641479492,-0.44039490818977356,-0.1633293330669403,-0.5016140937805176,-0.04315841197967529,-0.29075103998184204,-0.05368441343307495,-0.4174012839794159,-0.056549280881881714,-0.4977487623691559,-0.06105542182922363,-0.5654522478580475,-0.003997087478637695,-0.2759592533111572,0.02054464817047119,-0.38548317551612854,0.035825133323669434,-0.4585339426994324,0.04793351888656616,-0.5242408215999603,0.03134816884994507,-0.234666109085083,0.02576392889022827,-0.2742258310317993,0.012963056564331055,-0.22729194164276123,0.004384636878967285,-0.1813642978668213
0.0,0.0,-0.04497501254081726,-0.04043704271316528,-0.06691169738769531,-0.12075728178024292,-0.024959057569503784,-0.18964630365371704,0.02073568105697632,-0.23325026035308838,-0.09004485607147217,-0.26655638217926025,-0.1272377371788025,-0.3717181980609894,-0.1473478078842163,-0.4390784204006195,-0.16513842344284058,-0.5004171431064606,-0.04513499140739441,-0.2889702320098877,-0.05481940507888794,-0.4155814051628113,-0.057765692472457886,-0.49573832750320435,-0.06256875395774841,-0.562950611114502,-0.006038069725036621,-0.27393418550491333,0.01807326078414917,-0.38383445143699646,0.032771408557891846,-0.4569641351699829,0.044435203075408936,-0.5221444666385651,0.029092609882354736,-0.2320879101753235,0.02336806058883667,-0.2723420262336731,0.011121392250061035,-0.2264573574066162,0.0028744935989379883,-0.1807376742362976
0.0,0.0,-0.04613193869590759,-0.039134323596954346,-0.06793949007987976,-0.1203165054321289,-0.02710127830505371,-0.18801778554916382,0.016997575759887695,-0.232160747051239,-0.0892152488231659,-0.2642599940299988,-0.12595832347869873,-0.3687279224395752,-0.14630603790283203,-0.43614789843559265,-0.16360598802566528,-0.4970797598361969,-0.04475313425064087,-0.2869681119918823,-0.055420100688934326,-0.4126107692718506,-0.058955758810043335,-0.4928116202354431,-0.06337425112724304,-0.5593298971652985,-0.005923032760620117,-0.27247047424316406,0.017992854118347168,-0.3827725350856781,0.03181612491607666,-0.4556795656681061,0.043334782123565674,-0.5201279819011688,0.02886730432510376,-0.2315804362297058,0.02247750759124756,-0.2674466371536255,0.008867084980010986,-0.2202649712562561,-0.0005298852920532227,-0.17442405223846436
0.0,0.0,-0.04670935869216919,-0.03724205493927002,-0.069088876247406,-0.11490398645401001,-0.030513405799865723,-0.1827036738395691,0.012423157691955566,-0.22978144884109497,-0.08934202790260315,-0.26439809799194336,-0.12545162439346313,-0.36754870414733887,-0.14568930864334106,-0.43437737226486206,-0.1629016101360321,-0.4948870539665222,-0.044597119092941284,-0.2870543599128723,-0.054867684841156006,-0.4130977392196655,-0.05850815773010254,-0.49321311712265015,-0.0631043016910553,-0.5597220063209534,-0.005829274654388428,-0.2721380591392517,0.01737511157989502,-0.38149383664131165,0.030709505081176758,-0.4534781873226166,0.04154253005981445,-0.5172644257545471,0.028852641582489014,-0.231037437915802,0.02177417278289795,-0.268010675907135,0.008304953575134277,-0.22159594297409058,-0.0009750723838806152,-0.1768447756767273
0.0,0.0,-0.04585257172584534,-0.0378110408782959,-0.0672324001789093,-0.11473441123962402,-0.0278567373752594,-0.1828818917274475,0.015662729740142822,-0.2290920615196228,-0.08870437741279602,-0.2637854218482971,-0.12496310472488403,-0.3673401474952698,-0.14494675397872925,-0.4341217279434204,-0.16246020793914795,-0.4943334460258484,-0.04400879144668579,-0.2854865789413452,-0.05353635549545288,-0.41101765632629395,-0.056377917528152466,-0.49087822437286377,-0.06105265021324158,-0.5582520365715027,-0.005626261234283447,-0.2697327733039856,0.018118619918823242,-0.378637433052063,0.032131850719451904,-0.45100605487823486,0.0428084135055542,-0.5159959495067596,0.028863966464996338,-0.22761470079421997,0.025079667568206787,-0.2686653733253479,0.012754499912261963,-0.22420400381088257,0.00324094295501709,-0.18018507957458496
0.0,0.0,-0.04521608352661133,-0.03728419542312622,-0.0665966272354126,-0.11398589611053467,-0.026274502277374268,-0.1823408603668213,0.0173875093460083,-0.22744333744049072,-0.0887327492237091,-0.2620012164115906,-0.12491315603256226,-0.3657745122909546,-0.14467158913612366,-0.4328591227531433,-0.16196709871292114,-0.4937921166419983,-0.0442604124546051,-0.28373366594314575,-0.0545864999294281,-0.4085425138473511,-0.05768594145774841,-0.48822593688964844,-0.06269511580467224,-0.5552908778190613,-0.005672097206115723,-0.2684757709503174,0.018267154693603516,-0.3770996332168579,0.033215463161468506,-0.4494723081588745,0.04464489221572876,-0.5138074159622192,0.029068410396575928,-0.2267729640007019,0.023350298404693604,-0.2682253122329712,0.010211169719696045,-0.2233005166053772,0.0002472996711730957,-0.17799580097198486
0.0,0.0,-0.04521363973617554,-0.03835254907608032,-0.06662401556968689,-0.11671125888824463,-0.023123502731323242,-0.18505221605300903,0.022021114826202393,-0.2277337908744812,-0.08881485462188721,-0.2583634853363037,-0.1249799132347107,-0.36226481199264526,-0.14456379413604736,-0.42911845445632935,-0.1616973876953125,-0.4896358847618103,-0.043670207262039185,-0.2808217406272888,-0.053229570388793945,-0.4050184488296509,-0.05650663375854492,-0.48462313413619995,-0.06131747364997864,-0.5509563982486725,-0.004463255405426025,-0.26567167043685913,0.0202062726020813,-0.37489843368530273,0.034416377544403076,-0.4475712776184082,0.045120060443878174,-0.5128108859062195,0.03067636489868164,-0.22399359941482544,0.025243759155273438,-0.2641540765762329,0.011470139026641846,-0.21798396110534668,0.000822603702545166,-0.172873854637146
0.0,0.0,-0.04546114802360535,-0.03746902942657471,-0.06730180978775024,-0.11356353759765625,-0.026881486177444458,-0.18122267723083496,0.017361462116241455,-0.22500407695770264,-0.08876091241836548,-0.25695157051086426,-0.12553256750106812,-0.3611951172351837,-0.1456359624862671,-0.4286751449108124,-0.1629847288131714,-0.4895884394645691,-0.044369637966156006,-0.27918511629104614,-0.055561602115631104,-0.40357697010040283,-0.0589083731174469,-0.4830077290534973,-0.06396746635437012,-0.5497131645679474,-0.005812585353851318,-0.264808714389801,0.01769012212753296,-0.372821569442749,0.03178530931472778,-0.44550779461860657,0.0422629714012146,-0.509800136089325,0.029128730297088623,-0.22413939237594604,0.023754596710205078,-0.2645084857940674,0.010777831077575684,-0.2197730541229248,0.0005888938903808594,-0.17464077472686768
0.0,0.0,-0.044815242290496826,-0.03915607929229736,-0.06634697318077087,-0.11785471439361572,-0.025019407272338867,-0.1851789355278015,0.019669532775878906,-0.22739547491073608,-0.08739688992500305,-0.2583464980125427,-0.12369710206985474,-0.36201485991477966,-0.14359882473945618,-0.4288056194782257,-0.16107311844825745,-0.48944902420043945,-0.04288601875305176,-0.2797430753707886,-0.053153425455093384,-0.4040876030921936,-0.05648738145828247,-0.48392078280448914,-0.0611385703086853,-0.5506075918674469,-0.0039484500885009766,-0.2643798589706421,0.01961153745651245,-0.3730626106262207,0.03362983465194702,-0.44637519121170044,0.045085787773132324,-0.5113085806369781,0.030870139598846436,-0.223491370677948,0.023750126361846924,-0.2619113326072693,0.009424567222595215,-0.21638458967208862,-0.0007922649383544922,-0.17144441604614258
0.0,0.0,-0.045423269271850586,-0.038195133209228516,-0.06611692905426025,-0.115786612033844,-0.024329066276550293,-0.1829671859741211,0.019138216972351074,-0.2271057367324829,-0.08750388026237488,-0.2587971091270447,-0.12331748008728027,-0.36236852407455444,-0.1431226134300232,-0.42913252115249634,-0.16029250621795654,-0.4895716905593872,-0.04259800910949707,-0.2804397940635681,-0.05254444479942322,-0.4047628343105316,-0.05558761954307556,-0.4838637113571167,-0.06020992994308472,-0.5504142940044403,-0.0038147568702697754,-0.2650609016418457,0.019847989082336426,-0.3739999532699585,0.034510135650634766,-0.44602489471435547,0.04574167728424072,-0.5103671252727509,0.031042397022247314,-0.22350001335144043,0.025909721851348877,-0.26501715183258057,0.013263940811157227,-0.2196829915046692,0.0036681294441223145,-0.17473536729812622
0.0,0.0,-0.045888930559158325,-0.03822857141494751,-0.06690621376037598,-0.11785465478897095,-0.025211244821548462,-0.186309814453125,0.019235551357269287,-0.22950130701065063,-0.08804425597190857,-0.25957220792770386,-0.12410962581634521,-0.36334919929504395,-0.1442635953426361,-0.43008315563201904,-0.16146314144134521,-0.49053430557250977,-0.04346543550491333,-0.28171348571777344,-0.05420425534248352,-0.40554216504096985,-0.057631343603134155,-0.4854085445404053,-0.06202372908592224,-0.5517192482948303,-0.004542946815490723,-0.2669352889060974,0.0194588303565979,-0.3761458396911621,0.03403794765472412,-0.44860559701919556,0.0457344651222229,-0.5124688744544983,0.03037482500076294,-0.2261601686477661,0.023620963096618652,-0.2656536102294922,0.009570717811584473,-0.21905559301376343,-0.0005957484245300293,-0.17314809560775757
0.0,0.0,-0.04365238547325134,-0.03697901964187622,-0.06438189744949341,-0.1120193600654602,-0.024893879890441895,-0.17996591329574585,0.018803954124450684,-0.22427552938461304,-0.08637440204620361,-0.2596750855445862,-0.12198314070701599,-0.36299532651901245,-0.1413123607635498,-0.4294469952583313,-0.1581537127494812,-0.48988574743270874,-0.04233387112617493,-0.2810364365577698,-0.052971214056015015,-0.40475860238075256,-0.05573451519012451,-0.48330157995224,-0.06027129292488098,-0.5493639409542084,-0.004308938980102539,-0.26629120111465454,0.019446909427642822,-0.3727531433105469,0.033970534801483154,-0.4441954493522644,0.04516822099685669,-0.5071216225624084,0.030007362365722656,-0.22610998153686523,0.0244140625,-0.26446717977523804,0.011549293994903564,-0.21968787908554077,0.001964390277862549,-0.1745007038116455
0.0,0.0,-0.04484373331069946,-0.036493122577667236,-0.06655806303024292,-0.11109662055969238,-0.026848971843719482,-0.1783120036125183,0.015817701816558838,-0.22254520654678345,-0.08721253275871277,-0.2571500539779663,-0.1220177710056305,-0.3594394326210022,-0.141046941280365,-0.4253605604171753,-0.15750664472579956,-0.4849649667739868,-0.04322093725204468,-0.2781373858451843,-0.053573787212371826,-0.40085500478744507,-0.056585103273391724,-0.4792136549949646,-0.060769230127334595,-0.5441611707210541,-0.005136072635650635,-0.26239848136901855,0.01833730936050415,-0.3695754408836365,0.03230410814285278,-0.44179821014404297,0.04338926076889038,-0.5059360563755035,0.028831422328948975,-0.22082304954528809,0.02322465181350708,-0.25905531644821167,0.009903192520141602,-0.21388810873031616,-9.834766387939453e-06,-0.16922378540039062
0.0,0.0,-0.04366058111190796,-0.03852343559265137,-0.0636441707611084,-0.11571073532104492,-0.021852433681488037,-0.18144911527633667,0.021866023540496826,-0.22216808795928955,-0.08410048484802246,-0.2556205987930298,-0.11829105019569397,-0.3583582639694214,-0.13682398200035095,-0.4241170883178711,-0.15350055694580078,-0.4836946129798889,-0.03972181677818298,-0.27598708868026733,-0.04926729202270508,-0.3987278938293457,-0.0521429181098938,-0.4772389531135559,-0.056464940309524536,-0.5426752269268036,-0.0014264583587646484,-0.25975555181503296,0.023167014122009277,-0.36729928851127625,0.03770190477371216,-0.4392699599266052,0.0488276481628418,-0.5039992928504944,0.032810747623443604,-0.2177007794380188,0.02854377031326294,-0.259388267993927,0.014983177185058594,-0.21477055549621582,0.004204690456390381,-0.1702251434326172
0.0,0.0,-0.044799745082855225,-0.037756264209747314,-0.0650046169757843,-0.11363983154296875,-0.02617037296295166,-0.18030041456222534,0.01513761281967163,-0.22499310970306396,-0.08458137512207031,-0.25679415464401245,-0.11956256628036499,-0.3597091734409332,-0.13887262344360352,-0.42582225799560547,-0.15577855706214905,-0.4855535626411438,-0.04073411226272583,-0.27703291177749634,-0.05123201012611389,-0.4001637101173401,-0.054562777280807495,-0.478115439414978,-0.05923548340797424,-0.5434630215167999,-0.003007650375366211,-0.26146596670150757,0.02063065767288208,-0.36954355239868164,0.035067081451416016,-0.4406677782535553,0.04595160484313965,-0.5047004222869873,0.03111445903778076,-0.21979475021362305,0.026601314544677734,-0.26345837116241455,0.013107538223266602,-0.2189353108406067,0.0021051764488220215,-0.17420870065689087
0.0,0.0,-0.04489630460739136,-0.0375133752822876,-0.06448593735694885,-0.11502450704574585,-0.0220831036567688,-0.18182069063186646,0.021687090396881104,-0.22392290830612183,-0.08611732721328735,-0.2538362741470337,-0.12118595838546753,-0.35690799355506897,-0.1403300166130066,-0.42284154891967773,-0.15715709328651428,-0.48251569271087646,-0.042167335748672485,-0.2752458453178406,-0.0524502694606781,-0.3978312909603119,-0.05531477928161621,-0.4761865735054016,-0.05952158570289612,-0.5416427552700043,-0.004135787487030029,-0.26058369874954224,0.01998114585876465,-0.367357075214386,0.03497403860092163,-0.43956810235977173,0.04655700922012329,-0.5035360753536224,0.030106961727142334,-0.22056257724761963,0.0250626802444458,-0.2602786421775818,0.011211156845092773,-0.2154620885848999,0.0002154707908630371,-0.17028051614761353
0.0,0.0,-0.044225722551345825,-0.0370064377784729,-0.06478917598724365,-0.11345541477203369,-0.02263057231903076,-0.18374007940292358,0.021964669227600098,-0.22810691595077515,-0.08547663688659668,-0.2561396360397339,-0.12009495496749878,-0.35959702730178833,-0.13905403017997742,-0.426003098487854,-0.1557287573814392,-0.4862002730369568,-0.041218698024749756,-0.27715301513671875,-0.05082222819328308,-0.4004480838775635,-0.053684890270233154,-0.47896602749824524,-0.05821269750595093,-0.5441514849662781,-0.0031630992889404297,-0.26183271408081055,0.02115100622177124,-0.36915096640586853,0.035762906074523926,-0.4408153295516968,0.046606481075286865,-0.5045763552188873,0.031191647052764893,-0.22046446800231934,0.02688199281692505,-0.2623825669288635,0.013578236103057861,-0.21771538257598877,0.0027068257331848145,-0.17224031686782837
0.0,0.0,-0.04490286111831665,-0.035808026790618896,-0.06477862596511841,-0.11067146062850952,-0.025020897388458252,-0.17839771509170532,0.01641923189163208,-0.2246207594871521,-0.08466842770576477,-0.25461483001708984,-0.11945810914039612,-0.3567236363887787,-0.139024555683136,-0.4224799871444702,-0.15612590312957764,-0.48187440633773804,-0.040947169065475464,-0.2760876417160034,-0.05168542265892029,-0.39909619092941284,-0.054947853088378906,-0.47749191522598267,-0.05954506993293762,-0.5427555739879608,-0.0032404661178588867,-0.2611357569694519,0.02014017105102539,-0.3684800863265991,0.03432321548461914,-0.4400797188282013,0.04530060291290283,-0.5037490129470825,0.03057420253753662,-0.22065991163253784,0.024623394012451172,-0.2610609531402588,0.010894298553466797,-0.21652334928512573,0.0002658367156982422,-0.17214012145996094
0.0,0.0,-0.04481598734855652,-0.03588145971298218,-0.06577390432357788,-0.1107446551322937,-0.02434837818145752,-0.17904329299926758,0.01916813850402832,-0.2240961790084839,-0.08517283201217651,-0.25536561012268066,-0.11975336074829102,-0.3583541810512543,-0.13858827948570251,-0.4245809018611908,-0.15519079566001892,-0.4844907820224762,-0.04108703136444092,-0.2766447067260742,-0.05081138014793396,-0.39934414625167847,-0.05353933572769165,-0.4773632287979126,-0.05808231234550476,-0.5424656569957733,-0.003386378288269043,-0.2617517113685608,0.020631015300750732,-0.3673861622810364,0.03492611646652222,-0.43887704610824585,0.04539269208908081,-0.5031433701515198,0.030687808990478516,-0.22087621688842773,0.026275336742401123,-0.2606264352798462,0.013137102127075195,-0.21479284763336182,0.0023458003997802734,-0.16913551092147827
0.0,0.0,-0.044945329427719116,-0.03791850805282593,-0.06485036015510559,-0.11428338289260864,-0.026248663663864136,-0.18115198612213135,0.015472710132598877,-0.22666144371032715,-0.08570161461830139,-0.2561713457107544,-0.1201963722705841,-0.3593877851963043,-0.13945579528808594,-0.42596882581710815,-0.15595176815986633,-0.48559802770614624,-0.0418701171875,-0.2777208685874939,-0.05154597759246826,-0.400438129901886,-0.0546107292175293,-0.478848397731781,-0.058859556913375854,-0.5444959998130798,-0.003749549388885498,-0.2630431652069092,0.020206034183502197,-0.3711796700954437,0.0344657301902771,-0.44345247745513916,0.04619365930557251,-0.5073418319225311,0.03035140037536621,-0.22289198637008667,0.024224281311035156,-0.25967127084732056,0.010592997074127197,-0.214330792427063,0.0010833740234375,-0.1699015498161316
0.0,0.0,-0.045484572649002075,-0.03599303960800171,-0.06740239262580872,-0.11196887493133545,-0.0277232825756073,-0.17886245250701904,0.015180110931396484,-0.22317343950271606,-0.08743992447853088,-0.25629889965057373,-0.12252390384674072,-0.35936886072158813,-0.1417117714881897,-0.42573222517967224,-0.15832602977752686,-0.48592767119407654,-0.04323950409889221,-0.27772533893585205,-0.05354604125022888,-0.40080422163009644,-0.05627515912055969,-0.4793039560317993,-0.06054198741912842,-0.5451997816562653,-0.005125761032104492,-0.2627149224281311,0.018150806427001953,-0.3702678680419922,0.03244209289550781,-0.44213545322418213,0.04352402687072754,-0.5058734714984894,0.02901482582092285,-0.22185564041137695,0.023418664932250977,-0.260811448097229,0.010005295276641846,-0.21558880805969238,-0.00039064884185791016,-0.17047446966171265
0.0,0.0,-0.04578390717506409,-0.03668653964996338,-0.06664472818374634,-0.11234724521636963,-0.026193827390670776,-0.1798950433731079,0.0164756178855896,-0.2252691388130188,-0.08682426810264587,-0.2556614279747009,-0.12154653668403625,-0.3587612211704254,-0.1413414478302002,-0.42558038234710693,-0.15842607617378235,-0.48635566234588623,-0.043075233697891235,-0.27785724401474,-0.05400249361991882,-0.4000709652900696,-0.05765867233276367,-0.4786410331726074,-0.06261420249938965,-0.5446065068244934,-0.004982590675354004,-0.2636352777481079,0.018315613269805908,-0.37068498134613037,0.03336435556411743,-0.4426189064979553,0.04500913619995117,-0.5062217116355896,0.02943938970565796,-0.2234683632850647,0.022462069988250732,-0.2623401880264282,0.009723663330078125,-0.21664917469024658,0.0004525184631347656,-0.17112159729003906
0.0,0.0,-0.0451185405254364,-0.03940242528915405,-0.0652025043964386,-0.11731678247451782,-0.023765146732330322,-0.18341881036758423,0.019586026668548584,-0.22656208276748657,-0.084166020154953,-0.25619328022003174,-0.11883234977722168,-0.3592146635055542,-0.13846933841705322,-0.42559996247291565,-0.15556851029396057,-0.48601481318473816,-0.040517717599868774,-0.2780507802963257,-0.05162730813026428,-0.4008069634437561,-0.055774956941604614,-0.47949254512786865,-0.0609917938709259,-0.5456056594848633,-0.0023717284202575684,-0.26341187953948975,0.0218542218208313,-0.3715221881866455,0.03636568784713745,-0.4437832832336426,0.04759711027145386,-0.5079074203968048,0.032160043716430664,-0.22238022089004517,0.0270388126373291,-0.26256680488586426,0.01333165168762207,-0.21635806560516357,0.0028535127639770508,-0.1702985167503357
0.0,0.0,-0.04480108618736267,-0.036454737186431885,-0.06587225198745728,-0.11304140090942383,-0.023703813552856445,-0.18088877201080322,0.02044135332107544,-0.22451627254486084,-0.08553659915924072,-0.2557964324951172,-0.1206282377243042,-0.3590349555015564,-0.13997936248779297,-0.42553550004959106,-0.1569417119026184,-0.4856794476509094,-0.04161152243614197,-0.27706557512283325,-0.0525779128074646,-0.39983266592025757,-0.05645644664764404,-0.4780670404434204,-0.06167981028556824,-0.5432390570640564,-0.0033644437789916992,-0.2623559832572937,0.0206071138381958,-0.36934036016464233,0.03480720520019531,-0.44081413745880127,0.04574012756347656,-0.503990888595581,0.030972778797149658,-0.22186434268951416,0.02539348602294922,-0.26014113426208496,0.011247217655181885,-0.21371442079544067,0.00032579898834228516,-0.1679179072380066
0.0,0.0,-0.04531097412109375,-0.03719973564147949,-0.06630361080169678,-0.1139366626739502,-0.025796711444854736,-0.1807020902633667,0.016181111335754395,-0.2259952425956726,-0.08703002333641052,-0.25620824098587036,-0.12145540118217468,-0.3591272830963135,-0.14093905687332153,-0.4251589775085449,-0.15801870822906494,-0.485130250453949,-0.04327899217605591,-0.2785019874572754,-0.05504217743873596,-0.40015920996665955,-0.05954936146736145,-0.47855961322784424,-0.06519663333892822,-0.5439212322235107,-0.005104541778564453,-0.26388412714004517,0.019061148166656494,-0.3699130117893219,0.03356373310089111,-0.4406871199607849,0.04484832286834717,-0.5034291744232178,0.02875065803527832,-0.22324025630950928,0.02245151996612549,-0.26030343770980835,0.008751451969146729,-0.21469753980636597,-0.0013175606727600098,-0.16998618841171265
0.0,0.0,-0.04501885175704956,-0.03690725564956665,-0.06502267718315125,-0.11422765254974365,-0.02319866418838501,-0.18123531341552734,0.01934295892715454,-0.2260279655456543,-0.08462187647819519,-0.2558213472366333,-0.11938831210136414,-0.3589134216308594,-0.1388670802116394,-0.42484140396118164,-0.15616106986999512,-0.4848959147930145,-0.04060238599777222,-0.2782623767852783,-0.05225414037704468,-0.4006935954093933,-0.056900233030319214,-0.47898077964782715,-0.06278681755065918,-0.5439261198043823,-0.00212252140045166,-0.2634090185165405,0.02208864688873291,-0.3709951937198639,0.036548495292663574,-0.4419615864753723,0.047678232192993164,-0.5052558481693268,0.03216308355331421,-0.22210901975631714,0.02546781301498413,-0.26305264234542847,0.010837137699127197,-0.21766531467437744,-0.00020360946655273438,-0.17272168397903442
0.0,0.0,-0.04382362961769104,-0.03798508644104004,-0.06382176280021667,-0.11451542377471924,-0.022408515214920044,-0.1820395588874817,0.020937085151672363,-0.2251286506652832,-0.0854569673538208,-0.25450998544692993,-0.12039199471473694,-0.3574041724205017,-0.14015784859657288,-0.42308467626571655,-0.15752184391021729,-0.4829438626766205,-0.04197153449058533,-0.2766231298446655,-0.05314818024635315,-0.4000353217124939,-0.0572887659072876,-0.47908997535705566,-0.062497615814208984,-0.5444445908069611,-0.0034797191619873047,-0.2619169354438782,0.02087545394897461,-0.36945492029190063,0.03608208894729614,-0.4407350420951843,0.048036813735961914,-0.5034354627132416,0.031485557556152344,-0.22074675559997559,0.0256575345993042,-0.2601659893989563,0.011828422546386719,-0.21478134393692017,0.0015888810157775879,-0.16905748844146729
0.0,0.0,-0.045228928327560425,-0.035856008529663086,-0.06710276007652283,-0.10876584053039551,-0.02824258804321289,-0.1749781370162964,0.013052523136138916,-0.2210751175880432,-0.08449757099151611,-0.2547091841697693,-0.12102195620536804,-0.3561548590660095,-0.1421809196472168,-0.42161351442337036,-0.16060203313827515,-0.4817843437194824,-0.04097503423690796,-0.2769448161125183,-0.05294448137283325,-0.39930567145347595,-0.058365821838378906,-0.4775520861148834,-0.06533554196357727,-0.5437827706336975,-0.0031117796897888184,-0.26234006881713867,0.020941317081451416,-0.36950773000717163,0.035305023193359375,-0.44070425629615784,0.045746028423309326,-0.5040711462497711,0.031174004077911377,-0.22123003005981445,0.024360716342926025,-0.2624322175979614,0.010432779788970947,-0.21680623292922974,-0.0003808140754699707,-0.17113971710205078
0.0,0.0,-0.0455990731716156,-0.038014113903045654,-0.06587892770767212,-0.11668241024017334,-0.024042099714279175,-0.18458867073059082,0.01891535520553589,-0.22811663150787354,-0.08578306436538696,-0.2551692724227905,-0.12202408909797668,-0.35747456550598145,-0.14268669486045837,-0.4232242703437805,-0.16067838668823242,-0.48352426290512085,-0.04214733839035034,-0.27773213386535645,-0.05456545948982239,-0.401131272315979,-0.05952492356300354,-0.48064935207366943,-0.06547710299491882,-0.5465916395187378,-0.003337383270263672,-0.2633931040763855,0.019973576068878174,-0.37158870697021484,0.03466302156448364,-0.443572998046875,0.04652923345565796,-0.5067429542541504,0.03149998188018799,-0.22294235229492188,0.023829400539398193,-0.262268602848053,0.009645998477935791,-0.21550124883651733,-0.0002040266990661621,-0.16917574405670166
0.0,0.0,-0.04424643516540527,-0.0379294753074646,-0.06437963247299194,-0.11469948291778564,-0.024577617645263672,-0.18201476335525513,0.017640769481658936,-0.22711002826690674,-0.08536118268966675,-0.25703704357147217,-0.12173938751220703,-0.3592850863933563,-0.14237424731254578,-0.425322026014328,-0.16041350364685059,-0.4852507710456848,-0.041593313217163086,-0.2789309024810791,-0.05396384000778198,-0.40163132548332214,-0.05916205048561096,-0.48072558641433716,-0.0655403733253479,-0.5464262366294861,-0.00305253267288208,-0.26362287998199463,0.020795345306396484,-0.37175261974334717,0.03498739004135132,-0.4430784583091736,0.04600799083709717,-0.5060055255889893,0.03137707710266113,-0.22217637300491333,0.024931371212005615,-0.2622576951980591,0.010549843311309814,-0.21765059232711792,-0.00013905763626098633,-0.1728929877281189
0.0,0.0,-0.04524427652359009,-0.037763774394989014,-0.06578710675239563,-0.11576616764068604,-0.023700833320617676,-0.18481802940368652,0.02036195993423462,-0.22847455739974976,-0.08713233470916748,-0.2576846480369568,-0.12363702058792114,-0.36080196499824524,-0.14388027787208557,-0.42698872089385986,-0.16161653399467468,-0.48714202642440796,-0.04311296343803406,-0.2799282670021057,-0.05482843518257141,-0.4028368592262268,-0.059505343437194824,-0.48176178336143494,-0.06567823886871338,-0.5475183129310608,-0.004425704479217529,-0.26501572132110596,0.01965993642807007,-0.37267759442329407,0.03429967164993286,-0.443889319896698,0.04543274641036987,-0.5068344175815582,0.030241549015045166,-0.22410345077514648,0.024227261543273926,-0.2655552625656128,0.01038825511932373,-0.22104066610336304,-5.704164505004883e-05,-0.17654311656951904
0.0,0.0,-0.046068280935287476,-0.03740811347961426,-0.06793618202209473,-0.11425173282623291,-0.027579903602600098,-0.18316060304641724,0.015249669551849365,-0.22961801290512085,-0.08786901831626892,-0.2597144842147827,-0.12376824021339417,-0.3624756932258606,-0.14403000473976135,-0.42865267395973206,-0.16165536642074585,-0.4889131188392639,-0.043997764587402344,-0.2816839814186096,-0.055816322565078735,-0.404807448387146,-0.06044265627861023,-0.48362547159194946,-0.06625166535377502,-0.549426406621933,-0.005582928657531738,-0.26668500900268555,0.018319010734558105,-0.37487971782684326,0.033220648765563965,-0.44594210386276245,0.0451585054397583,-0.5082985162734985,0.028942108154296875,-0.22561830282211304,0.022053003311157227,-0.26463592052459717,0.008465290069580078,-0.21883362531661987,-0.0014445185661315918,-0.1733992099761963
0.0,0.0,-0.04525604844093323,-0.038286805152893066,-0.06657347083091736,-0.11348086595535278,-0.0267295241355896,-0.18123704195022583,0.01660633087158203,-0.2267957329750061,-0.08543071150779724,-0.26025259494781494,-0.12126180529594421,-0.36308416724205017,-0.14134159684181213,-0.4291573762893677,-0.15860232710838318,-0.48928117752075195,-0.041425615549087524,-0.28166550397872925,-0.053207218647003174,-0.40451115369796753,-0.05813610553741455,-0.4833299219608307,-0.06406274437904358,-0.5492967367172241,-0.0030991435050964355,-0.26587820053100586,0.021100521087646484,-0.37366151809692383,0.03592008352279663,-0.44449418783187866,0.04750394821166992,-0.507135808467865,0.03140389919281006,-0.22398048639297485,0.02549755573272705,-0.2641839385032654,0.012110888957977295,-0.21991825103759766,0.002136051654815674,-0.1754639744758606
0.0,0.0,-0.04407951235771179,-0.036713480949401855,-0.06570518016815186,-0.1117323637008667,-0.02628844976425171,-0.17948120832443237,0.0172615647315979,-0.22360652685165405,-0.08558037877082825,-0.2559360861778259,-0.12123727798461914,-0.35826241970062256,-0.14120343327522278,-0.4240167737007141,-0.1584426760673523,-0.4839451014995575,-0.04217344522476196,-0.27785372734069824,-0.05412033200263977,-0.4012201726436615,-0.058868408203125,-0.4802297353744507,-0.06449058651924133,-0.5461798310279846,-0.004064023494720459,-0.26292383670806885,0.020056545734405518,-0.3694313168525696,0.034699201583862305,-0.4407857060432434,0.04649078845977783,-0.5033915638923645,0.030189156532287598,-0.2222839593887329,0.023219585418701172,-0.2586371898651123,0.008718490600585938,-0.21321117877960205,-0.0018607378005981445,-0.1682569980621338
0.0,0.0,-0.04550457000732422,-0.03803902864456177,-0.06649595499038696,-0.11371415853500366,-0.026780307292938232,-0.1804795265197754,0.015989601612091064,-0.22614610195159912,-0.08500087261199951,-0.2578381299972534,-0.12092909216880798,-0.36016345024108887,-0.1409788727760315,-0.4262131154537201,-0.158423513174057,-0.48622915148735046,-0.04102599620819092,-0.27963560819625854,-0.0531366765499115,-0.40159106254577637,-0.058045804500579834,-0.48023584485054016,-0.06384935975074768,-0.5459571480751038,-0.002574145793914795,-0.2642155885696411,0.021586894989013672,-0.37058043479919434,0.03596717119216919,-0.4419005513191223,0.04752475023269653,-0.5046568214893341,0.03163963556289673,-0.22293907403945923,0.024305522441864014,-0.26014572381973267,0.009311437606811523,-0.2149699330329895,-0.0017666220664978027,-0.17040807008743286
0.0,0.0,-0.04579651355743408,-0.03738093376159668,-0.06718885898590088,-0.11200064420700073,-0.028131991624832153,-0.17831915616989136,0.014070987701416016,-0.2235090732574463,-0.08644932508468628,-0.2569337487220764,-0.12221905589103699,-0.3589474558830261,-0.14216944575309753,-0.4249066710472107,-0.15937918424606323,-0.485090970993042,-0.042571812868118286,-0.27897852659225464,-0.054634690284729004,-0.40130510926246643,-0.05932271480560303,-0.48010650277137756,-0.06500393152236938,-0.5460144877433777,-0.004069805145263672,-0.2638675570487976,0.019941985607147217,-0.3705723285675049,0.034889817237854004,-0.44179797172546387,0.04672759771347046,-0.5039933621883392,0.030600249767303467,-0.2228901982307434,0.02341628074645996,-0.26170504093170166,0.008929908275604248,-0.21739786863327026,-0.0019054412841796875,-0.1728191375732422
0.0,0.0,-0.04546862840652466,-0.03670239448547363,-0.06790682673454285,-0.110828697681427,-0.028818249702453613,-0.1786102056503296,0.014276742935180664,-0.2244146466255188,-0.08657011389732361,-0.2567329406738281,-0.12290257215499878,-0.35809871554374695,-0.14326223731040955,-0.4232483506202698,-0.1608107089996338,-0.4831629693508148,-0.042794495820999146,-0.2790030241012573,-0.054779052734375,-0.4017448127269745,-0.059508174657821655,-0.4800756573677063,-0.06502225995063782,-0.5457838177680969,-0.004362523555755615,-0.2640684247016907,0.01942223310470581,-0.37064993381500244,0.03371739387512207,-0.4422287940979004,0.04544556140899658,-0.50462406873703,0.03022867441177368,-0.22352111339569092,0.022857367992401123,-0.259979784488678,0.008218348026275635,-0.21419697999954224,-0.0025109052658081055,-0.16875576972961426
0.0,0.0,-0.04427853226661682,-0.03604000806808472,-0.06627047061920166,-0.10964691638946533,-0.026536554098129272,-0.17757642269134521,0.0171053409576416,-0.22336363792419434,-0.08659949898719788,-0.2552686333656311,-0.12293890118598938,-0.35804128646850586,-0.14328083395957947,-0.4245305061340332,-0.16051003336906433,-0.4850061535835266,-0.04259669780731201,-0.2775772213935852,-0.054255932569503784,-0.40039074420928955,-0.05870771408081055,-0.4790150225162506,-0.0642734169960022,-0.5447597205638885,-0.004095733165740967,-0.2631279230117798,0.02003467082977295,-0.36904531717300415,0.03452509641647339,-0.4395033121109009,0.04609471559524536,-0.501083642244339,0.030644536018371582,-0.22307825088500977,0.02331012487411499,-0.25870490074157715,0.00897073745727539,-0.21406853199005127,-0.0015142560005187988,-0.16944867372512817
0.0,0.0,-0.04431277513504028,-0.040638089179992676,-0.06460452079772949,-0.12007641792297363,-0.022257983684539795,-0.1863110065460205,0.022545456886291504,-0.22744029760360718,-0.08435624837875366,-0.2588616609573364,-0.12144458293914795,-0.3618638515472412,-0.14186295866966248,-0.42739301919937134,-0.1597312092781067,-0.4873248338699341,-0.04063698649406433,-0.2806409001350403,-0.052864015102386475,-0.4043794572353363,-0.0582844614982605,-0.48330649733543396,-0.06455743312835693,-0.5493955612182617,-0.0020908117294311523,-0.26644593477249146,0.02202010154724121,-0.37422001361846924,0.036052167415618896,-0.4466255307197571,0.04701358079910278,-0.5105634927749634,0.03289914131164551,-0.22614842653274536,0.026341378688812256,-0.2627585530281067,0.012630283832550049,-0.2149091362953186,0.00330960750579834,-0.16796576976776123
0.0,0.0,-0.04415544867515564,-0.04011058807373047,-0.06507575511932373,-0.11858880519866943,-0.026605695486068726,-0.18460619449615479,0.015608906745910645,-0.22783255577087402,-0.08734199404716492,-0.2608349323272705,-0.12476664781570435,-0.362984299659729,-0.14545032382011414,-0.42856094241142273,-0.16367387771606445,-0.48852166533470154,-0.044082969427108765,-0.2833229899406433,-0.05732971429824829,-0.40771573781967163,-0.06258285045623779,-0.48743969202041626,-0.06898722052574158,-0.5536225140094757,-0.005653023719787598,-0.26933473348617554,0.017336666584014893,-0.37715113162994385,0.031432509422302246,-0.4493740200996399,0.042560458183288574,-0.5123114287853241,0.029104113578796387,-0.22930020093917847,0.022285401821136475,-0.26677656173706055,0.009342432022094727,-0.22110515832901,0.0009952783584594727,-0.1755337119102478
0.0,0.0,-0.04579561948776245,-0.03892737627029419,-0.06679588556289673,-0.11955130100250244,-0.027455031871795654,-0.18494468927383423,0.013237833976745605,-0.22906988859176636,-0.08865231275558472,-0.2632296681404114,-0.12542203068733215,-0.36526739597320557,-0.14659148454666138,-0.4307480752468109,-0.16545253992080688,-0.49101316928863525,-0.04523196816444397,-0.28644824028015137,-0.057815343141555786,-0.4104437232017517,-0.063494473695755,-0.4893770217895508,-0.07050222158432007,-0.556068480014801,-0.00708770751953125,-0.27320289611816406,0.016851067543029785,-0.3813703656196594,0.03101736307144165,-0.45318302512168884,0.04179024696350098,-0.51705202460289,0.02713453769683838,-0.23346281051635742,0.02000713348388672,-0.2702072858810425,0.006744503974914551,-0.2218223214149475,-0.002199113368988037,-0.175520658493042
0.0,0.0,-0.04411882162094116,-0.03888434171676636,-0.06440714001655579,-0.11584091186523438,-0.02414640784263611,-0.18253928422927856,0.018229544162750244,-0.2277722954750061,-0.08664509654045105,-0.25937211513519287,-0.12329882383346558,-0.36190277338027954,-0.14449894428253174,-0.4273066520690918,-0.16294461488723755,-0.48754721879959106,-0.04319638013839722,-0.28256964683532715,-0.055636972188949585,-0.4065386950969696,-0.06107652187347412,-0.48540401458740234,-0.06761422753334045,-0.5517955124378204,-0.005036890506744385,-0.26944202184677124,0.01897495985031128,-0.3761318325996399,0.03369683027267456,-0.4475625157356262,0.04518669843673706,-0.5109297037124634,0.02968364953994751,-0.22999244928359985,0.022357702255249023,-0.2646113634109497,0.008911192417144775,-0.2164120078086853,-9.942054748535156e-05,-0.1697419285774231
0.0,0.0,-0.04519566893577576,-0.03753066062927246,-0.06583279371261597,-0.11697107553482056,-0.024533599615097046,-0.1858174204826355,0.01881587505340576,-0.23058032989501953,-0.08825883269309998,-0.26176321506500244,-0.12464207410812378,-0.3648987412452698,-0.14500069618225098,-0.4309734106063843,-0.16264572739601135,-0.4911215305328369,-0.04377424716949463,-0.28497201204299927,-0.056019604206085205,-0.41003620624542236,-0.060788869857788086,-0.48925456404685974,-0.06658264994621277,-0.5549814403057098,-0.004810988903045654,-0.27147847414016724,0.018528759479522705,-0.37875139713287354,0.03325122594833374,-0.4500543177127838,0.04544550180435181,-0.512718141078949,0.030394673347473145,-0.2317245602607727,0.02212667465209961,-0.26666611433029175,0.008880138397216797,-0.21914803981781006,0.0008716583251953125,-0.17273801565170288
0.0,0.0,-0.044488996267318726,-0.03962522745132446,-0.06496122479438782,-0.11928409337997437,-0.022928625345230103,-0.18566828966140747,0.021058320999145508,-0.2281361222267151,-0.08667248487472534,-0.2602267265319824,-0.12317359447479248,-0.36234575510025024,-0.14361953735351562,-0.4274568259716034,-0.16169655323028564,-0.48735886812210083,-0.04309356212615967,-0.2827709913253784,-0.055367618799209595,-0.40664932131767273,-0.0601082444190979,-0.4854985177516937,-0.06614488363265991,-0.5518787801265717,-0.005014181137084961,-0.26902663707733154,0.019016683101654053,-0.37615829706192017,0.03407996892929077,-0.447806179523468,0.04568493366241455,-0.5119265615940094,0.029615700244903564,-0.22871637344360352,0.024157404899597168,-0.2661812901496887,0.011228740215301514,-0.21895605325698853,0.0021415352821350098,-0.17250949144363403
0.0,0.0,-0.04328855872154236,-0.03945028781890869,-0.06342160701751709,-0.11636519432067871,-0.023712992668151855,-0.1817305088043213,0.019099414348602295,-0.22369110584259033,-0.08477374911308289,-0.2577695846557617,-0.12138137221336365,-0.3596516251564026,-0.14224708080291748,-0.42474621534347534,-0.16048166155815125,-0.48455893993377686,-0.04132187366485596,-0.2803841233253479,-0.053151488304138184,-0.4045804738998413,-0.058077991008758545,-0.48336443305015564,-0.06409987807273865,-0.5487514436244965,-0.002901017665863037,-0.266349732875824,0.02085179090499878,-0.3734302520751953,0.035904526710510254,-0.4447517991065979,0.048056840896606445,-0.5073820650577545,0.03214597702026367,-0.22589999437332153,0.024677276611328125,-0.261599063873291,0.011962950229644775,-0.21505671739578247,0.004240512847900391,-0.16897588968276978
0.0,0.0,-0.04318752884864807,-0.04006856679916382,-0.06357681751251221,-0.11777561902999878,-0.022877603769302368,-0.18338799476623535,0.021287918090820312,-0.223962664604187,-0.08507040143013,-0.2564923167228699,-0.12126237154006958,-0.3587409257888794,-0.14154314994812012,-0.42379674315452576,-0.15951943397521973,-0.4838283658027649,-0.04144573211669922,-0.2786940932273865,-0.05342984199523926,-0.40326571464538574,-0.05829671025276184,-0.48276394605636597,-0.06445720791816711,-0.5487668812274933,-0.002897918224334717,-0.2648814916610718,0.021237432956695557,-0.37259548902511597,0.03637814521789551,-0.4442847669124603,0.04825526475906372,-0.5071601271629333,0.03224247694015503,-0.22477996349334717,0.025059103965759277,-0.2633579969406128,0.011972665786743164,-0.21655523777008057,0.0036687850952148438,-0.16950345039367676
0.0,0.0,-0.04637894034385681,-0.03914839029312134,-0.06700530648231506,-0.11807429790496826,-0.026827245950698853,-0.18307775259017944,0.01474219560623169,-0.22819626331329346,-0.08858543634414673,-0.2609513998031616,-0.12433797121047974,-0.36403512954711914,-0.14472851157188416,-0.4300656318664551,-0.16259849071502686,-0.4904400706291199,-0.04534295201301575,-0.2838737964630127,-0.058098435401916504,-0.40854156017303467,-0.06317457556724548,-0.4882282316684723,-0.06927341222763062,-0.5548203885555267,-0.007295012474060059,-0.2705036401748657,0.01665860414505005,-0.37827908992767334,0.031262874603271484,-0.4499167799949646,0.04267597198486328,-0.5131469964981079,0.027015089988708496,-0.23081761598587036,0.020101547241210938,-0.267128050327301,0.006242632865905762,-0.21908807754516602,-0.00326460599899292,-0.17217516899108887
0.0,0.0,-0.044896483421325684,-0.03831171989440918,-0.06572237610816956,-0.11868321895599365,-0.02533245086669922,-0.18607521057128906,0.016974031925201416,-0.22969931364059448,-0.08747506141662598,-0.2607730031013489,-0.12439081072807312,-0.36401426792144775,-0.14481472969055176,-0.42956387996673584,-0.16277769207954407,-0.48976460099220276,-0.043647319078445435,-0.28378134965896606,-0.055864810943603516,-0.40943995118141174,-0.060927122831344604,-0.48846620321273804,-0.06751340627670288,-0.5543856024742126,-0.005371570587158203,-0.27077341079711914,0.0183677077293396,-0.37888622283935547,0.03312283754348755,-0.44977298378944397,0.04443126916885376,-0.5126736164093018,0.029386401176452637,-0.23118484020233154,0.02213960886001587,-0.2698378562927246,0.00920039415359497,-0.22249656915664673,0.0007418394088745117,-0.17560547590255737
0.0,0.0,-0.04573836922645569,-0.03800308704376221,-0.06559181213378906,-0.11680704355239868,-0.02531379461288452,-0.1829422116279602,0.016041576862335205,-0.22840279340744019,-0.08781382441520691,-0.2615850567817688,-0.12454533576965332,-0.36405420303344727,-0.14564728736877441,-0.42963656783103943,-0.16403448581695557,-0.49012482166290283,-0.044198811054229736,-0.28483259677886963,-0.056711047887802124,-0.40918099880218506,-0.061860501766204834,-0.4877246618270874,-0.06843632459640503,-0.5540069341659546,-0.006306946277618408,-0.2717543840408325,0.017446279525756836,-0.3790580630302429,0.032324790954589844,-0.4502655863761902,0.04363507032394409,-0.5136087834835052,0.027804911136627197,-0.23195648193359375,0.020813941955566406,-0.2687148451805115,0.007797122001647949,-0.220683753490448,-0.0011388659477233887,-0.1737884283065796
0.0,0.0,-0.04533502459526062,-0.03825986385345459,-0.06529644131660461,-0.11756980419158936,-0.024683088064193726,-0.1849249005317688,0.016522228717803955,-0.23145943880081177,-0.08692735433578491,-0.26238375902175903,-0.12388327717781067,-0.36482614278793335,-0.1443536877632141,-0.42988479137420654,-0.16181331872940063,-0.4894975423812866,-0.043166011571884155,-0.28542065620422363,-0.05620035529136658,-0.41049933433532715,-0.06131112575531006,-0.4896112084388733,-0.06715846061706543,-0.5555233955383301,-0.004899501800537109,-0.27196580171585083,0.01931971311569214,-0.3805340528488159,0.03391289710998535,-0.45161980390548706,0.045398592948913574,-0.5144346952438354,0.02971673011779785,-0.23184913396835327,0.02427452802658081,-0.26849424839019775,0.010740339756011963,-0.22031170129776,0.0013750195503234863,-0.17334485054016113
0.0,0.0,-0.04499334096908569,-0.03860384225845337,-0.06502929329872131,-0.11700791120529175,-0.025286734104156494,-0.18211734294891357,0.016179800033569336,-0.22677183151245117,-0.08647981286048889,-0.26269978284835815,-0.1220894455909729,-0.36566054821014404,-0.14255067706108093,-0.4315357804298401,-0.16052958369255066,-0.491835355758667,-0.04274618625640869,-0.2854558229446411,-0.055175453424453735,-0.40982112288475037,-0.06057000160217285,-0.48900774121284485,-0.06713533401489258,-0.5556564629077911,-0.004399359226226807,-0.271737277507782,0.019653737545013428,-0.37880727648735046,0.033936381340026855,-0.44935381412506104,0.04506963491439819,-0.5119014978408813,0.02996373176574707,-0.2318432331085205,0.023276925086975098,-0.26771044731140137,0.009510993957519531,-0.2207213044166565,4.506111145019531e-05,-0.17508137226104736
0.0,0.0,-0.04515001177787781,-0.039320409297943115,-0.06650829315185547,-0.11780577898025513,-0.02753165364265442,-0.18410426378250122,0.014602959156036377,-0.22695153951644897,-0.0880323052406311,-0.26082420349121094,-0.12498271465301514,-0.36374884843826294,-0.14578232169151306,-0.42964795231819153,-0.16421261429786682,-0.4900186061859131,-0.044685691595077515,-0.28253573179244995,-0.057718098163604736,-0.4073851406574249,-0.06294316053390503,-0.48722177743911743,-0.06946325302124023,-0.5536267161369324,-0.0065056681632995605,-0.26827841997146606,0.017146289348602295,-0.3762027621269226,0.03129392862319946,-0.4476722776889801,0.04180574417114258,-0.5108451247215271,0.027960658073425293,-0.2276853322982788,0.02140939235687256,-0.26806139945983887,0.007654011249542236,-0.22173315286636353,-0.0020335912704467773,-0.17530781030654907
0.0,0.0,-0.04398471117019653,-0.03768885135650635,-0.06467202305793762,-0.1149476170539856,-0.02573278546333313,-0.1821606159210205,0.016307413578033447,-0.22765547037124634,-0.08556926250457764,-0.26096683740615845,-0.12253862619400024,-0.3635420799255371,-0.14320415258407593,-0.42932838201522827,-0.1611941158771515,-0.48983681201934814,-0.041664958000183105,-0.2836625576019287,-0.0539417564868927,-0.407981812953949,-0.05893146991729736,-0.487174391746521,-0.06522709131240845,-0.5527935326099396,-0.003232300281524658,-0.2695643901824951,0.02059274911880493,-0.37701115012168884,0.03495997190475464,-0.44766461849212646,0.04629164934158325,-0.5099448263645172,0.03133589029312134,-0.22913265228271484,0.024150490760803223,-0.2666541337966919,0.010459661483764648,-0.22004783153533936,0.001025557518005371,-0.1740434765815735
0.0,0.0,-0.044411808252334595,-0.03844332695007324,-0.06450018286705017,-0.1149294376373291,-0.02395722270011902,-0.18173444271087646,0.0176277756690979,-0.22551685571670532,-0.0868673324584961,-0.25568753480911255,-0.12359011173248291,-0.35698819160461426,-0.1441960334777832,-0.42173248529434204,-0.16245126724243164,-0.4814484715461731,-0.04335153102874756,-0.2785310745239258,-0.05557742714881897,-0.402429461479187,-0.060531169176101685,-0.4814656376838684,-0.0671679675579071,-0.5478681921958923,-0.005051732063293457,-0.2651669979095459,0.018503546714782715,-0.37220335006713867,0.033254146575927734,-0.4429057538509369,0.04392462968826294,-0.5059579908847809,0.02996039390563965,-0.22551888227462769,0.02373427152633667,-0.26590657234191895,0.010194480419158936,-0.21906810998916626,0.0001838207244873047,-0.17261672019958496
