0.0,0.0,-0.01599884033203125,-0.05499547719955444,-0.0017650127410888672,-0.10500770807266235,0.027559399604797363,-0.1313381791114807,0.05410510301589966,-0.13434487581253052,0.016219139099121094,-0.1366443634033203,0.03832411766052246,-0.20780044794082642,0.06765419244766235,-0.22845280170440674,0.09116792678833008,-0.23043417930603027,0.04168713092803955,-0.11384791135787964,0.08402079343795776,-0.136094868183136,0.09246677160263062,-0.12557947635650635,0.08957231044769287,-0.1138257384300232,0.06017583608627319,-0.08345586061477661,0.09620803594589233,-0.09994512796401978,0.09578883647918701,-0.09136694669723511,0.08656919002532959,-0.08315777778625488,0.07297027111053467,-0.05424082279205322,0.09890162944793701,-0.07117897272109985,0.09810936450958252,-0.06490886211395264,0.08952987194061279,-0.05849277973175049
0.0,0.0,-0.016195297241210938,-0.05615246295928955,-0.006792783737182617,-0.10236948728561401,0.013782858848571777,-0.11957591772079468,0.03532981872558594,-0.1203107237815857,0.008066713809967041,-0.12578880786895752,0.02186906337738037,-0.19662296772003174,0.04261845350265503,-0.2156306505203247,0.06174194812774658,-0.21575504541397095,0.03714919090270996,-0.10635173320770264,0.07356798648834229,-0.13958072662353516,0.06528794765472412,-0.11911529302597046,0.05012845993041992,-0.09923911094665527,0.05817669630050659,-0.08132308721542358,0.0860486626625061,-0.11312079429626465,0.07369381189346313,-0.09597575664520264,0.060034096240997314,-0.08224999904632568,0.0727875828742981,-0.057241737842559814,0.09141159057617188,-0.08698844909667969,0.08205592632293701,-0.07720601558685303,0.06970500946044922,-0.06661343574523926
0.0,0.0,0.018998444080352783,-0.048227667808532715,0.044295430183410645,-0.09965294599533081,0.06654387712478638,-0.1314382553100586,0.08661007881164551,-0.15332651138305664,0.026380479335784912,-0.17729538679122925,0.03806567192077637,-0.2422499656677246,0.06410527229309082,-0.2658032774925232,0.08662205934524536,-0.2684076428413391,0.043788373470306396,-0.16311806440353394,0.09837836027145386,-0.19043773412704468,0.10976457595825195,-0.15530002117156982,0.10448086261749268,-0.1278284788131714,0.05966418981552124,-0.13894110918045044,0.1095549464225769,-0.16116052865982056,0.11708962917327881,-0.1331375241279602,0.11005812883377075,-0.11267131567001343,0.06967157125473022,-0.10933667421340942,0.10536861419677734,-0.12359464168548584,0.1168907880783081,-0.11243116855621338,0.11509674787521362,-0.10438483953475952
0.0,0.0,-0.00027948617935180664,-0.0458829402923584,0.014477968215942383,-0.09921646118164062,0.037032902240753174,-0.13488900661468506,0.06105893850326538,-0.15812885761260986,0.024978220462799072,-0.1757250428199768,0.03690147399902344,-0.2395247220993042,0.06229156255722046,-0.2633783221244812,0.0849502682685852,-0.26989930868148804,0.050631046295166016,-0.15646404027938843,0.09898144006729126,-0.18749552965164185,0.09946340322494507,-0.15449702739715576,0.08632141351699829,-0.131963849067688,0.06921625137329102,-0.13184630870819092,0.11274141073226929,-0.15171366930007935,0.10372430086135864,-0.12339138984680176,0.084841787815094,-0.10669344663619995,0.0781354308128357,-0.10286366939544678,0.10892164707183838,-0.11316126585006714,0.10569453239440918,-0.09929656982421875,0.09147810935974121,-0.09332400560379028
0.0,0.0,0.01822495460510254,-0.043517112731933594,0.05637764930725098,-0.09095180034637451,0.09764748811721802,-0.12056773900985718,0.12844258546829224,-0.14876586198806763,0.05953216552734375,-0.16903072595596313,0.08094197511672974,-0.23656129837036133,0.11524724960327148,-0.2520753741264343,0.14357322454452515,-0.24861574172973633,0.07030260562896729,-0.14259064197540283,0.12548315525054932,-0.1529325246810913,0.13010954856872559,-0.12068814039230347,0.12015539407730103,-0.09982603788375854,0.07424801588058472,-0.11346554756164551,0.11912655830383301,-0.1186758279800415,0.11974477767944336,-0.0936514139175415,0.10921281576156616,-0.0840563178062439,0.07300066947937012,-0.08467137813568115,0.10420030355453491,-0.09413641691207886,0.1084679365158081,-0.08121919631958008,0.10104584693908691,-0.07726973295211792
0.0,0.0,0.0038773417472839355,-0.032797276973724365,0.02915436029434204,-0.07286816835403442,0.0582696795463562,-0.09678971767425537,0.08640891313552856,-0.1158856749534607,0.06488287448883057,-0.15102684497833252,0.09488588571548462,-0.21384143829345703,0.12856453657150269,-0.22422391176223755,0.15398824214935303,-0.21879762411117554,0.08173072338104248,-0.1259901523590088,0.13821494579315186,-0.12762868404388428,0.13064175844192505,-0.09123420715332031,0.11167043447494507,-0.07594126462936401,0.09161198139190674,-0.10099709033966064,0.13680124282836914,-0.09512174129486084,0.12501001358032227,-0.06736218929290771,0.10782313346862793,-0.06191033124923706,0.0927804708480835,-0.07573813199996948,0.12338817119598389,-0.07422345876693726,0.11542153358459473,-0.05672687292098999,0.098807692527771,-0.054795920848846436
0.0,0.0,0.005509912967681885,-0.03234320878982544,0.03094702959060669,-0.07075995206832886,0.06335818767547607,-0.09422546625137329,0.0912010669708252,-0.11647456884384155,0.056226134300231934,-0.16084402799606323,0.08440250158309937,-0.22439652681350708,0.11730015277862549,-0.2350817322731018,0.14127689599990845,-0.22757071256637573,0.07380092144012451,-0.13953477144241333,0.1327347755432129,-0.14065700769424438,0.12432819604873657,-0.10255241394042969,0.1049531102180481,-0.08802992105484009,0.08665192127227783,-0.11402267217636108,0.13402807712554932,-0.10925453901290894,0.12201207876205444,-0.08050405979156494,0.10408729314804077,-0.07487338781356812,0.09240663051605225,-0.0881088376045227,0.12546563148498535,-0.085113525390625,0.11984151601791382,-0.0680992603302002,0.10517191886901855,-0.0675123929977417
0.0,0.0,-0.007970988750457764,-0.035954952239990234,0.008226633071899414,-0.07955902814865112,0.03410238027572632,-0.10742205381393433,0.05903977155685425,-0.1295255422592163,0.042082786560058594,-0.15934425592422485,0.06873446702957153,-0.2208561897277832,0.09654158353805542,-0.2350296974182129,0.12035644054412842,-0.23305702209472656,0.06502377986907959,-0.13743340969085693,0.11341267824172974,-0.15420109033584595,0.1059868335723877,-0.11764144897460938,0.08852028846740723,-0.0955539345741272,0.08019185066223145,-0.11194205284118652,0.11888289451599121,-0.12083083391189575,0.11002260446548462,-0.08996689319610596,0.09436357021331787,-0.07567089796066284,0.0864749550819397,-0.08502095937728882,0.11680775880813599,-0.08873867988586426,0.11092376708984375,-0.06949490308761597,0.09692257642745972,-0.061456918716430664
0.0,0.0,-0.00832211971282959,-0.03156501054763794,0.007350146770477295,-0.0753699541091919,0.03432339429855347,-0.10322773456573486,0.058841586112976074,-0.12920695543289185,0.03762239217758179,-0.16176486015319824,0.058550238609313965,-0.22374975681304932,0.08767372369766235,-0.23986530303955078,0.11269748210906982,-0.23746901750564575,0.059335291385650635,-0.14078539609909058,0.11074787378311157,-0.15306419134140015,0.09951251745223999,-0.10915446281433105,0.08044582605361938,-0.08947378396987915,0.07491922378540039,-0.11819899082183838,0.11648386716842651,-0.12133169174194336,0.1031450629234314,-0.08511650562286377,0.0845375657081604,-0.07408618927001953,0.08375561237335205,-0.09355098009109497,0.11614745855331421,-0.092984139919281,0.10794603824615479,-0.0694040060043335,0.09164518117904663,-0.0639539361000061
0.0,0.0,-0.011133432388305664,-0.03639709949493408,0.0029106736183166504,-0.08359849452972412,0.0321354866027832,-0.10889524221420288,0.058587729930877686,-0.12602722644805908,0.03427112102508545,-0.16179394721984863,0.05190545320510864,-0.22732770442962646,0.07832378149032593,-0.24969464540481567,0.10286712646484375,-0.25431036949157715,0.05884718894958496,-0.13966268301010132,0.11000341176986694,-0.15794748067855835,0.09795373678207397,-0.11023789644241333,0.07926511764526367,-0.08577185869216919,0.07643634080886841,-0.1150660514831543,0.11922019720077515,-0.12809008359909058,0.10543215274810791,-0.0889286994934082,0.08583712577819824,-0.07086354494094849,0.08571004867553711,-0.08777207136154175,0.11910521984100342,-0.09902828931808472,0.11169445514678955,-0.07486754655838013,0.09636634588241577,-0.06409502029418945
0.0,0.0,-0.01383066177368164,-0.04049175977706909,0.0028267502784729004,-0.09024083614349365,0.03524595499038696,-0.11340796947479248,0.06290662288665771,-0.12832939624786377,0.03656017780303955,-0.16403794288635254,0.05192708969116211,-0.22993916273117065,0.07790833711624146,-0.2506251931190491,0.1026918888092041,-0.254538893699646,0.06066244840621948,-0.13965380191802979,0.11143195629119873,-0.15720057487487793,0.09621107578277588,-0.1123499870300293,0.07588428258895874,-0.09160047769546509,0.0771719217300415,-0.11448776721954346,0.11885631084442139,-0.12323892116546631,0.10124456882476807,-0.08468079566955566,0.08143776655197144,-0.0721825361251831,0.08606833219528198,-0.0872839093208313,0.1209869384765625,-0.09554404020309448,0.11141574382781982,-0.0719500184059143,0.09414064884185791,-0.06485116481781006
0.0,0.0,-0.011880278587341309,-0.03783291578292847,0.004767894744873047,-0.08465009927749634,0.03569936752319336,-0.1062963604927063,0.06208890676498413,-0.1204749345779419,0.035447537899017334,-0.16303664445877075,0.052481770515441895,-0.2293906807899475,0.07792574167251587,-0.2504102289676666,0.10230433940887451,-0.2543385624885559,0.05967205762863159,-0.1398373246192932,0.11076700687408447,-0.15501582622528076,0.09681969881057739,-0.10879135131835938,0.07756298780441284,-0.08622652292251587,0.07648754119873047,-0.11581379175186157,0.11921006441116333,-0.12329816818237305,0.10289919376373291,-0.08308100700378418,0.08441603183746338,-0.06997412443161011,0.08596163988113403,-0.08899778127670288,0.12073594331741333,-0.09504187107086182,0.11216068267822266,-0.07034605741500854,0.09516453742980957,-0.0626646876335144
0.0,0.0,-0.012973368167877197,-0.03656017780303955,0.001225590705871582,-0.0827752947807312,0.03182440996170044,-0.10335201025009155,0.058493971824645996,-0.11324477195739746,0.03523600101470947,-0.15932786464691162,0.052083492279052734,-0.22578108310699463,0.07740741968154907,-0.2469978928565979,0.10167121887207031,-0.2502511143684387,0.05930215120315552,-0.13619250059127808,0.11084842681884766,-0.1513359546661377,0.09386932849884033,-0.10632669925689697,0.0732375979423523,-0.08425748348236084,0.07644432783126831,-0.11162644624710083,0.11882925033569336,-0.11891186237335205,0.09986555576324463,-0.08240342140197754,0.07994306087493896,-0.0689956545829773,0.08624988794326782,-0.0844048261642456,0.11980611085891724,-0.08994609117507935,0.10857182741165161,-0.06820440292358398,0.09119141101837158,-0.06129401922225952
0.0,0.0,-0.010597407817840576,-0.035762906074523926,0.005197405815124512,-0.08023953437805176,0.035258591175079346,-0.10084646940231323,0.061430394649505615,-0.11101710796356201,0.03601759672164917,-0.15815246105194092,0.053179264068603516,-0.2238045334815979,0.07882142066955566,-0.24518364667892456,0.10308730602264404,-0.2478325366973877,0.060497939586639404,-0.1342630386352539,0.11214900016784668,-0.1496451497077942,0.09606325626373291,-0.10312116146087646,0.07534509897232056,-0.08036500215530396,0.0777619481086731,-0.11009246110916138,0.12040376663208008,-0.11885464191436768,0.10280710458755493,-0.07992303371429443,0.08189672231674194,-0.06479167938232422,0.08733093738555908,-0.08346843719482422,0.12044298648834229,-0.08891415596008301,0.11109519004821777,-0.06524574756622314,0.09354519844055176,-0.056844353675842285
0.0,0.0,-0.01207423210144043,-0.03672093152999878,0.0033712387084960938,-0.08332479000091553,0.034642159938812256,-0.10556590557098389,0.06171917915344238,-0.117595374584198,0.03508180379867554,-0.16047602891921997,0.05337083339691162,-0.22676271200180054,0.07874023914337158,-0.24852532148361206,0.10304951667785645,-0.2520487904548645,0.05944216251373291,-0.13777416944503784,0.11120903491973877,-0.15389269590377808,0.09614664316177368,-0.1076880693435669,0.07653701305389404,-0.08409982919692993,0.07639259099960327,-0.11367738246917725,0.11912703514099121,-0.12271684408187866,0.10272741317749023,-0.08392864465713501,0.08340007066726685,-0.06886285543441772,0.08576542139053345,-0.08633124828338623,0.11895138025283813,-0.09244507551193237,0.10997742414474487,-0.06884157657623291,0.0930171012878418,-0.059987425804138184
0.0,0.0,-0.011192023754119873,-0.037201762199401855,0.0054839253425598145,-0.08296191692352295,0.0368725061416626,-0.10491472482681274,0.06439894437789917,-0.11422985792160034,0.034259676933288574,-0.16172266006469727,0.0534701943397522,-0.22719347476959229,0.0787310004234314,-0.2488887906074524,0.10288006067276001,-0.2521977424621582,0.05911993980407715,-0.13825583457946777,0.11081135272979736,-0.15476614236831665,0.09370720386505127,-0.10629099607467651,0.0732581615447998,-0.08241569995880127,0.076912522315979,-0.11470651626586914,0.1195906400680542,-0.12430435419082642,0.10084348917007446,-0.08278310298919678,0.08048975467681885,-0.06687086820602417,0.08727139234542847,-0.08935403823852539,0.12046182155609131,-0.09545981884002686,0.11024504899978638,-0.07022911310195923,0.09259700775146484,-0.060761451721191406
0.0,0.0,-0.011677324771881104,-0.03294175863265991,0.0018204450607299805,-0.07903951406478882,0.030997097492218018,-0.10330885648727417,0.0563732385635376,-0.11902201175689697,0.03472292423248291,-0.15786248445510864,0.052340805530548096,-0.22417759895324707,0.07761216163635254,-0.2449461817741394,0.10121792554855347,-0.24756866693496704,0.05876070261001587,-0.13552409410476685,0.1096920371055603,-0.15059888362884521,0.09470057487487793,-0.10219228267669678,0.07484537363052368,-0.07883185148239136,0.07573062181472778,-0.11203128099441528,0.11805558204650879,-0.1202617883682251,0.10165923833847046,-0.08003729581832886,0.08144247531890869,-0.06452679634094238,0.08484995365142822,-0.08549749851226807,0.11832457780838013,-0.09188944101333618,0.10924583673477173,-0.0667080283164978,0.09191238880157471,-0.05720490217208862
0.0,0.0,-0.010793507099151611,-0.03546017408370972,0.005464136600494385,-0.08194482326507568,0.035482704639434814,-0.1049603819847107,0.06071203947067261,-0.1179690957069397,0.03478211164474487,-0.16100692749023438,0.05435055494308472,-0.22644788026809692,0.07995086908340454,-0.24745839834213257,0.10368204116821289,-0.2509116530418396,0.0589982271194458,-0.13821560144424438,0.11058485507965088,-0.15358346700668335,0.0962597131729126,-0.10615134239196777,0.0763290524482727,-0.08249539136886597,0.0762290358543396,-0.11466091871261597,0.11908948421478271,-0.1241798996925354,0.10333019495010376,-0.08378446102142334,0.08346015214920044,-0.06771069765090942,0.08584707975387573,-0.08822476863861084,0.1194380521774292,-0.0949435830116272,0.11166447401046753,-0.06995975971221924,0.09503370523452759,-0.06029105186462402
0.0,0.0,-0.012360632419586182,-0.031307995319366455,0.00026911497116088867,-0.07592958211898804,0.030662178993225098,-0.09949624538421631,0.059382617473602295,-0.11513793468475342,0.033635079860687256,-0.15887469053268433,0.05344659090042114,-0.22447305917739868,0.0800972580909729,-0.24516022205352783,0.10466080904006958,-0.24730926752090454,0.05724763870239258,-0.13731008768081665,0.10869061946868896,-0.15241968631744385,0.09561759233474731,-0.1056329607963562,0.0772026777267456,-0.08423584699630737,0.07428783178329468,-0.11407244205474854,0.11763709783554077,-0.12332463264465332,0.10376036167144775,-0.0831804871559143,0.08475017547607422,-0.067898690700531,0.08425372838973999,-0.08883845806121826,0.11754590272903442,-0.09194964170455933,0.10976028442382812,-0.06613558530807495,0.09311407804489136,-0.05769956111907959
0.0,0.0,-0.011262893676757812,-0.03374063968658447,0.003642439842224121,-0.07937747240066528,0.03460901975631714,-0.10111039876937866,0.06182456016540527,-0.11154049634933472,0.03546798229217529,-0.15957742929458618,0.05352824926376343,-0.2239425778388977,0.07884621620178223,-0.2448331117630005,0.10262024402618408,-0.24808132648468018,0.05999690294265747,-0.13670694828033447,0.10969805717468262,-0.1487482786178589,0.09300237894058228,-0.09987396001815796,0.07373332977294922,-0.0785442590713501,0.07718372344970703,-0.11261028051376343,0.11771690845489502,-0.11894601583480835,0.09984219074249268,-0.07851427793502808,0.0804179310798645,-0.06566578149795532,0.08634281158447266,-0.08559900522232056,0.11957794427871704,-0.09153074026107788,0.11007094383239746,-0.06718093156814575,0.09277111291885376,-0.060465335845947266
0.0,0.0,-0.01177126169204712,-0.03628063201904297,0.003611147403717041,-0.08209496736526489,0.035588204860687256,-0.10246133804321289,0.06264007091522217,-0.1119118332862854,0.03588205575942993,-0.15945333242416382,0.05462503433227539,-0.22464001178741455,0.07973277568817139,-0.2454262375831604,0.1035771369934082,-0.24912744760513306,0.06020843982696533,-0.13669168949127197,0.11121553182601929,-0.1513800024986267,0.0956646203994751,-0.10306674242019653,0.07625657320022583,-0.07933521270751953,0.07751864194869995,-0.11282724142074585,0.11951178312301636,-0.12210243940353394,0.10219120979309082,-0.08208203315734863,0.08270001411437988,-0.06644129753112793,0.08700299263000488,-0.08574265241622925,0.12026780843734741,-0.09412544965744019,0.11102122068405151,-0.07017964124679565,0.09450262784957886,-0.0610315203666687
0.0,0.0,-0.01361912488937378,-0.035012662410736084,0.0014891624450683594,-0.08136582374572754,0.03342580795288086,-0.10362774133682251,0.05980849266052246,-0.11726105213165283,0.034184932708740234,-0.16032123565673828,0.05328869819641113,-0.2258029580116272,0.07859945297241211,-0.246293306350708,0.10271596908569336,-0.2491072416305542,0.05921846628189087,-0.13791710138320923,0.10908609628677368,-0.15196800231933594,0.09226852655410767,-0.10382610559463501,0.07251709699630737,-0.08067476749420166,0.07688665390014648,-0.11451244354248047,0.11840993165969849,-0.12317931652069092,0.10003983974456787,-0.0832662582397461,0.08037436008453369,-0.0684705376625061,0.08678627014160156,-0.08813118934631348,0.11978161334991455,-0.09443807601928711,0.10935848951339722,-0.07064241170883179,0.09214073419570923,-0.0628311038017273
0.0,0.0,-0.012331247329711914,-0.03347039222717285,0.002842426300048828,-0.07771861553192139,0.034951865673065186,-0.09903252124786377,0.06108945608139038,-0.11055666208267212,0.03440999984741211,-0.15946006774902344,0.05351024866104126,-0.22568374872207642,0.07942855358123779,-0.24680882692337036,0.10318928956985474,-0.2493913173675537,0.05931943655014038,-0.13634610176086426,0.10931038856506348,-0.14991450309753418,0.09335869550704956,-0.10028177499771118,0.0736534595489502,-0.0773611068725586,0.07677245140075684,-0.11253482103347778,0.11818480491638184,-0.12132960557937622,0.10120153427124023,-0.08030736446380615,0.0810278058052063,-0.065518319606781,0.08595782518386841,-0.08601748943328857,0.11937057971954346,-0.09355616569519043,0.11073434352874756,-0.06883794069290161,0.09303438663482666,-0.06043422222137451
0.0,0.0,-0.011828422546386719,-0.03433316946029663,0.0028551220893859863,-0.07899165153503418,0.03531968593597412,-0.09932458400726318,0.06313848495483398,-0.10831946134567261,0.034983158111572266,-0.15898168087005615,0.054013073444366455,-0.22455072402954102,0.07977986335754395,-0.24494200944900513,0.10345590114593506,-0.24727928638458252,0.05980062484741211,-0.1364852786064148,0.10953718423843384,-0.1492341160774231,0.09384769201278687,-0.09865731000900269,0.07476061582565308,-0.07593739032745361,0.07739931344985962,-0.1126604676246643,0.11899703741073608,-0.12140887975692749,0.10215181112289429,-0.0789942741394043,0.0826348066329956,-0.06435209512710571,0.0868481993675232,-0.08554476499557495,0.11964011192321777,-0.09190315008163452,0.11044585704803467,-0.06590479612350464,0.09313219785690308,-0.05743223428726196
0.0,0.0,-0.01080477237701416,-0.034878671169281006,0.0050247907638549805,-0.08065450191497803,0.03735142946243286,-0.10242873430252075,0.06651109457015991,-0.10900640487670898,0.036011695861816406,-0.16186630725860596,0.056102454662323,-0.22664505243301392,0.08219718933105469,-0.24642020463943481,0.1068117618560791,-0.24759817123413086,0.06041359901428223,-0.13906210660934448,0.11012005805969238,-0.1522287130355835,0.09311026334762573,-0.10534840822219849,0.07455307245254517,-0.08504408597946167,0.07778692245483398,-0.11518949270248413,0.11859232187271118,-0.12190407514572144,0.10044920444488525,-0.08154773712158203,0.0816265344619751,-0.0688367486000061,0.08761364221572876,-0.0888451337814331,0.11954045295715332,-0.09011459350585938,0.10992902517318726,-0.06610649824142456,0.09359979629516602,-0.06037086248397827
0.0,0.0,-0.010494589805603027,-0.035966455936431885,0.006453275680541992,-0.08122396469116211,0.03831171989440918,-0.1016727089881897,0.06542646884918213,-0.10744917392730713,0.03658652305603027,-0.15933972597122192,0.05646800994873047,-0.22453224658966064,0.08194953203201294,-0.24466657638549805,0.10594868659973145,-0.2474638819694519,0.061557650566101074,-0.13541483879089355,0.1120191216468811,-0.1520208716392517,0.09584307670593262,-0.10421043634414673,0.0757322907447815,-0.0807000994682312,0.07914888858795166,-0.11054104566574097,0.12069708108901978,-0.12126672267913818,0.10324954986572266,-0.08141595125198364,0.08310490846633911,-0.06584155559539795,0.08831483125686646,-0.08294516801834106,0.1213606595993042,-0.08972370624542236,0.11249589920043945,-0.06672191619873047,0.09572029113769531,-0.05875098705291748
0.0,0.0,-0.011597931385040283,-0.03493720293045044,0.004336893558502197,-0.07863837480545044,0.03656262159347534,-0.09976834058761597,0.06410199403762817,-0.10656201839447021,0.03602397441864014,-0.15995889902114868,0.05643105506896973,-0.224684476852417,0.08222180604934692,-0.24612635374069214,0.10584062337875366,-0.2491821050643921,0.06102108955383301,-0.1358339786529541,0.11194980144500732,-0.15090221166610718,0.09696918725967407,-0.10261571407318115,0.07731330394744873,-0.07870304584503174,0.0788731575012207,-0.11125302314758301,0.12138217687606812,-0.12290823459625244,0.1054680347442627,-0.08258110284805298,0.08489799499511719,-0.065116286277771,0.088137686252594,-0.0847557783126831,0.12100446224212646,-0.09332120418548584,0.11372524499893188,-0.06896960735321045,0.09725850820541382,-0.05873608589172363
0.0,0.0,-0.010472476482391357,-0.03899925947189331,0.007310271263122559,-0.08565831184387207,0.039006948471069336,-0.10577994585037231,0.06550151109695435,-0.11218690872192383,0.038018882274627686,-0.16150981187820435,0.057483553886413574,-0.22595983743667603,0.08206236362457275,-0.2461426854133606,0.10551923513412476,-0.2497638463973999,0.06209784746170044,-0.13646656274795532,0.11254405975341797,-0.15363693237304688,0.09595078229904175,-0.1077234148979187,0.07581043243408203,-0.08489185571670532,0.07948702573776245,-0.11107361316680908,0.12175512313842773,-0.12177872657775879,0.10295635461807251,-0.08294588327407837,0.08320063352584839,-0.06779706478118896,0.08895176649093628,-0.0835912823677063,0.12260615825653076,-0.0904802680015564,0.1125761866569519,-0.06791132688522339,0.09597843885421753,-0.0594182014465332
0.0,0.0,-0.012201130390167236,-0.03705906867980957,0.003472566604614258,-0.08287221193313599,0.03541964292526245,-0.10243010520935059,0.06090313196182251,-0.11230742931365967,0.03683680295944214,-0.16069793701171875,0.05658566951751709,-0.22454863786697388,0.0817524790763855,-0.24444258213043213,0.1060745120048523,-0.24725770950317383,0.061472415924072266,-0.137007474899292,0.11158651113510132,-0.15202265977859497,0.09346437454223633,-0.10631310939788818,0.07329821586608887,-0.08452397584915161,0.07908332347869873,-0.11180037260055542,0.1206464171409607,-0.12194997072219849,0.1003110408782959,-0.08276486396789551,0.08043760061264038,-0.06757736206054688,0.08885687589645386,-0.08368068933486938,0.12176835536956787,-0.08909231424331665,0.10985374450683594,-0.06624919176101685,0.09334045648574829,-0.05837434530258179
0.0,0.0,-0.010481059551239014,-0.03704267740249634,0.006556391716003418,-0.08370959758758545,0.038985371589660645,-0.10121911764144897,0.06633764505386353,-0.10380399227142334,0.03687894344329834,-0.15876877307891846,0.056565701961517334,-0.22405868768692017,0.08200645446777344,-0.2431696653366089,0.10596400499343872,-0.2452046275138855,0.0610845685005188,-0.13483846187591553,0.11165255308151245,-0.1492018699645996,0.09408491849899292,-0.1015625,0.07348406314849854,-0.07971429824829102,0.07845848798751831,-0.11055320501327515,0.12112081050872803,-0.12002897262573242,0.10119348764419556,-0.07955461740493774,0.08057737350463867,-0.06517267227172852,0.08791404962539673,-0.08343303203582764,0.12112283706665039,-0.08885318040847778,0.11026173830032349,-0.06511694192886353,0.092862069606781,-0.057213783264160156
0.0,0.0,-0.010815083980560303,-0.035983502864837646,0.004118502140045166,-0.08090174198150635,0.03630441427230835,-0.09924471378326416,0.0627778172492981,-0.10580801963806152,0.036813318729400635,-0.1572585105895996,0.05586928129196167,-0.22252750396728516,0.08156239986419678,-0.24192404747009277,0.10571563243865967,-0.2446901798248291,0.061546385288238525,-0.13303416967391968,0.11210209131240845,-0.14892548322677612,0.09520286321640015,-0.10151761770248413,0.07466530799865723,-0.07951658964157104,0.07882195711135864,-0.10813963413238525,0.12096595764160156,-0.1179649829864502,0.10229992866516113,-0.07882702350616455,0.08193910121917725,-0.06469660997390747,0.08761471509933472,-0.08066070079803467,0.1211966872215271,-0.08711045980453491,0.11100900173187256,-0.06404262781143188,0.0937877893447876,-0.056543827056884766
0.0,0.0,-0.01240450143814087,-0.037026822566986084,0.0018276572227478027,-0.08332037925720215,0.0342903733253479,-0.10249674320220947,0.06102627515792847,-0.1069452166557312,0.0362391471862793,-0.15994936227798462,0.05616492033004761,-0.2250690460205078,0.08072972297668457,-0.24454903602600098,0.10512572526931763,-0.2470422387123108,0.060679495334625244,-0.13659441471099854,0.1102951169013977,-0.1510213017463684,0.09137582778930664,-0.10289758443832397,0.07166725397109985,-0.07985460758209229,0.07840526103973389,-0.11270332336425781,0.11989694833755493,-0.12205994129180908,0.09974712133407593,-0.08176904916763306,0.07980990409851074,-0.06648474931716919,0.08842712640762329,-0.08615446090698242,0.1206742525100708,-0.09144455194473267,0.10962885618209839,-0.06754463911056519,0.09305500984191895,-0.05950498580932617
0.0,0.0,-0.013004899024963379,-0.03368639945983887,0.00018489360809326172,-0.07845449447631836,0.031397223472595215,-0.09942466020584106,0.06012064218521118,-0.1051071286201477,0.03441566228866577,-0.15844565629959106,0.055448055267333984,-0.22318518161773682,0.08161604404449463,-0.24316716194152832,0.10674232244491577,-0.24493026733398438,0.05905270576477051,-0.13537448644638062,0.11036336421966553,-0.1481199860572815,0.09258675575256348,-0.10057878494262695,0.072329580783844,-0.07815402746200562,0.07688069343566895,-0.11108028888702393,0.11939400434494019,-0.11911344528198242,0.10066395998001099,-0.07940751314163208,0.07979202270507812,-0.06372898817062378,0.08712244033813477,-0.08506381511688232,0.11994034051895142,-0.08826214075088501,0.10950523614883423,-0.06380516290664673,0.09197062253952026,-0.055410683155059814
0.0,0.0,-0.012443900108337402,-0.03553515672683716,0.0033322572708129883,-0.0811956524848938,0.03592401742935181,-0.10031235218048096,0.06375902891159058,-0.10616803169250488,0.03547811508178711,-0.15886437892913818,0.05610603094100952,-0.2231084704399109,0.08219707012176514,-0.24238842725753784,0.10658186674118042,-0.24460959434509277,0.060492515563964844,-0.13598352670669556,0.11113768815994263,-0.14939934015274048,0.09469562768936157,-0.10126781463623047,0.0742914080619812,-0.07858145236968994,0.07800322771072388,-0.11161684989929199,0.1196134090423584,-0.11970019340515137,0.10206794738769531,-0.07909995317459106,0.08209788799285889,-0.06440788507461548,0.08722513914108276,-0.0845140814781189,0.12039554119110107,-0.08898425102233887,0.1106945276260376,-0.06453549861907959,0.09354257583618164,-0.05683547258377075
0.0,0.0,-0.013516783714294434,-0.03547215461730957,0.0009251832962036133,-0.08072257041931152,0.03328782320022583,-0.09958654642105103,0.06142324209213257,-0.10809123516082764,0.03525441884994507,-0.15934377908706665,0.056091904640197754,-0.22450202703475952,0.08305859565734863,-0.2436612844467163,0.1080663800239563,-0.24504196643829346,0.059804320335388184,-0.13631433248519897,0.11187487840652466,-0.1490805745124817,0.09574788808822632,-0.10245496034622192,0.0753476619720459,-0.08073890209197998,0.0766829252243042,-0.11174756288528442,0.11936414241790771,-0.11892193555831909,0.10124069452285767,-0.07929182052612305,0.08068931102752686,-0.06496649980545044,0.08549082279205322,-0.08490955829620361,0.11925017833709717,-0.09007680416107178,0.11009031534194946,-0.06585854291915894,0.092934250831604,-0.05775827169418335
0.0,0.0,-0.012303531169891357,-0.03355365991592407,0.0012458562850952148,-0.07721304893493652,0.03347039222717285,-0.09784293174743652,0.062396228313446045,-0.10574924945831299,0.03580838441848755,-0.1567537784576416,0.05746525526046753,-0.22307389974594116,0.08396995067596436,-0.24242812395095825,0.10873734951019287,-0.24522727727890015,0.06106835603713989,-0.13453823328018188,0.11245512962341309,-0.14786523580551147,0.09540075063705444,-0.09900534152984619,0.07506030797958374,-0.07682538032531738,0.07856690883636475,-0.11045271158218384,0.12050008773803711,-0.1177629828453064,0.1026274561882019,-0.07707208395004272,0.082511305809021,-0.061589062213897705,0.08754473924636841,-0.0839073657989502,0.12048459053039551,-0.08880341053009033,0.11122715473175049,-0.06418365240097046,0.09462833404541016,-0.05546700954437256
0.0,0.0,-0.011046171188354492,-0.03743934631347656,0.005791783332824707,-0.08380067348480225,0.03915005922317505,-0.10074150562286377,0.06667196750640869,-0.10172617435455322,0.037367939949035645,-0.15821993350982666,0.05915147066116333,-0.22282260656356812,0.08445054292678833,-0.24185645580291748,0.10911810398101807,-0.24473994970321655,0.06206917762756348,-0.13272273540496826,0.11307775974273682,-0.1478903889656067,0.094418466091156,-0.10002756118774414,0.07398712635040283,-0.0777139663696289,0.07939267158508301,-0.1075204610824585,0.1224324107170105,-0.11857402324676514,0.1018868088722229,-0.07811260223388672,0.08097690343856812,-0.06312447786331177,0.08862584829330444,-0.08042049407958984,0.12225544452667236,-0.08607995510101318,0.11144453287124634,-0.0627293586730957,0.09397310018539429,-0.05485367774963379
0.0,0.0,-0.012146294116973877,-0.035422444343566895,0.002531707286834717,-0.0810742974281311,0.0346524715423584,-0.09908723831176758,0.06097280979156494,-0.1055181622505188,0.03672105073928833,-0.15816789865493774,0.059323251247406006,-0.22235912084579468,0.08455711603164673,-0.24042797088623047,0.10878384113311768,-0.24168044328689575,0.06127721071243286,-0.135026752948761,0.11134201288223267,-0.14800363779067993,0.09416931867599487,-0.09990686178207397,0.07501870393753052,-0.07635527849197388,0.07892543077468872,-0.11078739166259766,0.12025266885757446,-0.11949867010116577,0.10170501470565796,-0.0794571042060852,0.08233886957168579,-0.06397414207458496,0.08860796689987183,-0.08328044414520264,0.12105947732925415,-0.08779764175415039,0.11042022705078125,-0.06413978338241577,0.09400022029876709,-0.05645942687988281
0.0,0.0,-0.011345744132995605,-0.036917686462402344,0.004313409328460693,-0.08260422945022583,0.03710293769836426,-0.1000833511352539,0.06352061033248901,-0.10590928792953491,0.03661704063415527,-0.15847885608673096,0.05884361267089844,-0.22354203462600708,0.08431118726730347,-0.24220114946365356,0.10916823148727417,-0.24515557289123535,0.0611758828163147,-0.13526272773742676,0.1111404299736023,-0.14973914623260498,0.09420043230056763,-0.1026461124420166,0.07459020614624023,-0.07945555448532104,0.07893043756484985,-0.11147129535675049,0.12091153860092163,-0.12168586254119873,0.1020079255104065,-0.08114182949066162,0.08202475309371948,-0.06487292051315308,0.088897705078125,-0.0847465991973877,0.12176233530044556,-0.09000122547149658,0.11128073930740356,-0.0661851167678833,0.09463691711425781,-0.05749756097793579
0.0,0.0,-0.011782348155975342,-0.03684622049331665,0.0033448338508605957,-0.08076924085617065,0.035513997077941895,-0.09701639413833618,0.061962127685546875,-0.10151535272598267,0.03655892610549927,-0.15735143423080444,0.05851256847381592,-0.2217000126838684,0.08446311950683594,-0.24100053310394287,0.10922008752822876,-0.24339646100997925,0.06122708320617676,-0.13303935527801514,0.11167401075363159,-0.14749735593795776,0.0944678783416748,-0.10032206773757935,0.07462704181671143,-0.07769173383712769,0.07889819145202637,-0.10787487030029297,0.12085920572280884,-0.118039071559906,0.10228544473648071,-0.07843947410583496,0.08228695392608643,-0.06296229362487793,0.08864957094192505,-0.08027315139770508,0.12168675661087036,-0.08625209331512451,0.11151748895645142,-0.06299525499343872,0.09476512670516968,-0.054770827293395996
0.0,0.0,-0.012376487255096436,-0.035329341888427734,0.0026366114616394043,-0.0794101357460022,0.035614967346191406,-0.09617757797241211,0.0637170672416687,-0.09816259145736694,0.03567379713058472,-0.15648961067199707,0.05766701698303223,-0.21990108489990234,0.08361327648162842,-0.23957890272140503,0.10881400108337402,-0.24245095252990723,0.06080514192581177,-0.13302576541900635,0.11175721883773804,-0.1453656554222107,0.09307581186294556,-0.09810352325439453,0.07270485162734985,-0.0764685869216919,0.07866287231445312,-0.10842329263687134,0.12047886848449707,-0.11603820323944092,0.10071098804473877,-0.07593601942062378,0.08031797409057617,-0.061174869537353516,0.08872872591018677,-0.08166259527206421,0.12160176038742065,-0.08519136905670166,0.11040747165679932,-0.061009228229522705,0.09295213222503662,-0.052845656871795654
0.0,0.0,-0.013401448726654053,-0.034606218338012695,-0.0004096031188964844,-0.08040106296539307,0.03220784664154053,-0.09989124536514282,0.05926090478897095,-0.11025488376617432,0.03619807958602905,-0.15790510177612305,0.058609187602996826,-0.22283774614334106,0.08474260568618774,-0.24157321453094482,0.10909366607666016,-0.2436564564704895,0.061286330223083496,-0.1354556679725647,0.11068040132522583,-0.14823228120803833,0.09376847743988037,-0.09878253936767578,0.07458245754241943,-0.07567930221557617,0.07919234037399292,-0.11170738935470581,0.11994296312332153,-0.12070423364639282,0.10232603549957275,-0.0794638991355896,0.08292549848556519,-0.0638277530670166,0.08908039331436157,-0.08411014080047607,0.12085598707199097,-0.09116828441619873,0.11082428693771362,-0.06590300798416138,0.09439259767532349,-0.05733412504196167
0.0,0.0,-0.01285696029663086,-0.03466004133224487,0.001088261604309082,-0.0805158019065857,0.03357207775115967,-0.09906834363937378,0.06154191493988037,-0.10407090187072754,0.0356329083442688,-0.15630865097045898,0.057717740535736084,-0.22100311517715454,0.08359485864639282,-0.23938250541687012,0.10848796367645264,-0.2415420413017273,0.06045818328857422,-0.13306796550750732,0.11077862977981567,-0.14585697650909424,0.09235537052154541,-0.09774613380432129,0.07268983125686646,-0.07582944631576538,0.07805204391479492,-0.10884159803390503,0.11864513158798218,-0.11583495140075684,0.0989428162574768,-0.0754041075706482,0.07946830987930298,-0.061474621295928955,0.08800148963928223,-0.08188968896865845,0.120663583278656,-0.08715832233428955,0.10956758260726929,-0.06293678283691406,0.09261196851730347,-0.05565160512924194
0.0,0.0,-0.011377274990081787,-0.03579765558242798,0.002907872200012207,-0.08135205507278442,0.034742116928100586,-0.10054522752761841,0.060881078243255615,-0.1074906587600708,0.03758722543716431,-0.1577284336090088,0.05930447578430176,-0.22193896770477295,0.08550906181335449,-0.24081891775131226,0.11022531986236572,-0.2430214285850525,0.06194281578063965,-0.13444727659225464,0.11274832487106323,-0.1480756402015686,0.09454691410064697,-0.10021555423736572,0.07470691204071045,-0.07829862833023071,0.07932043075561523,-0.10926109552383423,0.12112689018249512,-0.11727017164230347,0.101326584815979,-0.07765233516693115,0.08124125003814697,-0.06330949068069458,0.08853679895401001,-0.08101379871368408,0.1212121844291687,-0.08545541763305664,0.10951429605484009,-0.061779022216796875,0.09271734952926636,-0.054579973220825195
0.0,0.0,-0.010570526123046875,-0.035224854946136475,0.00316619873046875,-0.07855427265167236,0.0350499153137207,-0.09695959091186523,0.06261879205703735,-0.10395991802215576,0.03808164596557617,-0.15695476531982422,0.059980690479278564,-0.21938073635101318,0.08653169870376587,-0.2380237579345703,0.11211788654327393,-0.24031102657318115,0.06271594762802124,-0.13402491807937622,0.11322921514511108,-0.14684510231018066,0.0958547592163086,-0.09966051578521729,0.0762597918510437,-0.0768202543258667,0.08058381080627441,-0.1088988184928894,0.1217188835144043,-0.11542278528213501,0.10280394554138184,-0.07586735486984253,0.08328860998153687,-0.06079381704330444,0.09053832292556763,-0.08066266775131226,0.12213689088821411,-0.08309328556060791,0.11081832647323608,-0.05951589345932007,0.09448540210723877,-0.05196958780288696
0.0,0.0,-0.013667941093444824,-0.035008370876312256,0.0009999275207519531,-0.08111202716827393,0.033912837505340576,-0.10035467147827148,0.06158280372619629,-0.10828769207000732,0.03650379180908203,-0.15863966941833496,0.05948233604431152,-0.22302860021591187,0.0852576494216919,-0.24182593822479248,0.1096808910369873,-0.24371129274368286,0.06193959712982178,-0.13534796237945557,0.11353170871734619,-0.147721529006958,0.09346520900726318,-0.10048907995223999,0.07228219509124756,-0.07943326234817505,0.0798196792602539,-0.11095720529556274,0.12179374694824219,-0.11725622415542603,0.10008537769317627,-0.078025221824646,0.07938253879547119,-0.06530028581619263,0.08935302495956421,-0.08344227075576782,0.12246745824813843,-0.08711045980453491,0.10978317260742188,-0.06359171867370605,0.0922289490699768,-0.05748969316482544
0.0,0.0,-0.013054907321929932,-0.035100460052490234,0.000770270824432373,-0.07943576574325562,0.033256590366363525,-0.0983005166053772,0.05988574028015137,-0.10876733064651489,0.03662526607513428,-0.1569707989692688,0.05861163139343262,-0.22152692079544067,0.084816575050354,-0.24036389589309692,0.10925889015197754,-0.2430269718170166,0.06163269281387329,-0.1340547800064087,0.11207133531570435,-0.1456819772720337,0.09518599510192871,-0.09741955995559692,0.07536602020263672,-0.0753406286239624,0.07925266027450562,-0.1097671389579773,0.11993533372879028,-0.11656564474105835,0.10117983818054199,-0.0765337347984314,0.08114045858383179,-0.06264746189117432,0.0887487530708313,-0.082705557346344,0.12090849876403809,-0.08709782361984253,0.11014056205749512,-0.06316196918487549,0.09284090995788574,-0.056003451347351074
0.0,0.0,-0.012726187705993652,-0.03592491149902344,0.001598954200744629,-0.08254653215408325,0.03401082754135132,-0.10104483366012573,0.059883296489715576,-0.10836541652679443,0.03710108995437622,-0.15916836261749268,0.05791640281677246,-0.22336286306381226,0.0840533971786499,-0.24254149198532104,0.10882753133773804,-0.24481630325317383,0.061322689056396484,-0.13508981466293335,0.11186808347702026,-0.14796096086502075,0.09429556131362915,-0.10230565071105957,0.0740821361541748,-0.08052223920822144,0.07850676774978638,-0.10979092121124268,0.12053310871124268,-0.11800575256347656,0.10086941719055176,-0.0793377161026001,0.08030784130096436,-0.06460464000701904,0.08797633647918701,-0.0818483829498291,0.12075042724609375,-0.08674424886703491,0.10926109552383423,-0.06310343742370605,0.09204190969467163,-0.05492675304412842
0.0,0.0,-0.012409627437591553,-0.03581047058105469,0.0011388063430786133,-0.08212947845458984,0.03322798013687134,-0.10111957788467407,0.058748066425323486,-0.10924214124679565,0.03688770532608032,-0.15678763389587402,0.05844837427139282,-0.22185206413269043,0.08400368690490723,-0.24029892683029175,0.10870492458343506,-0.2428760528564453,0.06156975030899048,-0.1328718066215515,0.11200094223022461,-0.1461530327796936,0.09326356649398804,-0.0974685549736023,0.07286369800567627,-0.07478219270706177,0.0793491005897522,-0.10865169763565063,0.12098807096481323,-0.11657470464706421,0.10079324245452881,-0.07602578401565552,0.08052694797515869,-0.06163585186004639,0.08943164348602295,-0.0815277099609375,0.12156176567077637,-0.08694273233413696,0.10989159345626831,-0.06274068355560303,0.0925937294960022,-0.055175602436065674
0.0,0.0,-0.011103630065917969,-0.031652748584747314,0.0023787617683410645,-0.07396650314331055,0.03229975700378418,-0.0945926308631897,0.0568920373916626,-0.10553079843521118,0.035919129848480225,-0.15673238039016724,0.057703614234924316,-0.21988904476165771,0.08363384008407593,-0.23966699838638306,0.10901540517807007,-0.24190568923950195,0.060275495052337646,-0.13322782516479492,0.11183208227157593,-0.14483588933944702,0.09259974956512451,-0.09726333618164062,0.07247209548950195,-0.07621240615844727,0.07788640260696411,-0.10909122228622437,0.11990505456924438,-0.11539435386657715,0.09992706775665283,-0.07554429769515991,0.07926517724990845,-0.06166344881057739,0.08824735879898071,-0.08310413360595703,0.12088829278945923,-0.08531850576400757,0.10983431339263916,-0.061038970947265625,0.09251970052719116,-0.05432921648025513
0.0,0.0,-0.012195825576782227,-0.03554415702819824,0.0029709339141845703,-0.08115702867507935,0.0352710485458374,-0.10155582427978516,0.06245875358581543,-0.10974663496017456,0.03638523817062378,-0.16050302982330322,0.059272706508636475,-0.22446316480636597,0.08481425046920776,-0.2434399127960205,0.10978490114212036,-0.24581128358840942,0.06127983331680298,-0.1367173194885254,0.11149656772613525,-0.14812862873077393,0.09295427799224854,-0.10069036483764648,0.07309865951538086,-0.07859432697296143,0.07956326007843018,-0.11309367418289185,0.12066614627838135,-0.12004595994949341,0.10041213035583496,-0.07900208234786987,0.0804486870765686,-0.06450921297073364,0.09070593118667603,-0.08771747350692749,0.12139660120010376,-0.08883130550384521,0.10975688695907593,-0.06361955404281616,0.09308946132659912,-0.05630505084991455
0.0,0.0,-0.012223601341247559,-0.03393465280532837,0.0016338229179382324,-0.07776874303817749,0.03318166732788086,-0.09686392545700073,0.059211909770965576,-0.104930579662323,0.03722447156906128,-0.1561996340751648,0.05898571014404297,-0.2207094430923462,0.08478599786758423,-0.24036473035812378,0.10971367359161377,-0.24400824308395386,0.06210225820541382,-0.1326879858970642,0.11238068342208862,-0.14429974555969238,0.09268194437026978,-0.09634870290756226,0.07188171148300171,-0.0758938193321228,0.07961088418960571,-0.10857588052749634,0.12073373794555664,-0.11498916149139404,0.10051196813583374,-0.07553678750991821,0.07968759536743164,-0.0626685619354248,0.08914005756378174,-0.0822606086730957,0.12136411666870117,-0.08544254302978516,0.10996460914611816,-0.06189626455307007,0.09167599678039551,-0.055199265480041504
0.0,0.0,-0.011503636837005615,-0.03569984436035156,0.0023935437202453613,-0.08091247081756592,0.03519850969314575,-0.09949731826782227,0.062230050563812256,-0.10527259111404419,0.03841114044189453,-0.1585066318511963,0.060259103775024414,-0.22242951393127441,0.08562088012695312,-0.24101734161376953,0.10994815826416016,-0.24322766065597534,0.06298363208770752,-0.13508546352386475,0.11280977725982666,-0.14771395921707153,0.0955771803855896,-0.09891802072525024,0.07656615972518921,-0.07570403814315796,0.08076578378677368,-0.11053979396820068,0.12163209915161133,-0.11858481168746948,0.10383546352386475,-0.0784447193145752,0.08432233333587646,-0.06279021501541138,0.09079146385192871,-0.0829654335975647,0.12271851301193237,-0.08913493156433105,0.1128072738647461,-0.0653613805770874,0.09637647867202759,-0.05695796012878418
0.0,0.0,-0.013015329837799072,-0.03515130281448364,0.0009482502937316895,-0.0810127854347229,0.03274083137512207,-0.10034829378128052,0.05958735942840576,-0.10843402147293091,0.035532236099243164,-0.16042309999465942,0.058403074741363525,-0.22486382722854614,0.0842362642288208,-0.24318253993988037,0.10883504152297974,-0.24490970373153687,0.06034708023071289,-0.13772553205490112,0.10980570316314697,-0.1490294337272644,0.09185129404067993,-0.10188406705856323,0.07238501310348511,-0.0806589126586914,0.07870495319366455,-0.11396944522857666,0.11932998895645142,-0.12033575773239136,0.10000896453857422,-0.07964557409286499,0.08104908466339111,-0.06615924835205078,0.0895395278930664,-0.08703291416168213,0.12080907821655273,-0.09008979797363281,0.10956037044525146,-0.06554752588272095,0.09360694885253906,-0.059136152267456055
0.0,0.0,-0.012360930442810059,-0.03569352626800537,0.002649843692779541,-0.08156377077102661,0.03428560495376587,-0.09945839643478394,0.059495508670806885,-0.10811597108840942,0.036594271659851074,-0.15888160467147827,0.058385491371154785,-0.2243233323097229,0.08383548259735107,-0.24246692657470703,0.10874289274215698,-0.24472957849502563,0.06103020906448364,-0.13537734746932983,0.11115860939025879,-0.14869028329849243,0.09269344806671143,-0.10038596391677856,0.07304036617279053,-0.07866865396499634,0.07884746789932251,-0.11168217658996582,0.1199072003364563,-0.12004977464675903,0.09988939762115479,-0.07919800281524658,0.08021646738052368,-0.06544792652130127,0.08921021223068237,-0.08520430326461792,0.12188154458999634,-0.08957052230834961,0.11062765121459961,-0.06533485651016235,0.09388172626495361,-0.05862724781036377
0.0,0.0,-0.013098657131195068,-0.03413897752761841,0.000674903392791748,-0.079464852809906,0.0335080623626709,-0.09878021478652954,0.060918211936950684,-0.107688307762146,0.03664332628250122,-0.15876001119613647,0.05970674753189087,-0.2237362265586853,0.08549696207046509,-0.24234408140182495,0.11003845930099487,-0.24520331621170044,0.061387717723846436,-0.13565123081207275,0.11063623428344727,-0.14916664361953735,0.09290421009063721,-0.10185861587524414,0.0736505389213562,-0.08002007007598877,0.07945752143859863,-0.11134886741638184,0.1202210783958435,-0.12063723802566528,0.10063278675079346,-0.08006668090820312,0.08074122667312622,-0.06427055597305298,0.0900040864944458,-0.08393263816833496,0.12209635972976685,-0.08942490816116333,0.11034667491912842,-0.06466758251190186,0.09355896711349487,-0.0560261607170105
0.0,0.0,-0.013970494270324707,-0.035534560680389404,-0.0001735091209411621,-0.08260798454284668,0.03375375270843506,-0.09984415769577026,0.06022125482559204,-0.10561943054199219,0.03788590431213379,-0.15824997425079346,0.060068488121032715,-0.2224636673927307,0.08494913578033447,-0.24124455451965332,0.10962164402008057,-0.24396401643753052,0.06235474348068237,-0.13416194915771484,0.11325109004974365,-0.14766860008239746,0.09292584657669067,-0.10097485780715942,0.0731048583984375,-0.07963556051254272,0.07954156398773193,-0.10883665084838867,0.1215178370475769,-0.11633098125457764,0.0995103120803833,-0.07731002569198608,0.07991796731948853,-0.06408745050430298,0.08917099237442017,-0.08003818988800049,0.12229347229003906,-0.08421927690505981,0.1087304949760437,-0.06151282787322998,0.09165114164352417,-0.05560261011123657
0.0,0.0,-0.012081563472747803,-0.03527271747589111,0.001970946788787842,-0.0793766975402832,0.03353559970855713,-0.09751790761947632,0.05970066785812378,-0.10371506214141846,0.03651624917984009,-0.1586003303527832,0.05859261751174927,-0.22226470708847046,0.08434444665908813,-0.2410706877708435,0.10971957445144653,-0.24323874711990356,0.06150782108306885,-0.13560068607330322,0.11154979467391968,-0.14813804626464844,0.09342688322067261,-0.10069900751113892,0.07407397031784058,-0.07836276292800903,0.07953119277954102,-0.11118197441101074,0.12026190757751465,-0.11811256408691406,0.10110467672348022,-0.07780367136001587,0.08143311738967896,-0.06277656555175781,0.09000164270401001,-0.08428335189819336,0.12196552753448486,-0.08736568689346313,0.11111241579055786,-0.06333404779434204,0.09448575973510742,-0.056014955043792725
0.0,0.0,-0.01117163896560669,-0.03593587875366211,0.00468212366104126,-0.08219254016876221,0.036491453647613525,-0.10146528482437134,0.06172293424606323,-0.10893887281417847,0.0369754433631897,-0.15974366664886475,0.059925734996795654,-0.22386819124221802,0.08579665422439575,-0.24326151609420776,0.11087936162948608,-0.24712610244750977,0.06215757131576538,-0.13572126626968384,0.11237132549285889,-0.1490512490272522,0.09474712610244751,-0.1007833480834961,0.07515686750411987,-0.0776987075805664,0.08027321100234985,-0.11139559745788574,0.1219901442527771,-0.12095201015472412,0.10298871994018555,-0.07986408472061157,0.0831829309463501,-0.06441473960876465,0.09074848890304565,-0.0846680998802185,0.12292903661727905,-0.09004652500152588,0.1123700737953186,-0.06530654430389404,0.09578859806060791,-0.057241737842559814
0.0,0.0,-0.014606714248657227,-0.03283947706222534,-0.0013571381568908691,-0.07715845108032227,0.029997050762176514,-0.09694838523864746,0.055083274841308594,-0.10884451866149902,0.035598814487457275,-0.15705156326293945,0.05840271711349487,-0.2218758463859558,0.08436906337738037,-0.24165523052215576,0.10907846689224243,-0.24482691287994385,0.0607304573059082,-0.1332414746284485,0.11268186569213867,-0.1477782130241394,0.09337341785430908,-0.09928655624389648,0.07226157188415527,-0.07823580503463745,0.07819938659667969,-0.10924726724624634,0.12079721689224243,-0.11774939298629761,0.10141021013259888,-0.077503502368927,0.08003675937652588,-0.06360352039337158,0.08756768703460693,-0.08313000202178955,0.121498703956604,-0.08774977922439575,0.11105304956436157,-0.06351500749588013,0.0928296446800232,-0.0567706823348999
0.0,0.0,-0.01360166072845459,-0.03435331583023071,0.001007676124572754,-0.07918286323547363,0.03484076261520386,-0.09807002544403076,0.062410950660705566,-0.10472440719604492,0.0362209677696228,-0.15840643644332886,0.059526681900024414,-0.22263705730438232,0.08527171611785889,-0.24180054664611816,0.11029702425003052,-0.24430090188980103,0.06160235404968262,-0.1354142427444458,0.11182838678359985,-0.14751464128494263,0.09211701154708862,-0.09958314895629883,0.07235056161880493,-0.07814806699752808,0.07989215850830078,-0.1112932562828064,0.12103909254074097,-0.11925685405731201,0.10046905279159546,-0.07864117622375488,0.08034694194793701,-0.06369084119796753,0.09031093120574951,-0.08431661128997803,0.12253612279891968,-0.08811229467391968,0.11057335138320923,-0.0638914704322815,0.09343862533569336,-0.05632656812667847
0.0,0.0,-0.012165963649749756,-0.036716461181640625,0.0035439729690551758,-0.08128374814987183,0.037203848361968994,-0.09798198938369751,0.06364297866821289,-0.10426372289657593,0.038332998752593994,-0.1593499779701233,0.060789287090301514,-0.22294408082962036,0.08637762069702148,-0.24271196126937866,0.11144143342971802,-0.2460620403289795,0.06349402666091919,-0.1349998116493225,0.1149519681930542,-0.14935976266860962,0.09710657596588135,-0.1021430492401123,0.07702356576919556,-0.07858055830001831,0.0812501311302185,-0.11021381616592407,0.12404823303222656,-0.12036663293838501,0.104969322681427,-0.0808071494102478,0.08453398942947388,-0.06477785110473633,0.09100943803787231,-0.0825076699256897,0.1238664984703064,-0.08783996105194092,0.11336278915405273,-0.06456929445266724,0.09619218111038208,-0.05613267421722412
0.0,0.0,-0.013218581676483154,-0.03639638423919678,0.0016208887100219727,-0.084536612033844,0.03595137596130371,-0.10115718841552734,0.06401103734970093,-0.1013900637626648,0.03692328929901123,-0.15818381309509277,0.05871152877807617,-0.22277945280075073,0.08468490839004517,-0.2420574426651001,0.10920083522796631,-0.24445289373397827,0.06141197681427002,-0.13469046354293823,0.111025869846344,-0.14848357439041138,0.09457933902740479,-0.10065782070159912,0.07599025964736938,-0.0774611234664917,0.0787588357925415,-0.11002397537231445,0.1203811764717102,-0.11966794729232788,0.10358208417892456,-0.07994049787521362,0.08466202020645142,-0.06425416469573975,0.08836984634399414,-0.08247107267379761,0.12086886167526245,-0.08934038877487183,0.1121947169303894,-0.0659414529800415,0.09608685970306396,-0.05732053518295288
0.0,0.0,-0.01153796911239624,-0.03547072410583496,0.004132986068725586,-0.08014273643493652,0.03674137592315674,-0.09644126892089844,0.06402015686035156,-0.09755337238311768,0.03717607259750366,-0.15693771839141846,0.05996084213256836,-0.22154277563095093,0.08568620681762695,-0.23951053619384766,0.11044430732727051,-0.24170231819152832,0.06237185001373291,-0.13231825828552246,0.11333262920379639,-0.14539825916290283,0.0958661437034607,-0.09768807888031006,0.07521599531173706,-0.07420295476913452,0.08007204532623291,-0.10795289278030396,0.12132400274276733,-0.11584937572479248,0.10250622034072876,-0.07611721754074097,0.08177381753921509,-0.060495734214782715,0.08979225158691406,-0.08170342445373535,0.12129491567611694,-0.08687448501586914,0.11173993349075317,-0.06323927640914917,0.09422487020492554,-0.05436384677886963
0.0,0.0,-0.013355255126953125,-0.0372699499130249,0.002037525177001953,-0.0826454758644104,0.03594404458999634,-0.09645682573318481,0.06230729818344116,-0.09782183170318604,0.037634432315826416,-0.15807223320007324,0.059217631816864014,-0.2223019003868103,0.08545029163360596,-0.24113589525222778,0.1105576753616333,-0.24242115020751953,0.06253606081008911,-0.13305878639221191,0.11313682794570923,-0.14671790599822998,0.09567946195602417,-0.1007341742515564,0.07648366689682007,-0.07794564962387085,0.08008444309234619,-0.10747033357620239,0.12109208106994629,-0.11648094654083252,0.10147839784622192,-0.0776250958442688,0.08219361305236816,-0.06297224760055542,0.08993798494338989,-0.08007872104644775,0.12161052227020264,-0.08601081371307373,0.11075294017791748,-0.0628976821899414,0.09436047077178955,-0.05509084463119507
0.0,0.0,-0.012254536151885986,-0.03514939546585083,0.0028700828552246094,-0.08032172918319702,0.03433948755264282,-0.0985594391822815,0.05830317735671997,-0.10779523849487305,0.037872135639190674,-0.1588832139968872,0.06084936857223511,-0.22270381450653076,0.0865558385848999,-0.24199974536895752,0.11067402362823486,-0.24495166540145874,0.0622745156288147,-0.1338697075843811,0.11312037706375122,-0.14741122722625732,0.09455519914627075,-0.10029685497283936,0.07440096139907837,-0.0792539119720459,0.08014380931854248,-0.10910284519195557,0.12201398611068726,-0.11872726678848267,0.1021375060081482,-0.0792502760887146,0.08205652236938477,-0.06575840711593628,0.09017086029052734,-0.08202910423278809,0.12257051467895508,-0.08769166469573975,0.11113542318344116,-0.0640525221824646,0.09405922889709473,-0.05748516321182251
0.0,0.0,-0.012672841548919678,-0.03578197956085205,0.001538991928100586,-0.08025175333023071,0.03319227695465088,-0.09802544116973877,0.058207154273986816,-0.10820162296295166,0.03853487968444824,-0.15803217887878418,0.060396790504455566,-0.22208291292190552,0.08571881055831909,-0.2401813268661499,0.11019676923751831,-0.24270963668823242,0.0628708004951477,-0.1335839033126831,0.11259281635284424,-0.14672714471817017,0.09461718797683716,-0.09928196668624878,0.07478910684585571,-0.07659721374511719,0.08027350902557373,-0.10837584733963013,0.120868980884552,-0.11624592542648315,0.10114729404449463,-0.07692539691925049,0.08157920837402344,-0.06255978345870972,0.08995646238327026,-0.08035320043563843,0.12187522649765015,-0.08631086349487305,0.11073029041290283,-0.06285953521728516,0.09441369771957397,-0.055422425270080566
0.0,0.0,-0.012832701206207275,-0.03433239459991455,0.0004975199699401855,-0.07820087671279907,0.03253471851348877,-0.09795373678207397,0.05710035562515259,-0.11052876710891724,0.03809642791748047,-0.15682268142700195,0.06075209379196167,-0.22088217735290527,0.08628422021865845,-0.24040192365646362,0.11081582307815552,-0.2433300018310547,0.06274855136871338,-0.13335144519805908,0.11428630352020264,-0.14593201875686646,0.09436923265457153,-0.09871578216552734,0.07356548309326172,-0.0775560736656189,0.08018249273300171,-0.10859853029251099,0.12182110548019409,-0.11459535360336304,0.10058927536010742,-0.07545924186706543,0.08019733428955078,-0.06243300437927246,0.08964449167251587,-0.08115917444229126,0.12288898229598999,-0.08424431085586548,0.10998135805130005,-0.06088823080062866,0.09242349863052368,-0.05480682849884033
0.0,0.0,-0.01287853717803955,-0.034573495388031006,0.0011816024780273438,-0.0796930193901062,0.03344380855560303,-0.09896498918533325,0.05877906084060669,-0.10978204011917114,0.03721088171005249,-0.15733814239501953,0.05964916944503784,-0.2231694459915161,0.08558446168899536,-0.24158257246017456,0.11059153079986572,-0.24418193101882935,0.0614662766456604,-0.13391786813735962,0.11308974027633667,-0.14697420597076416,0.09498727321624756,-0.09926694631576538,0.0745190978050232,-0.07734978199005127,0.07877689599990845,-0.11014670133590698,0.12101215124130249,-0.11782938241958618,0.10125124454498291,-0.07746744155883789,0.08096915483474731,-0.063201904296875,0.08857893943786621,-0.08359986543655396,0.12229692935943604,-0.08758628368377686,0.11096543073654175,-0.06346231698989868,0.09346407651901245,-0.05609536170959473
0.0,0.0,-0.013384640216827393,-0.035406649112701416,0.00021070241928100586,-0.0806075930595398,0.03174698352813721,-0.09843176603317261,0.056191086769104004,-0.10676896572113037,0.037165820598602295,-0.15809714794158936,0.05860412120819092,-0.22300273180007935,0.08471602201461792,-0.24166685342788696,0.11001712083816528,-0.2438356876373291,0.06159919500350952,-0.13457083702087402,0.11304694414138794,-0.14742439985275269,0.09444200992584229,-0.10043483972549438,0.07430523633956909,-0.078072190284729,0.07891756296157837,-0.10969072580337524,0.12078887224197388,-0.11666750907897949,0.10068953037261963,-0.07759743928909302,0.08101367950439453,-0.0636143684387207,0.08860081434249878,-0.08194422721862793,0.12158864736557007,-0.08578217029571533,0.10984408855438232,-0.06259989738464355,0.09320122003555298,-0.05595189332962036
0.0,0.0,-0.01315927505493164,-0.03602135181427002,0.0011200308799743652,-0.08010804653167725,0.03368103504180908,-0.0976596474647522,0.058759868144989014,-0.10739517211914062,0.03879290819168091,-0.1584324836730957,0.06094104051589966,-0.22143113613128662,0.08636683225631714,-0.24126964807510376,0.1111675500869751,-0.24474424123764038,0.06370937824249268,-0.13452529907226562,0.11548447608947754,-0.1487189531326294,0.09520143270492554,-0.10086345672607422,0.07421118021011353,-0.07910990715026855,0.08125334978103638,-0.10929608345031738,0.12357693910598755,-0.1177530288696289,0.10277682542800903,-0.07829046249389648,0.08231168985366821,-0.06465715169906616,0.09044909477233887,-0.08104568719863892,0.1243550181388855,-0.08605623245239258,0.11226242780685425,-0.06298011541366577,0.09511667490005493,-0.056711435317993164
0.0,0.0,-0.012517929077148438,-0.035148680210113525,0.0006688237190246582,-0.07962143421173096,0.03366440534591675,-0.09581005573272705,0.05963796377182007,-0.09996175765991211,0.038199663162231445,-0.15597277879714966,0.05992931127548218,-0.22061866521835327,0.08527427911758423,-0.23987877368927002,0.10978448390960693,-0.24303340911865234,0.06288141012191772,-0.1316339373588562,0.11309206485748291,-0.14624685049057007,0.0947832465171814,-0.09838545322418213,0.07521307468414307,-0.07509833574295044,0.08049023151397705,-0.10656851530075073,0.12149274349212646,-0.1157025694847107,0.10167282819747925,-0.0756382942199707,0.08185827732086182,-0.0602724552154541,0.09025025367736816,-0.07860797643661499,0.12240797281265259,-0.08512097597122192,0.11166369915008545,-0.06182372570037842,0.09517216682434082,-0.054040610790252686
0.0,0.0,-0.01374739408493042,-0.03269147872924805,-0.0018668770790100098,-0.07372570037841797,0.030881941318511963,-0.09177511930465698,0.055908203125,-0.10411185026168823,0.03638941049575806,-0.16066616773605347,0.05878317356109619,-0.22345227003097534,0.08437228202819824,-0.24290496110916138,0.1086990237236023,-0.2453160285949707,0.06208360195159912,-0.13745105266571045,0.11163198947906494,-0.15199756622314453,0.0952751636505127,-0.10359704494476318,0.07630914449691772,-0.0801052451133728,0.0804067850112915,-0.11234807968139648,0.12098890542984009,-0.1228455901145935,0.10348343849182129,-0.08331537246704102,0.08396458625793457,-0.06828451156616211,0.0900079607963562,-0.08388352394104004,0.12211823463439941,-0.09078967571258545,0.11162608861923218,-0.06701993942260742,0.09543532133102417,-0.05945467948913574
0.0,0.0,-0.012745499610900879,-0.028237104415893555,-0.0009688735008239746,-0.06613266468048096,0.032698214054107666,-0.08494371175765991,0.06400173902511597,-0.09056347608566284,0.03541833162307739,-0.15827351808547974,0.05729544162750244,-0.22405433654785156,0.08351677656173706,-0.24558615684509277,0.1080583930015564,-0.24850505590438843,0.061098456382751465,-0.13743054866790771,0.11180353164672852,-0.15407562255859375,0.09826648235321045,-0.10538476705551147,0.07985645532608032,-0.07991760969161987,0.07931947708129883,-0.11361068487167358,0.12009239196777344,-0.12236666679382324,0.1048014760017395,-0.08342498540878296,0.08503562211990356,-0.06667423248291016,0.08859765529632568,-0.08685582876205444,0.1207684874534607,-0.09210580587387085,0.11228740215301514,-0.06884407997131348,0.09527647495269775,-0.06055992841720581
0.0,0.0,-0.012911438941955566,-0.029575347900390625,-4.8220157623291016e-05,-0.06801766157150269,0.03394460678100586,-0.08527213335037231,0.06378084421157837,-0.09065401554107666,0.036537766456604004,-0.1570502519607544,0.058623671531677246,-0.22255045175552368,0.08426839113235474,-0.2437010407447815,0.10860222578048706,-0.2487444281578064,0.06292206048965454,-0.1357249617576599,0.10948538780212402,-0.15373092889785767,0.09742563962936401,-0.10662543773651123,0.08023720979690552,-0.08026385307312012,0.08107632398605347,-0.11120432615280151,0.12049335241317749,-0.12446653842926025,0.10689669847488403,-0.08594787120819092,0.0878746509552002,-0.06658202409744263,0.08991867303848267,-0.08339190483093262,0.12118464708328247,-0.0907735824584961,0.11347299814224243,-0.06851857900619507,0.09709548950195312,-0.05830490589141846
0.0,0.0,-0.012405991554260254,-0.029802441596984863,-0.00021773576736450195,-0.0680844783782959,0.0315130352973938,-0.0875045657157898,0.059561848640441895,-0.09906947612762451,0.036100804805755615,-0.15879160165786743,0.05740225315093994,-0.22363919019699097,0.08349990844726562,-0.24546009302139282,0.10776609182357788,-0.25020843744277954,0.062101662158966064,-0.1374567151069641,0.1098024845123291,-0.15532952547073364,0.09863197803497314,-0.10899043083190918,0.08105403184890747,-0.08417892456054688,0.07998424768447876,-0.11253714561462402,0.12085574865341187,-0.1271725296974182,0.10835707187652588,-0.08876192569732666,0.08874422311782837,-0.06983679533004761,0.08867770433425903,-0.0848456621170044,0.11991661787033081,-0.09376567602157593,0.11324125528335571,-0.07022714614868164,0.09721773862838745,-0.05949217081069946
0.0,0.0,-0.015282034873962402,-0.032799720764160156,-0.0053291916847229,-0.07570451498031616,0.025576114654541016,-0.09706723690032959,0.05105924606323242,-0.11439019441604614,0.03480273485183716,-0.1633433699607849,0.056218743324279785,-0.2280082106590271,0.0817803144454956,-0.24891680479049683,0.10602802038192749,-0.2531379461288452,0.06096774339675903,-0.14149582386016846,0.11010700464248657,-0.15829682350158691,0.09369540214538574,-0.10872489213943481,0.07404059171676636,-0.08454763889312744,0.07938694953918457,-0.11662435531616211,0.12063932418823242,-0.12949621677398682,0.10344916582107544,-0.08847969770431519,0.08340507745742798,-0.07165837287902832,0.08893179893493652,-0.08767229318618774,0.12142306566238403,-0.09633970260620117,0.11053895950317383,-0.07126033306121826,0.09363973140716553,-0.06213444471359253
0.0,0.0,-0.01254814863204956,-0.03670233488082886,0.0016453266143798828,-0.08215910196304321,0.035153090953826904,-0.10016345977783203,0.061076998710632324,-0.10527074337005615,0.03661823272705078,-0.15918606519699097,0.05842697620391846,-0.22516906261444092,0.08339565992355347,-0.2441188097000122,0.10777157545089722,-0.24825215339660645,0.06257188320159912,-0.13552725315093994,0.11166393756866455,-0.15315860509872437,0.09281951189041138,-0.10514456033706665,0.07301968336105347,-0.0835263729095459,0.08116006851196289,-0.11064231395721436,0.121975839138031,-0.12399476766586304,0.10181432962417603,-0.08360135555267334,0.08152574300765991,-0.06787723302841187,0.09135842323303223,-0.08262217044830322,0.12214016914367676,-0.08906781673431396,0.11013144254684448,-0.06524956226348877,0.09354430437088013,-0.056965768337249756
0.0,0.0,-0.013033807277679443,-0.03792977333068848,0.001135110855102539,-0.08292746543884277,0.034878313541412354,-0.10208308696746826,0.062161803245544434,-0.107516348361969,0.036396026611328125,-0.1617102026939392,0.05900830030441284,-0.2265605330467224,0.08375728130340576,-0.24616312980651855,0.1076553463935852,-0.24975460767745972,0.06296223402023315,-0.13727420568466187,0.1125383973121643,-0.155803382396698,0.09372365474700928,-0.1074032187461853,0.07388931512832642,-0.0834892988204956,0.08189427852630615,-0.11178725957870483,0.12290680408477783,-0.1267261505126953,0.1030377745628357,-0.08667892217636108,0.0828961730003357,-0.06895637512207031,0.09198665618896484,-0.0833926796913147,0.12303322553634644,-0.0928887128829956,0.1116403341293335,-0.06928658485412598,0.0952882170677185,-0.05912327766418457
0.0,0.0,-0.013720452785491943,-0.03540933132171631,-0.0007167458534240723,-0.07920539379119873,0.0320780873298645,-0.10055583715438843,0.0576627254486084,-0.11232095956802368,0.03510838747024536,-0.16266536712646484,0.05776321887969971,-0.22748959064483643,0.08280181884765625,-0.2471081018447876,0.10721075534820557,-0.25075358152389526,0.06156200170516968,-0.13927078247070312,0.11015677452087402,-0.15592551231384277,0.09070515632629395,-0.1068040132522583,0.07096683979034424,-0.08371001482009888,0.0807235836982727,-0.11440974473953247,0.12101709842681885,-0.1278144121170044,0.10051077604293823,-0.08663135766983032,0.08029204607009888,-0.06943988800048828,0.09130072593688965,-0.08662456274032593,0.12231355905532837,-0.0943833589553833,0.10984975099563599,-0.06916207075119019,0.09332704544067383,-0.05939650535583496
0.0,0.0,-0.012441635131835938,-0.036072611808776855,0.00258028507232666,-0.0801095962524414,0.03598207235336304,-0.09836620092391968,0.06176614761352539,-0.10269403457641602,0.03549087047576904,-0.1618555784225464,0.058704674243927,-0.22703945636749268,0.08329778909683228,-0.24606281518936157,0.10731422901153564,-0.2496371865272522,0.062176644802093506,-0.1370883584022522,0.1108902096748352,-0.15626674890518188,0.09246563911437988,-0.10679155588150024,0.07297658920288086,-0.08247673511505127,0.0812920331954956,-0.11199367046356201,0.12186747789382935,-0.12814629077911377,0.10227769613265991,-0.08648592233657837,0.08219218254089355,-0.06842786073684692,0.09153586626052856,-0.08448457717895508,0.12257355451583862,-0.09423333406448364,0.11194843053817749,-0.06973683834075928,0.09602820873260498,-0.059501826763153076
0.0,0.0,-0.012920498847961426,-0.037010371685028076,0.001334547996520996,-0.08072680234909058,0.03380066156387329,-0.09927290678024292,0.059551894664764404,-0.10622107982635498,0.03417915105819702,-0.16326892375946045,0.05711841583251953,-0.2279382348060608,0.08183485269546509,-0.24731659889221191,0.10632473230361938,-0.2520594000816345,0.06079381704330444,-0.1390647292137146,0.1090509295463562,-0.15658926963806152,0.09230870008468628,-0.10763698816299438,0.07271617650985718,-0.08178836107254028,0.07998156547546387,-0.11374247074127197,0.12110698223114014,-0.12959760427474976,0.10310792922973633,-0.08859199285507202,0.08286255598068237,-0.06905639171600342,0.09054768085479736,-0.08585572242736816,0.1209215521812439,-0.09479278326034546,0.11072200536727905,-0.07051068544387817,0.09486263990402222,-0.059307634830474854
0.0,0.0,-0.013150215148925781,-0.036298155784606934,0.0018569231033325195,-0.08090013265609741,0.0358349084854126,-0.09900623559951782,0.06187254190444946,-0.10312604904174805,0.034537672996520996,-0.16109424829483032,0.057403504848480225,-0.2260999083518982,0.08208680152893066,-0.24597054719924927,0.10626810789108276,-0.25071531534194946,0.06159895658493042,-0.13696318864822388,0.11047917604446411,-0.154546856880188,0.09195214509963989,-0.10516089200973511,0.07133227586746216,-0.08070671558380127,0.08063727617263794,-0.11225587129592896,0.12178581953048706,-0.12671613693237305,0.10296666622161865,-0.08558177947998047,0.08243060111999512,-0.06786251068115234,0.09091204404830933,-0.08484578132629395,0.12197142839431763,-0.09385800361633301,0.11191928386688232,-0.06953030824661255,0.09532630443572998,-0.059320151805877686
0.0,0.0,-0.015303969383239746,-0.03673332929611206,-0.0017549395561218262,-0.08250641822814941,0.03185981512069702,-0.10124790668487549,0.058931052684783936,-0.10634636878967285,0.033612728118896484,-0.16244632005691528,0.055729568004608154,-0.22750777006149292,0.08065658807754517,-0.24693220853805542,0.10565990209579468,-0.25124096870422363,0.06040835380554199,-0.13900184631347656,0.10950577259063721,-0.15536737442016602,0.09048312902450562,-0.1057748794555664,0.0701608657836914,-0.08194112777709961,0.0795789361000061,-0.11386847496032715,0.12018418312072754,-0.126886248588562,0.09994858503341675,-0.08533608913421631,0.07953494787216187,-0.06788218021392822,0.0903589129447937,-0.08623659610748291,0.12113571166992188,-0.093178391456604,0.10902780294418335,-0.06840693950653076,0.0925474762916565,-0.05902683734893799
0.0,0.0,-0.014569878578186035,-0.035746753215789795,-0.0016440153121948242,-0.08023446798324585,0.03243833780288696,-0.09950834512710571,0.059677064418792725,-0.10898888111114502,0.035243988037109375,-0.16243821382522583,0.05735456943511963,-0.22858726978302002,0.08262920379638672,-0.248094379901886,0.10693097114562988,-0.25252676010131836,0.0625687837600708,-0.13948434591293335,0.11022692918777466,-0.15597587823867798,0.09090429544448853,-0.10692435503005981,0.0702897310256958,-0.08501750230789185,0.08176374435424805,-0.11426812410354614,0.12175345420837402,-0.1273518204689026,0.10184931755065918,-0.08646172285079956,0.08132100105285645,-0.07023876905441284,0.09181231260299683,-0.08554548025131226,0.1226842999458313,-0.0936480164527893,0.11058211326599121,-0.06878280639648438,0.09374511241912842,-0.05950927734375
0.0,0.0,-0.014639616012573242,-0.03520423173904419,-0.0014145374298095703,-0.0788235068321228,0.0324588418006897,-0.09719127416610718,0.05825340747833252,-0.10627460479736328,0.034454405307769775,-0.1602414846420288,0.056361496448516846,-0.22616392374038696,0.08162349462509155,-0.24599260091781616,0.10645914077758789,-0.2506064772605896,0.06112098693847656,-0.1368226408958435,0.11024290323257446,-0.15382623672485352,0.09099042415618896,-0.10483169555664062,0.07069200277328491,-0.08258390426635742,0.08004659414291382,-0.1117854118347168,0.12080258131027222,-0.12483149766921997,0.10034835338592529,-0.08428889513015747,0.07971411943435669,-0.06846892833709717,0.09038341045379639,-0.08408987522125244,0.12190091609954834,-0.09093368053436279,0.10938620567321777,-0.06625908613204956,0.09230965375900269,-0.057472944259643555
0.0,0.0,-0.014298975467681885,-0.037073731422424316,0.0004699826240539551,-0.0815134048461914,0.035275399684906006,-0.09850770235061646,0.06140315532684326,-0.10485339164733887,0.03586691617965698,-0.16164541244506836,0.05762135982513428,-0.2274731993675232,0.08316057920455933,-0.246776282787323,0.1079256534576416,-0.25079774856567383,0.06272375583648682,-0.13740235567092896,0.11106818914413452,-0.15527892112731934,0.09373360872268677,-0.10647314786911011,0.07393521070480347,-0.08218389749526978,0.08175897598266602,-0.1117781400680542,0.12282735109329224,-0.12771981954574585,0.1041380763053894,-0.08667349815368652,0.08384758234024048,-0.06822258234024048,0.09196680784225464,-0.08350443840026855,0.1228533387184143,-0.0929185152053833,0.11187773942947388,-0.06812942028045654,0.09561926126480103,-0.05732393264770508
0.0,0.0,-0.015701889991760254,-0.035503923892974854,-0.002559483051300049,-0.08006149530410767,0.030844032764434814,-0.10006886720657349,0.05778902769088745,-0.10985541343688965,0.03333461284637451,-0.16469025611877441,0.055372655391693115,-0.23033785820007324,0.08086854219436646,-0.2505056858062744,0.10589355230331421,-0.2536569833755493,0.060250043869018555,-0.14113974571228027,0.10936474800109863,-0.15686625242233276,0.0907701849937439,-0.10718739032745361,0.07089060544967651,-0.08342444896697998,0.07950282096862793,-0.1163131594657898,0.1199597716331482,-0.12886792421340942,0.10009592771530151,-0.08659166097640991,0.07943922281265259,-0.06917417049407959,0.0903482437133789,-0.08972221612930298,0.1212843656539917,-0.09671157598495483,0.10965603590011597,-0.0702810287475586,0.0928695797920227,-0.060312747955322266
0.0,0.0,-0.015760421752929688,-0.0365716814994812,-0.0014458298683166504,-0.08159267902374268,0.03419196605682373,-0.0990341305732727,0.061396121978759766,-0.10524904727935791,0.034410297870635986,-0.1610528826713562,0.05701261758804321,-0.22774988412857056,0.08229619264602661,-0.24683380126953125,0.10673409700393677,-0.2510753870010376,0.061786949634552,-0.13733810186386108,0.10953623056411743,-0.15518373250961304,0.09115380048751831,-0.10472553968429565,0.07110553979873657,-0.08072704076766968,0.08110243082046509,-0.1122860312461853,0.12158119678497314,-0.12757927179336548,0.10217773914337158,-0.08566892147064209,0.08190876245498657,-0.06836211681365967,0.091502845287323,-0.08450108766555786,0.12234723567962646,-0.09440666437149048,0.11051315069198608,-0.06932151317596436,0.09363281726837158,-0.05954557657241821
0.0,0.0,-0.014695465564727783,-0.03434646129608154,-0.003001391887664795,-0.07732570171356201,0.028549134731292725,-0.09884661436080933,0.05381917953491211,-0.11272269487380981,0.034302473068237305,-0.16336500644683838,0.05666571855545044,-0.22827666997909546,0.08150982856750488,-0.24787288904190063,0.10599219799041748,-0.25113463401794434,0.061178743839263916,-0.14005118608474731,0.10815298557281494,-0.1561184525489807,0.08977508544921875,-0.10799610614776611,0.07030737400054932,-0.08322811126708984,0.08050286769866943,-0.11473053693771362,0.11998510360717773,-0.12849223613739014,0.10075557231903076,-0.0891692042350769,0.08051735162734985,-0.07083010673522949,0.09124541282653809,-0.08666872978210449,0.12079489231109619,-0.09389853477478027,0.10890388488769531,-0.07018303871154785,0.09275013208389282,-0.060609519481658936
0.0,0.0,-0.01339489221572876,-0.034114718437194824,-0.0008444786071777344,-0.07652395963668823,0.03219437599182129,-0.09585100412368774,0.059772372245788574,-0.10422372817993164,0.034766554832458496,-0.15975409746170044,0.05624401569366455,-0.2241949439048767,0.08172327280044556,-0.24384689331054688,0.10698807239532471,-0.24760907888412476,0.06192702054977417,-0.13672637939453125,0.10949915647506714,-0.1511557698249817,0.08966517448425293,-0.10193020105361938,0.06994211673736572,-0.0799519419670105,0.0812419056892395,-0.1113731861114502,0.12059015035629272,-0.12286263704299927,0.0998152494430542,-0.08193004131317139,0.07958978414535522,-0.06601464748382568,0.09182119369506836,-0.08342671394348145,0.12165755033493042,-0.08934766054153442,0.10910344123840332,-0.0649176836013794,0.09254592657089233,-0.056333065032958984
0.0,0.0,-0.012355983257293701,-0.03680640459060669,0.0025743842124938965,-0.07985883951187134,0.03662663698196411,-0.09745985269546509,0.06401288509368896,-0.10241842269897461,0.03483372926712036,-0.16276317834854126,0.05803269147872925,-0.2268407940864563,0.08322650194168091,-0.24691301584243774,0.10834693908691406,-0.25006598234176636,0.061380863189697266,-0.13821440935134888,0.11015337705612183,-0.1536824107170105,0.09138822555541992,-0.10430169105529785,0.0716475248336792,-0.0799444317817688,0.08073419332504272,-0.11316454410552979,0.12135547399520874,-0.1255459189414978,0.10155743360519409,-0.08297604322433472,0.08137094974517822,-0.06560081243515015,0.09228861331939697,-0.086284339427948,0.12274044752120972,-0.09163117408752441,0.11140012741088867,-0.06652069091796875,0.09468656778335571,-0.056907474994659424
0.0,0.0,-0.013646304607391357,-0.03539681434631348,0.00040644407272338867,-0.07865816354751587,0.03324246406555176,-0.09851217269897461,0.058252930641174316,-0.11000561714172363,0.03481292724609375,-0.16341882944107056,0.05769801139831543,-0.22835564613342285,0.08239978551864624,-0.24847137928009033,0.10618549585342407,-0.2520647644996643,0.061380624771118164,-0.1389627456665039,0.11118936538696289,-0.15643984079360962,0.09243041276931763,-0.10761517286300659,0.07208561897277832,-0.08413273096084595,0.08007365465164185,-0.11411416530609131,0.12174803018569946,-0.12800800800323486,0.1022077202796936,-0.0867149829864502,0.08160793781280518,-0.07040238380432129,0.08989673852920532,-0.08674442768096924,0.12243562936782837,-0.09502094984054565,0.11139607429504395,-0.07036346197128296,0.09437292814254761,-0.061806678771972656
0.0,0.0,-0.01327604055404663,-0.03517138957977295,-0.0004143714904785156,-0.07811862230300903,0.033521413803100586,-0.09525573253631592,0.06126058101654053,-0.09923237562179565,0.0348852276802063,-0.1601564884185791,0.057148635387420654,-0.22474133968353271,0.08151602745056152,-0.2441689372062683,0.10586881637573242,-0.2489820122718811,0.06179565191268921,-0.13695919513702393,0.10972487926483154,-0.1510966420173645,0.09058964252471924,-0.10183703899383545,0.0708850622177124,-0.07983040809631348,0.08084416389465332,-0.11159533262252808,0.1199844479560852,-0.12249952554702759,0.09992194175720215,-0.08175241947174072,0.07991927862167358,-0.06675779819488525,0.09127748012542725,-0.0833846926689148,0.12167024612426758,-0.08813714981079102,0.10992962121963501,-0.06485015153884888,0.09338480234146118,-0.05778318643569946
0.0,0.0,-0.015618324279785156,-0.03675270080566406,-0.0027875900268554688,-0.08211410045623779,0.031878113746643066,-0.10095560550689697,0.05905848741531372,-0.1095077395439148,0.033557355403900146,-0.16398704051971436,0.05642157793045044,-0.22994589805603027,0.0812494158744812,-0.24982690811157227,0.10583293437957764,-0.2551499009132385,0.06125694513320923,-0.14023137092590332,0.10840171575546265,-0.15787607431411743,0.08897662162780762,-0.108295738697052,0.06862092018127441,-0.08508425951004028,0.08074581623077393,-0.1145181655883789,0.12104195356369019,-0.1301019787788391,0.10085058212280273,-0.08910542726516724,0.07996928691864014,-0.07150232791900635,0.09121012687683105,-0.08610665798187256,0.12262499332427979,-0.09568530321121216,0.11018431186676025,-0.07145732641220093,0.09321224689483643,-0.06172209978103638
0.0,0.0,-0.01413261890411377,-0.03567385673522949,-0.0012543201446533203,-0.07969778776168823,0.033051252365112305,-0.09740692377090454,0.059532344341278076,-0.10365539789199829,0.03544098138809204,-0.16048604249954224,0.057852983474731445,-0.2259577512741089,0.08286178112030029,-0.2456560730934143,0.10720837116241455,-0.25009673833847046,0.06266450881958008,-0.13634586334228516,0.11016541719436646,-0.1524757742881775,0.09039664268493652,-0.1037493348121643,0.06968045234680176,-0.08084869384765625,0.08187061548233032,-0.1103825569152832,0.12159222364425659,-0.12366783618927002,0.10071688890457153,-0.08341902494430542,0.07955515384674072,-0.0668213963508606,0.09221893548965454,-0.08172070980072021,0.12252312898635864,-0.08887261152267456,0.10974085330963135,-0.06493008136749268,0.09269368648529053,-0.05608057975769043
0.0,0.0,-0.013947904109954834,-0.036737680435180664,0.0003089308738708496,-0.08031946420669556,0.034776389598846436,-0.0983307957649231,0.06052058935165405,-0.10536181926727295,0.03525501489639282,-0.16217964887619019,0.05755782127380371,-0.22823983430862427,0.08217865228652954,-0.24764782190322876,0.10591298341751099,-0.25088679790496826,0.06203824281692505,-0.13704907894134521,0.11069130897521973,-0.1557990312576294,0.09292948246002197,-0.10771286487579346,0.07326817512512207,-0.08398818969726562,0.08065056800842285,-0.11132097244262695,0.1215360164642334,-0.12657815217971802,0.10256093740463257,-0.08683305978775024,0.08229690790176392,-0.06995540857315063,0.09022319316864014,-0.08310914039611816,0.1210864782333374,-0.0909416675567627,0.11064106225967407,-0.06792408227920532,0.09421050548553467,-0.05910295248031616
0.0,0.0,-0.015143394470214844,-0.03507637977600098,-0.002897322177886963,-0.07909435033798218,0.03160440921783447,-0.09789484739303589,0.05816549062728882,-0.10627418756484985,0.03422701358795166,-0.16148030757904053,0.056782066822052,-0.22735261917114258,0.08148419857025146,-0.2464028000831604,0.10559117794036865,-0.25004053115844727,0.06174808740615845,-0.13812869787216187,0.10909992456436157,-0.15363788604736328,0.09045523405075073,-0.10301244258880615,0.07103312015533447,-0.0801154375076294,0.08088606595993042,-0.11302345991134644,0.12025576829910278,-0.1258653998374939,0.10088127851486206,-0.08350449800491333,0.08052700757980347,-0.06708270311355591,0.09094327688217163,-0.08489000797271729,0.12100589275360107,-0.09186375141143799,0.1096944808959961,-0.06659471988677979,0.09289467334747314,-0.05811816453933716
0.0,0.0,-0.013334572315216064,-0.03404039144515991,-0.0004419684410095215,-0.07680630683898926,0.032813966274261475,-0.09695476293563843,0.05916118621826172,-0.10597550868988037,0.03498929738998413,-0.16078060865402222,0.05777710676193237,-0.2266451120376587,0.08264845609664917,-0.24660074710845947,0.10698843002319336,-0.25071054697036743,0.06236070394515991,-0.13721680641174316,0.10918492078781128,-0.15244024991989136,0.08985751867294312,-0.10247248411178589,0.0700918436050415,-0.07864898443222046,0.08165448904037476,-0.11234533786773682,0.12134283781051636,-0.1258084774017334,0.10166525840759277,-0.0842888355255127,0.0810510516166687,-0.06638926267623901,0.09206467866897583,-0.08481466770172119,0.12181872129440308,-0.09234887361526489,0.11048030853271484,-0.06774306297302246,0.09382075071334839,-0.05782812833786011
0.0,0.0,-0.014809012413024902,-0.03752851486206055,-0.0022299885749816895,-0.08390790224075317,0.033106327056884766,-0.1017388105392456,0.06084752082824707,-0.10569596290588379,0.033910274505615234,-0.1629267930984497,0.05638831853866577,-0.23005586862564087,0.0813751220703125,-0.24975186586380005,0.10507792234420776,-0.2540432810783386,0.06078457832336426,-0.13915646076202393,0.10782134532928467,-0.1557028889656067,0.09146809577941895,-0.10557663440704346,0.07251918315887451,-0.08160674571990967,0.08014720678329468,-0.11415606737136841,0.11992752552032471,-0.12838822603225708,0.10288172960281372,-0.0864056944847107,0.083193838596344,-0.06845945119857788,0.09092843532562256,-0.08625608682632446,0.12096840143203735,-0.09597349166870117,0.1115121841430664,-0.07107114791870117,0.09572553634643555,-0.060519278049468994
