0.0,0.0,0.03264099359512329,0.017725050449371338,0.05764883756637573,0.016511499881744385,0.06201452016830444,0.024298489093780518,0.053426384925842285,0.03478693962097168,0.05508685111999512,-0.04822337627410889,0.05427783727645874,0.008478343486785889,0.03964066505432129,0.03644096851348877,0.03024768829345703,0.04355353116989136,0.02521061897277832,-0.06869924068450928,0.01613682508468628,-0.010415792465209961,0.004656016826629639,0.0180090069770813,-0.0010434985160827637,0.023283660411834717,-0.0059896111488342285,-0.07391703128814697,-0.01857680082321167,-0.025495409965515137,-0.022244811058044434,-0.0012502074241638184,-0.022557497024536133,0.0005598664283752441,-0.03826195001602173,-0.0707210898399353,-0.04999476671218872,-0.03360283374786377,-0.049895286560058594,-0.011721611022949219,-0.04796910285949707,-0.004814028739929199
0.0,0.0,-0.04805260896682739,-0.0512731671333313,-0.08203762769699097,-0.12693935632705688,-0.10330337285995483,-0.19660097360610962,-0.13312527537345886,-0.2404536008834839,-0.03144872188568115,-0.1954064965248108,-0.009347498416900635,-0.2158108353614807,-0.011429786682128906,-0.15170931816101074,-0.019490540027618408,-0.11992424726486206,0.009155690670013428,-0.19532322883605957,0.02912062406539917,-0.19770318269729614,0.01694387197494507,-0.13224458694458008,0.003631412982940674,-0.1135333776473999,0.045061588287353516,-0.18189525604248047,0.06705981492996216,-0.18824779987335205,0.05065351724624634,-0.13335144519805908,0.032252728939056396,-0.10697835683822632,0.07426905632019043,-0.16347432136535645,0.10913145542144775,-0.21710091829299927,0.13684886693954468,-0.24462026357650757,0.15963751077651978,-0.2753831744194031
0.0,0.0,-0.051463782787323,-0.050782620906829834,-0.08881920576095581,-0.12780481576919556,-0.11258628964424133,-0.1994728446006775,-0.1428264081478119,-0.24197745323181152,-0.03725200891494751,-0.19140315055847168,-0.010946273803710938,-0.22005856037139893,-0.013224184513092041,-0.16071879863739014,-0.025135934352874756,-0.12597692012786865,0.0027643442153930664,-0.18942874670028687,0.025611579418182373,-0.20434677600860596,0.013116836547851562,-0.13967859745025635,-0.0034380555152893066,-0.12243199348449707,0.03795218467712402,-0.17990773916244507,0.060866594314575195,-0.19555580615997314,0.04444289207458496,-0.14259988069534302,0.023361384868621826,-0.11892181634902954,0.06666761636734009,-0.1673640012741089,0.09968233108520508,-0.22482317686080933,0.12687981128692627,-0.25346553325653076,0.14862358570098877,-0.28526031970977783
0.0,0.0,-0.05485367774963379,-0.05279541015625,-0.09214890003204346,-0.12905806303024292,-0.11580705642700195,-0.19885402917861938,-0.1462552845478058,-0.2401159405708313,-0.03954535722732544,-0.19337868690490723,-0.012064993381500244,-0.22331374883651733,-0.016285419464111328,-0.16438943147659302,-0.029512882232666016,-0.1344660520553589,0.0010056495666503906,-0.19203680753707886,0.026027917861938477,-0.20467519760131836,0.011656105518341064,-0.140936017036438,-0.0065190792083740234,-0.13005584478378296,0.03644686937332153,-0.18260955810546875,0.060477614402770996,-0.19302582740783691,0.04162287712097168,-0.14056086540222168,0.01814335584640503,-0.12154090404510498,0.06607627868652344,-0.16942477226257324,0.09866362810134888,-0.22508478164672852,0.12503069639205933,-0.2542734146118164,0.14577102661132812,-0.2879737615585327
0.0,0.0,-0.05423891544342041,-0.049307167530059814,-0.09035253524780273,-0.1251038908958435,-0.11369460821151733,-0.1971646547317505,-0.14576154947280884,-0.2390647530555725,-0.039391934871673584,-0.19261020421981812,-0.012315154075622559,-0.22232753038406372,-0.016021907329559326,-0.16284781694412231,-0.030053138732910156,-0.13198977708816528,0.000637352466583252,-0.1914585828781128,0.023654818534851074,-0.2025693655014038,0.00948953628540039,-0.13930916786193848,-0.009083151817321777,-0.1305103302001953,0.03589433431625366,-0.18175822496414185,0.0590287446975708,-0.1934301257133484,0.04065161943435669,-0.14140260219573975,0.017437279224395752,-0.12341350317001343,0.06546461582183838,-0.1680595874786377,0.09767037630081177,-0.22363674640655518,0.12425559759140015,-0.252641499042511,0.14557337760925293,-0.2863730192184448
0.0,0.0,-0.052708983421325684,-0.049891531467437744,-0.08672547340393066,-0.1291821002960205,-0.10301998257637024,-0.20745927095413208,-0.12997901439666748,-0.25603508949279785,-0.038004934787750244,-0.19367527961730957,-0.010948538780212402,-0.22433722019195557,-0.013574540615081787,-0.16645658016204834,-0.02623647451400757,-0.13353067636489868,0.0014581084251403809,-0.1928204894065857,0.02613300085067749,-0.20567411184310913,0.013596594333648682,-0.1416325569152832,-0.004299521446228027,-0.12913066148757935,0.03663504123687744,-0.18403106927871704,0.06109708547592163,-0.19877082109451294,0.044288814067840576,-0.1449061632156372,0.021908998489379883,-0.12318140268325806,0.06604456901550293,-0.17097312211990356,0.09966707229614258,-0.22685396671295166,0.12732088565826416,-0.25628089904785156,0.14874106645584106,-0.2904433608055115
0.0,0.0,-0.05433744192123413,-0.050028324127197266,-0.08903396129608154,-0.1306626796722412,-0.10616913437843323,-0.2085375189781189,-0.13349157571792603,-0.2573782205581665,-0.04109305143356323,-0.1931753158569336,-0.012124896049499512,-0.22456204891204834,-0.016140103340148926,-0.16522443294525146,-0.031193852424621582,-0.1354420781135559,-0.0013295412063598633,-0.19179564714431763,0.024190783500671387,-0.20529413223266602,0.010806262493133545,-0.13912183046340942,-0.00787287950515747,-0.13040584325790405,0.03405189514160156,-0.18289291858673096,0.059349000453948975,-0.19788813591003418,0.041933655738830566,-0.14179515838623047,0.018792390823364258,-0.12126106023788452,0.0639265775680542,-0.17019224166870117,0.0967974066734314,-0.22665917873382568,0.12455010414123535,-0.25567173957824707,0.14626085758209229,-0.29071885347366333
0.0,0.0,-0.05274230241775513,-0.05186706781387329,-0.08665543794631958,-0.13283628225326538,-0.1032964289188385,-0.20985949039459229,-0.13072288036346436,-0.25902706384658813,-0.04002863168716431,-0.19577938318252563,-0.01138317584991455,-0.22475659847259521,-0.01378488540649414,-0.16631561517715454,-0.02801722288131714,-0.13681066036224365,6.568431854248047e-05,-0.19427037239074707,0.025869429111480713,-0.2060588002204895,0.01387566328048706,-0.13987529277801514,-0.0042691826820373535,-0.13145631551742554,0.03605455160140991,-0.18425863981246948,0.06210976839065552,-0.1990252137184143,0.04586559534072876,-0.1424214243888855,0.02305048704147339,-0.12131649255752563,0.0660855770111084,-0.16962087154388428,0.09912127256393433,-0.22573786973953247,0.1272897720336914,-0.25483351945877075,0.14888697862625122,-0.28999602794647217
0.0,0.0,-0.05183929204940796,-0.052802205085754395,-0.0839201807975769,-0.1354396939277649,-0.0995023250579834,-0.212263286113739,-0.12785851955413818,-0.2597247362136841,-0.039921700954437256,-0.1999894380569458,-0.009444177150726318,-0.2210196852684021,-0.013828575611114502,-0.16244256496429443,-0.029224872589111328,-0.13582247495651245,-0.0006018877029418945,-0.19798505306243896,0.0274541974067688,-0.20017844438552856,0.01288151741027832,-0.13651973009109497,-0.006793320178985596,-0.13044041395187378,0.03501713275909424,-0.18637162446975708,0.06188887357711792,-0.1907861828804016,0.04323685169219971,-0.1366572380065918,0.019672274589538574,-0.11752897500991821,0.0654900074005127,-0.17145472764968872,0.09933441877365112,-0.22530579566955566,0.12734782695770264,-0.254840612411499,0.14943921566009521,-0.28966861963272095
0.0,0.0,-0.051588475704193115,-0.05592447519302368,-0.07871001958847046,-0.1456851363182068,-0.09182274341583252,-0.22218787670135498,-0.11911416053771973,-0.2669917941093445,-0.0407293438911438,-0.20252323150634766,-0.008973479270935059,-0.2233535647392273,-0.013456344604492188,-0.1644359827041626,-0.030008137226104736,-0.1396515965461731,-0.0018352866172790527,-0.1990792155265808,0.024360954761505127,-0.20195549726486206,0.012183427810668945,-0.13823014497756958,-0.007114231586456299,-0.13289248943328857,0.033949434757232666,-0.18608492612838745,0.05911111831665039,-0.19370180368423462,0.04213571548461914,-0.13890546560287476,0.018802523612976074,-0.11936718225479126,0.06430250406265259,-0.17135345935821533,0.09579384326934814,-0.2259979248046875,0.12120324373245239,-0.2569437623023987,0.1406548023223877,-0.2930121123790741
0.0,0.0,-0.049271345138549805,-0.053331971168518066,-0.07795429229736328,-0.1441500186920166,-0.09226745367050171,-0.22024500370025635,-0.1203995943069458,-0.26344603300094604,-0.03804969787597656,-0.20188641548156738,-0.006730496883392334,-0.22146213054656982,-0.012377619743347168,-0.1614723801612854,-0.028690993785858154,-0.1382942795753479,0.0004363059997558594,-0.19829124212265015,0.027316749095916748,-0.19988960027694702,0.012881577014923096,-0.13439953327178955,-0.005644381046295166,-0.13031667470932007,0.03617429733276367,-0.18513977527618408,0.06256937980651855,-0.1913905143737793,0.043814659118652344,-0.13570886850357056,0.02019321918487549,-0.11657941341400146,0.06637781858444214,-0.16925543546676636,0.09786659479141235,-0.22319668531417847,0.12342303991317749,-0.253497838973999,0.14377331733703613,-0.28948670625686646
0.0,0.0,-0.050049781799316406,-0.052578091621398926,-0.07914358377456665,-0.14421027898788452,-0.0932488739490509,-0.22105050086975098,-0.12103354930877686,-0.2650723457336426,-0.036948204040527344,-0.1962757706642151,-0.008585512638092041,-0.22352683544158936,-0.014342844486236572,-0.16387522220611572,-0.029627501964569092,-0.13960081338882446,0.0017212629318237305,-0.19133013486862183,0.025354504585266113,-0.201835036277771,0.010922491550445557,-0.134080708026886,-0.00658261775970459,-0.12873637676239014,0.036684274673461914,-0.17934060096740723,0.060651183128356934,-0.1927662491798401,0.042414307594299316,-0.13511359691619873,0.019924402236938477,-0.11476653814315796,0.06602269411087036,-0.16549360752105713,0.09757643938064575,-0.22108137607574463,0.12390649318695068,-0.25113654136657715,0.14498889446258545,-0.28740280866622925
0.0,0.0,-0.050004661083221436,-0.053391337394714355,-0.07732707262039185,-0.14403432607650757,-0.09021627902984619,-0.2204955816268921,-0.11798328161239624,-0.2650902271270752,-0.033637821674346924,-0.19465786218643188,-0.005310177803039551,-0.22022700309753418,-0.01103740930557251,-0.16202312707901,-0.02541506290435791,-0.13597261905670166,0.005052387714385986,-0.19049161672592163,0.029681742191314697,-0.19903439283370972,0.015333294868469238,-0.13388925790786743,-0.0016669034957885742,-0.12577641010284424,0.03984886407852173,-0.17817044258117676,0.06357711553573608,-0.1877000331878662,0.04504591226577759,-0.1319444179534912,0.02272963523864746,-0.11131477355957031,0.06888538599014282,-0.16381800174713135,0.10118097066879272,-0.21844232082366943,0.1282728910446167,-0.24778050184249878,0.14995914697647095,-0.2829778790473938
0.0,0.0,-0.05064797401428223,-0.05263376235961914,-0.07762828469276428,-0.1422443985939026,-0.08958226442337036,-0.22070062160491943,-0.11664146184921265,-0.2680515646934509,-0.03402400016784668,-0.19591528177261353,-0.003592252731323242,-0.22095799446105957,-0.00979459285736084,-0.16263329982757568,-0.024672269821166992,-0.13564187288284302,0.005150437355041504,-0.18991625308990479,0.03094184398651123,-0.198164701461792,0.01615321636199951,-0.13261449337005615,-0.0009455084800720215,-0.12477874755859375,0.0400393009185791,-0.1764533519744873,0.06450891494750977,-0.18529868125915527,0.04570281505584717,-0.13002228736877441,0.023347020149230957,-0.1103392243385315,0.06916743516921997,-0.16156405210494995,0.10183072090148926,-0.21582001447677612,0.12871980667114258,-0.24467486143112183,0.15060144662857056,-0.2793065309524536
0.0,0.0,-0.05181097984313965,-0.053873419761657715,-0.07772776484489441,-0.1465892791748047,-0.0892566442489624,-0.2252303957939148,-0.11710011959075928,-0.2712709307670593,-0.0330350399017334,-0.1998504400253296,-0.0035490989685058594,-0.22619563341140747,-0.011111795902252197,-0.16778743267059326,-0.026449620723724365,-0.14269506931304932,0.005828440189361572,-0.19336342811584473,0.029984652996063232,-0.20206278562545776,0.013573408126831055,-0.13607805967330933,-0.0033684968948364258,-0.130090594291687,0.04063236713409424,-0.17921370267868042,0.06423616409301758,-0.1889272928237915,0.044262588024139404,-0.13325411081314087,0.0215567946434021,-0.11465722322463989,0.0698745846748352,-0.16332828998565674,0.10307729244232178,-0.21658384799957275,0.13046902418136597,-0.24418282508850098,0.15310519933700562,-0.2785670757293701
0.0,0.0,-0.05141472816467285,-0.0547940731048584,-0.07844105362892151,-0.14576929807662964,-0.09088096022605896,-0.22292160987854004,-0.11834332346916199,-0.2691914439201355,-0.03472095727920532,-0.19744235277175903,-0.003702521324157715,-0.22351157665252686,-0.010363936424255371,-0.16568374633789062,-0.026300489902496338,-0.13934236764907837,0.003931760787963867,-0.19039756059646606,0.029755711555480957,-0.2000802755355835,0.014363288879394531,-0.13581937551498413,-0.0039321184158325195,-0.1283283829689026,0.0386275053024292,-0.17665517330169678,0.06281101703643799,-0.18570154905319214,0.04387408494949341,-0.13072198629379272,0.021208465099334717,-0.11155927181243896,0.06815606355667114,-0.1619510054588318,0.10085505247116089,-0.21602535247802734,0.12822896242141724,-0.24456864595413208,0.15033626556396484,-0.2792621850967407
0.0,0.0,-0.05021899938583374,-0.052852630615234375,-0.07970485091209412,-0.14286357164382935,-0.09426870942115784,-0.2194828987121582,-0.12147292494773865,-0.26442742347717285,-0.03560209274291992,-0.19582897424697876,-0.011348068714141846,-0.22603535652160645,-0.015294313430786133,-0.1660219430923462,-0.028269708156585693,-0.14032518863677979,0.0027837157249450684,-0.19360250234603882,0.02423185110092163,-0.20563876628875732,0.011772871017456055,-0.1393284797668457,-0.004415452480316162,-0.1307746171951294,0.0378684401512146,-0.18229824304580688,0.059262752532958984,-0.19334977865219116,0.04209399223327637,-0.13777577877044678,0.020476579666137695,-0.11771273612976074,0.06776309013366699,-0.16856807470321655,0.09878075122833252,-0.2243661880493164,0.12367236614227295,-0.2541654109954834,0.142600417137146,-0.29007965326309204
0.0,0.0,-0.05134761333465576,-0.051205456256866455,-0.08150646090507507,-0.14132702350616455,-0.09683835506439209,-0.21934062242507935,-0.12526506185531616,-0.2643493413925171,-0.03880274295806885,-0.19658821821212769,-0.016097426414489746,-0.22822654247283936,-0.018451809883117676,-0.16712409257888794,-0.02980780601501465,-0.14217782020568848,-0.00016123056411743164,-0.19425731897354126,0.01930004358291626,-0.2087283730506897,0.008485674858093262,-0.14118599891662598,-0.005958199501037598,-0.1340896487236023,0.034995436668395996,-0.18278014659881592,0.05495864152908325,-0.19675928354263306,0.038876235485076904,-0.14035838842391968,0.01856708526611328,-0.12002605199813843,0.06491982936859131,-0.16863691806793213,0.09461325407028198,-0.2261730432510376,0.11845982074737549,-0.2581433653831482,0.13727909326553345,-0.295970618724823
0.0,0.0,-0.05229485034942627,-0.048408329486846924,-0.08269244432449341,-0.1383204460144043,-0.09761959314346313,-0.2165805697441101,-0.12630635499954224,-0.26150715351104736,-0.040042102336883545,-0.19152384996414185,-0.01563507318496704,-0.2248026728630066,-0.018880367279052734,-0.1642431616783142,-0.031252920627593994,-0.13878309726715088,-0.000687718391418457,-0.18873542547225952,0.02001744508743286,-0.20478296279907227,0.007995367050170898,-0.13658380508422852,-0.007222414016723633,-0.12935608625411987,0.03416550159454346,-0.17814266681671143,0.05514711141586304,-0.19304883480072021,0.03824132680892944,-0.13585853576660156,0.01754939556121826,-0.11479431390762329,0.0635443925857544,-0.1654599905014038,0.09372484683990479,-0.22269809246063232,0.11802208423614502,-0.2551208734512329,0.1375570297241211,-0.29366767406463623
0.0,0.0,-0.051967501640319824,-0.050074219703674316,-0.08156341314315796,-0.1392214298248291,-0.09646788239479065,-0.21689414978027344,-0.124786376953125,-0.2621800899505615,-0.03631478548049927,-0.19292795658111572,-0.013782203197479248,-0.22434669733047485,-0.0175362229347229,-0.16497844457626343,-0.02887934446334839,-0.1373603343963623,0.0011754035949707031,-0.18983900547027588,0.0200730562210083,-0.20511198043823242,0.008083641529083252,-0.13843709230422974,-0.005836844444274902,-0.12825995683670044,0.035587966442108154,-0.1785542368888855,0.05571413040161133,-0.1955471634864807,0.03930586576461792,-0.13789892196655273,0.019595205783843994,-0.1148495078086853,0.06495404243469238,-0.16473287343978882,0.09594476222991943,-0.22246408462524414,0.12017619609832764,-0.2545870542526245,0.13962161540985107,-0.292685866355896
0.0,0.0,-0.05120784044265747,-0.05177760124206543,-0.08044099807739258,-0.1428477168083191,-0.09542113542556763,-0.22121918201446533,-0.12455111742019653,-0.2664645314216614,-0.03721660375595093,-0.19684362411499023,-0.012746572494506836,-0.2291164994239807,-0.016996443271636963,-0.16886556148529053,-0.029420316219329834,-0.14396190643310547,0.0010508894920349121,-0.19374245405197144,0.02152186632156372,-0.20871353149414062,0.008733391761779785,-0.14153707027435303,-0.006463170051574707,-0.13375824689865112,0.03589677810668945,-0.18209916353225708,0.0572819709777832,-0.19721800088882446,0.03966975212097168,-0.13944298028945923,0.018549203872680664,-0.11730647087097168,0.06532925367355347,-0.16794073581695557,0.09612917900085449,-0.2254374623298645,0.12127685546875,-0.257599413394928,0.14178097248077393,-0.2952696681022644
0.0,0.0,-0.05124431848526001,-0.04925191402435303,-0.08117914199829102,-0.13980817794799805,-0.09537076950073242,-0.21815073490142822,-0.12328344583511353,-0.2640226483345032,-0.03796970844268799,-0.19562113285064697,-0.013386189937591553,-0.2267770767211914,-0.016858816146850586,-0.16791605949401855,-0.029431462287902832,-0.14148712158203125,0.00047701597213745117,-0.1924227476119995,0.02153116464614868,-0.20614147186279297,0.00971895456314087,-0.1397266983985901,-0.005642712116241455,-0.1327894926071167,0.035574376583099365,-0.18098723888397217,0.057281553745269775,-0.19519907236099243,0.04050570726394653,-0.13872802257537842,0.019272804260253906,-0.11808758974075317,0.0653156042098999,-0.16687875986099243,0.09625840187072754,-0.2229222059249878,0.1220962405204773,-0.25389790534973145,0.14280563592910767,-0.29091447591781616
0.0,0.0,-0.052516818046569824,-0.05033397674560547,-0.08227294683456421,-0.13971740007400513,-0.09620270133018494,-0.21825116872787476,-0.12452071905136108,-0.26440685987472534,-0.037992894649505615,-0.1957194209098816,-0.011551856994628906,-0.22526037693023682,-0.016858220100402832,-0.16599887609481812,-0.030625760555267334,-0.1421028971672058,0.00043392181396484375,-0.19154244661331177,0.022745788097381592,-0.20448797941207886,0.00847548246383667,-0.1370025873184204,-0.007601022720336914,-0.13375890254974365,0.035102665424346924,-0.17989414930343628,0.057287752628326416,-0.19220644235610962,0.03867483139038086,-0.13601094484329224,0.016822636127471924,-0.1181098222732544,0.06453508138656616,-0.16644185781478882,0.09553903341293335,-0.22250604629516602,0.12063384056091309,-0.2534640431404114,0.14146476984024048,-0.29077398777008057
0.0,0.0,-0.051987648010253906,-0.05252784490585327,-0.0818215012550354,-0.14112019538879395,-0.09689199924468994,-0.21773648262023926,-0.12453681230545044,-0.2626480460166931,-0.0342411994934082,-0.19220781326293945,-0.014475464820861816,-0.22680532932281494,-0.01936519145965576,-0.16674691438674927,-0.02958470582962036,-0.1425161361694336,0.0027062296867370605,-0.18887817859649658,0.019694626331329346,-0.2059028148651123,0.005913853645324707,-0.13853168487548828,-0.00692439079284668,-0.13237237930297852,0.03634071350097656,-0.1777694821357727,0.0554468035697937,-0.19396114349365234,0.03688693046569824,-0.13652664422988892,0.01770961284637451,-0.11537402868270874,0.06536674499511719,-0.1648237109184265,0.09641170501708984,-0.22109949588775635,0.12065410614013672,-0.2529720664024353,0.14182209968566895,-0.29023998975753784
0.0,0.0,-0.05250126123428345,-0.049606263637542725,-0.08241119980812073,-0.14005029201507568,-0.09629109501838684,-0.21717089414596558,-0.12430638074874878,-0.2618180513381958,-0.03710132837295532,-0.19207191467285156,-0.012671947479248047,-0.2247859239578247,-0.018586277961730957,-0.1643657684326172,-0.0308992862701416,-0.14044153690338135,0.0011560320854187012,-0.18801218271255493,0.021750688552856445,-0.20350027084350586,0.007288157939910889,-0.13567280769348145,-0.0074574947357177734,-0.12975621223449707,0.035390377044677734,-0.17614251375198364,0.056875526905059814,-0.1908043622970581,0.038419365882873535,-0.13301903009414673,0.01792222261428833,-0.11217719316482544,0.06455016136169434,-0.16221314668655396,0.09620577096939087,-0.2180449366569519,0.12167125940322876,-0.24926918745040894,0.14318424463272095,-0.2871779203414917
0.0,0.0,-0.05119401216506958,-0.04989224672317505,-0.07989826798439026,-0.14032721519470215,-0.09314203262329102,-0.21824747323989868,-0.12135112285614014,-0.26373612880706787,-0.03305155038833618,-0.19521564245224,-0.009206175804138184,-0.226556658744812,-0.015395581722259521,-0.16708779335021973,-0.02798306941986084,-0.14203780889511108,0.004015624523162842,-0.19140923023223877,0.023866772651672363,-0.2059544324874878,0.008798956871032715,-0.13764512538909912,-0.005773425102233887,-0.13189208507537842,0.0377843976020813,-0.1791655421257019,0.059456586837768555,-0.19500732421875,0.03979158401489258,-0.13666152954101562,0.018522143363952637,-0.115517258644104,0.0664016604423523,-0.16439300775527954,0.09928488731384277,-0.22011327743530273,0.12583601474761963,-0.24955499172210693,0.1483059525489807,-0.28578126430511475
0.0,0.0,-0.052474915981292725,-0.05046457052230835,-0.08164441585540771,-0.13938456773757935,-0.09513509273529053,-0.2154638171195984,-0.12263622879981995,-0.25901079177856445,-0.03237634897232056,-0.18931978940963745,-0.01117473840713501,-0.22301077842712402,-0.016232788562774658,-0.1642635464668274,-0.027150392532348633,-0.13648653030395508,0.004489302635192871,-0.18622803688049316,0.022713899612426758,-0.20346355438232422,0.008910298347473145,-0.13793456554412842,-0.004402756690979004,-0.1270695924758911,0.037767648696899414,-0.17505532503128052,0.05757486820220947,-0.19399875402450562,0.03935503959655762,-0.1375136375427246,0.01966780424118042,-0.1144067645072937,0.06599384546279907,-0.16091251373291016,0.09953206777572632,-0.2170587182044983,0.1256123185157776,-0.24703437089920044,0.14702922105789185,-0.2837793231010437
0.0,0.0,-0.05286061763763428,-0.05122596025466919,-0.08331501483917236,-0.1378588080406189,-0.09758245944976807,-0.21289759874343872,-0.12501442432403564,-0.25666874647140503,-0.03688555955886841,-0.18847912549972534,-0.014156579971313477,-0.2214120626449585,-0.018971741199493408,-0.16204887628555298,-0.03073441982269287,-0.13732606172561646,0.0010759830474853516,-0.18452471494674683,0.020448386669158936,-0.2013096809387207,0.006412029266357422,-0.13472801446914673,-0.008284926414489746,-0.1278117299079895,0.034932851791381836,-0.17289268970489502,0.05598592758178711,-0.1901373267173767,0.03716611862182617,-0.13327240943908691,0.01609712839126587,-0.11163020133972168,0.06358146667480469,-0.15848737955093384,0.09678810834884644,-0.2142518162727356,0.12323933839797974,-0.24471819400787354,0.14517593383789062,-0.2816413640975952
0.0,0.0,-0.052723467350006104,-0.05026960372924805,-0.08239689469337463,-0.13758134841918945,-0.09692180156707764,-0.21225202083587646,-0.12554404139518738,-0.25374943017959595,-0.03362071514129639,-0.1852736473083496,-0.01472562551498413,-0.21908915042877197,-0.019511044025421143,-0.161598801612854,-0.029728829860687256,-0.1352386474609375,0.0030696988105773926,-0.18274521827697754,0.018707633018493652,-0.20083820819854736,0.005638599395751953,-0.1354871392250061,-0.006709873676300049,-0.12566614151000977,0.036292076110839844,-0.17232948541641235,0.05374962091445923,-0.19044923782348633,0.03626704216003418,-0.13401740789413452,0.017612934112548828,-0.11096185445785522,0.06476026773452759,-0.15924525260925293,0.09727662801742554,-0.21548432111740112,0.12291139364242554,-0.24638444185256958,0.14427870512008667,-0.283272385597229
0.0,0.0,-0.053184062242507935,-0.04998373985290527,-0.08373752236366272,-0.13665270805358887,-0.09836465120315552,-0.2115107774734497,-0.1256076693534851,-0.2534503936767578,-0.03506690263748169,-0.18494194746017456,-0.01626521348953247,-0.22038954496383667,-0.02092897891998291,-0.1620374321937561,-0.03041553497314453,-0.13608968257904053,0.0024845004081726074,-0.18234992027282715,0.018959641456604004,-0.20193809270858765,0.005696892738342285,-0.13551032543182373,-0.006789267063140869,-0.12523317337036133,0.036058783531188965,-0.17241495847702026,0.05417203903198242,-0.19103586673736572,0.03622192144393921,-0.1332067847251892,0.017548203468322754,-0.10948765277862549,0.0646817684173584,-0.15967810153961182,0.09673082828521729,-0.2154543399810791,0.12201440334320068,-0.24598312377929688,0.14316576719284058,-0.2827451825141907
0.0,0.0,-0.052835702896118164,-0.051998913288116455,-0.08297961950302124,-0.14002561569213867,-0.09742489457130432,-0.21611762046813965,-0.12589019536972046,-0.25947582721710205,-0.03579843044281006,-0.1916126012802124,-0.013729393482208252,-0.22477442026138306,-0.018559515476226807,-0.16636306047439575,-0.02969837188720703,-0.1401178240776062,0.002161264419555664,-0.1887168288230896,0.01980912685394287,-0.20586508512496948,0.006596863269805908,-0.13964271545410156,-0.00610661506652832,-0.13064628839492798,0.03626441955566406,-0.177415668964386,0.05534493923187256,-0.1958046555519104,0.037477850914001465,-0.13932639360427856,0.01834315061569214,-0.11600643396377563,0.06511592864990234,-0.1630626916885376,0.09790772199630737,-0.2193007469177246,0.1236572265625,-0.2502021789550781,0.14507102966308594,-0.28706610202789307
0.0,0.0,-0.0532001256942749,-0.05180138349533081,-0.08327469229698181,-0.13949650526046753,-0.09787994623184204,-0.21470874547958374,-0.1258895993232727,-0.2565840482711792,-0.03493863344192505,-0.1884974241256714,-0.014706254005432129,-0.2225235104560852,-0.019584834575653076,-0.16402161121368408,-0.030123472213745117,-0.13778865337371826,0.0026244521141052246,-0.18501907587051392,0.019466161727905273,-0.20372247695922852,0.006422698497772217,-0.13743436336517334,-0.0061247944831848145,-0.12915408611297607,0.036414384841918945,-0.17419648170471191,0.054814815521240234,-0.19266784191131592,0.03729963302612305,-0.13595926761627197,0.01856374740600586,-0.11388927698135376,0.06530135869979858,-0.16076576709747314,0.0978897213935852,-0.216333270072937,0.12364482879638672,-0.24690747261047363,0.1452651023864746,-0.283387690782547
0.0,0.0,-0.05314594507217407,-0.053152263164520264,-0.08322298526763916,-0.1399337649345398,-0.09770980477333069,-0.21381396055221558,-0.1249004602432251,-0.25561779737472534,-0.0346643328666687,-0.18978017568588257,-0.015469670295715332,-0.22144025564193726,-0.020243585109710693,-0.16353905200958252,-0.029793083667755127,-0.13777470588684082,0.003040909767150879,-0.18621891736984253,0.018666505813598633,-0.20351898670196533,0.005456984043121338,-0.13870930671691895,-0.006379961967468262,-0.12790125608444214,0.0369720458984375,-0.17470192909240723,0.05426698923110962,-0.19197630882263184,0.03633493185043335,-0.13585835695266724,0.017933309078216553,-0.11233407258987427,0.06619501113891602,-0.16030526161193848,0.09878772497177124,-0.2155110239982605,0.12421905994415283,-0.24605876207351685,0.1456776261329651,-0.28238826990127563
0.0,0.0,-0.052326083183288574,-0.0525892972946167,-0.08220547437667847,-0.1403414011001587,-0.09639278054237366,-0.2157282829284668,-0.1244426965713501,-0.25899457931518555,-0.035115718841552734,-0.19261795282363892,-0.013455033302307129,-0.2256430983543396,-0.018686413764953613,-0.1668456792831421,-0.029446065425872803,-0.14132148027420044,0.0030189156532287598,-0.1894986629486084,0.021329045295715332,-0.20615118741989136,0.007455945014953613,-0.14041978120803833,-0.005796909332275391,-0.13185334205627441,0.03694874048233032,-0.17790299654006958,0.05683010816574097,-0.19540923833847046,0.03873687982559204,-0.1397760510444641,0.019170403480529785,-0.11816209554672241,0.06569439172744751,-0.1629818081855774,0.09802782535552979,-0.21886563301086426,0.12370425462722778,-0.24888795614242554,0.14525741338729858,-0.2850821614265442
0.0,0.0,-0.05203807353973389,-0.05157744884490967,-0.08237320184707642,-0.14067304134368896,-0.09667688608169556,-0.21604984998703003,-0.12445598840713501,-0.2573780417442322,-0.034052252769470215,-0.1915099024772644,-0.013135433197021484,-0.22350764274597168,-0.018411219120025635,-0.16520142555236816,-0.029004454612731934,-0.1386391520500183,0.004001140594482422,-0.18752062320709229,0.021855056285858154,-0.20390969514846802,0.008017003536224365,-0.13753777742385864,-0.004938960075378418,-0.1281754970550537,0.037845075130462646,-0.1759413480758667,0.05699515342712402,-0.19155561923980713,0.0387042760848999,-0.13478749990463257,0.019248604774475098,-0.11267369985580444,0.06677305698394775,-0.16194438934326172,0.09889018535614014,-0.21739846467971802,0.12455451488494873,-0.2475563883781433,0.1461641788482666,-0.284000039100647
0.0,0.0,-0.052809953689575195,-0.05053514242172241,-0.08225682377815247,-0.13932794332504272,-0.09622666239738464,-0.21482104063034058,-0.12363150715827942,-0.2579176425933838,-0.03346818685531616,-0.19077688455581665,-0.01310110092163086,-0.22184479236602783,-0.018918514251708984,-0.1635943055152893,-0.029864370822906494,-0.13922983407974243,0.004167735576629639,-0.1871008276939392,0.020770013332366943,-0.2015501856803894,0.00644916296005249,-0.1370553970336914,-0.006482422351837158,-0.12986242771148682,0.03778761625289917,-0.17457640171051025,0.055861711502075195,-0.18985587358474731,0.03714638948440552,-0.1355273723602295,0.01768672466278076,-0.11554759740829468,0.06653803586959839,-0.15986347198486328,0.09932368993759155,-0.2145029902458191,0.12479144334793091,-0.24466264247894287,0.14624541997909546,-0.281450092792511
0.0,0.0,-0.05257272720336914,-0.050973594188690186,-0.08235427737236023,-0.1387878656387329,-0.09557026624679565,-0.2138233780860901,-0.12263929843902588,-0.25591689348220825,-0.03320211172103882,-0.18973380327224731,-0.014340817928314209,-0.22150510549545288,-0.01934903860092163,-0.16344338655471802,-0.02913135290145874,-0.136979341506958,0.004517197608947754,-0.1865575909614563,0.020867586135864258,-0.2006407380104065,0.00657886266708374,-0.1356690526008606,-0.005973458290100098,-0.1269126534461975,0.038149893283843994,-0.1746518611907959,0.056679606437683105,-0.18811655044555664,0.03757447004318237,-0.1326170563697815,0.018384873867034912,-0.11111670732498169,0.0670466423034668,-0.15958869457244873,0.09976983070373535,-0.21430927515029907,0.12570548057556152,-0.24423378705978394,0.1478164792060852,-0.28040069341659546
0.0,0.0,-0.053111642599105835,-0.05414080619812012,-0.08262455463409424,-0.14236491918563843,-0.09622669219970703,-0.21650034189224243,-0.12258374691009521,-0.25903165340423584,-0.03319275379180908,-0.1917271614074707,-0.014889955520629883,-0.2232527732849121,-0.021222412586212158,-0.16430062055587769,-0.03147333860397339,-0.13971209526062012,0.004357039928436279,-0.18828004598617554,0.019877314567565918,-0.2024599313735962,0.004511117935180664,-0.13778340816497803,-0.00814807415008545,-0.1302891969680786,0.03816014528274536,-0.17578846216201782,0.05580699443817139,-0.1908467411994934,0.03587836027145386,-0.13577401638031006,0.016528606414794922,-0.11451119184494019,0.06726217269897461,-0.1604902744293213,0.10051053762435913,-0.21495115756988525,0.1262754201889038,-0.24469482898712158,0.1484837532043457,-0.2802520990371704
0.0,0.0,-0.05300426483154297,-0.05320674180984497,-0.0819389820098877,-0.1424962282180786,-0.0949845016002655,-0.21791625022888184,-0.12311720848083496,-0.26060372591018677,-0.0333290696144104,-0.19200128316879272,-0.013033807277679443,-0.22512024641036987,-0.01922053098678589,-0.16651028394699097,-0.030025899410247803,-0.14220446348190308,0.004373729228973389,-0.1876131296157837,0.020568430423736572,-0.2042732834815979,0.005241036415100098,-0.13747817277908325,-0.007105648517608643,-0.132121741771698,0.03807222843170166,-0.17545759677886963,0.05655336380004883,-0.19264191389083862,0.0364764928817749,-0.1357344388961792,0.01695406436920166,-0.11499279737472534,0.06667298078536987,-0.16077905893325806,0.10005182027816772,-0.21563798189163208,0.12555015087127686,-0.2458825707435608,0.1480027437210083,-0.28256070613861084
0.0,0.0,-0.05284374952316284,-0.05369442701339722,-0.08114644885063171,-0.1431073546409607,-0.09479275345802307,-0.2159479856491089,-0.12230223417282104,-0.2557445764541626,-0.030111372470855713,-0.18970859050750732,-0.0134316086769104,-0.2209150791168213,-0.01922708749771118,-0.16277837753295898,-0.027714073657989502,-0.13952094316482544,0.006786167621612549,-0.18574672937393188,0.020945489406585693,-0.20070338249206543,0.005366384983062744,-0.13575321435928345,-0.006164729595184326,-0.1295580267906189,0.04019629955291748,-0.17338448762893677,0.057125627994537354,-0.1881394386291504,0.036485910415649414,-0.13217812776565552,0.01766902208328247,-0.11147058010101318,0.06915026903152466,-0.15859413146972656,0.10288393497467041,-0.2124292254447937,0.1281437873840332,-0.24284368753433228,0.15053462982177734,-0.27916663885116577
0.0,0.0,-0.05383676290512085,-0.05105561017990112,-0.08328485488891602,-0.1392291784286499,-0.09754806756973267,-0.2136879563331604,-0.12571221590042114,-0.2559148669242859,-0.03320169448852539,-0.18677020072937012,-0.015150666236877441,-0.22041255235671997,-0.02043825387954712,-0.1612798571586609,-0.03023439645767212,-0.13648515939712524,0.004658699035644531,-0.18357986211776733,0.019645869731903076,-0.20038670301437378,0.004846096038818359,-0.13447511196136475,-0.007646799087524414,-0.1259106993675232,0.03821897506713867,-0.17200762033462524,0.055725812911987305,-0.189261794090271,0.03642690181732178,-0.1327136754989624,0.01742732524871826,-0.1105198860168457,0.06693017482757568,-0.15762484073638916,0.10034632682800293,-0.2129635214805603,0.1264176368713379,-0.24301326274871826,0.14888322353363037,-0.2793530821800232
0.0,0.0,-0.05448630452156067,-0.05278688669204712,-0.08388969302177429,-0.14162224531173706,-0.09803709387779236,-0.2158626914024353,-0.12619030475616455,-0.25741279125213623,-0.03329378366470337,-0.18831342458724976,-0.015487372875213623,-0.22075414657592773,-0.02163761854171753,-0.1626720428466797,-0.031352996826171875,-0.13891708850860596,0.003719031810760498,-0.18418967723846436,0.018480122089385986,-0.2005254030227661,0.0027280449867248535,-0.1350889801979065,-0.009275615215301514,-0.1288105845451355,0.03722035884857178,-0.17269080877304077,0.0549735426902771,-0.19040632247924805,0.03460472822189331,-0.13404881954193115,0.015677332878112793,-0.11328965425491333,0.06618797779083252,-0.1587654948234558,0.10003960132598877,-0.2135995626449585,0.12549400329589844,-0.243638813495636,0.14809203147888184,-0.2799927592277527
0.0,0.0,-0.05307897925376892,-0.05100005865097046,-0.08305445313453674,-0.13932496309280396,-0.09760084748268127,-0.21401768922805786,-0.12556332349777222,-0.2555443048477173,-0.03254967927932739,-0.18806707859039307,-0.015796899795532227,-0.22075247764587402,-0.020727455615997314,-0.16306447982788086,-0.029345035552978516,-0.13713818788528442,0.0046980977058410645,-0.1842232346534729,0.019621551036834717,-0.19947361946105957,0.004212379455566406,-0.13461273908615112,-0.007875800132751465,-0.12721514701843262,0.03818243741989136,-0.17212814092636108,0.056520938873291016,-0.18852674961090088,0.035817086696624756,-0.13289374113082886,0.016326069831848145,-0.11129939556121826,0.0669623613357544,-0.15689724683761597,0.10084986686706543,-0.21199017763137817,0.12679123878479004,-0.2422603964805603,0.14962166547775269,-0.2783276438713074
0.0,0.0,-0.053583383560180664,-0.053320348262786865,-0.08281210064888,-0.14056450128555298,-0.09712666273117065,-0.2150401473045349,-0.12462398409843445,-0.2578367590904236,-0.033033788204193115,-0.18979698419570923,-0.01672583818435669,-0.2228601574897766,-0.02142047882080078,-0.16507166624069214,-0.030579209327697754,-0.14130812883377075,0.0047067999839782715,-0.18716228008270264,0.017938733100891113,-0.20307260751724243,0.003293156623840332,-0.1379109025001526,-0.00835418701171875,-0.13143450021743774,0.03864490985870361,-0.17534273862838745,0.055012643337249756,-0.19265872240066528,0.03486931324005127,-0.13697105646133423,0.015887022018432617,-0.11550033092498779,0.0674932599067688,-0.1598278284072876,0.10112190246582031,-0.2151041030883789,0.12676233053207397,-0.24540740251541138,0.14918512105941772,-0.28166401386260986
0.0,0.0,-0.05364185571670532,-0.05193281173706055,-0.08293753862380981,-0.14038360118865967,-0.09733325242996216,-0.21525049209594727,-0.12547454237937927,-0.2580580711364746,-0.03291875123977661,-0.19033265113830566,-0.014702856540679932,-0.22297322750091553,-0.020731568336486816,-0.16464316844940186,-0.031167328357696533,-0.13994824886322021,0.004706144332885742,-0.18768054246902466,0.019713282585144043,-0.20256704092025757,0.004001796245574951,-0.13665926456451416,-0.008299291133880615,-0.1295865774154663,0.0385587215423584,-0.17570054531097412,0.056246280670166016,-0.1919075846672058,0.035542309284210205,-0.13533109426498413,0.015995264053344727,-0.11371850967407227,0.06738895177841187,-0.16031193733215332,0.10081219673156738,-0.21532243490219116,0.12654352188110352,-0.24554431438446045,0.14896607398986816,-0.2823030948638916
0.0,0.0,-0.05409198999404907,-0.050765395164489746,-0.08431994915008545,-0.1382312774658203,-0.09794867038726807,-0.21271425485610962,-0.12565013766288757,-0.25517964363098145,-0.03448361158370972,-0.18929797410964966,-0.016125619411468506,-0.2192266583442688,-0.020833969116210938,-0.16217541694641113,-0.02982008457183838,-0.13567429780960083,0.003323793411254883,-0.1868610382080078,0.019460678100585938,-0.19859081506729126,0.004619419574737549,-0.13450247049331665,-0.007567167282104492,-0.1263340711593628,0.03737998008728027,-0.17504501342773438,0.05583101511001587,-0.1882590651512146,0.03611856698989868,-0.13278144598007202,0.01706230640411377,-0.11127614974975586,0.06656503677368164,-0.1595783233642578,0.09975552558898926,-0.21355324983596802,0.1256498098373413,-0.24328607320785522,0.1480833888053894,-0.2792195677757263
0.0,0.0,-0.053751975297927856,-0.05054807662963867,-0.08340471982955933,-0.1374797224998474,-0.09765180945396423,-0.21061527729034424,-0.12561607360839844,-0.25157731771469116,-0.032538771629333496,-0.18662559986114502,-0.017085671424865723,-0.2170264720916748,-0.021216869354248047,-0.1591516137123108,-0.02933633327484131,-0.13295066356658936,0.005200326442718506,-0.18374532461166382,0.01815354824066162,-0.19715982675552368,0.00457531213760376,-0.13266277313232422,-0.00666576623916626,-0.12219494581222534,0.03890633583068848,-0.17151015996932983,0.05464458465576172,-0.1858782172203064,0.03548341989517212,-0.13045066595077515,0.016816914081573486,-0.10791873931884766,0.06783390045166016,-0.1560903787612915,0.10095977783203125,-0.210496723651886,0.12705427408218384,-0.24015218019485474,0.14929735660552979,-0.27605772018432617
0.0,0.0,-0.05462366342544556,-0.04971182346343994,-0.08441674709320068,-0.14052581787109375,-0.09830120205879211,-0.21477550268173218,-0.1267879605293274,-0.25483614206314087,-0.032150089740753174,-0.1901760697364807,-0.01852715015411377,-0.22104167938232422,-0.022533416748046875,-0.16238224506378174,-0.03002399206161499,-0.13711506128311157,0.005307972431182861,-0.18753308057785034,0.016376793384552002,-0.20113825798034668,0.002788364887237549,-0.1343214511871338,-0.0070424675941467285,-0.1263630986213684,0.0389176607131958,-0.17489224672317505,0.05418187379837036,-0.18990463018417358,0.034774839878082275,-0.1328330636024475,0.01712280511856079,-0.11098974943161011,0.06803387403488159,-0.15886396169662476,0.10116803646087646,-0.21390032768249512,0.12623047828674316,-0.24401211738586426,0.14866721630096436,-0.28039491176605225
0.0,0.0,-0.05375000834465027,-0.05001872777938843,-0.08400332927703857,-0.1395806074142456,-0.0986432433128357,-0.21209293603897095,-0.12670868635177612,-0.251800000667572,-0.030880331993103027,-0.1875549554824829,-0.01669377088546753,-0.21736329793930054,-0.021410465240478516,-0.16028940677642822,-0.02843952178955078,-0.13179314136505127,0.0062236785888671875,-0.1844005584716797,0.019346296787261963,-0.19688862562179565,0.004465818405151367,-0.13295423984527588,-0.006606400012969971,-0.11924493312835693,0.03967946767807007,-0.1720256209373474,0.05542713403701782,-0.18509256839752197,0.035461485385894775,-0.12872111797332764,0.017420053482055664,-0.10396051406860352,0.06872034072875977,-0.15642493963241577,0.10170638561248779,-0.2113608717918396,0.1270952820777893,-0.24200522899627686,0.1491900086402893,-0.2786579728126526
0.0,0.0,-0.05541941523551941,-0.05108916759490967,-0.08661377429962158,-0.13851433992385864,-0.10146355628967285,-0.21149808168411255,-0.12843704223632812,-0.25320619344711304,-0.03678417205810547,-0.19215244054794312,-0.0194394588470459,-0.22098058462142944,-0.024425625801086426,-0.16181671619415283,-0.03392481803894043,-0.1367165446281433,0.0018462538719177246,-0.18909120559692383,0.01667124032974243,-0.19927197694778442,0.0018097162246704102,-0.1340019702911377,-0.010505914688110352,-0.1266770362854004,0.03663802146911621,-0.1760483980178833,0.053787410259246826,-0.1864229440689087,0.0334620475769043,-0.1314702033996582,0.013754129409790039,-0.11190950870513916,0.06692516803741455,-0.15969568490982056,0.0994272232055664,-0.2135142683982849,0.12482035160064697,-0.243405282497406,0.14662712812423706,-0.279805064201355
0.0,0.0,-0.05512094497680664,-0.05101513862609863,-0.08652949333190918,-0.14044690132141113,-0.10131654143333435,-0.21435916423797607,-0.1294647455215454,-0.254824161529541,-0.03620731830596924,-0.192976176738739,-0.021949827671051025,-0.22161293029785156,-0.025753438472747803,-0.16322588920593262,-0.0334741473197937,-0.1388106346130371,0.0018993020057678223,-0.19041121006011963,0.013973772525787354,-0.20106345415115356,-0.000361025333404541,-0.1359032392501831,-0.01127082109451294,-0.1280640959739685,0.03627800941467285,-0.177506685256958,0.05202639102935791,-0.19019615650177002,0.03189277648925781,-0.13417744636535645,0.013552248477935791,-0.11210638284683228,0.06597393751144409,-0.1606953740119934,0.09935599565505981,-0.21556293964385986,0.12493014335632324,-0.24599117040634155,0.1476784348487854,-0.2819974422454834
0.0,0.0,-0.055413782596588135,-0.05073028802871704,-0.08659768104553223,-0.13913512229919434,-0.1015971302986145,-0.2126184105873108,-0.1302725076675415,-0.2531600594520569,-0.036044180393218994,-0.19061338901519775,-0.022849678993225098,-0.2197033166885376,-0.027190566062927246,-0.16128724813461304,-0.0347253680229187,-0.1381014585494995,0.002755284309387207,-0.18759191036224365,0.013188540935516357,-0.19988089799880981,-0.0023215413093566895,-0.13189852237701416,-0.011684536933898926,-0.12703758478164673,0.03699308633804321,-0.1748584508895874,0.05202525854110718,-0.1887325644493103,0.0308801531791687,-0.1317102313041687,0.01385200023651123,-0.11103218793869019,0.0661243200302124,-0.15842628479003906,0.09979933500289917,-0.2131163477897644,0.12377351522445679,-0.24453073740005493,0.14638686180114746,-0.28168630599975586
0.0,0.0,-0.05632704496383667,-0.052783846855163574,-0.08832737803459167,-0.1401241421699524,-0.10442012548446655,-0.21266096830368042,-0.13249444961547852,-0.2532835602760315,-0.03846430778503418,-0.1902778148651123,-0.025626718997955322,-0.22256523370742798,-0.028052687644958496,-0.1647849678993225,-0.03468984365463257,-0.13651418685913086,-1.2814998626708984e-05,-0.18759340047836304,0.011384785175323486,-0.20216673612594604,-0.0020845532417297363,-0.13778644800186157,-0.012806475162506104,-0.1251775622367859,0.034773409366607666,-0.1756044626235962,0.049700140953063965,-0.1897677779197693,0.029383301734924316,-0.1337701678276062,0.010840654373168945,-0.10983115434646606,0.06494283676147461,-0.15959686040878296,0.09832245111465454,-0.2144606113433838,0.12349212169647217,-0.24584007263183594,0.1452234983444214,-0.2829555869102478
0.0,0.0,-0.056051284074783325,-0.05228346586227417,-0.08759409189224243,-0.14059758186340332,-0.10323113203048706,-0.21389836072921753,-0.1317846179008484,-0.2542153596878052,-0.038004547357559204,-0.19095975160598755,-0.024771928787231445,-0.2219843864440918,-0.02868068218231201,-0.16421622037887573,-0.035971105098724365,-0.13828688859939575,0.0005366206169128418,-0.18868279457092285,0.011015474796295166,-0.20109570026397705,-0.0037240982055664062,-0.13695430755615234,-0.014287412166595459,-0.12779122591018677,0.03509712219238281,-0.17636346817016602,0.04913592338562012,-0.19059038162231445,0.028384685516357422,-0.13535451889038086,0.01041412353515625,-0.11267262697219849,0.06494772434234619,-0.16031014919281006,0.09803169965744019,-0.2157413363456726,0.12298572063446045,-0.2473413348197937,0.14533060789108276,-0.2840999960899353
0.0,0.0,-0.05571264028549194,-0.05244940519332886,-0.08750468492507935,-0.14066791534423828,-0.10263779759407043,-0.2143869400024414,-0.13097289204597473,-0.2558720111846924,-0.03749340772628784,-0.19601070880889893,-0.021735846996307373,-0.22153353691101074,-0.026647627353668213,-0.16344666481018066,-0.0344262421131134,-0.13863146305084229,0.0012636184692382812,-0.19363731145858765,0.014409661293029785,-0.2006913423538208,-0.0019317269325256348,-0.1355808973312378,-0.012996971607208252,-0.12872439622879028,0.035920917987823486,-0.18031573295593262,0.052110135555267334,-0.18956971168518066,0.030171990394592285,-0.1334517002105713,0.011696457862854004,-0.11211532354354858,0.06573045253753662,-0.16284096240997314,0.09935557842254639,-0.21728146076202393,0.12396085262298584,-0.2490086555480957,0.14642059803009033,-0.2863144874572754
0.0,0.0,-0.05591961741447449,-0.052149951457977295,-0.08870553970336914,-0.14426898956298828,-0.10559296607971191,-0.21788883209228516,-0.13441455364227295,-0.2569524645805359,-0.03791859745979309,-0.19693154096603394,-0.026528000831604004,-0.2245577573776245,-0.029182136058807373,-0.1660345196723938,-0.034927964210510254,-0.1387861967086792,0.0005266070365905762,-0.19543099403381348,0.009807109832763672,-0.20465916395187378,-0.0034989118576049805,-0.14006394147872925,-0.012455105781555176,-0.12777918577194214,0.03532654047012329,-0.18229174613952637,0.04830664396286011,-0.19272851943969727,0.028145253658294678,-0.13706398010253906,0.011036932468414307,-0.11370420455932617,0.06536096334457397,-0.1649460792541504,0.09808140993118286,-0.21978163719177246,0.12255871295928955,-0.2512134313583374,0.1445792317390442,-0.2877248525619507
0.0,0.0,-0.05644741654396057,-0.05100911855697632,-0.08899953961372375,-0.1406404972076416,-0.10572278499603271,-0.21384668350219727,-0.13436508178710938,-0.25389617681503296,-0.03869110345840454,-0.19331085681915283,-0.028232693672180176,-0.2240806221961975,-0.030716419219970703,-0.1647047996520996,-0.036898404359817505,-0.14069980382919312,-0.000533759593963623,-0.19196301698684692,0.0068541765213012695,-0.20389312505722046,-0.006638288497924805,-0.1385563611984253,-0.015468239784240723,-0.1304936408996582,0.034057676792144775,-0.17914646863937378,0.04589337110519409,-0.193425714969635,0.02557539939880371,-0.13690394163131714,0.008728504180908203,-0.11427360773086548,0.06394338607788086,-0.16199296712875366,0.09719061851501465,-0.21749508380889893,0.12171292304992676,-0.24954909086227417,0.14397764205932617,-0.2866877317428589
0.0,0.0,-0.056523531675338745,-0.05371314287185669,-0.08822757005691528,-0.14225059747695923,-0.10491639375686646,-0.2146504521369934,-0.13374999165534973,-0.2545991539955139,-0.03861415386199951,-0.19341641664505005,-0.027738988399505615,-0.22250056266784668,-0.03089997172355652,-0.16411763429641724,-0.037468671798706055,-0.14127463102340698,-0.0006687045097351074,-0.19230163097381592,0.007834374904632568,-0.20274770259857178,-0.006651520729064941,-0.1372133493423462,-0.015742778778076172,-0.13150149583816528,0.03417152166366577,-0.1799507737159729,0.046878159046173096,-0.19439572095870972,0.02573096752166748,-0.1382952332496643,0.008584976196289062,-0.11594492197036743,0.0639200210571289,-0.1631244421005249,0.09703731536865234,-0.21839439868927002,0.12131327390670776,-0.2503281831741333,0.14381182193756104,-0.2869463562965393
0.0,0.0,-0.056432098150253296,-0.05105853080749512,-0.08946555852890015,-0.1390920877456665,-0.1067204475402832,-0.21162402629852295,-0.1353488266468048,-0.25132596492767334,-0.03985747694969177,-0.19022321701049805,-0.029442131519317627,-0.2220037579536438,-0.03198719024658203,-0.16353166103363037,-0.03749048709869385,-0.13783490657806396,-0.0017033815383911133,-0.1887301802635193,0.006340622901916504,-0.2023552656173706,-0.0077362060546875,-0.13786572217941284,-0.016929149627685547,-0.12898939847946167,0.03283792734146118,-0.1764490008354187,0.04478609561920166,-0.19162672758102417,0.023828625679016113,-0.13633501529693604,0.0066141486167907715,-0.11343979835510254,0.06262993812561035,-0.16015243530273438,0.09613770246505737,-0.21554720401763916,0.1204182505607605,-0.24817979335784912,0.14222252368927002,-0.2857877016067505
0.0,0.0,-0.05655744671821594,-0.05072098970413208,-0.08950978517532349,-0.14017075300216675,-0.10687899589538574,-0.21363484859466553,-0.1354902982711792,-0.2537831664085388,-0.04127153754234314,-0.19259196519851685,-0.030612587928771973,-0.22450309991836548,-0.03246629238128662,-0.16495084762573242,-0.03825095295906067,-0.13884496688842773,-0.0029429197311401367,-0.19119179248809814,0.005927324295043945,-0.20385980606079102,-0.007059276103973389,-0.13951289653778076,-0.017165064811706543,-0.12951505184173584,0.031981825828552246,-0.17873388528823853,0.04435837268829346,-0.1919916272163391,0.024453043937683105,-0.13692212104797363,0.006738007068634033,-0.11432766914367676,0.06258589029312134,-0.16220039129257202,0.09557509422302246,-0.21776145696640015,0.12037926912307739,-0.2495177984237671,0.14183592796325684,-0.2863456606864929
0.0,0.0,-0.05557110905647278,-0.05445295572280884,-0.08851313591003418,-0.14487844705581665,-0.10611915588378906,-0.2183455228805542,-0.13519591093063354,-0.2590799331665039,-0.04060471057891846,-0.1965605616569519,-0.030935168266296387,-0.22911208868026733,-0.03288492560386658,-0.16837072372436523,-0.038298338651657104,-0.14545798301696777,-0.0017745494842529297,-0.19580304622650146,0.005741238594055176,-0.20824402570724487,-0.007558882236480713,-0.1406683325767517,-0.016062498092651367,-0.13585424423217773,0.03308945894241333,-0.18293648958206177,0.04506552219390869,-0.1975083351135254,0.024983465671539307,-0.1401006579399109,0.009075939655303955,-0.11708647012710571,0.06301569938659668,-0.16579818725585938,0.0966486930847168,-0.2214827537536621,0.12080395221710205,-0.25442081689834595,0.14281940460205078,-0.2917775511741638
0.0,0.0,-0.05712693929672241,-0.05506134033203125,-0.08897873759269714,-0.1439306139945984,-0.10608461499214172,-0.2159745693206787,-0.13412722945213318,-0.2554371953010559,-0.0367453396320343,-0.19325613975524902,-0.03283083438873291,-0.2234431505203247,-0.03454446792602539,-0.1633952260017395,-0.036636143922805786,-0.13741546869277954,0.0009517073631286621,-0.19136416912078857,0.003982484340667725,-0.2034374475479126,-0.009944438934326172,-0.1376439929008484,-0.015110552310943604,-0.12808549404144287,0.03480488061904907,-0.1783427596092224,0.04338592290878296,-0.19206207990646362,0.02185887098312378,-0.1349356770515442,0.008431851863861084,-0.10924708843231201,0.06390804052352905,-0.16086715459823608,0.09847104549407959,-0.21560662984848022,0.12152963876724243,-0.24882161617279053,0.14378541707992554,-0.2854001522064209
0.0,0.0,-0.056448549032211304,-0.05222952365875244,-0.08779728412628174,-0.13980621099472046,-0.10446423292160034,-0.21064221858978271,-0.13235804438591003,-0.2505251169204712,-0.03613552451133728,-0.19044941663742065,-0.02902844548225403,-0.2173292636871338,-0.03136634826660156,-0.15765583515167236,-0.03414902091026306,-0.13289684057235718,0.0020456910133361816,-0.18797749280929565,0.007572174072265625,-0.19668221473693848,-0.006988823413848877,-0.13064277172088623,-0.013177752494812012,-0.12106865644454956,0.03628760576248169,-0.1746266484260559,0.04650801420211792,-0.18416261672973633,0.025120913982391357,-0.12705892324447632,0.01063603162765503,-0.10323435068130493,0.06577432155609131,-0.15727382898330688,0.0991550087928772,-0.21154218912124634,0.12239545583724976,-0.24385136365890503,0.1445631980895996,-0.28035902976989746
0.0,0.0,-0.0565224289894104,-0.051665306091308594,-0.08806198835372925,-0.14019310474395752,-0.1047590970993042,-0.21175843477249146,-0.13277152180671692,-0.25112950801849365,-0.03857976198196411,-0.1894007921218872,-0.030946284532546997,-0.2206568717956543,-0.031848758459091187,-0.16137933731079102,-0.03562438488006592,-0.13535857200622559,-1.996755599975586e-05,-0.18765264749526978,0.006084561347961426,-0.2001928687095642,-0.006668746471405029,-0.1353350281715393,-0.014217197895050049,-0.12564891576766968,0.03459817171096802,-0.1748487949371338,0.04476046562194824,-0.18748313188552856,0.024428367614746094,-0.13223350048065186,0.008740544319152832,-0.10877925157546997,0.06434857845306396,-0.15796250104904175,0.09802240133285522,-0.21317428350448608,0.1222158670425415,-0.24574190378189087,0.1440061330795288,-0.28254467248916626
0.0,0.0,-0.05617740750312805,-0.05209696292877197,-0.08807626366615295,-0.14213544130325317,-0.10512125492095947,-0.21385371685028076,-0.13374149799346924,-0.25306111574172974,-0.03777796030044556,-0.1917394995689392,-0.02881568670272827,-0.22169989347457886,-0.03138136863708496,-0.1611194610595703,-0.035266876220703125,-0.1373746395111084,0.0010388493537902832,-0.18948769569396973,0.008691847324371338,-0.19986552000045776,-0.006282389163970947,-0.1325392723083496,-0.013425111770629883,-0.12634354829788208,0.03556853532791138,-0.17597800493240356,0.04801464080810547,-0.1879757046699524,0.02624446153640747,-0.13028323650360107,0.011015474796295166,-0.10729867219924927,0.064974844455719,-0.15872275829315186,0.0987703800201416,-0.21344435214996338,0.12193542718887329,-0.2463923692703247,0.14433008432388306,-0.28351181745529175
0.0,0.0,-0.05765077471733093,-0.054089248180389404,-0.08976337313652039,-0.1437320113182068,-0.10672855377197266,-0.21578866243362427,-0.1352522373199463,-0.254912793636322,-0.03885844349861145,-0.192277193069458,-0.0303611159324646,-0.22298675775527954,-0.032906293869018555,-0.1637609601020813,-0.03772905468940735,-0.13997387886047363,-0.0004557371139526367,-0.19035255908966064,0.005846679210662842,-0.2019902467727661,-0.008074760437011719,-0.13710767030715942,-0.01590651273727417,-0.13060295581817627,0.03383004665374756,-0.17731380462646484,0.04463934898376465,-0.1903553009033203,0.024150609970092773,-0.1343786120414734,0.008867025375366211,-0.11136698722839355,0.06349426507949829,-0.16043710708618164,0.0971497893333435,-0.21555930376052856,0.12061965465545654,-0.24808740615844727,0.1426241397857666,-0.2845104932785034
0.0,0.0,-0.05708193778991699,-0.05284637212753296,-0.08960038423538208,-0.14012926816940308,-0.10718312859535217,-0.2121034860610962,-0.13532400131225586,-0.2524460554122925,-0.03914976119995117,-0.1899380087852478,-0.03230774402618408,-0.2210843563079834,-0.03409987688064575,-0.16174477338790894,-0.03777480125427246,-0.13649684190750122,-0.0006000399589538574,-0.18882882595062256,0.0040850043296813965,-0.20076757669448853,-0.009483397006988525,-0.1360400915145874,-0.01600867509841919,-0.12772417068481445,0.033572375774383545,-0.17604535818099976,0.042578279972076416,-0.18862932920455933,0.021548151969909668,-0.13392233848571777,0.006921708583831787,-0.1109657883644104,0.06292277574539185,-0.15915405750274658,0.09705561399459839,-0.21393173933029175,0.12050217390060425,-0.24672943353652954,0.14230632781982422,-0.28327256441116333
0.0,0.0,-0.056818366050720215,-0.05424004793167114,-0.08903235197067261,-0.14324116706848145,-0.10548940300941467,-0.2166469693183899,-0.1337260603904724,-0.2578284740447998,-0.0400962233543396,-0.19412845373153687,-0.030537158250808716,-0.2262670397758484,-0.03338548541069031,-0.1671627163887024,-0.03835564851760864,-0.14243483543395996,-0.0014761686325073242,-0.19287270307540894,0.006266176700592041,-0.20482683181762695,-0.00845646858215332,-0.1398569941520691,-0.016839206218719482,-0.1331624984741211,0.03318697214126587,-0.1802816390991211,0.04526764154434204,-0.19424277544021606,0.023586511611938477,-0.13838762044906616,0.007163047790527344,-0.11496442556381226,0.06321507692337036,-0.16332566738128662,0.09741771221160889,-0.21852082014083862,0.12161606550216675,-0.2514009475708008,0.14384597539901733,-0.2885417938232422
0.0,0.0,-0.05610164999961853,-0.05252528190612793,-0.08860135078430176,-0.14144694805145264,-0.10549300909042358,-0.21437710523605347,-0.13417446613311768,-0.2551953196525574,-0.0389135479927063,-0.19213026762008667,-0.031544029712677,-0.22379940748214722,-0.03324505686759949,-0.163177490234375,-0.036227524280548096,-0.13794130086898804,-0.0003517270088195801,-0.19056153297424316,0.005227625370025635,-0.2035888433456421,-0.008772015571594238,-0.13751816749572754,-0.015118956565856934,-0.12828123569488525,0.03390634059906006,-0.17773854732513428,0.04440605640411377,-0.19217592477798462,0.023014366626739502,-0.1352061629295349,0.008333325386047363,-0.11021524667739868,0.06304848194122314,-0.16080427169799805,0.09739112854003906,-0.21597754955291748,0.12112969160079956,-0.2490559220314026,0.1433749794960022,-0.2861671447753906
0.0,0.0,-0.057545363903045654,-0.05570578575134277,-0.08958593010902405,-0.14597457647323608,-0.10657840967178345,-0.21867108345031738,-0.13569039106369019,-0.25762033462524414,-0.03867697715759277,-0.19474554061889648,-0.032992273569107056,-0.2276076078414917,-0.03564733266830444,-0.16730356216430664,-0.03855407238006592,-0.14343053102493286,-0.0009173154830932617,-0.19331485033035278,0.0031714439392089844,-0.20697063207626343,-0.01101064682006836,-0.14179366827011108,-0.016798973083496094,-0.13439953327178955,0.03301835060119629,-0.18058806657791138,0.04121410846710205,-0.19508689641952515,0.01969456672668457,-0.13900965452194214,0.005794346332550049,-0.11433148384094238,0.06223422288894653,-0.16383147239685059,0.09668117761611938,-0.2183963656425476,0.12038511037826538,-0.25102299451828003,0.14274847507476807,-0.2870591878890991
0.0,0.0,-0.05704343318939209,-0.05373197793960571,-0.089761883020401,-0.14099955558776855,-0.10671404004096985,-0.2131563425064087,-0.1351475715637207,-0.2533888816833496,-0.040304750204086304,-0.19088762998580933,-0.031714171171188354,-0.22361552715301514,-0.03393667936325073,-0.164902925491333,-0.038221120834350586,-0.14098888635635376,-0.001889348030090332,-0.1896483302116394,0.004528999328613281,-0.2035731077194214,-0.009676098823547363,-0.13801580667495728,-0.016879022121429443,-0.13061630725860596,0.03241997957229614,-0.1776282787322998,0.04306912422180176,-0.19169193506240845,0.021712303161621094,-0.13495320081710815,0.006634891033172607,-0.11098825931549072,0.06198000907897949,-0.16131186485290527,0.09607434272766113,-0.21607166528701782,0.12009721994400024,-0.24866986274719238,0.1426829695701599,-0.2852221727371216
0.0,0.0,-0.05705544352531433,-0.05508685111999512,-0.08962136507034302,-0.1447383165359497,-0.1070556640625,-0.21680718660354614,-0.1355443000793457,-0.25634264945983887,-0.03951907157897949,-0.19358611106872559,-0.032933443784713745,-0.2250884771347046,-0.034790486097335815,-0.16469162702560425,-0.03810963034629822,-0.1409284472465515,-0.0008091926574707031,-0.19282066822052002,0.004211843013763428,-0.20362746715545654,-0.009740233421325684,-0.13797008991241455,-0.016039013862609863,-0.1315482258796692,0.03366208076477051,-0.1799343228340149,0.04354590177536011,-0.19247126579284668,0.02227073907852173,-0.13662207126617432,0.007921338081359863,-0.11316609382629395,0.06320470571517944,-0.16280323266983032,0.09697365760803223,-0.21716320514678955,0.12025153636932373,-0.24990946054458618,0.14249682426452637,-0.2860650420188904
0.0,0.0,-0.05772954225540161,-0.05366528034210205,-0.08993387222290039,-0.1424235701560974,-0.10714191198348999,-0.2146667242050171,-0.13577744364738464,-0.25409966707229614,-0.03954195976257324,-0.19066953659057617,-0.03361019492149353,-0.22369974851608276,-0.03554236888885498,-0.16431915760040283,-0.03875720500946045,-0.13862627744674683,-0.001496732234954834,-0.1898069977760315,0.0028435587882995605,-0.20342040061950684,-0.010597288608551025,-0.13843506574630737,-0.01665574312210083,-0.1286424994468689,0.0328330397605896,-0.17768770456314087,0.04166537523269653,-0.19244670867919922,0.02068173885345459,-0.13597536087036133,0.006272256374359131,-0.11040598154067993,0.062442243099212646,-0.16106516122817993,0.09652400016784668,-0.21546822786331177,0.12074100971221924,-0.2476125955581665,0.14301705360412598,-0.2836095094680786
0.0,0.0,-0.056754857301712036,-0.052808523178100586,-0.0897725522518158,-0.13993388414382935,-0.10685980319976807,-0.212041974067688,-0.13518089056015015,-0.2523340582847595,-0.040101855993270874,-0.19026398658752441,-0.03275385499000549,-0.22136002779006958,-0.03438219428062439,-0.1620103120803833,-0.038213759660720825,-0.13575798273086548,-0.0010269880294799805,-0.18951153755187988,0.0048784613609313965,-0.1997048258781433,-0.008919179439544678,-0.13418090343475342,-0.015681684017181396,-0.12698912620544434,0.03331679105758667,-0.17677050828933716,0.04429227113723755,-0.1872854232788086,0.022887229919433594,-0.13203567266464233,0.007961392402648926,-0.10864567756652832,0.06264883279800415,-0.15954291820526123,0.09699821472167969,-0.21331965923309326,0.12075632810592651,-0.24583816528320312,0.1430867314338684,-0.28202515840530396
0.0,0.0,-0.05676603317260742,-0.051842689514160156,-0.08864498138427734,-0.14007067680358887,-0.10509511828422546,-0.21190541982650757,-0.13312748074531555,-0.2519717216491699,-0.03747180104255676,-0.18934696912765503,-0.029369473457336426,-0.22055703401565552,-0.03201207518577576,-0.1603805422782898,-0.036009788513183594,-0.13449442386627197,0.0007116198539733887,-0.18795645236968994,0.007309913635253906,-0.19992083311080933,-0.006978094577789307,-0.1342676281929016,-0.014587223529815674,-0.12347489595413208,0.03486037254333496,-0.1753520369529724,0.0457463264465332,-0.18850088119506836,0.024660885334014893,-0.13129085302352905,0.0091552734375,-0.10580652952194214,0.0642651915550232,-0.15848422050476074,0.09846848249435425,-0.21306729316711426,0.1231575608253479,-0.2453761100769043,0.1459641456604004,-0.28204476833343506
0.0,0.0,-0.05743756890296936,-0.052278876304626465,-0.08995327353477478,-0.14197182655334473,-0.10632222890853882,-0.21422839164733887,-0.1346205770969391,-0.2546643614768982,-0.04096633195877075,-0.19130074977874756,-0.030789822340011597,-0.22214269638061523,-0.033471912145614624,-0.16228950023651123,-0.03839102387428284,-0.14011913537979126,-0.0023133158683776855,-0.19030243158340454,0.005962014198303223,-0.20160961151123047,-0.00872129201889038,-0.13592344522476196,-0.0171816349029541,-0.13067471981048584,0.03235584497451782,-0.17787760496139526,0.04451102018356323,-0.19017404317855835,0.023356854915618896,-0.13328862190246582,0.007162213325500488,-0.11045140027999878,0.06228858232498169,-0.16120165586471558,0.09592306613922119,-0.2158934473991394,0.12032002210617065,-0.2480299472808838,0.14293497800827026,-0.28480106592178345
0.0,0.0,-0.057048022747039795,-0.05052286386489868,-0.08930853009223938,-0.13715976476669312,-0.10587996244430542,-0.20929265022277832,-0.13327330350875854,-0.2503337860107422,-0.03903964161872864,-0.18873047828674316,-0.029675692319869995,-0.21760964393615723,-0.03217914700508118,-0.15873223543167114,-0.03596815466880798,-0.13087642192840576,-0.0003829002380371094,-0.1874845027923584,0.007692873477935791,-0.196705162525177,-0.00629657506942749,-0.1324588656425476,-0.014564692974090576,-0.11936366558074951,0.03417491912841797,-0.1751348376274109,0.04498058557510376,-0.18450814485549927,0.02399730682373047,-0.12887728214263916,0.007711589336395264,-0.10397881269454956,0.06395918130874634,-0.15855824947357178,0.09784305095672607,-0.21196603775024414,0.12252199649810791,-0.24355894327163696,0.14422988891601562,-0.27984321117401123
0.0,0.0,-0.056765198707580566,-0.05283629894256592,-0.0887075662612915,-0.13924211263656616,-0.10593006014823914,-0.21013957262039185,-0.1334969401359558,-0.24998801946640015,-0.03854462504386902,-0.19023984670639038,-0.030661463737487793,-0.2187175750732422,-0.03266197443008423,-0.1601671576499939,-0.036483317613601685,-0.1346260905265808,-0.0003059506416320801,-0.18861925601959229,0.00639498233795166,-0.1980794072151184,-0.008051812648773193,-0.13306766748428345,-0.01588994264602661,-0.12248247861862183,0.03421396017074585,-0.17586064338684082,0.04516029357910156,-0.18471753597259521,0.023042678833007812,-0.12771034240722656,0.0069068074226379395,-0.10345268249511719,0.06405949592590332,-0.15844833850860596,0.09837400913238525,-0.21153950691223145,0.12268674373626709,-0.24301385879516602,0.14495861530303955,-0.278825044631958
0.0,0.0,-0.05756896734237671,-0.05262571573257446,-0.08973264694213867,-0.1418672800064087,-0.10669896006584167,-0.21331143379211426,-0.1343696117401123,-0.2530677318572998,-0.037556737661361694,-0.19221651554107666,-0.034165412187576294,-0.2226768136024475,-0.035440593957901,-0.16229254007339478,-0.036719679832458496,-0.1372280716896057,0.0003458261489868164,-0.19057756662368774,0.002604246139526367,-0.2017461061477661,-0.01133584976196289,-0.13548994064331055,-0.01582568883895874,-0.125440776348114,0.033970534801483154,-0.1771271824836731,0.04174727201461792,-0.18886935710906982,0.01996326446533203,-0.13097840547561646,0.006900906562805176,-0.10481059551239014,0.06288355588912964,-0.1594211459159851,0.09707993268966675,-0.2136722207069397,0.12044763565063477,-0.24624377489089966,0.1432167887687683,-0.28179115056991577
0.0,0.0,-0.057268232107162476,-0.053601741790771484,-0.08927053213119507,-0.14255601167678833,-0.10606738924980164,-0.2147282361984253,-0.13430064916610718,-0.2553374767303467,-0.039523959159851074,-0.1922241449356079,-0.031242847442626953,-0.22283512353897095,-0.034060388803482056,-0.16315209865570068,-0.03768840432167053,-0.13891184329986572,-0.0010092854499816895,-0.19091546535491943,0.005313694477081299,-0.2012881636619568,-0.009687185287475586,-0.13590192794799805,-0.016119658946990967,-0.12807804346084595,0.033495306968688965,-0.1780058741569519,0.04392659664154053,-0.18984580039978027,0.02219986915588379,-0.13274306058883667,0.007952451705932617,-0.10728752613067627,0.0631670355796814,-0.16043293476104736,0.09758740663528442,-0.21422302722930908,0.12158966064453125,-0.24646258354187012,0.14447826147079468,-0.2823440432548523
0.0,0.0,-0.05653443932533264,-0.05311065912246704,-0.08716708421707153,-0.1407719850540161,-0.103831946849823,-0.21219855546951294,-0.13144564628601074,-0.2518289089202881,-0.03588351607322693,-0.19136399030685425,-0.031475961208343506,-0.22288036346435547,-0.03336089849472046,-0.16366517543792725,-0.03539198637008667,-0.1366775631904602,0.0014861226081848145,-0.1891568899154663,0.004309654235839844,-0.20090746879577637,-0.00988161563873291,-0.13712292909622192,-0.015548169612884521,-0.12444537878036499,0.035431742668151855,-0.17608684301376343,0.043324947357177734,-0.18900614976882935,0.021514296531677246,-0.1329268217086792,0.007119715213775635,-0.10690158605575562,0.06464290618896484,-0.15883201360702515,0.0987582802772522,-0.21334195137023926,0.12287920713424683,-0.24575531482696533,0.14531421661376953,-0.2817971706390381
0.0,0.0,-0.05706915259361267,-0.0547369122505188,-0.08845371007919312,-0.14261460304260254,-0.10511216521263123,-0.21355336904525757,-0.13304072618484497,-0.2529860734939575,-0.03786575794219971,-0.19236528873443604,-0.029840469360351562,-0.22023135423660278,-0.031874656677246094,-0.16164040565490723,-0.0361194908618927,-0.1379062533378601,0.00040918588638305664,-0.1904473900794983,0.006248354911804199,-0.1985243558883667,-0.0077689290046691895,-0.13498395681381226,-0.0153578519821167,-0.12852168083190918,0.03449136018753052,-0.17693132162094116,0.04462403059005737,-0.18622106313705444,0.023602426052093506,-0.13157004117965698,0.008149921894073486,-0.10924118757247925,0.06372147798538208,-0.15933185815811157,0.09775561094284058,-0.21294033527374268,0.12181639671325684,-0.24502629041671753,0.14420783519744873,-0.28060615062713623
0.0,0.0,-0.056958526372909546,-0.05450594425201416,-0.08838227391242981,-0.14277726411819458,-0.10536426305770874,-0.21465611457824707,-0.13355302810668945,-0.2538168430328369,-0.03664553165435791,-0.19208598136901855,-0.03166770935058594,-0.22193139791488647,-0.03312849998474121,-0.16285526752471924,-0.03582078218460083,-0.13707762956619263,0.0007968544960021973,-0.18991893529891968,0.004052221775054932,-0.2007969617843628,-0.008852958679199219,-0.13647079467773438,-0.014294087886810303,-0.12668830156326294,0.03450709581375122,-0.17669320106506348,0.042564988136291504,-0.1887747049331665,0.02211582660675049,-0.13373816013336182,0.008542120456695557,-0.10905009508132935,0.06353378295898438,-0.15940016508102417,0.09779906272888184,-0.21396106481552124,0.12153041362762451,-0.24637830257415771,0.14398407936096191,-0.2817445993423462
0.0,0.0,-0.05649244785308838,-0.051260948181152344,-0.08830207586288452,-0.13983750343322754,-0.10440999269485474,-0.21150916814804077,-0.13246172666549683,-0.24991625547409058,-0.03751203417778015,-0.1893511414527893,-0.030317693948745728,-0.21814805269241333,-0.03267386555671692,-0.15889626741409302,-0.035671085119247437,-0.13243114948272705,0.0006015896797180176,-0.1872236728668213,0.0064966678619384766,-0.1971726417541504,-0.008446812629699707,-0.13183367252349854,-0.01536339521408081,-0.12064826488494873,0.03454011678695679,-0.17415529489517212,0.04499083757400513,-0.18513017892837524,0.022844135761260986,-0.12849706411361694,0.007708489894866943,-0.10320639610290527,0.06381893157958984,-0.15707248449325562,0.09830683469772339,-0.21085572242736816,0.12181538343429565,-0.24330466985702515,0.143901526927948,-0.27991294860839844
0.0,0.0,-0.05687093734741211,-0.051705896854400635,-0.08836328983306885,-0.1411503553390503,-0.1052071750164032,-0.2132534384727478,-0.13341569900512695,-0.2531057596206665,-0.03674536943435669,-0.19144105911254883,-0.033211737871170044,-0.2232326865196228,-0.03473001718521118,-0.1631380319595337,-0.03667730093002319,-0.13653790950775146,0.000525355339050293,-0.18987691402435303,0.002829611301422119,-0.20176059007644653,-0.010837078094482422,-0.13632261753082275,-0.015983223915100098,-0.12572914361953735,0.03410208225250244,-0.17699092626571655,0.04166334867477417,-0.19037097692489624,0.020102381706237793,-0.13309317827224731,0.006335914134979248,-0.10693132877349854,0.06297421455383301,-0.16013342142105103,0.0964193344116211,-0.21546703577041626,0.11987918615341187,-0.2480742335319519,0.14225614070892334,-0.28367847204208374
0.0,0.0,-0.05622822046279907,-0.052212536334991455,-0.08811098337173462,-0.14038574695587158,-0.10448193550109863,-0.2129245400428772,-0.13282352685928345,-0.25283581018447876,-0.03960925340652466,-0.19107186794281006,-0.029388010501861572,-0.22181904315948486,-0.03254663944244385,-0.16252267360687256,-0.03787246346473694,-0.137881338596344,-0.0007880330085754395,-0.18925189971923828,0.007239401340484619,-0.20024412870407104,-0.0080031156539917,-0.13495206832885742,-0.01643228530883789,-0.12822061777114868,0.03372758626937866,-0.17619258165359497,0.0464136004447937,-0.18883401155471802,0.0241205096244812,-0.13357585668563843,0.007571518421173096,-0.11140048503875732,0.06332463026046753,-0.15906721353530884,0.09743273258209229,-0.21368122100830078,0.12105947732925415,-0.24671298265457153,0.1433960199356079,-0.28385889530181885
0.0,0.0,-0.05661052465438843,-0.0495680570602417,-0.08884400129318237,-0.13710731267929077,-0.10546064376831055,-0.20910674333572388,-0.13392460346221924,-0.249114990234375,-0.03885576128959656,-0.18943947553634644,-0.03030318021774292,-0.2169736623764038,-0.03282412886619568,-0.15769946575164795,-0.03691595792770386,-0.13377368450164795,-0.0006691217422485352,-0.1885061264038086,0.006954371929168701,-0.19576537609100342,-0.008229076862335205,-0.13029736280441284,-0.0159531831741333,-0.12497001886367798,0.033511459827423096,-0.17562156915664673,0.04586881399154663,-0.1841144561767578,0.023185551166534424,-0.1289806365966797,0.00703507661819458,-0.10872030258178711,0.06312757730484009,-0.1583867073059082,0.09707772731781006,-0.21196722984313965,0.12012666463851929,-0.24431312084197998,0.1421959400177002,-0.2810945510864258
0.0,0.0,-0.05708080530166626,-0.05233407020568848,-0.0890318751335144,-0.14038991928100586,-0.1055961549282074,-0.21122145652770996,-0.13356345891952515,-0.2502480745315552,-0.038145095109939575,-0.19075989723205566,-0.03190803527832031,-0.2197992205619812,-0.03415489196777344,-0.16001248359680176,-0.037140846252441406,-0.13448786735534668,8.96453857421875e-05,-0.1890249252319336,0.005162239074707031,-0.20012634992599487,-0.00867319107055664,-0.13503515720367432,-0.01518470048904419,-0.12498515844345093,0.03421735763549805,-0.17559921741485596,0.043346524238586426,-0.18741637468338013,0.02240276336669922,-0.1316777467727661,0.007996976375579834,-0.10738939046859741,0.06362283229827881,-0.15839087963104248,0.09730231761932373,-0.21283137798309326,0.12117117643356323,-0.24534964561462402,0.14335858821868896,-0.2818087935447693
0.0,0.0,-0.057353436946868896,-0.0542721152305603,-0.0900021493434906,-0.1443576216697693,-0.10748526453971863,-0.21637827157974243,-0.13630899786949158,-0.2560933232307434,-0.04090198874473572,-0.1940603256225586,-0.03307703137397766,-0.2241618037223816,-0.03502961993217468,-0.16399425268173218,-0.039050519466400146,-0.14142805337905884,-0.00214463472366333,-0.1932641863822937,0.003486454486846924,-0.20339566469192505,-0.010548710823059082,-0.13817906379699707,-0.01766902208328247,-0.1316373348236084,0.03230351209640503,-0.1803750991821289,0.04229259490966797,-0.1921849250793457,0.021247506141662598,-0.13644933700561523,0.0065819621086120605,-0.11317646503448486,0.06192415952682495,-0.163449227809906,0.0954505205154419,-0.21801286935806274,0.11889708042144775,-0.2507447600364685,0.14091360569000244,-0.2871536612510681
0.0,0.0,-0.056695908308029175,-0.052276015281677246,-0.08913180232048035,-0.1405307650566101,-0.10582098364830017,-0.21241027116775513,-0.1340159773826599,-0.25177282094955444,-0.04010176658630371,-0.18937575817108154,-0.029871821403503418,-0.22164875268936157,-0.03317523002624512,-0.1625574827194214,-0.03841426968574524,-0.13872551918029785,-0.0020055174827575684,-0.18761557340621948,0.006518304347991943,-0.20129162073135376,-0.008737325668334961,-0.13611900806427002,-0.017888307571411133,-0.12847071886062622,0.03241848945617676,-0.17541533708572388,0.04459118843078613,-0.18985414505004883,0.02281850576400757,-0.13317972421646118,0.006123840808868408,-0.10927528142929077,0.06242978572845459,-0.15915685892105103,0.09654629230499268,-0.21371471881866455,0.12091261148452759,-0.24595654010772705,0.1431201696395874,-0.2828715443611145
0.0,0.0,-0.05629390478134155,-0.0522497296333313,-0.08806312084197998,-0.14070522785186768,-0.10431885719299316,-0.21319466829299927,-0.13230642676353455,-0.2535567283630371,-0.038797199726104736,-0.1913626790046692,-0.031321555376052856,-0.22313189506530762,-0.033421605825424194,-0.16390740871429443,-0.03727966547012329,-0.13916116952896118,-0.0005898475646972656,-0.1899065375328064,0.0047872066497802734,-0.20239126682281494,-0.00904834270477295,-0.13802367448806763,-0.01629739999771118,-0.12947148084640503,0.033900320529937744,-0.17707395553588867,0.043420374393463135,-0.1910528540611267,0.022630512714385986,-0.1350090503692627,0.007454514503479004,-0.11028885841369629,0.06367337703704834,-0.16002881526947021,0.09737801551818848,-0.21467554569244385,0.121684730052948,-0.24704885482788086,0.14379799365997314,-0.28358232975006104
0.0,0.0,-0.05672544240951538,-0.053170084953308105,-0.0893653929233551,-0.14410793781280518,-0.10603871941566467,-0.21693366765975952,-0.1343187689781189,-0.256866991519928,-0.040235698223114014,-0.1944630742073059,-0.03203311562538147,-0.2263401746749878,-0.03421899676322937,-0.16630768775939941,-0.03875806927680969,-0.14381295442581177,-0.0017611980438232422,-0.19359958171844482,0.0044245123863220215,-0.20556330680847168,-0.009231626987457275,-0.1402530074119568,-0.016825854778289795,-0.13500189781188965,0.03281521797180176,-0.18073433637619019,0.043339312076568604,-0.19478464126586914,0.02302461862564087,-0.13885784149169922,0.007913053035736084,-0.11651599407196045,0.06264722347259521,-0.16378021240234375,0.09590590000152588,-0.2184651494026184,0.11991357803344727,-0.25065505504608154,0.14215964078903198,-0.28717440366744995
0.0,0.0,-0.05634811520576477,-0.051904141902923584,-0.08844217658042908,-0.13997340202331543,-0.10489910840988159,-0.21259796619415283,-0.1325753927230835,-0.2531737685203552,-0.038142114877700806,-0.1906651258468628,-0.030889570713043213,-0.22246551513671875,-0.03308206796646118,-0.1629989743232727,-0.03655374050140381,-0.13690555095672607,-0.0002944469451904297,-0.1892838478088379,0.005699276924133301,-0.2017039656639099,-0.008179426193237305,-0.13758456707000732,-0.015790462493896484,-0.12639164924621582,0.03384542465209961,-0.1768728494644165,0.04375654458999634,-0.18974828720092773,0.022670865058898926,-0.13357722759246826,0.0070767998695373535,-0.10784512758255005,0.06339359283447266,-0.16025233268737793,0.09712696075439453,-0.21531063318252563,0.12184679508209229,-0.24755150079727173,0.14415109157562256,-0.28368091583251953
0.0,0.0,-0.056736379861831665,-0.052320659160614014,-0.08854424953460693,-0.1410309076309204,-0.10481971502304077,-0.21326100826263428,-0.13265776634216309,-0.2534208297729492,-0.03722959756851196,-0.19226497411727905,-0.03216245770454407,-0.22268015146255493,-0.03478232026100159,-0.16250145435333252,-0.03678691387176514,-0.1392419934272766,0.0003127455711364746,-0.18985313177108765,0.0041468143463134766,-0.20171886682510376,-0.01078641414642334,-0.13630717992782593,-0.015985608100891113,-0.12907063961029053,0.034117698669433594,-0.17657500505447388,0.04272890090942383,-0.1899675726890564,0.020785510540008545,-0.1337372064590454,0.007424771785736084,-0.11022496223449707,0.06336861848831177,-0.15947377681732178,0.09766477346420288,-0.21405398845672607,0.12079834938049316,-0.24631381034851074,0.14335119724273682,-0.28215938806533813
0.0,0.0,-0.056251317262649536,-0.05228900909423828,-0.08840173482894897,-0.14112913608551025,-0.10567277669906616,-0.21291190385818481,-0.13371482491493225,-0.2526496648788452,-0.03859156370162964,-0.19210070371627808,-0.032645612955093384,-0.22393560409545898,-0.034454792737960815,-0.16380053758621216,-0.0375673770904541,-0.1383032202720642,-0.000812530517578125,-0.19082212448120117,0.003525853157043457,-0.20230251550674438,-0.010406494140625,-0.1374407410621643,-0.017230987548828125,-0.127272367477417,0.033321917057037354,-0.17763572931289673,0.0426105260848999,-0.19079679250717163,0.020964980125427246,-0.13445961475372314,0.0057149529457092285,-0.1099058985710144,0.06300872564315796,-0.16024762392044067,0.09653604030609131,-0.2150338888168335,0.12068575620651245,-0.2474726438522339,0.14316481351852417,-0.2838486433029175
0.0,0.0,-0.0562039315700531,-0.0548098087310791,-0.08753702044487,-0.14336562156677246,-0.10500124096870422,-0.2151675820350647,-0.13259673118591309,-0.2558208703994751,-0.03733065724372864,-0.1943751573562622,-0.03301584720611572,-0.2252853512763977,-0.03465726971626282,-0.16615158319473267,-0.037232011556625366,-0.14209628105163574,0.00019294023513793945,-0.19264227151870728,0.0032293200492858887,-0.20418518781661987,-0.010645091533660889,-0.14051419496536255,-0.016719162464141846,-0.13253134489059448,0.034248173236846924,-0.17966002225875854,0.04172706604003906,-0.19236242771148682,0.020381569862365723,-0.1363365650177002,0.006327986717224121,-0.11145377159118652,0.06361967325210571,-0.1626197099685669,0.09736251831054688,-0.21732056140899658,0.1212114691734314,-0.2500722408294678,0.14347660541534424,-0.2858959436416626
0.0,0.0,-0.05698519945144653,-0.052453577518463135,-0.08808085322380066,-0.14046519994735718,-0.10529717803001404,-0.21189922094345093,-0.133112370967865,-0.25216495990753174,-0.03713458776473999,-0.19059187173843384,-0.032296836376190186,-0.22230780124664307,-0.03402331471443176,-0.1630915403366089,-0.03658789396286011,-0.1355229616165161,5.179643630981445e-05,-0.18916088342666626,0.003439962863922119,-0.20200508832931519,-0.009911656379699707,-0.13776493072509766,-0.01623469591140747,-0.12314307689666748,0.03411400318145752,-0.1765785813331604,0.04162472486495972,-0.19038528203964233,0.020960986614227295,-0.13280683755874634,0.006718099117279053,-0.10467398166656494,0.06366956233978271,-0.15967583656311035,0.09769201278686523,-0.21468955278396606,0.12235993146896362,-0.24710291624069214,0.1446029543876648,-0.28311705589294434
0.0,0.0,-0.05680760741233826,-0.05204594135284424,-0.08884415030479431,-0.1402965784072876,-0.10602200031280518,-0.21220064163208008,-0.13406860828399658,-0.252613365650177,-0.037772417068481445,-0.1918054223060608,-0.03337112069129944,-0.22299617528915405,-0.035570621490478516,-0.1630346179008484,-0.037781327962875366,-0.13710999488830566,-0.0003789663314819336,-0.19032341241836548,0.0033634305000305176,-0.20142823457717896,-0.011093616485595703,-0.1366654634475708,-0.017035305500030518,-0.1269788146018982,0.03341937065124512,-0.17732328176498413,0.042266905307769775,-0.19061756134033203,0.02042388916015625,-0.13357478380203247,0.006389319896697998,-0.10796040296554565,0.06278997659683228,-0.16016149520874023,0.09747910499572754,-0.2149512767791748,0.12129771709442139,-0.2477903962135315,0.1438455581665039,-0.28416919708251953
0.0,0.0,-0.05771130323410034,-0.05536651611328125,-0.08992782235145569,-0.14403462409973145,-0.10740989446640015,-0.21467560529708862,-0.1351679563522339,-0.2538614869117737,-0.03824689984321594,-0.19364875555038452,-0.03366231918334961,-0.22312134504318237,-0.035380005836486816,-0.16308516263961792,-0.03756368160247803,-0.13762784004211426,-0.00043392181396484375,-0.1921817660331726,0.0030149221420288086,-0.20223784446716309,-0.010939240455627441,-0.13759845495224,-0.0166664719581604,-0.1283094882965088,0.033512651920318604,-0.1791054606437683,0.04160642623901367,-0.1907888650894165,0.020160377025604248,-0.13448935747146606,0.0065940022468566895,-0.10938334465026855,0.06283938884735107,-0.1619839072227478,0.09714066982269287,-0.21639442443847656,0.12036311626434326,-0.24900037050247192,0.14237016439437866,-0.28461897373199463
0.0,0.0,-0.05740895867347717,-0.05126309394836426,-0.08955013751983643,-0.14078104496002197,-0.1061411201953888,-0.21352112293243408,-0.13425210118293762,-0.2541317343711853,-0.03889992833137512,-0.19256341457366943,-0.03157079219818115,-0.22429698705673218,-0.03331694006919861,-0.16452467441558838,-0.03650563955307007,-0.13707125186920166,-0.0009803175926208496,-0.1917385458946228,0.005059719085693359,-0.20292234420776367,-0.008638203144073486,-0.13802796602249146,-0.015615344047546387,-0.12662935256958008,0.03326833248138428,-0.1795356273651123,0.04351156949996948,-0.19060122966766357,0.022312521934509277,-0.13395780324935913,0.007088899612426758,-0.10942983627319336,0.06299418210983276,-0.16279751062393188,0.0968397855758667,-0.21697968244552612,0.12095755338668823,-0.24914765357971191,0.1432073712348938,-0.28543806076049805
