0.0,0.0,-0.03315126895904541,-0.004219412803649902,-0.06146770715713501,-0.02705615758895874,-0.06752359867095947,-0.039347708225250244,-0.05914640426635742,-0.042137742042541504,-0.041426658630371094,-0.1356859803199768,-0.021224141120910645,-0.19577467441558838,-0.0017207860946655273,-0.23881906270980835,0.01659214496612549,-0.2758377194404602,-0.004888474941253662,-0.12785476446151733,0.007731497287750244,-0.1477159857749939,0.00117570161819458,-0.08498513698577881,-0.0032914280891418457,-0.05648165941238403,0.027176380157470703,-0.11010295152664185,0.03717172145843506,-0.12105834484100342,0.02583712339401245,-0.06831002235412598,0.017749667167663574,-0.047761738300323486,0.05397355556488037,-0.08568382263183594,0.059695661067962646,-0.09276038408279419,0.04776954650878906,-0.0518496036529541,0.04005402326583862,-0.036034464836120605
0.0,0.0,-0.04072904586791992,-0.024297475814819336,-0.057672858238220215,-0.07265770435333252,-0.02437824010848999,-0.09742599725723267,0.006986856460571289,-0.12406283617019653,-0.033593952655792236,-0.19290655851364136,-0.007389545440673828,-0.25641322135925293,0.018593966960906982,-0.29885655641555786,0.0426906943321228,-0.33965229988098145,0.006796896457672119,-0.19744473695755005,0.01793569326400757,-0.14879381656646729,-0.001524507999420166,-0.08842998743057251,-0.014724433422088623,-0.07668602466583252,0.03895300626754761,-0.17860561609268188,0.04792201519012451,-0.12231624126434326,0.024158895015716553,-0.07644563913345337,0.008588790893554688,-0.078746497631073,0.06619143486022949,-0.14833992719650269,0.07012337446212769,-0.09936261177062988,0.04726380109786987,-0.061214566230773926,0.030615925788879395,-0.06276822090148926
0.0,0.0,-0.03932410478591919,-0.024566829204559326,-0.05951803922653198,-0.07405811548233032,-0.029555797576904297,-0.10059887170791626,0.005302011966705322,-0.12160295248031616,-0.02899545431137085,-0.20385068655014038,0.0005388259887695312,-0.2713737487792969,0.025314688682556152,-0.3176090717315674,0.04743838310241699,-0.3596135973930359,0.009459495544433594,-0.2052178978919983,0.026635408401489258,-0.165211021900177,0.007757067680358887,-0.10211551189422607,-0.005813419818878174,-0.08346223831176758,0.040445804595947266,-0.1851838231086731,0.05153024196624756,-0.1313599944114685,0.028557419776916504,-0.08440476655960083,0.013074696063995361,-0.0844501256942749,0.06714683771133423,-0.1541169285774231,0.07115572690963745,-0.1057848334312439,0.04674500226974487,-0.06651616096496582,0.027584850788116455,-0.067654550075531
0.0,0.0,-0.03752821683883667,-0.02864319086074829,-0.05456876754760742,-0.07994323968887329,-0.024002254009246826,-0.10531890392303467,0.008659064769744873,-0.12482607364654541,-0.02524799108505249,-0.208668053150177,-0.0005208253860473633,-0.27981942892074585,0.02117753028869629,-0.3261489272117615,0.04105633497238159,-0.36773091554641724,0.012113511562347412,-0.20596247911453247,0.030290305614471436,-0.17686837911605835,0.012658834457397461,-0.11847960948944092,0.0006437301635742188,-0.10104382038116455,0.04269915819168091,-0.18323051929473877,0.053417742252349854,-0.13970547914505005,0.031401991844177246,-0.09693080186843872,0.017638206481933594,-0.09746140241622925,0.0691489577293396,-0.15013068914413452,0.07349777221679688,-0.11405831575393677,0.04933518171310425,-0.07955574989318848,0.03119802474975586,-0.08040410280227661
0.0,0.0,-0.03890591859817505,-0.029186367988586426,-0.06007450819015503,-0.08488565683364868,-0.032540857791900635,-0.11649709939956665,0.0028581619262695312,-0.1362687349319458,-0.03202241659164429,-0.21469825506210327,-0.010746002197265625,-0.28790926933288574,0.008512377738952637,-0.3362118899822235,0.025031328201293945,-0.3795715868473053,0.0058100223541259766,-0.2126917839050293,0.017309188842773438,-0.19019687175750732,0.0019717812538146973,-0.12841683626174927,-0.008082926273345947,-0.10534781217575073,0.03729826211929321,-0.19160622358322144,0.04571962356567383,-0.15694522857666016,0.025549709796905518,-0.11007177829742432,0.012675225734710693,-0.10435426235198975,0.0642809271812439,-0.16007065773010254,0.06953448057174683,-0.1311590075492859,0.0458073616027832,-0.09604322910308838,0.027390480041503906,-0.09351682662963867
0.0,0.0,-0.04359626770019531,-0.03630274534225464,-0.06534123420715332,-0.09864795207977295,-0.03573155403137207,-0.1307988166809082,0.00252610445022583,-0.1406901478767395,-0.038297414779663086,-0.21922773122787476,-0.02722477912902832,-0.29581665992736816,-0.016904115676879883,-0.34645479917526245,-0.007493495941162109,-0.3942689001560211,-0.0001977682113647461,-0.21857976913452148,0.010638296604156494,-0.19749265909194946,-0.0041152238845825195,-0.13955897092819214,-0.013171255588531494,-0.11771047115325928,0.032190918922424316,-0.19808095693588257,0.04146677255630493,-0.16938000917434692,0.02126908302307129,-0.12429320812225342,0.010111987590789795,-0.11597561836242676,0.060552895069122314,-0.1671580672264099,0.0678967833518982,-0.14450621604919434,0.044736504554748535,-0.11073076725006104,0.028600692749023438,-0.10426080226898193
0.0,0.0,-0.04226410388946533,-0.03532421588897705,-0.06403374671936035,-0.09470421075820923,-0.037238895893096924,-0.12816989421844482,0.0009583830833435059,-0.14356005191802979,-0.03712576627731323,-0.2183091640472412,-0.022933125495910645,-0.2941169738769531,-0.010497033596038818,-0.34338390827178955,0.0005541443824768066,-0.39037424325942993,0.0007724165916442871,-0.2184605598449707,0.013592660427093506,-0.19325470924377441,-0.0023017525672912598,-0.13570243120193481,-0.01320183277130127,-0.11428558826446533,0.03296256065368652,-0.19841229915618896,0.04333263635635376,-0.16580694913864136,0.022025346755981445,-0.1202014684677124,0.009001731872558594,-0.1125975251197815,0.060807883739471436,-0.16806155443191528,0.06896281242370605,-0.1421303153038025,0.045237839221954346,-0.10737287998199463,0.027434587478637695,-0.10150384902954102
0.0,0.0,-0.043720364570617676,-0.03652751445770264,-0.06522220373153687,-0.09765267372131348,-0.034772276878356934,-0.1282312273979187,0.005148708820343018,-0.14043569564819336,-0.037483811378479004,-0.21515357494354248,-0.023504555225372314,-0.2888541519641876,-0.01090085506439209,-0.33765166997909546,0.00016570091247558594,-0.38367533683776855,0.0013475418090820312,-0.21578389406204224,0.012278437614440918,-0.19121408462524414,-0.0005193948745727539,-0.131935715675354,-0.008413076400756836,-0.10693526268005371,0.03393739461898804,-0.1957639455795288,0.042914748191833496,-0.16325032711029053,0.02485036849975586,-0.11897134780883789,0.014222264289855957,-0.10941702127456665,0.06205862760543823,-0.1655275821685791,0.0695156455039978,-0.14160525798797607,0.04863941669464111,-0.10947102308273315,0.03297156095504761,-0.10261178016662598
0.0,0.0,-0.04149293899536133,-0.03554266691207886,-0.06347113847732544,-0.09574878215789795,-0.03547090291976929,-0.128525972366333,0.0012705326080322266,-0.14481788873672485,-0.03658425807952881,-0.21541446447372437,-0.02366703748703003,-0.2885771095752716,-0.010883450508117676,-0.3373155891895294,0.00028008222579956055,-0.3831847310066223,0.0015040040016174316,-0.21579807996749878,0.013733863830566406,-0.19130688905715942,-0.0008061528205871582,-0.1338164210319519,-0.010608494281768799,-0.10976976156234741,0.0338062047958374,-0.19569873809814453,0.042980849742889404,-0.16325366497039795,0.022934377193450928,-0.11807262897491455,0.010717511177062988,-0.10771650075912476,0.06203150749206543,-0.16562211513519287,0.06875830888748169,-0.14077574014663696,0.04574185609817505,-0.10727488994598389,0.028484106063842773,-0.10002493858337402
0.0,0.0,-0.04287445545196533,-0.03677952289581299,-0.0652550458908081,-0.09928703308105469,-0.036255598068237305,-0.13082462549209595,0.003027975559234619,-0.14087539911270142,-0.0380367636680603,-0.21928256750106812,-0.023459553718566895,-0.2900795042514801,-0.011251688003540039,-0.33777546882629395,-0.00017780065536499023,-0.3828480839729309,0.0007941126823425293,-0.2194575071334839,0.013327181339263916,-0.19570094347000122,-0.00245511531829834,-0.13759368658065796,-0.012455105781555176,-0.1129949688911438,0.03364962339401245,-0.19894790649414062,0.043481290340423584,-0.16681039333343506,0.022039413452148438,-0.12282353639602661,0.00926065444946289,-0.11319947242736816,0.06205528974533081,-0.16809147596359253,0.06938272714614868,-0.1428341269493103,0.04523146152496338,-0.11128336191177368,0.026958584785461426,-0.10521441698074341
0.0,0.0,-0.042876482009887695,-0.03562551736831665,-0.06543570756912231,-0.09893596172332764,-0.035044968128204346,-0.13093072175979614,0.003760218620300293,-0.13928401470184326,-0.037441909313201904,-0.21620464324951172,-0.02447056770324707,-0.2861568331718445,-0.012846887111663818,-0.3329547047615051,-0.0022216439247131348,-0.3774958848953247,0.0012589693069458008,-0.21502870321273804,0.012242674827575684,-0.19693177938461304,-0.002399742603302002,-0.1387479305267334,-0.011272966861724854,-0.11213523149490356,0.033820390701293945,-0.19415515661239624,0.042645812034606934,-0.16805130243301392,0.022343695163726807,-0.12362784147262573,0.010858774185180664,-0.11165803670883179,0.0621221661567688,-0.1633131504058838,0.06894129514694214,-0.14369672536849976,0.04597347974777222,-0.11189299821853638,0.029684364795684814,-0.10378283262252808
0.0,0.0,-0.04391050338745117,-0.036914944648742676,-0.06523239612579346,-0.09957337379455566,-0.033796608448028564,-0.13035720586776733,0.005397200584411621,-0.14157146215438843,-0.03791630268096924,-0.2157520055770874,-0.02410602569580078,-0.28502145409584045,-0.012289285659790039,-0.3313528299331665,-0.0014821887016296387,-0.3761026859283447,0.0006309151649475098,-0.21575939655303955,0.01337355375289917,-0.19090688228607178,-0.001163482666015625,-0.1328161358833313,-0.010453879833221436,-0.10861903429031372,0.033034563064575195,-0.19578450918197632,0.04358363151550293,-0.16615891456604004,0.02316981554031372,-0.12174874544143677,0.011037588119506836,-0.11101651191711426,0.06114602088928223,-0.1662006378173828,0.06916666030883789,-0.14334797859191895,0.04620087146759033,-0.11122190952301025,0.02908271551132202,-0.10395324230194092
0.0,0.0,-0.04361158609390259,-0.03662276268005371,-0.06584960222244263,-0.09843659400939941,-0.0372694730758667,-0.12986570596694946,0.000847935676574707,-0.141044020652771,-0.03942382335662842,-0.21751052141189575,-0.024128377437591553,-0.2878289222717285,-0.011797130107879639,-0.3341657519340515,-0.0008915066719055176,-0.3784634470939636,-0.0007809996604919434,-0.21668726205825806,0.012169480323791504,-0.19394296407699585,-0.0038782358169555664,-0.13662785291671753,-0.014514744281768799,-0.11320465803146362,0.03195446729660034,-0.19643443822860718,0.042663395404815674,-0.1682451367378235,0.02151089906692505,-0.1240384578704834,0.008905529975891113,-0.1145331859588623,0.060218095779418945,-0.1666029691696167,0.06874370574951172,-0.14397680759429932,0.0448949933052063,-0.11127579212188721,0.027062654495239258,-0.1047823429107666
0.0,0.0,-0.043339669704437256,-0.03754472732543945,-0.06535720825195312,-0.1011008620262146,-0.034601449966430664,-0.13193130493164062,0.0061168670654296875,-0.14068841934204102,-0.03780019283294678,-0.21817314624786377,-0.023331522941589355,-0.2868331968784332,-0.010517776012420654,-0.3325132131576538,0.0014210939407348633,-0.3765510618686676,0.0009159445762634277,-0.21774375438690186,0.013790309429168701,-0.1957067847251892,-0.002280890941619873,-0.1388450264930725,-0.012335896492004395,-0.11624413728713989,0.03349506855010986,-0.19719719886779785,0.044165194034576416,-0.16832095384597778,0.022957980632781982,-0.12481606006622314,0.010705769062042236,-0.11600196361541748,0.06160783767700195,-0.16684478521347046,0.06998777389526367,-0.14452850818634033,0.046317875385284424,-0.11345571279525757,0.02860468626022339,-0.10759902000427246
0.0,0.0,-0.04310333728790283,-0.036334097385406494,-0.06559121608734131,-0.09857034683227539,-0.036227405071258545,-0.13075977563858032,0.003496229648590088,-0.14046216011047363,-0.038340747356414795,-0.21577131748199463,-0.023970723152160645,-0.2855115234851837,-0.010983884334564209,-0.330637663602829,0.0012071728706359863,-0.37360769510269165,-9.715557098388672e-06,-0.21348446607589722,0.011937975883483887,-0.2003522515296936,-0.0031581521034240723,-0.14333456754684448,-0.012531757354736328,-0.1167609691619873,0.03236186504364014,-0.19274115562438965,0.042184531688690186,-0.17280608415603638,0.021654248237609863,-0.12830084562301636,0.009624660015106201,-0.11549746990203857,0.0604366660118103,-0.16220766305923462,0.06819808483123779,-0.14624804258346558,0.04489952325820923,-0.1157078742980957,0.02752023935317993,-0.10793477296829224
0.0,0.0,-0.04270261526107788,-0.03417402505874634,-0.06634527444839478,-0.0975874662399292,-0.03641176223754883,-0.13162046670913696,0.006089150905609131,-0.13667917251586914,-0.038188040256500244,-0.21381229162216187,-0.024157226085662842,-0.28336653113365173,-0.01122981309890747,-0.32889068126678467,0.0011625289916992188,-0.372596800327301,0.0007373690605163574,-0.2138468623161316,0.013545513153076172,-0.1930508017539978,-0.0025004148483276367,-0.1352928876876831,-0.012322723865509033,-0.11026120185852051,0.03321593999862671,-0.19388139247894287,0.044866085052490234,-0.16700339317321777,0.02275615930557251,-0.12385272979736328,0.009452581405639648,-0.11248821020126343,0.06107592582702637,-0.1634085774421692,0.06989610195159912,-0.14199388027191162,0.04577898979187012,-0.11212408542633057,0.027501821517944336,-0.10557663440704346
0.0,0.0,-0.04304623603820801,-0.035576581954956055,-0.06503838300704956,-0.09569072723388672,-0.03605467081069946,-0.1272273063659668,0.0037207603454589844,-0.1392161250114441,-0.03972625732421875,-0.21504992246627808,-0.02388322353363037,-0.28346508741378784,-0.01006859540939331,-0.328178346157074,0.002657771110534668,-0.3711875081062317,-0.0011632442474365234,-0.21417993307113647,0.013292312622070312,-0.19048506021499634,-0.002895176410675049,-0.13187110424041748,-0.013937532901763916,-0.10812735557556152,0.03148442506790161,-0.19371968507766724,0.04377037286758423,-0.16544270515441895,0.021912813186645508,-0.11977523565292358,0.008057475090026855,-0.11005014181137085,0.0596165657043457,-0.16379505395889282,0.06895548105239868,-0.14154654741287231,0.04451638460159302,-0.10830682516098022,0.025333046913146973,-0.10175907611846924
0.0,0.0,-0.04340273141860962,-0.034559786319732666,-0.06655609607696533,-0.09864509105682373,-0.03628498315811157,-0.1323462724685669,0.005526483058929443,-0.13953369855880737,-0.03830420970916748,-0.21579080820083618,-0.025109946727752686,-0.2835269570350647,-0.013050079345703125,-0.3283771872520447,-0.0009877681732177734,-0.37203294038772583,-0.0004776120185852051,-0.21628707647323608,0.01404106616973877,-0.19423675537109375,-0.001406252384185791,-0.13602334260940552,-0.010635972023010254,-0.11338269710540771,0.03130143880844116,-0.19672948122024536,0.04423236846923828,-0.1686251163482666,0.022795140743255615,-0.1233590841293335,0.010684430599212646,-0.1144595742225647,0.05904275178909302,-0.1667788028717041,0.06876182556152344,-0.14340966939926147,0.045240938663482666,-0.11048555374145508,0.027976155281066895,-0.10482877492904663
0.0,0.0,-0.04353243112564087,-0.0361514687538147,-0.06625252962112427,-0.0995248556137085,-0.036238789558410645,-0.13279294967651367,0.004068255424499512,-0.1417134404182434,-0.037638306617736816,-0.21659022569656372,-0.02339756488800049,-0.28461676836013794,-0.010630190372467041,-0.32956549525260925,0.0007749199867248535,-0.37240755558013916,0.0008572936058044434,-0.21495181322097778,0.01256781816482544,-0.19613325595855713,-0.0032308101654052734,-0.13770997524261475,-0.013432085514068604,-0.1116754412651062,0.033072471618652344,-0.19424456357955933,0.04287916421890259,-0.1699501872062683,0.02115476131439209,-0.1245654821395874,0.008124709129333496,-0.1124032735824585,0.06077390909194946,-0.16361713409423828,0.06805503368377686,-0.14401775598526,0.04377949237823486,-0.11156868934631348,0.025771379470825195,-0.10376238822937012
0.0,0.0,-0.04400181770324707,-0.03530764579772949,-0.06707805395126343,-0.09897708892822266,-0.03650087118148804,-0.13116484880447388,0.003712952136993408,-0.14098966121673584,-0.040000975131988525,-0.21529918909072876,-0.025989830493927002,-0.2838124930858612,-0.013561367988586426,-0.3289893567562103,-0.002298891544342041,-0.37265869975090027,-0.0016546249389648438,-0.2144620418548584,0.01156771183013916,-0.19413864612579346,-0.004941999912261963,-0.13497471809387207,-0.015359997749328613,-0.11119180917739868,0.030576050281524658,-0.19483941793441772,0.04238748550415039,-0.16839581727981567,0.020429551601409912,-0.12200778722763062,0.007662951946258545,-0.11251020431518555,0.05866551399230957,-0.16560304164886475,0.06720119714736938,-0.14339596033096313,0.04304999113082886,-0.10947686433792114,0.025514423847198486,-0.10343527793884277
0.0,0.0,-0.043634891510009766,-0.03692537546157837,-0.06576675176620483,-0.10167765617370605,-0.033259451389312744,-0.13333576917648315,0.00677722692489624,-0.13925659656524658,-0.039557039737701416,-0.21313822269439697,-0.0266382098197937,-0.28256234526634216,-0.014742016792297363,-0.3272819519042969,-0.004127442836761475,-0.37012290954589844,-0.001270592212677002,-0.21062499284744263,0.010944902896881104,-0.19999057054519653,-0.0022281408309936523,-0.14370876550674438,-0.010965168476104736,-0.11669951677322388,0.0312424898147583,-0.1902979612350464,0.042599380016326904,-0.17467063665390015,0.0233457088470459,-0.13000273704528809,0.011028170585632324,-0.115023672580719,0.059364140033721924,-0.16052502393722534,0.06825876235961914,-0.14965122938156128,0.04606419801712036,-0.11948639154434204,0.02905261516571045,-0.1102294921875
0.0,0.0,-0.044324517250061035,-0.03483772277832031,-0.06808346509933472,-0.09808224439620972,-0.03841310739517212,-0.1314786672592163,0.002154409885406494,-0.1403435468673706,-0.0412445068359375,-0.2139638066291809,-0.028031587600708008,-0.28297820687294006,-0.01617431640625,-0.32811522483825684,-0.005282998085021973,-0.3719077706336975,-0.0023357272148132324,-0.21389871835708618,0.009982109069824219,-0.19441133737564087,-0.004298686981201172,-0.13582587242126465,-0.013827681541442871,-0.11043018102645874,0.030411481857299805,-0.19489669799804688,0.04129666090011597,-0.1693432331085205,0.021306097507476807,-0.12322437763214111,0.008745014667510986,-0.11151623725891113,0.058785319328308105,-0.1660861372947693,0.06697279214859009,-0.14553499221801758,0.04471731185913086,-0.11179882287979126,0.027797996997833252,-0.10374480485916138
0.0,0.0,-0.04406076669692993,-0.03411048650741577,-0.06714737415313721,-0.09716469049453735,-0.037066519260406494,-0.1296030879020691,0.0035206079483032227,-0.13741111755371094,-0.04110705852508545,-0.21367627382278442,-0.026844799518585205,-0.2827632427215576,-0.014867305755615234,-0.3269609212875366,-0.0037440061569213867,-0.3702331781387329,-0.0025638937950134277,-0.21319568157196045,0.011776864528656006,-0.18980127573013306,-0.004349172115325928,-0.13090944290161133,-0.015359997749328613,-0.10859596729278564,0.029889941215515137,-0.19336938858032227,0.04211568832397461,-0.164634108543396,0.020245730876922607,-0.11855673789978027,0.006558477878570557,-0.11002331972122192,0.05776512622833252,-0.16378235816955566,0.06648308038711548,-0.13998430967330933,0.042553842067718506,-0.10616165399551392,0.02424854040145874,-0.10034358501434326
0.0,0.0,-0.04367011785507202,-0.03507930040359497,-0.06618309020996094,-0.09854251146316528,-0.0349155068397522,-0.13111388683319092,0.005873501300811768,-0.13959336280822754,-0.03952133655548096,-0.21343713998794556,-0.025616228580474854,-0.2803954482078552,-0.013733923435211182,-0.32466989755630493,-0.0024524927139282227,-0.3676344156265259,-0.0011894702911376953,-0.21372443437576294,0.013534247875213623,-0.18909567594528198,-0.0013919472694396973,-0.13199138641357422,-0.01112985610961914,-0.10845166444778442,0.0310097336769104,-0.19420939683914185,0.04356330633163452,-0.16420584917068481,0.02243870496749878,-0.11983788013458252,0.0094565749168396,-0.1095041036605835,0.05880779027938843,-0.16490095853805542,0.06762963533401489,-0.14130234718322754,0.04406970739364624,-0.10873764753341675,0.026032626628875732,-0.10217791795730591
0.0,0.0,-0.043010830879211426,-0.03690779209136963,-0.06443631649017334,-0.09943360090255737,-0.03348565101623535,-0.13111621141433716,0.006365597248077393,-0.14294379949569702,-0.0384669303894043,-0.2132270336151123,-0.02473980188369751,-0.28124845027923584,-0.012223541736602783,-0.32576531171798706,-0.00043958425521850586,-0.3682217597961426,0.0002872347831726074,-0.21233540773391724,0.0132521390914917,-0.19443607330322266,-0.0021143555641174316,-0.13732117414474487,-0.012228548526763916,-0.11178261041641235,0.032782793045043945,-0.19246232509613037,0.044227659702301025,-0.17097067832946777,0.02384096384048462,-0.12642645835876465,0.011414110660552979,-0.11340844631195068,0.060637474060058594,-0.16290324926376343,0.06935292482376099,-0.14450478553771973,0.0462040901184082,-0.11257880926132202,0.02877950668334961,-0.1045876145362854
0.0,0.0,-0.0428086519241333,-0.035804152488708496,-0.06365966796875,-0.09686928987503052,-0.032585859298706055,-0.1275397539138794,0.006313681602478027,-0.14219790697097778,-0.039650797843933105,-0.21186059713363647,-0.025446534156799316,-0.27847644686698914,-0.012949824333190918,-0.32223430275917053,-0.001864790916442871,-0.36463403701782227,-0.0008416175842285156,-0.21156978607177734,0.01320868730545044,-0.1918950080871582,-0.0012874603271484375,-0.133719801902771,-0.01193016767501831,-0.11090928316116333,0.03211963176727295,-0.19188839197158813,0.04398012161254883,-0.16749775409698486,0.024730563163757324,-0.12170040607452393,0.011796116828918457,-0.11279207468032837,0.060484111309051514,-0.16289377212524414,0.06923097372055054,-0.1418600082397461,0.04649621248245239,-0.10839307308197021,0.028204798698425293,-0.10268133878707886
0.0,0.0,-0.04326683282852173,-0.03636276721954346,-0.0645102858543396,-0.09795582294464111,-0.03364008665084839,-0.12923365831375122,0.006040215492248535,-0.14076215028762817,-0.0394364595413208,-0.2110571265220642,-0.025736629962921143,-0.27849775552749634,-0.012999773025512695,-0.3222101926803589,-0.0012034773826599121,-0.36402931809425354,-0.0005786418914794922,-0.21026676893234253,0.012714862823486328,-0.19323569536209106,-0.0022191405296325684,-0.1338176131248474,-0.013042569160461426,-0.10690391063690186,0.03214120864868164,-0.19109874963760376,0.04386502504348755,-0.16912323236465454,0.024140655994415283,-0.12256413698196411,0.010805606842041016,-0.10922211408615112,0.0599668025970459,-0.1621779203414917,0.06865042448043823,-0.1420239806175232,0.045873165130615234,-0.10875225067138672,0.027713418006896973,-0.10089421272277832
0.0,0.0,-0.043306946754455566,-0.03569960594177246,-0.06434237957000732,-0.0973128080368042,-0.03295183181762695,-0.12710583209991455,0.00793534517288208,-0.138175368309021,-0.03928881883621216,-0.2107669711112976,-0.025339066982269287,-0.27649372816085815,-0.012957096099853516,-0.3200352191925049,-0.001495957374572754,-0.3624204397201538,-0.0006061196327209473,-0.21205484867095947,0.012467265129089355,-0.18642574548721313,-0.0028481483459472656,-0.1282173991203308,-0.012770652770996094,-0.10722166299819946,0.03190481662750244,-0.19282418489456177,0.04357922077178955,-0.16166377067565918,0.023529231548309326,-0.1169859766960144,0.011136353015899658,-0.11064040660858154,0.05975639820098877,-0.16353249549865723,0.06838113069534302,-0.13698852062225342,0.04570293426513672,-0.10426342487335205,0.028162002563476562,-0.10046416521072388
0.0,0.0,-0.043234288692474365,-0.03447699546813965,-0.0662568211555481,-0.09631389379501343,-0.036178767681121826,-0.12894487380981445,0.004036307334899902,-0.13699090480804443,-0.04065060615539551,-0.21038562059402466,-0.026513516902923584,-0.27650782465934753,-0.013447821140289307,-0.31957852840423584,-0.001247107982635498,-0.36197060346603394,-0.002420783042907715,-0.21080636978149414,0.01103973388671875,-0.19450968503952026,-0.0032868385314941406,-0.13454288244247437,-0.013343214988708496,-0.10846424102783203,0.030299723148345947,-0.19265514612197876,0.04282498359680176,-0.16854411363601685,0.023034512996673584,-0.12215906381607056,0.009828925132751465,-0.1101190447807312,0.05870574712753296,-0.16428375244140625,0.06781476736068726,-0.14316874742507935,0.04560667276382446,-0.10937011241912842,0.028179287910461426,-0.10203993320465088
0.0,0.0,-0.04365962743759155,-0.035381197929382324,-0.06649219989776611,-0.09747666120529175,-0.035488009452819824,-0.1301235556602478,0.005561888217926025,-0.13704431056976318,-0.04083907604217529,-0.2095211148262024,-0.027646780014038086,-0.2752072811126709,-0.014401018619537354,-0.3180922865867615,-0.0013719797134399414,-0.3602982759475708,-0.0026298165321350098,-0.21095192432403564,0.01022636890411377,-0.19773298501968384,-0.003475487232208252,-0.1386623978614807,-0.012629687786102295,-0.11094629764556885,0.030199885368347168,-0.19375061988830566,0.04272282123565674,-0.17226433753967285,0.023594439029693604,-0.12698954343795776,0.011116981506347656,-0.11272579431533813,0.05870020389556885,-0.16606199741363525,0.0686795711517334,-0.14705073833465576,0.04731416702270508,-0.11521464586257935,0.03046494722366333,-0.10677164793014526
0.0,0.0,-0.044600725173950195,-0.034355103969573975,-0.06826609373092651,-0.09508073329925537,-0.038180530071258545,-0.12724041938781738,0.0014224648475646973,-0.13694900274276733,-0.0444217324256897,-0.2118273377418518,-0.029535651206970215,-0.2746778130531311,-0.016402065753936768,-0.3168913722038269,-0.0041245222091674805,-0.35894280672073364,-0.005496799945831299,-0.21408140659332275,0.007543683052062988,-0.19398856163024902,-0.006072700023651123,-0.13371169567108154,-0.01552814245223999,-0.10827404260635376,0.027837932109832764,-0.19630742073059082,0.04006075859069824,-0.16831839084625244,0.02089446783065796,-0.1213768720626831,0.00809633731842041,-0.11017578840255737,0.05689072608947754,-0.16767436265945435,0.06571030616760254,-0.14407867193222046,0.04442477226257324,-0.10987567901611328,0.02744448184967041,-0.1023942232131958
0.0,0.0,-0.044201791286468506,-0.033562660217285156,-0.06775736808776855,-0.09541457891464233,-0.037067949771881104,-0.12696242332458496,0.003909468650817871,-0.13441216945648193,-0.042449116706848145,-0.20866703987121582,-0.0292661190032959,-0.2728802561759949,-0.01629883050918579,-0.31463688611984253,-0.0037233829498291016,-0.3566787540912628,-0.0035690665245056152,-0.21021628379821777,0.009008586406707764,-0.19341403245925903,-0.005626976490020752,-0.13158679008483887,-0.01500236988067627,-0.10741204023361206,0.02953517436981201,-0.1925119161605835,0.041371822357177734,-0.1666073203086853,0.0214385986328125,-0.1192975640296936,0.008704900741577148,-0.11079484224319458,0.05854302644729614,-0.16469138860702515,0.06763207912445068,-0.14158344268798828,0.04513859748840332,-0.10700249671936035,0.027421891689300537,-0.10193866491317749
0.0,0.0,-0.04498964548110962,-0.03335118293762207,-0.06824880838394165,-0.09480738639831543,-0.03733175992965698,-0.1272944211959839,0.004107177257537842,-0.13492387533187866,-0.043111205101013184,-0.20848965644836426,-0.030048131942749023,-0.2729761004447937,-0.016788840293884277,-0.3150761127471924,-0.0038055777549743652,-0.35706275701522827,-0.004660189151763916,-0.21086359024047852,0.009078502655029297,-0.19464296102523804,-0.00412982702255249,-0.13299059867858887,-0.01335817575454712,-0.10628056526184082,0.028277277946472168,-0.1942504644393921,0.04136842489242554,-0.16883593797683716,0.02241915464401245,-0.1209031343460083,0.009472668170928955,-0.10953700542449951,0.05721426010131836,-0.16735869646072388,0.06726980209350586,-0.14468157291412354,0.04605245590209961,-0.10993367433547974,0.02866452932357788,-0.10298949480056763
0.0,0.0,-0.04527914524078369,-0.03389865159988403,-0.06889301538467407,-0.09472739696502686,-0.037619829177856445,-0.12690305709838867,0.0032371878623962402,-0.13472658395767212,-0.04422694444656372,-0.2093091607093811,-0.029295802116394043,-0.27320748567581177,-0.016058266162872314,-0.31531399488449097,-0.003614962100982666,-0.3570765554904938,-0.005293309688568115,-0.2103453278541565,0.0076751708984375,-0.19590497016906738,-0.005545318126678467,-0.13454675674438477,-0.014880657196044922,-0.10608911514282227,0.027984976768493652,-0.19259601831436157,0.04050016403198242,-0.17003458738327026,0.02209991216659546,-0.12207591533660889,0.009529590606689453,-0.10811787843704224,0.05682373046875,-0.164467453956604,0.06621545553207397,-0.1453348994255066,0.04626953601837158,-0.11088520288467407,0.030521094799041748,-0.10208827257156372
0.0,0.0,-0.04393833875656128,-0.033854901790618896,-0.06770193576812744,-0.09523147344589233,-0.03787916898727417,-0.1273215413093567,0.0017443299293518066,-0.1369725465774536,-0.042346179485321045,-0.21061193943023682,-0.02848750352859497,-0.27401816844940186,-0.01555556058883667,-0.31623169779777527,-0.003214597702026367,-0.3578851819038391,-0.003308415412902832,-0.21178197860717773,0.009414255619049072,-0.1972132921218872,-0.004331707954406738,-0.1375114917755127,-0.013559460639953613,-0.11059838533401489,0.030109822750091553,-0.19360631704330444,0.0416223406791687,-0.17091280221939087,0.022606074810028076,-0.12558341026306152,0.01033085584640503,-0.11386662721633911,0.05927300453186035,-0.16523730754852295,0.06822711229324341,-0.147286057472229,0.046665966510772705,-0.11484628915786743,0.029716014862060547,-0.1070358157157898
0.0,0.0,-0.04424673318862915,-0.03161180019378662,-0.06793457269668579,-0.09278422594070435,-0.03664976358413696,-0.12431377172470093,0.004414498805999756,-0.13160622119903564,-0.04265874624252319,-0.2087792158126831,-0.02793508768081665,-0.2712649703025818,-0.014980912208557129,-0.31357449293136597,-0.0026306509971618652,-0.3562657833099365,-0.003713250160217285,-0.21174049377441406,0.01049131155014038,-0.1884061098098755,-0.004550337791442871,-0.1277589201927185,-0.014678120613098145,-0.10474127531051636,0.02944028377532959,-0.19417542219161987,0.042882680892944336,-0.16257870197296143,0.02245396375656128,-0.11589199304580688,0.009188830852508545,-0.10869276523590088,0.058292388916015625,-0.16614848375320435,0.06760150194168091,-0.13770145177841187,0.04550403356552124,-0.1023092269897461,0.028437256813049316,-0.09764230251312256
0.0,0.0,-0.04392355680465698,-0.032230377197265625,-0.06816869974136353,-0.09497582912445068,-0.03603231906890869,-0.12595832347869873,0.004761934280395508,-0.13178139925003052,-0.04198044538497925,-0.20885241031646729,-0.02782905101776123,-0.27105653285980225,-0.014798641204833984,-0.3125320076942444,-0.0027362704277038574,-0.354140967130661,-0.0030747056007385254,-0.20996499061584473,0.009552717208862305,-0.1926937699317932,-0.0049384236335754395,-0.13164573907852173,-0.014263749122619629,-0.10710138082504272,0.02996605634689331,-0.19155734777450562,0.04206395149230957,-0.16659492254257202,0.021707534790039062,-0.11961138248443604,0.008740723133087158,-0.10959404706954956,0.058615267276763916,-0.16272753477096558,0.06731516122817993,-0.14281690120697021,0.04505687952041626,-0.10853075981140137,0.027821004390716553,-0.10184609889984131
0.0,0.0,-0.044984638690948486,-0.03318154811859131,-0.06914633512496948,-0.09637129306793213,-0.036892473697662354,-0.1276676058769226,0.0039223432540893555,-0.13373613357543945,-0.04329937696456909,-0.2096003293991089,-0.029148459434509277,-0.2715368866920471,-0.0159989595413208,-0.3124511241912842,-0.003835916519165039,-0.3531506657600403,-0.004568994045257568,-0.21191531419754028,0.009334921836853027,-0.19208717346191406,-0.0035488009452819824,-0.13220274448394775,-0.012878715991973877,-0.1060800552368164,0.02847069501876831,-0.19497150182724,0.042175233364105225,-0.1675664186477661,0.023451507091522217,-0.12102919816970825,0.010397493839263916,-0.10874629020690918,0.05726122856140137,-0.16741538047790527,0.06750279664993286,-0.14483654499053955,0.047020792961120605,-0.1100350022315979,0.030501842498779297,-0.10158097743988037
0.0,0.0,-0.045410990715026855,-0.035038888454437256,-0.06831496953964233,-0.09795260429382324,-0.03518497943878174,-0.12693530321121216,0.004768788814544678,-0.13099980354309082,-0.043718814849853516,-0.21026915311813354,-0.02889174222946167,-0.2722594141960144,-0.015819549560546875,-0.31314292550086975,-0.003585636615753174,-0.3537464737892151,-0.00466233491897583,-0.21060305833816528,0.009305775165557861,-0.19361519813537598,-0.004923760890960693,-0.13286101818084717,-0.015366137027740479,-0.10630643367767334,0.028822600841522217,-0.19221371412277222,0.04190325736999512,-0.16885006427764893,0.023056745529174805,-0.1220710277557373,0.009961843490600586,-0.10988062620162964,0.05769294500350952,-0.16373908519744873,0.06773549318313599,-0.14494246244430542,0.04646795988082886,-0.11044013500213623,0.029333114624023438,-0.1021990180015564
0.0,0.0,-0.04482376575469971,-0.03255152702331543,-0.06852418184280396,-0.09352225065231323,-0.03669208288192749,-0.12436622381210327,0.00265657901763916,-0.12934517860412598,-0.045063138008117676,-0.2050662636756897,-0.03124547004699707,-0.26798391342163086,-0.017833709716796875,-0.3080291748046875,-0.0053550004959106445,-0.34759223461151123,-0.006197333335876465,-0.20477020740509033,0.007517099380493164,-0.19489961862564087,-0.004352569580078125,-0.13281267881393433,-0.013660788536071777,-0.10297900438308716,0.027097642421722412,-0.18792498111724854,0.04065442085266113,-0.17021912336349487,0.023239195346832275,-0.12085068225860596,0.010163664817810059,-0.10478341579437256,0.056191086769104004,-0.1613072156906128,0.06677991151809692,-0.14644193649291992,0.04773348569869995,-0.1104232668876648,0.03184020519256592,-0.09985893964767456
0.0,0.0,-0.043839335441589355,-0.031404078006744385,-0.06884431838989258,-0.08962911367416382,-0.04079216718673706,-0.12154561281204224,-0.0017853379249572754,-0.13046127557754517,-0.04474395513534546,-0.2074676752090454,-0.030522704124450684,-0.2681100368499756,-0.01722484827041626,-0.30824002623558044,-0.004643499851226807,-0.34819701313972473,-0.0057350993156433105,-0.20867377519607544,0.008658230304718018,-0.19278377294540405,-0.004109203815460205,-0.13168364763259888,-0.013520896434783936,-0.1048775315284729,0.02788442373275757,-0.19082432985305786,0.04105675220489502,-0.16631728410720825,0.022835075855255127,-0.11874878406524658,0.009984016418457031,-0.1073954701423645,0.05749005079269409,-0.16273289918899536,0.06718719005584717,-0.14230865240097046,0.04653662443161011,-0.10671049356460571,0.02963775396347046,-0.09929782152175903
0.0,0.0,-0.04389756917953491,-0.03097587823867798,-0.06903272867202759,-0.0909954309463501,-0.03973454236984253,-0.12368184328079224,0.001186370849609375,-0.1267240047454834,-0.044592440128326416,-0.20439594984054565,-0.031396448612213135,-0.26585763692855835,-0.018303751945495605,-0.3058593273162842,-0.005434751510620117,-0.3454616963863373,-0.006125986576080322,-0.20693212747573853,0.0073812007904052734,-0.19302058219909668,-0.004340112209320068,-0.1323816180229187,-0.012280106544494629,-0.10492497682571411,0.027421116828918457,-0.19099342823028564,0.04059457778930664,-0.1628284454345703,0.022824227809906006,-0.11570316553115845,0.010756611824035645,-0.10500526428222656,0.05760395526885986,-0.16420674324035645,0.06700670719146729,-0.13907676935195923,0.04692840576171875,-0.10415202379226685,0.030962049961090088,-0.09799909591674805
0.0,0.0,-0.04478013515472412,-0.032390594482421875,-0.06974294781684875,-0.09496980905532837,-0.038494110107421875,-0.12685555219650269,0.002149343490600586,-0.1333397626876831,-0.04375910758972168,-0.2089153528213501,-0.0300295352935791,-0.2696726322174072,-0.017585039138793945,-0.3104967474937439,-0.0060616135597229,-0.3512885868549347,-0.004784047603607178,-0.2109086513519287,0.007193207740783691,-0.19554781913757324,-0.0055252909660339355,-0.13513034582138062,-0.01406872272491455,-0.1078675389289856,0.028813481330871582,-0.19356119632720947,0.040733397006988525,-0.16957014799118042,0.022628188133239746,-0.12278085947036743,0.010547041893005371,-0.1106036901473999,0.05834478139877319,-0.16551589965820312,0.06717550754547119,-0.14509880542755127,0.04636329412460327,-0.11027705669403076,0.029918670654296875,-0.1023215651512146
0.0,0.0,-0.04658287763595581,-0.03249490261077881,-0.07157021760940552,-0.09615892171859741,-0.039569199085235596,-0.1285778284072876,0.0005894899368286133,-0.13428789377212524,-0.046746671199798584,-0.2081899642944336,-0.03300058841705322,-0.2689582109451294,-0.020695269107818604,-0.309584379196167,-0.00940173864364624,-0.35077357292175293,-0.0075168609619140625,-0.21106165647506714,0.00443577766418457,-0.19633007049560547,-0.0073130130767822266,-0.13357794284820557,-0.015297353267669678,-0.10555082559585571,0.0262337327003479,-0.1948918104171753,0.03892284631729126,-0.17389625310897827,0.021791398525238037,-0.12503516674041748,0.010283291339874268,-0.11062318086624146,0.05559200048446655,-0.16766417026519775,0.06559395790100098,-0.15095728635787964,0.04654330015182495,-0.11536276340484619,0.03162491321563721,-0.10576486587524414
0.0,0.0,-0.04447728395462036,-0.029257535934448242,-0.07002699375152588,-0.08775728940963745,-0.04126882553100586,-0.12085318565368652,-0.0010372400283813477,-0.12800490856170654,-0.04757565259933472,-0.20048964023590088,-0.035219013690948486,-0.26210933923721313,-0.021646738052368164,-0.3019624352455139,-0.00858074426651001,-0.341999351978302,-0.008734583854675293,-0.20255762338638306,0.00448763370513916,-0.19416719675064087,-0.004867970943450928,-0.13250094652175903,-0.012395024299621582,-0.10382825136184692,0.025056779384613037,-0.18683898448944092,0.03911072015762329,-0.17216819524765015,0.024330198764801025,-0.1250520944595337,0.01287299394607544,-0.11091464757919312,0.05463296175003052,-0.16022920608520508,0.06591641902923584,-0.14794546365737915,0.04838120937347412,-0.11329412460327148,0.03339940309524536,-0.10411494970321655
0.0,0.0,-0.04468637704849243,-0.029705286026000977,-0.0698961615562439,-0.09001392126083374,-0.039704978466033936,-0.12187868356704712,0.0014677643775939941,-0.12616705894470215,-0.04660022258758545,-0.20230013132095337,-0.032990097999572754,-0.2627853751182556,-0.019968748092651367,-0.30179014801979065,-0.007211804389953613,-0.34156203269958496,-0.007982790470123291,-0.20449846982955933,0.0069466233253479,-0.1893216371536255,-0.005296826362609863,-0.12895917892456055,-0.0140036940574646,-0.10548067092895508,0.02569025754928589,-0.18818318843841553,0.04071938991546631,-0.1651577353477478,0.02256619930267334,-0.11764419078826904,0.010232090950012207,-0.10947620868682861,0.0555843710899353,-0.16179150342941284,0.0671546459197998,-0.14235985279083252,0.047100722789764404,-0.10634046792984009,0.031194984912872314,-0.10078626871109009
0.0,0.0,-0.04467451572418213,-0.029244601726531982,-0.070301353931427,-0.08870577812194824,-0.0411149263381958,-0.12048697471618652,-5.352497100830078e-05,-0.12383562326431274,-0.047304749488830566,-0.19998013973236084,-0.03377532958984375,-0.25973522663116455,-0.019842445850372314,-0.2988426983356476,-0.006502807140350342,-0.33870941400527954,-0.00838160514831543,-0.20432567596435547,0.005364716053009033,-0.18664145469665527,-0.005347788333892822,-0.1245679259300232,-0.013287603855133057,-0.09953904151916504,0.025789380073547363,-0.1892770528793335,0.0402449369430542,-0.16523069143295288,0.023835718631744385,-0.11792832612991333,0.012104392051696777,-0.10809528827667236,0.056177735328674316,-0.1632646918296814,0.06746363639831543,-0.14113759994506836,0.04840385913848877,-0.10583585500717163,0.03273975849151611,-0.10005110502243042
0.0,0.0,-0.044626593589782715,-0.029636502265930176,-0.06955575942993164,-0.09060829877853394,-0.03767096996307373,-0.12170004844665527,0.003981947898864746,-0.12370264530181885,-0.04566216468811035,-0.20017826557159424,-0.032212913036346436,-0.2595444917678833,-0.01869875192642212,-0.29823559522628784,-0.005751132965087891,-0.3379601240158081,-0.006974399089813232,-0.20264297723770142,0.006270289421081543,-0.19172292947769165,-0.005199611186981201,-0.12892472743988037,-0.013838231563568115,-0.10237926244735718,0.026800572872161865,-0.18722057342529297,0.0410957932472229,-0.16638511419296265,0.02380359172821045,-0.11702126264572144,0.011462807655334473,-0.10562551021575928,0.056684792041778564,-0.1611485481262207,0.06789100170135498,-0.13947880268096924,0.04825848340988159,-0.10347169637680054,0.03256028890609741,-0.0973544716835022
0.0,0.0,-0.04560774564743042,-0.0284845232963562,-0.07171845436096191,-0.08960247039794922,-0.04040420055389404,-0.1223786473274231,0.001776278018951416,-0.12433379888534546,-0.04847162961959839,-0.20063304901123047,-0.03595888614654541,-0.2604409456253052,-0.022282302379608154,-0.29914969205856323,-0.008171021938323975,-0.33863329887390137,-0.009904623031616211,-0.2047157883644104,0.0035190582275390625,-0.19288110733032227,-0.00701218843460083,-0.13075774908065796,-0.013902127742767334,-0.10392087697982788,0.023902177810668945,-0.18987929821014404,0.03875565528869629,-0.16844433546066284,0.021998703479766846,-0.12113839387893677,0.010374069213867188,-0.11029225587844849,0.05421745777130127,-0.16404497623443604,0.06598573923110962,-0.143471360206604,0.0470237135887146,-0.10875916481018066,0.03157174587249756,-0.10277217626571655
0.0,0.0,-0.044776856899261475,-0.027060747146606445,-0.0710674524307251,-0.08699452877044678,-0.03980487585067749,-0.11859256029129028,0.0022634267807006836,-0.12359529733657837,-0.04688727855682373,-0.19941776990890503,-0.03400146961212158,-0.2573298215866089,-0.019953131675720215,-0.29600730538368225,-0.006982564926147461,-0.336075097322464,-0.007794678211212158,-0.20524531602859497,0.004779934883117676,-0.18448805809020996,-0.008262991905212402,-0.11967343091964722,-0.017815232276916504,-0.09601455926895142,0.025608479976654053,-0.1908736228942871,0.03928464651107788,-0.15901142358779907,0.020111918449401855,-0.10837125778198242,0.00632709264755249,-0.10021662712097168,0.0551985502243042,-0.16476696729660034,0.06557053327560425,-0.13190197944641113,0.04456073045730591,-0.094058096408844,0.026872217655181885,-0.09051412343978882
0.0,0.0,-0.04603046178817749,-0.029294908046722412,-0.07256150245666504,-0.0908280611038208,-0.04062151908874512,-0.12274140119552612,0.0014417171478271484,-0.12571412324905396,-0.04767787456512451,-0.2033982276916504,-0.03455871343612671,-0.2612915635108948,-0.02116626501083374,-0.2994964122772217,-0.008436203002929688,-0.33910781145095825,-0.008043050765991211,-0.20742934942245483,0.003377258777618408,-0.19234156608581543,-0.009171068668365479,-0.1273254156112671,-0.017926812171936035,-0.1005663275718689,0.026040375232696533,-0.19187957048416138,0.03837239742279053,-0.16633450984954834,0.01981031894683838,-0.11561518907546997,0.006970524787902832,-0.10478860139846802,0.05576854944229126,-0.1649477481842041,0.06551533937454224,-0.13921868801116943,0.045086562633514404,-0.10209852457046509,0.028671324253082275,-0.0964745283126831
0.0,0.0,-0.044742703437805176,-0.0277707576751709,-0.07090431451797485,-0.0887487530708313,-0.039928555488586426,-0.12189549207687378,0.0027984976768493652,-0.12385809421539307,-0.04760289192199707,-0.1996099352836609,-0.03566330671310425,-0.2595449686050415,-0.021599888801574707,-0.2984226942062378,-0.00814509391784668,-0.3383822441101074,-0.008392632007598877,-0.2018139362335205,0.0033299922943115234,-0.19882827997207642,-0.00730210542678833,-0.13209766149520874,-0.01577383279800415,-0.10111451148986816,0.025531649589538574,-0.1865711808204651,0.0393681526184082,-0.17674672603607178,0.0230291485786438,-0.12474358081817627,0.010538101196289062,-0.10813689231872559,0.0548630952835083,-0.1598191261291504,0.0670045018196106,-0.14797288179397583,0.04831892251968384,-0.11122387647628784,0.032760024070739746,-0.10130268335342407
0.0,0.0,-0.04481244087219238,-0.028808534145355225,-0.07045924663543701,-0.09048229455947876,-0.038873374462127686,-0.12242496013641357,0.0030448436737060547,-0.12620508670806885,-0.04640263319015503,-0.19943368434906006,-0.035798072814941406,-0.2579426169395447,-0.022130846977233887,-0.2964577078819275,-0.008110225200653076,-0.33595627546310425,-0.007397174835205078,-0.2021925449371338,0.005498528480529785,-0.19777506589889526,-0.005986452102661133,-0.133134126663208,-0.014597654342651367,-0.1044054627418518,0.02647000551223755,-0.18741106986999512,0.04004770517349243,-0.1709226369857788,0.023440539836883545,-0.12125271558761597,0.011385679244995117,-0.10919338464736938,0.05633467435836792,-0.16203010082244873,0.06717687845230103,-0.14560920000076294,0.04847174882888794,-0.10932654142379761,0.03324025869369507,-0.10223203897476196
0.0,0.0,-0.04410344362258911,-0.02727806568145752,-0.07052120566368103,-0.08663618564605713,-0.0404437780380249,-0.11890757083892822,0.0009073615074157715,-0.12156593799591064,-0.0476604700088501,-0.1993190050125122,-0.03446066379547119,-0.2572448253631592,-0.02069258689880371,-0.29563403129577637,-0.007683098316192627,-0.33466821908950806,-0.008761584758758545,-0.20213675498962402,0.003930270671844482,-0.19094902276992798,-0.0067160725593566895,-0.12629830837249756,-0.015039443969726562,-0.09828698635101318,0.02516871690750122,-0.1867474913597107,0.03891235589981079,-0.16716593503952026,0.0224912166595459,-0.11604893207550049,0.010220944881439209,-0.10303914546966553,0.05514073371887207,-0.16062843799591064,0.06663215160369873,-0.14335745573043823,0.04856914281845093,-0.10579293966293335,0.03347325325012207,-0.09759259223937988
0.0,0.0,-0.04487234354019165,-0.02826106548309326,-0.07040742039680481,-0.0891869068145752,-0.039062321186065674,-0.12097358703613281,0.001931607723236084,-0.1260431408882141,-0.04757171869277954,-0.202265202999115,-0.034868717193603516,-0.2599668502807617,-0.021369338035583496,-0.2981078326702118,-0.008819520473480225,-0.3370688855648041,-0.007940590381622314,-0.20479053258895874,0.0038581490516662598,-0.19416797161102295,-0.007803499698638916,-0.12837302684783936,-0.016405224800109863,-0.09981006383895874,0.026033222675323486,-0.18901735544204712,0.038809120655059814,-0.1698598861694336,0.021683812141418457,-0.11798828840255737,0.009578585624694824,-0.10556113719940186,0.0558164119720459,-0.16229689121246338,0.06603676080703735,-0.14163649082183838,0.04666411876678467,-0.10378497838973999,0.031158804893493652,-0.09721386432647705
0.0,0.0,-0.04519540071487427,-0.027123570442199707,-0.07130271196365356,-0.08817464113235474,-0.03852802515029907,-0.12059402465820312,0.003877699375152588,-0.12403780221939087,-0.04808247089385986,-0.19947779178619385,-0.03554856777191162,-0.2559733986854553,-0.021417737007141113,-0.29405027627944946,-0.008226990699768066,-0.33431705832481384,-0.008973240852355957,-0.20491576194763184,0.004008471965789795,-0.1866166591644287,-0.008115231990814209,-0.12207651138305664,-0.01746004819869995,-0.09869217872619629,0.02475196123123169,-0.19023674726486206,0.03925830125808716,-0.16245967149734497,0.021147072315216064,-0.11167794466018677,0.007813870906829834,-0.1033368706703186,0.05452001094818115,-0.16404342651367188,0.06570428609848022,-0.135939359664917,0.045690834522247314,-0.09819555282592773,0.028895258903503418,-0.0942487120628357
0.0,0.0,-0.046127378940582275,-0.026040852069854736,-0.072579026222229,-0.08775681257247925,-0.039285480976104736,-0.12038254737854004,0.0035117268562316895,-0.12448936700820923,-0.04962867498397827,-0.19733166694641113,-0.03686106204986572,-0.25380802154541016,-0.022860407829284668,-0.2919725179672241,-0.009906649589538574,-0.33224689960479736,-0.01050102710723877,-0.20341038703918457,0.003280818462371826,-0.19161319732666016,-0.007655918598175049,-0.12497657537460327,-0.016370713710784912,-0.09842407703399658,0.023226439952850342,-0.18999797105789185,0.03898608684539795,-0.16671276092529297,0.02192831039428711,-0.11446696519851685,0.008934319019317627,-0.10336005687713623,0.05271989107131958,-0.16427981853485107,0.06511616706848145,-0.1384737491607666,0.04638981819152832,-0.10026681423187256,0.030366897583007812,-0.09458470344543457
0.0,0.0,-0.04483896493911743,-0.026488184928894043,-0.07234188914299011,-0.08355188369750977,-0.04416245222091675,-0.11525213718414307,-0.0004164576530456543,-0.12212181091308594,-0.049384355545043945,-0.2000715732574463,-0.03619629144668579,-0.255585253238678,-0.02376866340637207,-0.29261478781700134,-0.010834455490112305,-0.3318173885345459,-0.010011494159698486,-0.20738112926483154,0.003911256790161133,-0.1843428611755371,-0.009754776954650879,-0.12172603607177734,-0.01765972375869751,-0.10360836982727051,0.0242159366607666,-0.1923111081123352,0.03742647171020508,-0.15533816814422607,0.01812797784805298,-0.10760033130645752,0.006394028663635254,-0.1084863543510437,0.055297136306762695,-0.16590124368667603,0.0638580322265625,-0.12953054904937744,0.04304605722427368,-0.09251683950424194,0.027118682861328125,-0.09403359889984131
0.0,0.0,-0.046159446239471436,-0.026241302490234375,-0.07370242476463318,-0.08572715520858765,-0.04270648956298828,-0.11705869436264038,0.0006132125854492188,-0.122017502784729,-0.050078392028808594,-0.19919705390930176,-0.03770434856414795,-0.25499045848846436,-0.024456918239593506,-0.2931665778160095,-0.011568248271942139,-0.3335021138191223,-0.010921239852905273,-0.2077261209487915,0.0016872882843017578,-0.17953258752822876,-0.01057732105255127,-0.11689972877502441,-0.01845109462738037,-0.09782981872558594,0.022884368896484375,-0.19365185499191284,0.0372697114944458,-0.15700507164001465,0.01907104253768921,-0.10911715030670166,0.006757497787475586,-0.1060945987701416,0.0532909631729126,-0.16777586936950684,0.06425142288208008,-0.13262850046157837,0.04451662302017212,-0.09583282470703125,0.028223633766174316,-0.09496450424194336
0.0,0.0,-0.045756995677948,-0.026579737663269043,-0.07283192873001099,-0.08803218603134155,-0.04136699438095093,-0.12066811323165894,0.001983344554901123,-0.12376570701599121,-0.04907768964767456,-0.19809359312057495,-0.037458837032318115,-0.2563806176185608,-0.023892760276794434,-0.2938814163208008,-0.010930478572845459,-0.333395779132843,-0.010013401508331299,-0.2000371217727661,0.0016027092933654785,-0.19761109352111816,-0.00725865364074707,-0.13036423921585083,-0.014515578746795654,-0.10033303499221802,0.024001717567443848,-0.18510854244232178,0.03794503211975098,-0.17388689517974854,0.02316451072692871,-0.11942732334136963,0.011425435543060303,-0.10355067253112793,0.053943634033203125,-0.15903621912002563,0.0657777190208435,-0.14593654870986938,0.04870045185089111,-0.10655128955841064,0.034075915813446045,-0.09681546688079834
0.0,0.0,-0.046097636222839355,-0.026781678199768066,-0.07323181629180908,-0.08966416120529175,-0.04182940721511841,-0.1226125955581665,0.0016202330589294434,-0.12436622381210327,-0.050253987312316895,-0.2000206708908081,-0.03886997699737549,-0.25517821311950684,-0.02479541301727295,-0.2932949364185333,-0.010728120803833008,-0.3334210515022278,-0.011565566062927246,-0.20869392156600952,0.0037977099418640137,-0.18850070238113403,-0.007335841655731201,-0.12360274791717529,-0.01592862606048584,-0.09898686408996582,0.022478163242340088,-0.19627350568771362,0.038609981536865234,-0.16169285774230957,0.02089095115661621,-0.11152768135070801,0.007708370685577393,-0.10355985164642334,0.05302095413208008,-0.1718285083770752,0.0648413896560669,-0.13751864433288574,0.04522228240966797,-0.09983128309249878,0.028325974941253662,-0.09665453433990479
0.0,0.0,-0.045348525047302246,-0.026371896266937256,-0.0722697377204895,-0.08538925647735596,-0.04221642017364502,-0.11754071712493896,0.00018298625946044922,-0.1217690110206604,-0.04979926347732544,-0.19694679975509644,-0.03796052932739258,-0.2525210976600647,-0.024127602577209473,-0.29055070877075195,-0.010187506675720215,-0.3303118944168091,-0.011245131492614746,-0.204362154006958,0.004592478275299072,-0.18489640951156616,-0.006949961185455322,-0.12082260847091675,-0.015111148357391357,-0.09718018770217896,0.022410809993743896,-0.19125795364379883,0.03925013542175293,-0.1595243215560913,0.020911812782287598,-0.11029940843582153,0.007854819297790527,-0.10336828231811523,0.05280864238739014,-0.16655898094177246,0.06579619646072388,-0.1356094479560852,0.0458371639251709,-0.09853726625442505,0.028773128986358643,-0.0954623818397522
0.0,0.0,-0.046670734882354736,-0.026137948036193848,-0.07331728935241699,-0.08725929260253906,-0.041680335998535156,-0.12046748399734497,0.0017612576484680176,-0.12328547239303589,-0.05225539207458496,-0.19529074430465698,-0.042216718196868896,-0.251819372177124,-0.027511656284332275,-0.2901269197463989,-0.012663722038269043,-0.33060741424560547,-0.013747572898864746,-0.20254796743392944,0.0015303492546081543,-0.18936854600906372,-0.007785677909851074,-0.12272727489471436,-0.015727996826171875,-0.09520930051803589,0.020047307014465332,-0.19047927856445312,0.0377955436706543,-0.16522371768951416,0.021572113037109375,-0.11305785179138184,0.00841665267944336,-0.10099595785140991,0.04998970031738281,-0.16651678085327148,0.06432443857192993,-0.14074301719665527,0.046382904052734375,-0.10131216049194336,0.030054032802581787,-0.09416365623474121
0.0,0.0,-0.04597115516662598,-0.026853859424591064,-0.0728921890258789,-0.08952641487121582,-0.03948146104812622,-0.12093663215637207,0.0041408538818359375,-0.12441062927246094,-0.04948759078979492,-0.1980993151664734,-0.03908306360244751,-0.2539082169532776,-0.0248643159866333,-0.29231488704681396,-0.010963618755340576,-0.3331426978111267,-0.010726511478424072,-0.20616000890731812,0.0033216476440429688,-0.1873769760131836,-0.008612573146820068,-0.12337929010391235,-0.01754361391067505,-0.10228359699249268,0.023119747638702393,-0.19303643703460693,0.03895294666290283,-0.16136622428894043,0.02040499448776245,-0.11109459400177002,0.006830811500549316,-0.10450643301010132,0.05306065082550049,-0.1676703691482544,0.06499707698822021,-0.13589149713516235,0.04525482654571533,-0.09832853078842163,0.028454363346099854,-0.09538877010345459
0.0,0.0,-0.0455249547958374,-0.02770531177520752,-0.07179826498031616,-0.0889233946800232,-0.03955674171447754,-0.12167102098464966,0.0032111406326293945,-0.12659674882888794,-0.05091357231140137,-0.1988281011581421,-0.039154887199401855,-0.25498247146606445,-0.024784445762634277,-0.2923240661621094,-0.010479390621185303,-0.3319474458694458,-0.011480271816253662,-0.20519113540649414,0.0032966136932373047,-0.18983781337738037,-0.008346498012542725,-0.12411707639694214,-0.017212331295013428,-0.09971588850021362,0.02276092767715454,-0.19143050909042358,0.039296865463256836,-0.16718649864196777,0.02166646718978882,-0.11618399620056152,0.008738398551940918,-0.10686385631561279,0.05299246311187744,-0.1664060354232788,0.06627810001373291,-0.14230871200561523,0.04745692014694214,-0.10415834188461304,0.03150206804275513,-0.09856998920440674
0.0,0.0,-0.04631757736206055,-0.026918530464172363,-0.07320389151573181,-0.08794862031936646,-0.0408787727355957,-0.11943429708480835,0.0018483400344848633,-0.12240099906921387,-0.05012321472167969,-0.19836562871932983,-0.038143277168273926,-0.25478774309158325,-0.02423572540283203,-0.29244762659072876,-0.010808765888214111,-0.3320329189300537,-0.01098853349685669,-0.20428234338760376,0.0018662214279174805,-0.19033867120742798,-0.008888840675354004,-0.12413126230239868,-0.017021358013153076,-0.09792482852935791,0.023169279098510742,-0.19066864252090454,0.03824496269226074,-0.16571426391601562,0.020948410034179688,-0.11314022541046143,0.008057117462158203,-0.10228228569030762,0.053592562675476074,-0.16529881954193115,0.06521767377853394,-0.1400822401046753,0.04666244983673096,-0.10180395841598511,0.030863285064697266,-0.09638500213623047
0.0,0.0,-0.04661291837692261,-0.02483224868774414,-0.07461509108543396,-0.08469891548156738,-0.04481238126754761,-0.11741107702255249,-0.0018279552459716797,-0.1218528151512146,-0.052729129791259766,-0.19661849737167358,-0.041996121406555176,-0.25217437744140625,-0.027518093585968018,-0.2895076870918274,-0.013029694557189941,-0.3296760320663452,-0.013924121856689453,-0.20573049783706665,0.0009364485740661621,-0.1875976324081421,-0.009577274322509766,-0.12173700332641602,-0.017888247966766357,-0.09944528341293335,0.020339667797088623,-0.1936456561088562,0.03704768419265747,-0.16172188520431519,0.019930779933929443,-0.10956782102584839,0.006968438625335693,-0.10334306955337524,0.05111640691757202,-0.16898804903030396,0.06423938274383545,-0.13627254962921143,0.04570537805557251,-0.09716421365737915,0.02947831153869629,-0.09469926357269287
0.0,0.0,-0.045034587383270264,-0.026799678802490234,-0.07223713397979736,-0.08551061153411865,-0.043211936950683594,-0.11921507120132446,-0.0011246204376220703,-0.12458068132400513,-0.049483537673950195,-0.19688695669174194,-0.038404226303100586,-0.2570713758468628,-0.024411261081695557,-0.29529619216918945,-0.010713458061218262,-0.33438432216644287,-0.010357141494750977,-0.19884711503982544,0.0019205212593078613,-0.20163226127624512,-0.0066956281661987305,-0.13397455215454102,-0.014455795288085938,-0.10075384378433228,0.023745477199554443,-0.18485122919082642,0.03821432590484619,-0.1779215931892395,0.02362644672393799,-0.12384569644927979,0.011423170566558838,-0.10607993602752686,0.053479135036468506,-0.1598830223083496,0.06634962558746338,-0.14969122409820557,0.04938393831253052,-0.11101794242858887,0.03451740741729736,-0.10033535957336426
0.0,0.0,-0.0447959303855896,-0.026436209678649902,-0.07224011421203613,-0.08281552791595459,-0.04392671585083008,-0.11497032642364502,-0.0018247365951538086,-0.12299805879592896,-0.05090749263763428,-0.1951134204864502,-0.040610313415527344,-0.25128668546676636,-0.026163160800933838,-0.28937074542045593,-0.011231005191802979,-0.3295098543167114,-0.012012302875518799,-0.20293617248535156,0.0033698678016662598,-0.18684321641921997,-0.006892144680023193,-0.12262076139450073,-0.015019893646240234,-0.0988847017288208,0.022460341453552246,-0.19020569324493408,0.03897053003311157,-0.16244202852249146,0.021675586700439453,-0.11212426424026489,0.008529126644134521,-0.10409945249557495,0.05318695306777954,-0.1653672456741333,0.0656312108039856,-0.1359860897064209,0.04638606309890747,-0.09859222173690796,0.029536962509155273,-0.09528923034667969
0.0,0.0,-0.04566693305969238,-0.02488917112350464,-0.07337790727615356,-0.08470684289932251,-0.04357665777206421,-0.11804693937301636,-0.0006555914878845215,-0.12549084424972534,-0.05070704221725464,-0.19909721612930298,-0.03946113586425781,-0.25557732582092285,-0.026272177696228027,-0.2935054898262024,-0.012687742710113525,-0.33414387702941895,-0.01191633939743042,-0.20737087726593018,0.002912759780883789,-0.18638873100280762,-0.010138452053070068,-0.12196290493011475,-0.018480300903320312,-0.10254055261611938,0.021842241287231445,-0.19394171237945557,0.03784513473510742,-0.16141670942306519,0.01840132474899292,-0.11140543222427368,0.00568842887878418,-0.10877692699432373,0.05227518081665039,-0.16910630464553833,0.06428372859954834,-0.1371031403541565,0.04368358850479126,-0.099220871925354,0.026947975158691406,-0.09850507974624634
0.0,0.0,-0.04604315757751465,-0.02585357427597046,-0.07388535141944885,-0.08632588386535645,-0.04325169324874878,-0.11776047945022583,-0.0008724331855773926,-0.12310075759887695,-0.05103039741516113,-0.2002546191215515,-0.038529932498931885,-0.2563353180885315,-0.025081276893615723,-0.2936815917491913,-0.0121726393699646,-0.33437973260879517,-0.011779725551605225,-0.20917582511901855,0.0006464719772338867,-0.18198364973068237,-0.012718141078948975,-0.11755305528640747,-0.021392107009887695,-0.10144758224487305,0.022219181060791016,-0.1955883502960205,0.036476314067840576,-0.1582202911376953,0.017612099647521973,-0.10882174968719482,0.005260884761810303,-0.10919445753097534,0.053086817264556885,-0.17006319761276245,0.06394034624099731,-0.13177168369293213,0.04344910383224487,-0.09374880790710449,0.027056455612182617,-0.09550243616104126
0.0,0.0,-0.04604727029800415,-0.02740311622619629,-0.07298654317855835,-0.08823639154434204,-0.04171806573867798,-0.12051969766616821,0.0008399486541748047,-0.12678062915802002,-0.05020570755004883,-0.19948017597198486,-0.03831678628921509,-0.25677376985549927,-0.024382472038269043,-0.29519739747047424,-0.011343061923980713,-0.33551648259162903,-0.010777652263641357,-0.20587831735610962,0.0015478134155273438,-0.18974995613098145,-0.00904923677444458,-0.12500005960464478,-0.016964375972747803,-0.10116130113601685,0.02351146936416626,-0.19233167171478271,0.03770714998245239,-0.1672845482826233,0.021158933639526367,-0.11617046594619751,0.009041011333465576,-0.1070324182510376,0.05375152826309204,-0.16707158088684082,0.06537675857543945,-0.14133745431900024,0.04703211784362793,-0.10372054576873779,0.03184640407562256,-0.0992668867111206
0.0,0.0,-0.04779022932052612,-0.025467634201049805,-0.07472813129425049,-0.08889240026473999,-0.041336774826049805,-0.12058734893798828,0.000635683536529541,-0.12196129560470581,-0.051960647106170654,-0.1974043846130371,-0.041204631328582764,-0.25548744201660156,-0.027097344398498535,-0.29339611530303955,-0.013377666473388672,-0.3339705467224121,-0.01289510726928711,-0.20182329416275024,0.00025588274002075195,-0.19541919231414795,-0.010684013366699219,-0.12684816122055054,-0.01975482702255249,-0.10021030902862549,0.02112799882888794,-0.18768489360809326,0.03717845678329468,-0.1720268726348877,0.02103954553604126,-0.11873471736907959,0.008493602275848389,-0.10760301351547241,0.05049997568130493,-0.16177892684936523,0.06432753801345825,-0.14400923252105713,0.046919405460357666,-0.10591500997543335,0.032020747661590576,-0.09964030981063843
0.0,0.0,-0.046238839626312256,-0.025381147861480713,-0.07273489236831665,-0.08569872379302979,-0.04097259044647217,-0.11728709936141968,0.0014985203742980957,-0.12108957767486572,-0.05080997943878174,-0.19575560092926025,-0.038798987865448,-0.253195583820343,-0.025173544883728027,-0.2906173765659332,-0.012411832809448242,-0.33099865913391113,-0.011896789073944092,-0.20209342241287231,0.0006880760192871094,-0.18632447719573975,-0.008922874927520752,-0.11891907453536987,-0.016334235668182373,-0.09473234415054321,0.021904051303863525,-0.18867945671081543,0.03743398189544678,-0.165360689163208,0.021519362926483154,-0.11212974786758423,0.009474992752075195,-0.10318750143051147,0.051902174949645996,-0.16388511657714844,0.06462496519088745,-0.1397497057914734,0.046954989433288574,-0.0995938777923584,0.03202122449874878,-0.09438282251358032
0.0,0.0,-0.0472264289855957,-0.024958252906799316,-0.07396340370178223,-0.08631289005279541,-0.040052592754364014,-0.11818850040435791,0.0029103755950927734,-0.12229746580123901,-0.05213648080825806,-0.1957252025604248,-0.0406341552734375,-0.2518831491470337,-0.027150094509124756,-0.2895655035972595,-0.014042079448699951,-0.32941603660583496,-0.013263106346130371,-0.2023996114730835,0.0010869503021240234,-0.1872875690460205,-0.00883781909942627,-0.12163490056991577,-0.016178429126739502,-0.09729743003845215,0.02061516046524048,-0.1891224980354309,0.03708702325820923,-0.16285276412963867,0.021063566207885742,-0.11238324642181396,0.009204626083374023,-0.10464876890182495,0.05079233646392822,-0.16433119773864746,0.06365585327148438,-0.13803422451019287,0.045957326889038086,-0.10024988651275635,0.03070896863937378,-0.09599888324737549
0.0,0.0,-0.04636722803115845,-0.025688111782073975,-0.07207795977592468,-0.08642387390136719,-0.03892892599105835,-0.11733436584472656,0.0022301077842712402,-0.12415337562561035,-0.049229443073272705,-0.19821542501449585,-0.03597456216812134,-0.25391799211502075,-0.022599756717681885,-0.29193270206451416,-0.010319411754608154,-0.3316378593444824,-0.009886205196380615,-0.20589226484298706,0.0027132034301757812,-0.182780921459198,-0.009233295917510986,-0.11734658479690552,-0.01740783452987671,-0.09529340267181396,0.023703277111053467,-0.19219368696212769,0.03826570510864258,-0.1578417420387268,0.019971251487731934,-0.10716181993484497,0.007018923759460449,-0.10231292247772217,0.053408801555633545,-0.1669054627418518,0.06507259607315063,-0.13305997848510742,0.04528015851974487,-0.09425961971282959,0.028729915618896484,-0.09229880571365356
0.0,0.0,-0.046281278133392334,-0.025786221027374268,-0.07342091202735901,-0.0847024917602539,-0.04331231117248535,-0.11597251892089844,-0.00011521577835083008,-0.12311238050460815,-0.051183879375457764,-0.1976138949394226,-0.040439069271087646,-0.25290316343307495,-0.026736736297607422,-0.29122018814086914,-0.012824296951293945,-0.33222466707229614,-0.012320876121520996,-0.20806878805160522,0.0018984079360961914,-0.18376517295837402,-0.01010674238204956,-0.11804443597793579,-0.018142282962799072,-0.09755516052246094,0.021495342254638672,-0.1957101821899414,0.03681236505508423,-0.1569194197654724,0.018198609352111816,-0.10600948333740234,0.005284011363983154,-0.10259747505187988,0.05180472135543823,-0.1708143949508667,0.0630350112915039,-0.1308496594429016,0.042613685131073,-0.09214639663696289,0.025303304195404053,-0.09211337566375732
0.0,0.0,-0.045545876026153564,-0.025501608848571777,-0.07291066646575928,-0.08578938245773315,-0.04270428419113159,-0.11636781692504883,-0.0006315112113952637,-0.12093818187713623,-0.05013418197631836,-0.19967281818389893,-0.037756145000457764,-0.2549818754196167,-0.0239408016204834,-0.29317405819892883,-0.010814666748046875,-0.33311009407043457,-0.011106729507446289,-0.20809268951416016,0.004209339618682861,-0.18243449926376343,-0.008489787578582764,-0.11722290515899658,-0.017724812030792236,-0.0961800217628479,0.022853553295135498,-0.19473665952682495,0.039314329624176025,-0.15686172246932983,0.020581841468811035,-0.10700732469558716,0.007301032543182373,-0.10389280319213867,0.05353188514709473,-0.16942822933197021,0.0657728910446167,-0.13185882568359375,0.04513192176818848,-0.09313398599624634,0.027678251266479492,-0.0927996039390564
0.0,0.0,-0.04574894905090332,-0.02489835023880005,-0.07335907220840454,-0.08434456586837769,-0.04417574405670166,-0.11631119251251221,-0.0009528994560241699,-0.11997264623641968,-0.050355613231658936,-0.1997278332710266,-0.03876614570617676,-0.25571268796920776,-0.02525383234024048,-0.2936730682849884,-0.011843204498291016,-0.3339932858943939,-0.011610746383666992,-0.20862025022506714,0.0014525055885314941,-0.18082284927368164,-0.010349869728088379,-0.11647558212280273,-0.01864558458328247,-0.09650540351867676,0.02184051275253296,-0.19498306512832642,0.03619551658630371,-0.1582484245300293,0.019003331661224365,-0.10948055982589722,0.006930232048034668,-0.10547322034835815,0.05194360017776489,-0.168820321559906,0.06259512901306152,-0.13180792331695557,0.04369860887527466,-0.09388118982315063,0.027930378913879395,-0.09257787466049194
0.0,0.0,-0.04651457071304321,-0.024996459484100342,-0.0738070011138916,-0.08506393432617188,-0.041589438915252686,-0.11763167381286621,0.003680109977722168,-0.12209182977676392,-0.05194753408432007,-0.19638139009475708,-0.040679097175598145,-0.2527328133583069,-0.02640479803085327,-0.2907661199569702,-0.011857271194458008,-0.3321934938430786,-0.012780964374542236,-0.20593655109405518,0.0017889738082885742,-0.18715083599090576,-0.009814083576202393,-0.12019968032836914,-0.018193185329437256,-0.09876430034637451,0.021611273288726807,-0.19370704889297485,0.03798019886016846,-0.16194605827331543,0.019896388053894043,-0.11056339740753174,0.006797611713409424,-0.10548770427703857,0.0521625280380249,-0.16883361339569092,0.0643303394317627,-0.13434374332427979,0.04491394758224487,-0.09645771980285645,0.028365671634674072,-0.0952373743057251
0.0,0.0,-0.04580998420715332,-0.02629411220550537,-0.07227805256843567,-0.08537542819976807,-0.041844069957733154,-0.11625206470489502,0.0008218288421630859,-0.12147653102874756,-0.04827451705932617,-0.19896751642227173,-0.03614741563796997,-0.2548640966415405,-0.022860705852508545,-0.2927420735359192,-0.009749293327331543,-0.33261919021606445,-0.009135663509368896,-0.20597392320632935,0.0031540989875793457,-0.18181520700454712,-0.008744001388549805,-0.11726891994476318,-0.01638549566268921,-0.09595847129821777,0.024633288383483887,-0.19160360097885132,0.03844714164733887,-0.15918785333633423,0.020675301551818848,-0.1098361611366272,0.008659780025482178,-0.10532277822494507,0.05504494905471802,-0.16565221548080444,0.06593304872512817,-0.13347715139389038,0.04618161916732788,-0.09619450569152832,0.029895484447479248,-0.09468358755111694
0.0,0.0,-0.04468393325805664,-0.02728140354156494,-0.07138508558273315,-0.08631372451782227,-0.041661739349365234,-0.11988633871078491,0.0017726421356201172,-0.12439358234405518,-0.04811626672744751,-0.19834023714065552,-0.035830795764923096,-0.25653916597366333,-0.022173941135406494,-0.294847309589386,-0.009155690670013428,-0.33452433347702026,-0.009109795093536377,-0.20361000299453735,0.003893911838531494,-0.18996500968933105,-0.006692647933959961,-0.12569642066955566,-0.015539288520812988,-0.09947466850280762,0.024859368801116943,-0.18942862749099731,0.03990691900253296,-0.16682976484298706,0.02336752414703369,-0.11708474159240723,0.010173976421356201,-0.10618174076080322,0.05441516637802124,-0.16340488195419312,0.06653070449829102,-0.1391727328300476,0.04790520668029785,-0.10209518671035767,0.03173428773880005,-0.09592431783676147
0.0,0.0,-0.04545438289642334,-0.024839162826538086,-0.07359817624092102,-0.08432400226593018,-0.04544484615325928,-0.11732602119445801,-0.002278149127960205,-0.12201559543609619,-0.05138176679611206,-0.1985607147216797,-0.03956955671310425,-0.2532252073287964,-0.02621018886566162,-0.29107242822647095,-0.012072741985321045,-0.3316861391067505,-0.012182474136352539,-0.2089819312095642,0.0025640130043029785,-0.1822311282157898,-0.010833263397216797,-0.11923456192016602,-0.019090890884399414,-0.10148358345031738,0.021989643573760986,-0.19608503580093384,0.03694474697113037,-0.15525031089782715,0.017250478267669678,-0.10719197988510132,0.004634082317352295,-0.10680902004241943,0.05275076627731323,-0.17084962129592896,0.06294548511505127,-0.13063138723373413,0.04192185401916504,-0.09344989061355591,0.02524465322494507,-0.09492987394332886
0.0,0.0,-0.04550272226333618,-0.024724364280700684,-0.07367566227912903,-0.080669105052948,-0.04758739471435547,-0.11295926570892334,-0.005095839500427246,-0.12053060531616211,-0.05124950408935547,-0.19610720872879028,-0.040348172187805176,-0.25162672996520996,-0.026619315147399902,-0.28921395540237427,-0.012048423290252686,-0.3293188810348511,-0.012632906436920166,-0.20476889610290527,0.0033188462257385254,-0.18244367837905884,-0.008375108242034912,-0.11778366565704346,-0.016849160194396973,-0.09702128171920776,0.021351933479309082,-0.19178295135498047,0.03770792484283447,-0.15707552433013916,0.019565880298614502,-0.10703980922698975,0.00656658411026001,-0.10371196269989014,0.05227893590927124,-0.1671413779258728,0.06436789035797119,-0.13072210550308228,0.044467031955718994,-0.09238827228546143,0.027478158473968506,-0.09227144718170166
0.0,0.0,-0.04660141468048096,-0.025888025760650635,-0.0735509991645813,-0.08662199974060059,-0.04091519117355347,-0.11789530515670776,0.0034062862396240234,-0.11931568384170532,-0.050601184368133545,-0.19914859533309937,-0.03829842805862427,-0.25484925508499146,-0.02507871389389038,-0.2914878726005554,-0.011664509773254395,-0.3309488296508789,-0.011714577674865723,-0.20498615503311157,0.0016124844551086426,-0.18949759006500244,-0.010441720485687256,-0.12394458055496216,-0.018459200859069824,-0.10107070207595825,0.022372305393218994,-0.1909273862838745,0.03743034601211548,-0.16220557689666748,0.01949453353881836,-0.11112546920776367,0.007133007049560547,-0.10570424795150757,0.05334538221359253,-0.16553270816802979,0.06471014022827148,-0.13565361499786377,0.045493364334106445,-0.09799963235855103,0.029875457286834717,-0.0963020920753479
0.0,0.0,-0.04560285806655884,-0.026549041271209717,-0.07220348715782166,-0.08657681941986084,-0.0409693717956543,-0.11770510673522949,0.0008383989334106445,-0.12555062770843506,-0.04856473207473755,-0.20096951723098755,-0.035619378089904785,-0.2559889554977417,-0.02294832468032837,-0.293559193611145,-0.010937869548797607,-0.33329543471336365,-0.009335994720458984,-0.2075905203819275,0.0022130608558654785,-0.18170160055160522,-0.010904550552368164,-0.11925399303436279,-0.018741905689239502,-0.1010475754737854,0.02442026138305664,-0.1926213502883911,0.03713583946228027,-0.15708637237548828,0.017615973949432373,-0.1087539792060852,0.005210697650909424,-0.10693848133087158,0.054718196392059326,-0.16641151905059814,0.063884437084198,-0.13348251581192017,0.042867064476013184,-0.09609973430633545,0.02647852897644043,-0.09540724754333496
0.0,0.0,-0.04500859975814819,-0.025552809238433838,-0.0717380940914154,-0.08423417806625366,-0.04243826866149902,-0.11533653736114502,0.0012230277061462402,-0.12048494815826416,-0.04898291826248169,-0.20128858089447021,-0.036068618297576904,-0.2555810213088989,-0.023115038871765137,-0.29203343391418457,-0.009722113609313965,-0.3319448232650757,-0.009832978248596191,-0.20921051502227783,0.004039585590362549,-0.1825764775276184,-0.01035386323928833,-0.1181219220161438,-0.019107580184936523,-0.10218137502670288,0.024414896965026855,-0.19442087411880493,0.03850275278091431,-0.15551316738128662,0.018658757209777832,-0.1056106686592102,0.006334781646728516,-0.10746550559997559,0.05561256408691406,-0.16854572296142578,0.06557774543762207,-0.13112759590148926,0.045107364654541016,-0.09321922063827515,0.02941882610321045,-0.09618651866912842
0.0,0.0,-0.04608732461929321,-0.025837600231170654,-0.07326874136924744,-0.08466172218322754,-0.04293084144592285,-0.115353524684906,0.00024825334548950195,-0.12006068229675293,-0.05116695165634155,-0.2003222107887268,-0.0380864143371582,-0.2545440196990967,-0.02517920732498169,-0.2918250262737274,-0.01216667890548706,-0.332209050655365,-0.012694895267486572,-0.2100682258605957,0.0034849047660827637,-0.17940884828567505,-0.010602414608001709,-0.1156955361366272,-0.01951301097869873,-0.09943169355392456,0.020801544189453125,-0.19646763801574707,0.038270413875579834,-0.1549462080001831,0.018525004386901855,-0.10585999488830566,0.005710601806640625,-0.10681968927383423,0.05168867111206055,-0.1709422469139099,0.06471198797225952,-0.13184010982513428,0.0439378023147583,-0.09348177909851074,0.026842713356018066,-0.09509706497192383
0.0,0.0,-0.04646486043930054,-0.024514079093933105,-0.07443627715110779,-0.0863829255104065,-0.04168897867202759,-0.12075048685073853,0.0038951635360717773,-0.12355458736419678,-0.052106261253356934,-0.19811087846755981,-0.03990364074707031,-0.2538899779319763,-0.025983810424804688,-0.2910810112953186,-0.012166500091552734,-0.3313804864883423,-0.013517439365386963,-0.20689713954925537,0.0019916296005249023,-0.18746942281723022,-0.009552419185638428,-0.12217217683792114,-0.018185436725616455,-0.09939855337142944,0.020099937915802002,-0.19462966918945312,0.0383608341217041,-0.16223764419555664,0.02051013708114624,-0.11070895195007324,0.007224142551422119,-0.10439997911453247,0.050644099712371826,-0.1701834797859192,0.06507915258407593,-0.13608837127685547,0.045723557472229004,-0.09662079811096191,0.0288083553314209,-0.09369915723800659
0.0,0.0,-0.04654663801193237,-0.024653971195220947,-0.07477983832359314,-0.0856177806854248,-0.04234743118286133,-0.11883115768432617,0.0025395750999450684,-0.12206852436065674,-0.05104970932006836,-0.19942772388458252,-0.04001784324645996,-0.2551848292350769,-0.026496469974517822,-0.2920691967010498,-0.01300734281539917,-0.33245396614074707,-0.012415707111358643,-0.2074992060661316,0.0008366107940673828,-0.18830686807632446,-0.011673390865325928,-0.1232108473777771,-0.020293831825256348,-0.10209375619888306,0.020984888076782227,-0.19448113441467285,0.036837756633758545,-0.16326075792312622,0.017915844917297363,-0.11179983615875244,0.004554688930511475,-0.10618579387664795,0.05123013257980347,-0.16917431354522705,0.06370073556900024,-0.135983407497406,0.043393850326538086,-0.0977371335029602,0.02615821361541748,-0.09599310159683228
0.0,0.0,-0.045460045337677,-0.02520686388015747,-0.07414373755455017,-0.08440536260604858,-0.04494297504425049,-0.11659049987792969,-0.0010060667991638184,-0.1219751238822937,-0.051633596420288086,-0.1987624168395996,-0.039977192878723145,-0.25395214557647705,-0.02591496706008911,-0.2913590669631958,-0.011828303337097168,-0.3316779136657715,-0.012694120407104492,-0.20859378576278687,0.002452373504638672,-0.18646115064620972,-0.009288132190704346,-0.12143731117248535,-0.017938315868377686,-0.10148268938064575,0.02135288715362549,-0.19650506973266602,0.036996424198150635,-0.1581348180770874,0.01837480068206787,-0.10690701007843018,0.004900157451629639,-0.10379970073699951,0.052172183990478516,-0.17182791233062744,0.06250739097595215,-0.13033729791641235,0.04179108142852783,-0.0912313461303711,0.024027645587921143,-0.09176599979400635
0.0,0.0,-0.04543435573577881,-0.024368643760681152,-0.07441574335098267,-0.08140301704406738,-0.048258066177368164,-0.1147681474685669,-0.0053833723068237305,-0.12195330858230591,-0.05245387554168701,-0.1984391212463379,-0.04071992635726929,-0.25283944606781006,-0.026641249656677246,-0.2903304696083069,-0.012128293514251709,-0.3297315239906311,-0.013687670230865479,-0.20778679847717285,0.0028223395347595215,-0.18437820672988892,-0.00874704122543335,-0.11913859844207764,-0.01713961362838745,-0.09698963165283203,0.02038019895553589,-0.1950974464416504,0.03713417053222656,-0.15844106674194336,0.019196391105651855,-0.10795783996582031,0.006571412086486816,-0.10373502969741821,0.05138564109802246,-0.17013227939605713,0.06348741054534912,-0.13246744871139526,0.04361671209335327,-0.09401535987854004,0.026776134967803955,-0.09375852346420288
0.0,0.0,-0.04586154222488403,-0.024069786071777344,-0.07307401299476624,-0.0836869478225708,-0.04225844144821167,-0.11603575944900513,0.002035081386566162,-0.1194911003112793,-0.05047339200973511,-0.1973111629486084,-0.04017668962478638,-0.25202804803848267,-0.026697397232055664,-0.2885980010032654,-0.012318611145019531,-0.32935434579849243,-0.011639297008514404,-0.20524060726165771,0.0031093358993530273,-0.1861782670021057,-0.009180605411529541,-0.12057626247406006,-0.01796245574951172,-0.101085364818573,0.022094666957855225,-0.19203275442123413,0.0381312370300293,-0.1589055061340332,0.019570231437683105,-0.10724806785583496,0.006255924701690674,-0.10481303930282593,0.052497029304504395,-0.1670529842376709,0.06449007987976074,-0.13249576091766357,0.04452669620513916,-0.09319543838500977,0.027589797973632812,-0.09310561418533325
0.0,0.0,-0.04629272222518921,-0.02519744634628296,-0.07345449924468994,-0.08783948421478271,-0.04004311561584473,-0.11980462074279785,0.003795623779296875,-0.12318402528762817,-0.0491068959236145,-0.19941437244415283,-0.03741210699081421,-0.2549715042114258,-0.02396523952484131,-0.29200220108032227,-0.010858535766601562,-0.33128535747528076,-0.010120391845703125,-0.2066124677658081,0.0032452940940856934,-0.18492186069488525,-0.00999981164932251,-0.12097477912902832,-0.019141316413879395,-0.09970128536224365,0.023396849632263184,-0.1928216814994812,0.0382501482963562,-0.15951520204544067,0.019101738929748535,-0.10913008451461792,0.005962848663330078,-0.1034238338470459,0.05350583791732788,-0.16724777221679688,0.06483626365661621,-0.13375061750411987,0.04448509216308594,-0.09615206718444824,0.027830302715301514,-0.09437638521194458
0.0,0.0,-0.045786917209625244,-0.025047481060028076,-0.07304686307907104,-0.08262783288955688,-0.04265064001083374,-0.11391323804855347,0.0006601214408874512,-0.11980366706848145,-0.050894737243652344,-0.1965518593788147,-0.03958612680435181,-0.2510377764701843,-0.025777876377105713,-0.28783875703811646,-0.01132124662399292,-0.327449232339859,-0.011951625347137451,-0.20493286848068237,0.0032868385314941406,-0.18361395597457886,-0.009527206420898438,-0.11935144662857056,-0.018236398696899414,-0.09924137592315674,0.021989941596984863,-0.19186782836914062,0.03733021020889282,-0.1559625267982483,0.018022477626800537,-0.10549819469451904,0.004920303821563721,-0.10272443294525146,0.05281132459640503,-0.16708523035049438,0.06382137537002563,-0.1304948329925537,0.04344373941421509,-0.09232258796691895,0.02661043405532837,-0.09247690439224243
0.0,0.0,-0.04599928855895996,-0.02427762746810913,-0.07392996549606323,-0.08345139026641846,-0.042356133460998535,-0.11593461036682129,0.0012967586517333984,-0.11998355388641357,-0.05083733797073364,-0.19470703601837158,-0.040888190269470215,-0.25009268522262573,-0.02645939588546753,-0.2880847454071045,-0.012021780014038086,-0.32855600118637085,-0.011840343475341797,-0.20122957229614258,0.0012671947479248047,-0.19272923469543457,-0.007956624031066895,-0.12589424848556519,-0.015984416007995605,-0.09998422861099243,0.022362470626831055,-0.18871313333511353,0.03685563802719116,-0.16523081064224243,0.02051568031311035,-0.11126309633255005,0.007312357425689697,-0.10035395622253418,0.05249899625778198,-0.16397446393966675,0.06277596950531006,-0.1357032060623169,0.04387420415878296,-0.09659898281097412,0.02726691961288452,-0.09198564291000366
0.0,0.0,-0.04677361249923706,-0.023741841316223145,-0.07445558905601501,-0.0830078125,-0.044173479080200195,-0.115847647190094,-0.0013709664344787598,-0.12377762794494629,-0.052712202072143555,-0.19595789909362793,-0.04313141107559204,-0.2507660984992981,-0.02894270420074463,-0.2886887192726135,-0.013990283012390137,-0.3295783996582031,-0.013837158679962158,-0.20515131950378418,0.0018499493598937988,-0.18810951709747314,-0.007741332054138184,-0.12312060594558716,-0.015316247940063477,-0.1009175181388855,0.020437538623809814,-0.19332849979400635,0.03639507293701172,-0.15930265188217163,0.019661545753479004,-0.1075475811958313,0.0068318843841552734,-0.1024172306060791,0.05126392841339111,-0.16942721605300903,0.062170445919036865,-0.1337665319442749,0.04339134693145752,-0.09486907720565796,0.027096211910247803,-0.0938449501991272
0.0,0.0,-0.04672127962112427,-0.022260427474975586,-0.07518136501312256,-0.08096915483474731,-0.04509824514389038,-0.11316967010498047,-0.0014241933822631836,-0.1174325942993164,-0.054030776023864746,-0.19537997245788574,-0.04402512311935425,-0.2502315044403076,-0.03000354766845703,-0.28760582208633423,-0.015860915184020996,-0.32815468311309814,-0.015243947505950928,-0.2038469910621643,-0.00016158819198608398,-0.1872868537902832,-0.010341107845306396,-0.11999893188476562,-0.018690109252929688,-0.0965571403503418,0.0189439058303833,-0.19108396768569946,0.03538215160369873,-0.1619592308998108,0.01888716220855713,-0.10899275541305542,0.006120085716247559,-0.10242122411727905,0.04940164089202881,-0.16604715585708618,0.06190049648284912,-0.1341167688369751,0.043648481369018555,-0.09531110525131226,0.027545392513275146,-0.09349018335342407
0.0,0.0,-0.04582887887954712,-0.024469494819641113,-0.0740395188331604,-0.08368003368377686,-0.04377955198287964,-0.11638432741165161,7.522106170654297e-05,-0.123299241065979,-0.052543580532073975,-0.19687771797180176,-0.04196906089782715,-0.2527585029602051,-0.02826070785522461,-0.2911113500595093,-0.014375865459442139,-0.3325417637825012,-0.014153122901916504,-0.2059640884399414,0.003277719020843506,-0.18482810258865356,-0.008508026599884033,-0.11912709474563599,-0.01762610673904419,-0.09888482093811035,0.019607126712799072,-0.19335174560546875,0.03816431760787964,-0.15891653299331665,0.019629597663879395,-0.10702764987945557,0.005610644817352295,-0.10352373123168945,0.05006974935531616,-0.1691533327102661,0.06441748142242432,-0.13460701704025269,0.04449927806854248,-0.09534895420074463,0.026745617389678955,-0.09449857473373413
0.0,0.0,-0.04671508073806763,-0.02570164203643799,-0.07461625337600708,-0.08541780710220337,-0.04454052448272705,-0.11835050582885742,-0.002776205539703369,-0.12558525800704956,-0.05225151777267456,-0.19876402616500854,-0.04077649116516113,-0.255357027053833,-0.028042614459991455,-0.29440975189208984,-0.01612323522567749,-0.33529502153396606,-0.01335000991821289,-0.20589303970336914,0.0006573796272277832,-0.19138240814208984,-0.010395169258117676,-0.12458068132400513,-0.019562959671020508,-0.10030102729797363,0.02069723606109619,-0.19300466775894165,0.036586105823516846,-0.1673031449317932,0.019707024097442627,-0.11436593532562256,0.006615757942199707,-0.10708528757095337,0.05113035440444946,-0.16844844818115234,0.06383949518203735,-0.139367938041687,0.04486799240112305,-0.09943521022796631,0.028346598148345947,-0.09637725353240967
